timestamp,runId,algorithm,serverId,method,path,statusCode,responseTimeMs,error,activeConnections
1788021012345,ui_round-robin_failure_1788021012331,round-robin,server-1,GET,/api/work,200,29,,5
1788021012344,ui_round-robin_failure_1788021012331,round-robin,server-3,GET,/api/work,200,31,,6
1788021012345,ui_round-robin_failure_1788021012331,round-robin,server-2,GET,/api/work,200,34,,5
1788021012346,ui_round-robin_failure_1788021012331,round-robin,server-3,GET,/api/work,200,36,,5
1788021012347,ui_round-robin_failure_1788021012331,round-robin,server-1,GET,/api/work,200,40,,5
1788021012349,ui_round-robin_failure_1788021012331,round-robin,server-2,GET,/api/work,200,39,,4
1788021012350,ui_round-robin_failure_1788021012331,round-robin,server-3,GET,/api/work,200,40,,4
1788021012354,ui_round-robin_failure_1788021012331,round-robin,server-1,GET,/api/work,200,38,,4
1788021012356,ui_round-robin_failure_1788021012331,round-robin,server-2,GET,/api/work,200,40,,3
1788021012360,ui_round-robin_failure_1788021012331,round-robin,server-1,GET,/api/work,200,42,,3
1788021012358,ui_round-robin_failure_1788021012331,round-robin,server-3,GET,/api/work,200,48,,3
1788021012361,ui_round-robin_failure_1788021012331,round-robin,server-2,GET,/api/work,200,46,,2
1788021012363,ui_round-robin_failure_1788021012331,round-robin,server-3,GET,/api/work,200,46,,2
1788021012366,ui_round-robin_failure_1788021012331,round-robin,server-2,GET,/api/work,200,45,,1
1788021012364,ui_round-robin_failure_1788021012331,round-robin,server-1,GET,/api/work,200,49,,2
1788021012367,ui_round-robin_failure_1788021012331,round-robin,server-3,GET,/api/work,200,47,,1
1788021012376,ui_round-robin_failure_1788021012331,round-robin,server-1,GET,/api/work,200,45,,1
1788021012369,ui_round-robin_failure_1788021012331,round-robin,server-1,GET,/api/work,200,53,,0
1788021012370,ui_round-robin_failure_1788021012331,round-robin,server-2,GET,/api/work,200,55,,0
1788021012372,ui_round-robin_failure_1788021012331,round-robin,server-3,GET,/api/work,200,55,,0
1788021012430,ui_round-robin_failure_1788021012331,round-robin,server-2,GET,/api/work,200,28,,4
1788021012431,ui_round-robin_failure_1788021012331,round-robin,server-1,GET,/api/work,200,28,,3
1788021012431,ui_round-robin_failure_1788021012331,round-robin,server-3,GET,/api/work,200,29,,3
1788021012432,ui_round-robin_failure_1788021012331,round-robin,server-2,GET,/api/work,200,30,,3
1788021012435,ui_round-robin_failure_1788021012331,round-robin,server-3,GET,/api/work,200,30,,3
1788021012437,ui_round-robin_failure_1788021012331,round-robin,server-1,GET,/api/work,200,30,,3
1788021012439,ui_round-robin_failure_1788021012331,round-robin,server-3,GET,/api/work,200,30,,3
1788021012438,ui_round-robin_failure_1788021012331,round-robin,server-2,GET,/api/work,200,33,,4
1788021012441,ui_round-robin_failure_1788021012331,round-robin,server-1,GET,/api/work,200,33,,3
1788021012451,ui_round-robin_failure_1788021012331,round-robin,server-2,GET,/api/work,200,27,,3
1788021012455,ui_round-robin_failure_1788021012331,round-robin,server-3,GET,/api/work,200,26,,3
1788021012455,ui_round-robin_failure_1788021012331,round-robin,server-1,GET,/api/work,200,27,,2
1788021012457,ui_round-robin_failure_1788021012331,round-robin,server-2,GET,/api/work,200,26,,2
1788021012464,ui_round-robin_failure_1788021012331,round-robin,server-1,GET,/api/work,200,26,,2
1788021012463,ui_round-robin_failure_1788021012331,round-robin,server-3,GET,/api/work,200,27,,2
1788021012464,ui_round-robin_failure_1788021012331,round-robin,server-2,GET,/api/work,200,27,,1
1788021012468,ui_round-robin_failure_1788021012331,round-robin,server-3,GET,/api/work,200,27,,2
1788021012470,ui_round-robin_failure_1788021012331,round-robin,server-1,GET,/api/work,200,26,,2
1788021012470,ui_round-robin_failure_1788021012331,round-robin,server-2,GET,/api/work,200,27,,1
1788021012470,ui_round-robin_failure_1788021012331,round-robin,server-3,GET,/api/work,200,28,,1
1788021012489,ui_round-robin_failure_1788021012331,round-robin,server-1,GET,/api/work,200,26,,4
1788021012491,ui_round-robin_failure_1788021012331,round-robin,server-2,GET,/api/work,200,26,,3
1788021012493,ui_round-robin_failure_1788021012331,round-robin,server-3,GET,/api/work,200,26,,3
1788021012495,ui_round-robin_failure_1788021012331,round-robin,server-1,GET,/api/work,200,27,,3
1788021012497,ui_round-robin_failure_1788021012331,round-robin,server-2,GET,/api/work,200,26,,3
1788021012502,ui_round-robin_failure_1788021012331,round-robin,server-3,GET,/api/work,200,26,,4
1788021012505,ui_round-robin_failure_1788021012331,round-robin,server-2,GET,/api/work,200,26,,4
1788021012505,ui_round-robin_failure_1788021012331,round-robin,server-1,GET,/api/work,200,27,,4
1788021012505,ui_round-robin_failure_1788021012331,round-robin,server-3,GET,/api/work,200,28,,3
1788021012509,ui_round-robin_failure_1788021012331,round-robin,server-1,GET,/api/work,200,25,,3
1788021012512,ui_round-robin_failure_1788021012331,round-robin,server-3,GET,/api/work,200,26,,2
1788021012512,ui_round-robin_failure_1788021012331,round-robin,server-2,GET,/api/work,200,27,,3
1788021012513,ui_round-robin_failure_1788021012331,round-robin,server-1,GET,/api/work,200,26,,2
1788021012521,ui_round-robin_failure_1788021012331,round-robin,server-2,GET,/api/work,200,26,,2
1788021012521,ui_round-robin_failure_1788021012331,round-robin,server-3,GET,/api/work,200,26,,2
1788021012522,ui_round-robin_failure_1788021012331,round-robin,server-1,GET,/api/work,200,26,,2
1788021012525,ui_round-robin_failure_1788021012331,round-robin,server-2,GET,/api/work,200,26,,2
1788021012528,ui_round-robin_failure_1788021012331,round-robin,server-1,GET,/api/work,200,25,,1
1788021012528,ui_round-robin_failure_1788021012331,round-robin,server-3,GET,/api/work,200,26,,2
1788021012528,ui_round-robin_failure_1788021012331,round-robin,server-2,GET,/api/work,200,27,,1
1788021012546,ui_round-robin_failure_1788021012331,round-robin,server-3,GET,/api/work,200,26,,4
1788021012548,ui_round-robin_failure_1788021012331,round-robin,server-1,GET,/api/work,200,26,,3
1788021012550,ui_round-robin_failure_1788021012331,round-robin,server-2,GET,/api/work,200,26,,3
1788021012553,ui_round-robin_failure_1788021012331,round-robin,server-3,GET,/api/work,200,27,,4
1788021012554,ui_round-robin_failure_1788021012331,round-robin,server-1,GET,/api/work,200,26,,3
1788021012559,ui_round-robin_failure_1788021012331,round-robin,server-2,GET,/api/work,200,26,,4
1788021012563,ui_round-robin_failure_1788021012331,round-robin,server-1,GET,/api/work,200,25,,4
1788021012563,ui_round-robin_failure_1788021012331,round-robin,server-3,GET,/api/work,200,26,,4
1788021012564,ui_round-robin_failure_1788021012331,round-robin,server-2,GET,/api/work,200,26,,3
1788021012565,ui_round-robin_failure_1788021012331,round-robin,server-3,GET,/api/work,200,26,,3
1788021012570,ui_round-robin_failure_1788021012331,round-robin,server-2,GET,/api/work,200,26,,2
1788021012570,ui_round-robin_failure_1788021012331,round-robin,server-1,GET,/api/work,200,27,,3
1788021012570,ui_round-robin_failure_1788021012331,round-robin,server-3,GET,/api/work,200,27,,2
1788021012578,ui_round-robin_failure_1788021012331,round-robin,server-1,GET,/api/work,200,26,,2
1788021012578,ui_round-robin_failure_1788021012331,round-robin,server-2,GET,/api/work,200,26,,2
1788021012578,ui_round-robin_failure_1788021012331,round-robin,server-3,GET,/api/work,200,26,,1
1788021012582,ui_round-robin_failure_1788021012331,round-robin,server-1,GET,/api/work,200,26,,2
1788021012585,ui_round-robin_failure_1788021012331,round-robin,server-3,GET,/api/work,200,25,,1
1788021012584,ui_round-robin_failure_1788021012331,round-robin,server-2,GET,/api/work,200,27,,2
1788021012586,ui_round-robin_failure_1788021012331,round-robin,server-1,GET,/api/work,200,26,,1
1788021012603,ui_round-robin_failure_1788021012331,round-robin,server-2,GET,/api/work,200,26,,4
1788021012605,ui_round-robin_failure_1788021012331,round-robin,server-3,GET,/api/work,200,27,,3
1788021012607,ui_round-robin_failure_1788021012331,round-robin,server-1,GET,/api/work,200,26,,3
1788021012610,ui_round-robin_failure_1788021012331,round-robin,server-2,GET,/api/work,200,26,,4
1788021012611,ui_round-robin_failure_1788021012331,round-robin,server-3,GET,/api/work,200,27,,3
1788021012616,ui_round-robin_failure_1788021012331,round-robin,server-1,GET,/api/work,200,26,,4
1788021012618,ui_round-robin_failure_1788021012331,round-robin,server-2,GET,/api/work,200,26,,4
1788021012619,ui_round-robin_failure_1788021012331,round-robin,server-3,GET,/api/work,200,26,,4
1788021012620,ui_round-robin_failure_1788021012331,round-robin,server-1,GET,/api/work,200,26,,3
1788021012622,ui_round-robin_failure_1788021012331,round-robin,server-2,GET,/api/work,200,27,,3
1788021012627,ui_round-robin_failure_1788021012331,round-robin,server-3,GET,/api/work,200,25,,3
1788021012628,ui_round-robin_failure_1788021012331,round-robin,server-1,GET,/api/work,200,26,,2
1788021012628,ui_round-robin_failure_1788021012331,round-robin,server-2,GET,/api/work,200,26,,2
1788021012633,ui_round-robin_failure_1788021012331,round-robin,server-3,GET,/api/work,200,27,,2
1788021012635,ui_round-robin_failure_1788021012331,round-robin,server-1,GET,/api/work,200,26,,2
1788021012635,ui_round-robin_failure_1788021012331,round-robin,server-2,GET,/api/work,200,27,,1
1788021012639,ui_round-robin_failure_1788021012331,round-robin,server-3,GET,/api/work,200,27,,2
1788021012641,ui_round-robin_failure_1788021012331,round-robin,server-1,GET,/api/work,200,26,,2
1788021012641,ui_round-robin_failure_1788021012331,round-robin,server-2,GET,/api/work,200,26,,1
1788021012643,ui_round-robin_failure_1788021012331,round-robin,server-3,GET,/api/work,200,25,,1
1788021012659,ui_round-robin_failure_1788021012331,round-robin,server-1,GET,/api/work,200,27,,3
1788021012662,ui_round-robin_failure_1788021012331,round-robin,server-2,GET,/api/work,200,26,,3
1788021012663,ui_round-robin_failure_1788021012331,round-robin,server-3,GET,/api/work,200,26,,3
1788021012666,ui_round-robin_failure_1788021012331,round-robin,server-1,GET,/api/work,200,26,,3
1788021012668,ui_round-robin_failure_1788021012331,round-robin,server-2,GET,/api/work,200,26,,3
1788021012673,ui_round-robin_failure_1788021012331,round-robin,server-3,GET,/api/work,200,27,,4
1788021012675,ui_round-robin_failure_1788021012331,round-robin,server-1,GET,/api/work,200,26,,4
1788021012675,ui_round-robin_failure_1788021012331,round-robin,server-2,GET,/api/work,200,26,,4
1788021012677,ui_round-robin_failure_1788021012331,round-robin,server-3,GET,/api/work,200,25,,3
1788021012680,ui_round-robin_failure_1788021012331,round-robin,server-1,GET,/api/work,200,25,,3
1788021012683,ui_round-robin_failure_1788021012331,round-robin,server-2,GET,/api/work,200,27,,3
1788021012685,ui_round-robin_failure_1788021012331,round-robin,server-3,GET,/api/work,200,27,,2
1788021012686,ui_round-robin_failure_1788021012331,round-robin,server-1,GET,/api/work,200,26,,2
1788021012690,ui_round-robin_failure_1788021012331,round-robin,server-2,GET,/api/work,200,25,,2
1788021012692,ui_round-robin_failure_1788021012331,round-robin,server-3,GET,/api/work,200,26,,2
1788021012692,ui_round-robin_failure_1788021012331,round-robin,server-1,GET,/api/work,200,26,,1
1788021012696,ui_round-robin_failure_1788021012331,round-robin,server-2,GET,/api/work,200,26,,2
1788021012698,ui_round-robin_failure_1788021012331,round-robin,server-3,GET,/api/work,200,25,,2
1788021012698,ui_round-robin_failure_1788021012331,round-robin,server-1,GET,/api/work,200,26,,1
1788021012699,ui_round-robin_failure_1788021012331,round-robin,server-2,GET,/api/work,200,26,,1
1788021012716,ui_round-robin_failure_1788021012331,round-robin,server-3,GET,/api/work,200,26,,3
1788021012719,ui_round-robin_failure_1788021012331,round-robin,server-2,GET,/api/work,200,26,,3
1788021012719,ui_round-robin_failure_1788021012331,round-robin,server-1,GET,/api/work,200,27,,3
1788021012722,ui_round-robin_failure_1788021012331,round-robin,server-3,GET,/api/work,200,27,,3
1788021012725,ui_round-robin_failure_1788021012331,round-robin,server-1,GET,/api/work,200,26,,3
1788021012730,ui_round-robin_failure_1788021012331,round-robin,server-2,GET,/api/work,200,26,,4
1788021012732,ui_round-robin_failure_1788021012331,round-robin,server-2,GET,/api/work,200,26,,3
1788021012732,ui_round-robin_failure_1788021012331,round-robin,server-3,GET,/api/work,200,27,,4
1788021012732,ui_round-robin_failure_1788021012331,round-robin,server-1,GET,/api/work,200,27,,4
1788021012736,ui_round-robin_failure_1788021012331,round-robin,server-3,GET,/api/work,200,26,,3
1788021012741,ui_round-robin_failure_1788021012331,round-robin,server-1,GET,/api/work,200,26,,3
1788021012744,ui_round-robin_failure_1788021012331,round-robin,server-3,GET,/api/work,200,25,,2
1788021012743,ui_round-robin_failure_1788021012331,round-robin,server-2,GET,/api/work,200,27,,2
1788021012746,ui_round-robin_failure_1788021012331,round-robin,server-1,GET,/api/work,200,26,,2
1788021012748,ui_round-robin_failure_1788021012331,round-robin,server-2,GET,/api/work,200,26,,2
1788021012749,ui_round-robin_failure_1788021012331,round-robin,server-3,GET,/api/work,200,27,,1
1788021012754,ui_round-robin_failure_1788021012331,round-robin,server-2,GET,/api/work,200,25,,1
1788021012753,ui_round-robin_failure_1788021012331,round-robin,server-1,GET,/api/work,200,26,,2
1788021012755,ui_round-robin_failure_1788021012331,round-robin,server-1,GET,/api/work,200,26,,1
1788021012755,ui_round-robin_failure_1788021012331,round-robin,server-3,GET,/api/work,200,26,,2
1788021012772,ui_round-robin_failure_1788021012331,round-robin,server-2,GET,/api/work,200,26,,3
1788021012777,ui_round-robin_failure_1788021012331,round-robin,server-1,GET,/api/work,200,26,,3
1788021012777,ui_round-robin_failure_1788021012331,round-robin,server-3,GET,/api/work,200,27,,3
1788021012780,ui_round-robin_failure_1788021012331,round-robin,server-2,GET,/api/work,200,25,,3
1788021012781,ui_round-robin_failure_1788021012331,round-robin,server-3,GET,/api/work,200,26,,3
1788021012786,ui_round-robin_failure_1788021012331,round-robin,server-1,GET,/api/work,200,26,,4
1788021012790,ui_round-robin_failure_1788021012331,round-robin,server-3,GET,/api/work,200,25,,4
1788021012790,ui_round-robin_failure_1788021012331,round-robin,server-1,GET,/api/work,200,25,,3
1788021012790,ui_round-robin_failure_1788021012331,round-robin,server-2,GET,/api/work,200,26,,4
1788021012792,ui_round-robin_failure_1788021012331,round-robin,server-2,GET,/api/work,200,26,,3
1788021012796,ui_round-robin_failure_1788021012331,round-robin,server-3,GET,/api/work,200,26,,3
1788021012800,ui_round-robin_failure_1788021012331,round-robin,server-1,GET,/api/work,200,26,,2
1788021012800,ui_round-robin_failure_1788021012331,round-robin,server-2,GET,/api/work,200,27,,2
1788021012804,ui_round-robin_failure_1788021012331,round-robin,server-3,GET,/api/work,200,27,,2
1788021012805,ui_round-robin_failure_1788021012331,round-robin,server-1,GET,/api/work,200,26,,2
1788021012806,ui_round-robin_failure_1788021012331,round-robin,server-2,GET,/api/work,200,26,,1
1788021012810,ui_round-robin_failure_1788021012331,round-robin,server-3,GET,/api/work,200,26,,2
1788021012810,ui_round-robin_failure_1788021012331,round-robin,server-1,GET,/api/work,200,27,,2
1788021012812,ui_round-robin_failure_1788021012331,round-robin,server-2,GET,/api/work,200,26,,1
1788021012812,ui_round-robin_failure_1788021012331,round-robin,server-3,GET,/api/work,200,26,,1
1788021012829,ui_round-robin_failure_1788021012331,round-robin,server-1,GET,/api/work,200,26,,3
1788021012833,ui_round-robin_failure_1788021012331,round-robin,server-2,GET,/api/work,200,26,,3
1788021012835,ui_round-robin_failure_1788021012331,round-robin,server-3,GET,/api/work,200,26,,3
1788021012836,ui_round-robin_failure_1788021012331,round-robin,server-1,GET,/api/work,200,26,,3
1788021012839,ui_round-robin_failure_1788021012331,round-robin,server-2,GET,/api/work,200,26,,3
1788021012843,ui_round-robin_failure_1788021012331,round-robin,server-3,GET,/api/work,200,26,,4
1788021012846,ui_round-robin_failure_1788021012331,round-robin,server-2,GET,/api/work,200,25,,4
1788021012846,ui_round-robin_failure_1788021012331,round-robin,server-1,GET,/api/work,200,26,,4
1788021012847,ui_round-robin_failure_1788021012331,round-robin,server-3,GET,/api/work,200,26,,3
1788021012849,ui_round-robin_failure_1788021012331,round-robin,server-1,GET,/api/work,200,26,,3
1788021012853,ui_round-robin_failure_1788021012331,round-robin,server-2,GET,/api/work,200,26,,3
1788021012857,ui_round-robin_failure_1788021012331,round-robin,server-3,GET,/api/work,200,26,,2
1788021012857,ui_round-robin_failure_1788021012331,round-robin,server-1,GET,/api/work,200,27,,2
1788021012861,ui_round-robin_failure_1788021012331,round-robin,server-2,GET,/api/work,200,26,,2
1788021012862,ui_round-robin_failure_1788021012331,round-robin,server-1,GET,/api/work,200,26,,1
1788021012862,ui_round-robin_failure_1788021012331,round-robin,server-3,GET,/api/work,200,26,,2
1788021012867,ui_round-robin_failure_1788021012331,round-robin,server-2,GET,/api/work,200,26,,2
1788021012867,ui_round-robin_failure_1788021012331,round-robin,server-3,GET,/api/work,200,26,,2
1788021012868,ui_round-robin_failure_1788021012331,round-robin,server-1,GET,/api/work,200,25,,1
1788021012869,ui_round-robin_failure_1788021012331,round-robin,server-2,GET,/api/work,200,26,,1
1788021012886,ui_round-robin_failure_1788021012331,round-robin,server-3,GET,/api/work,200,26,,3
1788021012890,ui_round-robin_failure_1788021012331,round-robin,server-1,GET,/api/work,200,26,,3
1788021012892,ui_round-robin_failure_1788021012331,round-robin,server-2,GET,/api/work,200,26,,3
1788021012892,ui_round-robin_failure_1788021012331,round-robin,server-3,GET,/api/work,200,27,,3
1788021012895,ui_round-robin_failure_1788021012331,round-robin,server-1,GET,/api/work,200,26,,3
1788021012900,ui_round-robin_failure_1788021012331,round-robin,server-2,GET,/api/work,200,27,,4
1788021012903,ui_round-robin_failure_1788021012331,round-robin,server-2,GET,/api/work,200,25,,3
1788021012903,ui_round-robin_failure_1788021012331,round-robin,server-1,GET,/api/work,200,25,,4
1788021012902,ui_round-robin_failure_1788021012331,round-robin,server-3,GET,/api/work,200,27,,4
1788021012906,ui_round-robin_failure_1788021012331,round-robin,server-3,GET,/api/work,200,26,,3
1788021012910,ui_round-robin_failure_1788021012331,round-robin,server-1,GET,/api/work,200,26,,3
1788021012915,ui_round-robin_failure_1788021012331,round-robin,server-3,GET,/api/work,200,26,,2
1788021012915,ui_round-robin_failure_1788021012331,round-robin,server-2,GET,/api/work,200,27,,2
1788021012917,ui_round-robin_failure_1788021012331,round-robin,server-1,GET,/api/work,200,26,,2
1788021012919,ui_round-robin_failure_1788021012331,round-robin,server-3,GET,/api/work,200,26,,1
1788021012919,ui_round-robin_failure_1788021012331,round-robin,server-2,GET,/api/work,200,27,,2
1788021012924,ui_round-robin_failure_1788021012331,round-robin,server-2,GET,/api/work,200,26,,1
1788021012925,ui_round-robin_failure_1788021012331,round-robin,server-3,GET,/api/work,200,26,,1
1788021012924,ui_round-robin_failure_1788021012331,round-robin,server-1,GET,/api/work,200,28,,2
1788021012926,ui_round-robin_failure_1788021012331,round-robin,server-1,GET,/api/work,200,27,,1
1788021012943,ui_round-robin_failure_1788021012331,round-robin,server-2,GET,/api/work,200,26,,3
1788021012947,ui_round-robin_failure_1788021012331,round-robin,server-3,GET,/api/work,200,26,,3
1788021012949,ui_round-robin_failure_1788021012331,round-robin,server-1,GET,/api/work,200,25,,3
1788021012951,ui_round-robin_failure_1788021012331,round-robin,server-2,GET,/api/work,200,27,,4
1788021012952,ui_round-robin_failure_1788021012331,round-robin,server-3,GET,/api/work,200,26,,3
1788021012956,ui_round-robin_failure_1788021012331,round-robin,server-1,GET,/api/work,200,26,,4
1788021012959,ui_round-robin_failure_1788021012331,round-robin,server-2,GET,/api/work,200,26,,4
1788021012959,ui_round-robin_failure_1788021012331,round-robin,server-3,GET,/api/work,200,27,,4
1788021012960,ui_round-robin_failure_1788021012331,round-robin,server-1,GET,/api/work,200,26,,3
1788021012963,ui_round-robin_failure_1788021012331,round-robin,server-2,GET,/api/work,200,25,,3
1788021012967,ui_round-robin_failure_1788021012331,round-robin,server-3,GET,/api/work,200,26,,3
1788021012973,ui_round-robin_failure_1788021012331,round-robin,server-1,GET,/api/work,200,26,,3
1788021012974,ui_round-robin_failure_1788021012331,round-robin,server-2,GET,/api/work,200,26,,2
1788021012976,ui_round-robin_failure_1788021012331,round-robin,server-2,GET,/api/work,200,25,,1
1788021012976,ui_round-robin_failure_1788021012331,round-robin,server-1,GET,/api/work,200,25,,2
1788021012975,ui_round-robin_failure_1788021012331,round-robin,server-3,GET,/api/work,200,27,,2
1788021012982,ui_round-robin_failure_1788021012331,round-robin,server-1,GET,/api/work,200,26,,1
1788021012981,ui_round-robin_failure_1788021012331,round-robin,server-3,GET,/api/work,200,27,,2
1788021012983,ui_round-robin_failure_1788021012331,round-robin,server-2,GET,/api/work,200,27,,2
1788021012984,ui_round-robin_failure_1788021012331,round-robin,server-3,GET,/api/work,200,26,,1
1788021012999,ui_round-robin_failure_1788021012331,round-robin,server-1,GET,/api/work,200,26,,3
1788021013004,ui_round-robin_failure_1788021012331,round-robin,server-2,GET,/api/work,200,26,,3
1788021013005,ui_round-robin_failure_1788021012331,round-robin,server-3,GET,/api/work,200,26,,2
1788021013008,ui_round-robin_failure_1788021012331,round-robin,server-1,GET,/api/work,200,26,,4
1788021013009,ui_round-robin_failure_1788021012331,round-robin,server-2,GET,/api/work,200,26,,3
1788021013013,ui_round-robin_failure_1788021012331,round-robin,server-3,GET,/api/work,200,25,,3
1788021013016,ui_round-robin_failure_1788021012331,round-robin,server-2,GET,/api/work,200,26,,4
1788021013017,ui_round-robin_failure_1788021012331,round-robin,server-3,GET,/api/work,200,25,,3
1788021013016,ui_round-robin_failure_1788021012331,round-robin,server-1,GET,/api/work,200,27,,4
1788021013019,ui_round-robin_failure_1788021012331,round-robin,server-1,GET,/api/work,200,26,,3
1788021013024,ui_round-robin_failure_1788021012331,round-robin,server-2,GET,/api/work,200,27,,3
1788021013031,ui_round-robin_failure_1788021012331,round-robin,server-3,GET,/api/work,200,26,,3
1788021013031,ui_round-robin_failure_1788021012331,round-robin,server-1,GET,/api/work,200,27,,2
1788021013032,ui_round-robin_failure_1788021012331,round-robin,server-1,GET,/api/work,200,26,,1
1788021013032,ui_round-robin_failure_1788021012331,round-robin,server-2,GET,/api/work,200,27,,2
1788021013032,ui_round-robin_failure_1788021012331,round-robin,server-3,GET,/api/work,200,28,,2
1788021013039,ui_round-robin_failure_1788021012331,round-robin,server-3,GET,/api/work,200,26,,1
1788021013039,ui_round-robin_failure_1788021012331,round-robin,server-2,GET,/api/work,200,27,,2
1788021013042,ui_round-robin_failure_1788021012331,round-robin,server-2,GET,/api/work,200,25,,1
1788021013042,ui_round-robin_failure_1788021012331,round-robin,server-1,GET,/api/work,200,26,,2
1788021013055,ui_round-robin_failure_1788021012331,round-robin,server-3,GET,/api/work,200,27,,3
1788021013061,ui_round-robin_failure_1788021012331,round-robin,server-1,GET,/api/work,200,26,,3
1788021013062,ui_round-robin_failure_1788021012331,round-robin,server-2,GET,/api/work,200,27,,3
1788021013065,ui_round-robin_failure_1788021012331,round-robin,server-3,GET,/api/work,200,26,,4
1788021013066,ui_round-robin_failure_1788021012331,round-robin,server-1,GET,/api/work,200,26,,3
1788021013069,ui_round-robin_failure_1788021012331,round-robin,server-2,GET,/api/work,200,27,,3
1788021013073,ui_round-robin_failure_1788021012331,round-robin,server-3,GET,/api/work,200,26,,4
1788021013073,ui_round-robin_failure_1788021012331,round-robin,server-1,GET,/api/work,200,26,,4
1788021013074,ui_round-robin_failure_1788021012331,round-robin,server-2,GET,/api/work,200,26,,3
1788021013076,ui_round-robin_failure_1788021012331,round-robin,server-3,GET,/api/work,200,25,,3
1788021013082,ui_round-robin_failure_1788021012331,round-robin,server-1,GET,/api/work,200,26,,3
1788021013088,ui_round-robin_failure_1788021012331,round-robin,server-2,GET,/api/work,200,25,,3
1788021013088,ui_round-robin_failure_1788021012331,round-robin,server-3,GET,/api/work,200,26,,2
1788021013090,ui_round-robin_failure_1788021012331,round-robin,server-2,GET,/api/work,200,26,,2
1788021013090,ui_round-robin_failure_1788021012331,round-robin,server-1,GET,/api/work,200,26,,2
1788021013090,ui_round-robin_failure_1788021012331,round-robin,server-3,GET,/api/work,200,27,,1
1788021013096,ui_round-robin_failure_1788021012331,round-robin,server-1,GET,/api/work,200,26,,2
1788021013096,ui_round-robin_failure_1788021012331,round-robin,server-2,GET,/api/work,200,27,,2
1788021013098,ui_round-robin_failure_1788021012331,round-robin,server-3,GET,/api/work,200,26,,2
1788021013098,ui_round-robin_failure_1788021012331,round-robin,server-1,GET,/api/work,200,27,,1
1788021013111,ui_round-robin_failure_1788021012331,round-robin,server-2,GET,/api/work,200,26,,3
1788021013118,ui_round-robin_failure_1788021012331,round-robin,server-3,GET,/api/work,200,26,,3
1788021013118,ui_round-robin_failure_1788021012331,round-robin,server-1,GET,/api/work,200,27,,2
1788021013121,ui_round-robin_failure_1788021012331,round-robin,server-2,GET,/api/work,200,25,,3
1788021013123,ui_round-robin_failure_1788021012331,round-robin,server-3,GET,/api/work,200,27,,3
1788021013126,ui_round-robin_failure_1788021012331,round-robin,server-1,GET,/api/work,200,26,,3
1788021013129,ui_round-robin_failure_1788021012331,round-robin,server-2,GET,/api/work,200,25,,3
1788021013130,ui_round-robin_failure_1788021012331,round-robin,server-3,GET,/api/work,200,26,,4
1788021013131,ui_round-robin_failure_1788021012331,round-robin,server-2,GET,/api/work,200,26,,3
1788021013131,ui_round-robin_failure_1788021012331,round-robin,server-1,GET,/api/work,200,27,,3
1788021013139,ui_round-robin_failure_1788021012331,round-robin,server-3,GET,/api/work,200,26,,3
1788021013145,ui_round-robin_failure_1788021012331,round-robin,server-1,GET,/api/work,200,26,,3
1788021013145,ui_round-robin_failure_1788021012331,round-robin,server-2,GET,/api/work,200,26,,2
1788021013147,ui_round-robin_failure_1788021012331,round-robin,server-3,GET,/api/work,200,26,,2
1788021013147,ui_round-robin_failure_1788021012331,round-robin,server-1,GET,/api/work,200,26,,2
1788021013147,ui_round-robin_failure_1788021012331,round-robin,server-2,GET,/api/work,200,27,,1
1788021013153,ui_round-robin_failure_1788021012331,round-robin,server-3,GET,/api/work,200,26,,2
1788021013155,ui_round-robin_failure_1788021012331,round-robin,server-1,GET,/api/work,200,25,,2
1788021013155,ui_round-robin_failure_1788021012331,round-robin,server-3,GET,/api/work,200,26,,1
1788021013155,ui_round-robin_failure_1788021012331,round-robin,server-2,GET,/api/work,200,27,,2
1788021013168,ui_round-robin_failure_1788021012331,round-robin,server-1,GET,/api/work,200,27,,3
1788021013176,ui_round-robin_failure_1788021012331,round-robin,server-3,GET,/api/work,200,25,,2
1788021013175,ui_round-robin_failure_1788021012331,round-robin,server-2,GET,/api/work,200,27,,3
1788021013177,ui_round-robin_failure_1788021012331,round-robin,server-1,GET,/api/work,200,26,,3
1788021013180,ui_round-robin_failure_1788021012331,round-robin,server-2,GET,/api/work,200,26,,3
1788021013183,ui_round-robin_failure_1788021012331,round-robin,server-3,GET,/api/work,200,26,,3
1788021013185,ui_round-robin_failure_1788021012331,round-robin,server-1,GET,/api/work,200,25,,3
1788021013186,ui_round-robin_failure_1788021012331,round-robin,server-3,GET,/api/work,200,26,,3
1788021013186,ui_round-robin_failure_1788021012331,round-robin,server-2,GET,/api/work,200,27,,4
1788021013188,ui_round-robin_failure_1788021012331,round-robin,server-1,GET,/api/work,200,25,,3
1788021013196,ui_round-robin_failure_1788021012331,round-robin,server-2,GET,/api/work,200,26,,3
1788021013202,ui_round-robin_failure_1788021012331,round-robin,server-3,GET,/api/work,200,26,,3
1788021013203,ui_round-robin_failure_1788021012331,round-robin,server-1,GET,/api/work,200,25,,2
1788021013203,ui_round-robin_failure_1788021012331,round-robin,server-2,GET,/api/work,200,26,,2
1788021013204,ui_round-robin_failure_1788021012331,round-robin,server-3,GET,/api/work,200,26,,2
1788021013204,ui_round-robin_failure_1788021012331,round-robin,server-1,GET,/api/work,200,27,,1
1788021013209,ui_round-robin_failure_1788021012331,round-robin,server-2,GET,/api/work,200,26,,2
1788021013210,ui_round-robin_failure_1788021012331,round-robin,server-3,GET,/api/work,200,26,,2
1788021013212,ui_round-robin_failure_1788021012331,round-robin,server-2,GET,/api/work,200,26,,1
1788021013212,ui_round-robin_failure_1788021012331,round-robin,server-1,GET,/api/work,200,27,,2
1788021013225,ui_round-robin_failure_1788021012331,round-robin,server-3,GET,/api/work,200,26,,3
1788021013234,ui_round-robin_failure_1788021012331,round-robin,server-1,GET,/api/work,200,25,,4
1788021013234,ui_round-robin_failure_1788021012331,round-robin,server-2,GET,/api/work,200,26,,3
1788021013234,ui_round-robin_failure_1788021012331,round-robin,server-3,GET,/api/work,200,27,,3
1788021013236,ui_round-robin_failure_1788021012331,round-robin,server-1,GET,/api/work,200,26,,3
1788021013240,ui_round-robin_failure_1788021012331,round-robin,server-3,GET,/api/work,200,26,,3
1788021013240,ui_round-robin_failure_1788021012331,round-robin,server-2,GET,/api/work,200,27,,3
1788021013243,ui_round-robin_failure_1788021012331,round-robin,server-1,GET,/api/work,200,26,,4
1788021013244,ui_round-robin_failure_1788021012331,round-robin,server-3,GET,/api/work,200,26,,3
1788021013244,ui_round-robin_failure_1788021012331,round-robin,server-2,GET,/api/work,200,26,,3
1788021013253,ui_round-robin_failure_1788021012331,round-robin,server-1,GET,/api/work,200,26,,3
1788021013259,ui_round-robin_failure_1788021012331,round-robin,server-3,GET,/api/work,200,25,,2
1788021013259,ui_round-robin_failure_1788021012331,round-robin,server-2,GET,/api/work,200,26,,3
1788021013259,ui_round-robin_failure_1788021012331,round-robin,server-1,GET,/api/work,200,26,,2
1788021013261,ui_round-robin_failure_1788021012331,round-robin,server-2,GET,/api/work,200,26,,2
1788021013261,ui_round-robin_failure_1788021012331,round-robin,server-3,GET,/api/work,200,27,,1
1788021013265,ui_round-robin_failure_1788021012331,round-robin,server-1,GET,/api/work,200,26,,2
1788021013267,ui_round-robin_failure_1788021012331,round-robin,server-2,GET,/api/work,200,27,,2
1788021013269,ui_round-robin_failure_1788021012331,round-robin,server-3,GET,/api/work,200,26,,2
1788021013269,ui_round-robin_failure_1788021012331,round-robin,server-1,GET,/api/work,200,27,,1
1788021013282,ui_round-robin_failure_1788021012331,round-robin,server-2,GET,/api/work,200,25,,3
1788021013290,ui_round-robin_failure_1788021012331,round-robin,server-3,GET,/api/work,200,26,,3
1788021013291,ui_round-robin_failure_1788021012331,round-robin,server-1,GET,/api/work,200,26,,3
1788021013292,ui_round-robin_failure_1788021012331,round-robin,server-3,GET,/api/work,200,25,,3
1788021013292,ui_round-robin_failure_1788021012331,round-robin,server-2,GET,/api/work,200,26,,3
1788021013298,ui_round-robin_failure_1788021012331,round-robin,server-2,GET,/api/work,200,25,,3
1788021013297,ui_round-robin_failure_1788021012331,round-robin,server-1,GET,/api/work,200,26,,3
1788021013300,ui_round-robin_failure_1788021012331,round-robin,server-3,GET,/api/work,200,26,,3
1788021013302,ui_round-robin_failure_1788021012331,round-robin,server-2,GET,/api/work,200,27,,3
1788021013301,ui_round-robin_failure_1788021012331,round-robin,server-1,GET,/api/work,200,28,,3
1788021013310,ui_round-robin_failure_1788021012331,round-robin,server-3,GET,/api/work,200,27,,3
1788021013315,ui_round-robin_failure_1788021012331,round-robin,server-2,GET,/api/work,200,25,,2
1788021013315,ui_round-robin_failure_1788021012331,round-robin,server-1,GET,/api/work,200,26,,3
1788021013316,ui_round-robin_failure_1788021012331,round-robin,server-3,GET,/api/work,200,26,,2
1788021013318,ui_round-robin_failure_1788021012331,round-robin,server-1,GET,/api/work,200,26,,2
1788021013318,ui_round-robin_failure_1788021012331,round-robin,server-2,GET,/api/work,200,28,,1
1788021013322,ui_round-robin_failure_1788021012331,round-robin,server-3,GET,/api/work,200,26,,2
1788021013324,ui_round-robin_failure_1788021012331,round-robin,server-1,GET,/api/work,200,26,,2
1788021013326,ui_round-robin_failure_1788021012331,round-robin,server-2,GET,/api/work,200,27,,2
1788021013327,ui_round-robin_failure_1788021012331,round-robin,server-3,GET,/api/work,200,27,,1
1788021013337,ui_round-robin_failure_1788021012331,round-robin,server-1,GET,/api/work,200,26,,3
1788021013347,ui_round-robin_failure_1788021012331,round-robin,server-2,GET,/api/work,200,26,,3
1788021013347,ui_round-robin_failure_1788021012331,round-robin,server-3,GET,/api/work,200,27,,3
1788021013347,ui_round-robin_failure_1788021012331,round-robin,server-1,GET,/api/work,200,27,,3
1788021013349,ui_round-robin_failure_1788021012331,round-robin,server-2,GET,/api/work,200,26,,3
1788021013355,ui_round-robin_failure_1788021012331,round-robin,server-3,GET,/api/work,200,25,,3
1788021013355,ui_round-robin_failure_1788021012331,round-robin,server-1,GET,/api/work,200,27,,3
1788021013357,ui_round-robin_failure_1788021012331,round-robin,server-2,GET,/api/work,200,29,,4
1788021013360,ui_round-robin_failure_1788021012331,round-robin,server-1,GET,/api/work,200,26,,3
1788021013359,ui_round-robin_failure_1788021012331,round-robin,server-3,GET,/api/work,200,28,,3
1788021013368,ui_round-robin_failure_1788021012331,round-robin,server-2,GET,/api/work,200,27,,3
1788021013371,ui_round-robin_failure_1788021012331,round-robin,server-3,GET,/api/work,200,27,,3
1788021013371,ui_round-robin_failure_1788021012331,round-robin,server-1,GET,/api/work,200,27,,2
1788021013373,ui_round-robin_failure_1788021012331,round-robin,server-2,GET,/api/work,200,26,,2
1788021013374,ui_round-robin_failure_1788021012331,round-robin,server-3,GET,/api/work,200,26,,2
1788021013377,ui_round-robin_failure_1788021012331,round-robin,server-1,GET,/api/work,200,26,,1
1788021013379,ui_round-robin_failure_1788021012331,round-robin,server-2,GET,/api/work,200,26,,1
1788021013381,ui_round-robin_failure_1788021012331,round-robin,server-3,GET,/api/work,200,25,,2
1788021013385,ui_round-robin_failure_1788021012331,round-robin,server-2,GET,/api/work,200,26,,1
1788021013385,ui_round-robin_failure_1788021012331,round-robin,server-1,GET,/api/work,200,27,,2
1788021013394,ui_round-robin_failure_1788021012331,round-robin,server-3,GET,/api/work,200,27,,3
1788021013404,ui_round-robin_failure_1788021012331,round-robin,server-1,GET,/api/work,200,26,,3
1788021013405,ui_round-robin_failure_1788021012331,round-robin,server-1,GET,/api/work,200,26,,3
1788021013405,ui_round-robin_failure_1788021012331,round-robin,server-3,GET,/api/work,200,27,,3
1788021013405,ui_round-robin_failure_1788021012331,round-robin,server-2,GET,/api/work,200,27,,4
1788021013411,ui_round-robin_failure_1788021012331,round-robin,server-2,GET,/api/work,200,27,,4
1788021013412,ui_round-robin_failure_1788021012331,round-robin,server-3,GET,/api/work,200,26,,3
1788021013416,ui_round-robin_failure_1788021012331,round-robin,server-1,GET,/api/work,200,26,,3
1788021013417,ui_round-robin_failure_1788021012331,round-robin,server-3,GET,/api/work,200,26,,3
1788021013417,ui_round-robin_failure_1788021012331,round-robin,server-2,GET,/api/work,200,27,,3
1788021013425,ui_round-robin_failure_1788021012331,round-robin,server-1,GET,/api/work,200,26,,3
1788021013429,ui_round-robin_failure_1788021012331,round-robin,server-3,GET,/api/work,200,25,,2
1788021013429,ui_round-robin_failure_1788021012331,round-robin,server-2,GET,/api/work,200,25,,3
1788021013431,ui_round-robin_failure_1788021012331,round-robin,server-1,GET,/api/work,200,25,,2
1788021013431,ui_round-robin_failure_1788021012331,round-robin,server-2,GET,/api/work,200,27,,2
1788021013434,ui_round-robin_failure_1788021012331,round-robin,server-3,GET,/api/work,200,27,,1
1788021013436,ui_round-robin_failure_1788021012331,round-robin,server-1,GET,/api/work,200,25,,1
1788021013437,ui_round-robin_failure_1788021012331,round-robin,server-2,GET,/api/work,200,27,,1
1788021013443,ui_round-robin_failure_1788021012331,round-robin,server-3,GET,/api/work,200,26,,2
1788021013443,ui_round-robin_failure_1788021012331,round-robin,server-1,GET,/api/work,200,27,,2
1788021013451,ui_round-robin_failure_1788021012331,round-robin,server-2,GET,/api/work,200,26,,3
1788021013461,ui_round-robin_failure_1788021012331,round-robin,server-3,GET,/api/work,200,26,,3
1788021013464,ui_round-robin_failure_1788021012331,round-robin,server-3,GET,/api/work,200,27,,3
1788021013464,ui_round-robin_failure_1788021012331,round-robin,server-1,GET,/api/work,200,27,,4
1788021013464,ui_round-robin_failure_1788021012331,round-robin,server-2,GET,/api/work,200,28,,3
1788021013468,ui_round-robin_failure_1788021012331,round-robin,server-1,GET,/api/work,200,26,,3
1788021013469,ui_round-robin_failure_1788021012331,round-robin,server-2,GET,/api/work,200,26,,3
1788021013474,ui_round-robin_failure_1788021012331,round-robin,server-1,GET,/api/work,200,25,,3
1788021013473,ui_round-robin_failure_1788021012331,round-robin,server-3,GET,/api/work,200,27,,3
1788021013475,ui_round-robin_failure_1788021012331,round-robin,server-2,GET,/api/work,200,26,,3
1788021013482,ui_round-robin_failure_1788021012331,round-robin,server-3,GET,/api/work,200,26,,3
1788021013485,ui_round-robin_failure_1788021012331,round-robin,server-1,GET,/api/work,200,27,,3
1788021013486,ui_round-robin_failure_1788021012331,round-robin,server-2,GET,/api/work,200,26,,2
1788021013488,ui_round-robin_failure_1788021012331,round-robin,server-1,GET,/api/work,200,25,,2
1788021013487,ui_round-robin_failure_1788021012331,round-robin,server-3,GET,/api/work,200,27,,2
1788021013492,ui_round-robin_failure_1788021012331,round-robin,server-2,GET,/api/work,200,27,,1
1788021013493,ui_round-robin_failure_1788021012331,round-robin,server-3,GET,/api/work,200,26,,1
1788021013495,ui_round-robin_failure_1788021012331,round-robin,server-1,GET,/api/work,200,27,,1
1788021013500,ui_round-robin_failure_1788021012331,round-robin,server-2,GET,/api/work,200,26,,2
1788021013501,ui_round-robin_failure_1788021012331,round-robin,server-3,GET,/api/work,200,26,,2
1788021013508,ui_round-robin_failure_1788021012331,round-robin,server-1,GET,/api/work,200,27,,3
1788021013519,ui_round-robin_failure_1788021012331,round-robin,server-2,GET,/api/work,200,26,,4
1788021013523,ui_round-robin_failure_1788021012331,round-robin,server-1,GET,/api/work,200,25,,3
1788021013522,ui_round-robin_failure_1788021012331,round-robin,server-3,GET,/api/work,200,27,,4
1788021013523,ui_round-robin_failure_1788021012331,round-robin,server-2,GET,/api/work,200,26,,3
1788021013526,ui_round-robin_failure_1788021012331,round-robin,server-1,GET,/api/work,200,25,,3
1788021013525,ui_round-robin_failure_1788021012331,round-robin,server-3,GET,/api/work,200,26,,3
1788021013530,ui_round-robin_failure_1788021012331,round-robin,server-2,GET,/api/work,200,26,,3
1788021013532,ui_round-robin_failure_1788021012331,round-robin,server-1,GET,/api/work,200,26,,3
1788021013531,ui_round-robin_failure_1788021012331,round-robin,server-3,GET,/api/work,200,27,,3
1788021013539,ui_round-robin_failure_1788021012331,round-robin,server-2,GET,/api/work,200,26,,3
1788021013543,ui_round-robin_failure_1788021012331,round-robin,server-2,GET,/api/work,200,26,,2
1788021013543,ui_round-robin_failure_1788021012331,round-robin,server-1,GET,/api/work,200,26,,2
1788021013543,ui_round-robin_failure_1788021012331,round-robin,server-3,GET,/api/work,200,27,,3
1788021013543,ui_round-robin_failure_1788021012331,round-robin,server-3,GET,/api/work,200,27,,2
1788021013550,ui_round-robin_failure_1788021012331,round-robin,server-2,GET,/api/work,200,27,,1
1788021013550,ui_round-robin_failure_1788021012331,round-robin,server-1,GET,/api/work,200,27,,2
1788021013552,ui_round-robin_failure_1788021012331,round-robin,server-3,GET,/api/work,200,26,,1
1788021013556,ui_round-robin_failure_1788021012331,round-robin,server-1,GET,/api/work,200,26,,2
1788021013558,ui_round-robin_failure_1788021012331,round-robin,server-2,GET,/api/work,200,26,,2
1788021013565,ui_round-robin_failure_1788021012331,round-robin,server-3,GET,/api/work,200,26,,3
1788021013576,ui_round-robin_failure_1788021012331,round-robin,server-1,GET,/api/work,200,27,,4
1788021013579,ui_round-robin_failure_1788021012331,round-robin,server-2,GET,/api/work,200,25,,4
1788021013579,ui_round-robin_failure_1788021012331,round-robin,server-3,GET,/api/work,200,27,,3
1788021013580,ui_round-robin_failure_1788021012331,round-robin,server-1,GET,/api/work,200,26,,3
1788021013582,ui_round-robin_failure_1788021012331,round-robin,server-3,GET,/api/work,200,26,,2
1788021013582,ui_round-robin_failure_1788021012331,round-robin,server-2,GET,/api/work,200,27,,3
1788021013587,ui_round-robin_failure_1788021012331,round-robin,server-1,GET,/api/work,200,25,,3
1788021013588,ui_round-robin_failure_1788021012331,round-robin,server-2,GET,/api/work,200,26,,3
1788021013588,ui_round-robin_failure_1788021012331,round-robin,server-3,GET,/api/work,200,26,,3
1788021013596,ui_round-robin_failure_1788021012331,round-robin,server-1,GET,/api/work,200,29,,3
1788021013601,ui_round-robin_failure_1788021012331,round-robin,server-1,GET,/api/work,200,25,,2
1788021013600,ui_round-robin_failure_1788021012331,round-robin,server-2,GET,/api/work,200,27,,3
1788021013601,ui_round-robin_failure_1788021012331,round-robin,server-3,GET,/api/work,200,26,,2
1788021013601,ui_round-robin_failure_1788021012331,round-robin,server-2,GET,/api/work,200,27,,2
1788021013609,ui_round-robin_failure_1788021012331,round-robin,server-3,GET,/api/work,200,26,,2
1788021013609,ui_round-robin_failure_1788021012331,round-robin,server-1,GET,/api/work,200,27,,1
1788021013610,ui_round-robin_failure_1788021012331,round-robin,server-2,GET,/api/work,200,27,,1
1788021013613,ui_round-robin_failure_1788021012331,round-robin,server-3,GET,/api/work,200,27,,2
1788021013615,ui_round-robin_failure_1788021012331,round-robin,server-1,GET,/api/work,200,27,,2
1788021013624,ui_round-robin_failure_1788021012331,round-robin,server-2,GET,/api/work,200,26,,3
1788021013634,ui_round-robin_failure_1788021012331,round-robin,server-3,GET,/api/work,200,26,,4
1788021013638,ui_round-robin_failure_1788021012331,round-robin,server-2,GET,/api/work,200,26,,3
1788021013637,ui_round-robin_failure_1788021012331,round-robin,server-1,GET,/api/work,200,27,,4
1788021013638,ui_round-robin_failure_1788021012331,round-robin,server-3,GET,/api/work,200,27,,3
1788021013641,ui_round-robin_failure_1788021012331,round-robin,server-1,GET,/api/work,200,26,,3
1788021013641,ui_round-robin_failure_1788021012331,round-robin,server-2,GET,/api/work,200,28,,3
1788021013645,ui_round-robin_failure_1788021012331,round-robin,server-3,GET,/api/work,200,26,,3
1788021013645,ui_round-robin_failure_1788021012331,round-robin,server-2,GET,/api/work,200,26,,2
1788021013645,ui_round-robin_failure_1788021012331,round-robin,server-1,GET,/api/work,200,27,,3
1788021013656,ui_round-robin_failure_1788021012331,round-robin,server-3,GET,/api/work,200,27,,3
1788021013657,ui_round-robin_failure_1788021012331,round-robin,server-1,GET,/api/work,200,26,,3
1788021013658,ui_round-robin_failure_1788021012331,round-robin,server-3,GET,/api/work,200,26,,2
1788021013658,ui_round-robin_failure_1788021012331,round-robin,server-1,GET,/api/work,200,26,,2
1788021013658,ui_round-robin_failure_1788021012331,round-robin,server-2,GET,/api/work,200,27,,2
1788021013667,ui_round-robin_failure_1788021012331,round-robin,server-2,GET,/api/work,200,25,,2
1788021013668,ui_round-robin_failure_1788021012331,round-robin,server-3,GET,/api/work,200,27,,1
1788021013669,ui_round-robin_failure_1788021012331,round-robin,server-1,GET,/api/work,200,26,,1
1788021013673,ui_round-robin_failure_1788021012331,round-robin,server-3,GET,/api/work,200,26,,2
1788021013672,ui_round-robin_failure_1788021012331,round-robin,server-2,GET,/api/work,200,27,,2
1788021013681,ui_round-robin_failure_1788021012331,round-robin,server-1,GET,/api/work,200,26,,3
1788021013691,ui_round-robin_failure_1788021012331,round-robin,server-2,GET,/api/work,200,26,,4
1788021013696,ui_round-robin_failure_1788021012331,round-robin,server-3,GET,/api/work,200,26,,4
1788021013696,ui_round-robin_failure_1788021012331,round-robin,server-1,GET,/api/work,200,26,,3
1788021013696,ui_round-robin_failure_1788021012331,round-robin,server-2,GET,/api/work,200,27,,3
1788021013698,ui_round-robin_failure_1788021012331,round-robin,server-3,GET,/api/work,200,26,,3
1788021013700,ui_round-robin_failure_1788021012331,round-robin,server-1,GET,/api/work,200,26,,3
1788021013703,ui_round-robin_failure_1788021012331,round-robin,server-3,GET,/api/work,200,27,,3
1788021013703,ui_round-robin_failure_1788021012331,round-robin,server-2,GET,/api/work,200,28,,3
1788021013703,ui_round-robin_failure_1788021012331,round-robin,server-1,GET,/api/work,200,29,,3
1788021013713,ui_round-robin_failure_1788021012331,round-robin,server-2,GET,/api/work,200,27,,3
1788021013714,ui_round-robin_failure_1788021012331,round-robin,server-3,GET,/api/work,200,26,,3
1788021013715,ui_round-robin_failure_1788021012331,round-robin,server-2,GET,/api/work,200,25,,2
1788021013715,ui_round-robin_failure_1788021012331,round-robin,server-3,GET,/api/work,200,26,,2
1788021013715,ui_round-robin_failure_1788021012331,round-robin,server-1,GET,/api/work,200,26,,2
1788021013723,ui_round-robin_failure_1788021012331,round-robin,server-1,GET,/api/work,200,26,,2
1788021013726,ui_round-robin_failure_1788021012331,round-robin,server-3,GET,/api/work,200,28,,1
1788021013725,ui_round-robin_failure_1788021012331,round-robin,server-2,GET,/api/work,200,30,,2
1788021013731,ui_round-robin_failure_1788021012331,round-robin,server-1,GET,/api/work,200,27,,2
1788021013732,ui_round-robin_failure_1788021012331,round-robin,server-2,GET,/api/work,200,26,,2
1788021013738,ui_round-robin_failure_1788021012331,round-robin,server-3,GET,/api/work,200,27,,3
1788021013747,ui_round-robin_failure_1788021012331,round-robin,server-1,GET,/api/work,200,26,,4
1788021013755,ui_round-robin_failure_1788021012331,round-robin,server-3,GET,/api/work,200,26,,4
1788021013754,ui_round-robin_failure_1788021012331,round-robin,server-2,GET,/api/work,200,27,,4
1788021013755,ui_round-robin_failure_1788021012331,round-robin,server-1,GET,/api/work,200,26,,3
1788021013756,ui_round-robin_failure_1788021012331,round-robin,server-2,GET,/api/work,200,26,,3
1788021013757,ui_round-robin_failure_1788021012331,round-robin,server-3,GET,/api/work,200,26,,3
1788021013763,ui_round-robin_failure_1788021012331,round-robin,server-3,GET,/api/work,200,27,,3
1788021013763,ui_round-robin_failure_1788021012331,round-robin,server-2,GET,/api/work,200,27,,3
1788021013763,ui_round-robin_failure_1788021012331,round-robin,server-1,GET,/api/work,200,27,,4
1788021013771,ui_round-robin_failure_1788021012331,round-robin,server-2,GET,/api/work,200,26,,3
1788021013772,ui_round-robin_failure_1788021012331,round-robin,server-2,GET,/api/work,200,25,,2
1788021013771,ui_round-robin_failure_1788021012331,round-robin,server-1,GET,/api/work,200,27,,3
1788021013772,ui_round-robin_failure_1788021012331,round-robin,server-3,GET,/api/work,200,26,,2
1788021013772,ui_round-robin_failure_1788021012331,round-robin,server-1,GET,/api/work,200,27,,2
1788021013780,ui_round-robin_failure_1788021012331,round-robin,server-3,GET,/api/work,200,26,,2
1788021013786,ui_round-robin_failure_1788021012331,round-robin,server-1,GET,/api/work,200,27,,2
1788021013786,ui_round-robin_failure_1788021012331,round-robin,server-2,GET,/api/work,200,27,,2
1788021013788,ui_round-robin_failure_1788021012331,round-robin,server-3,GET,/api/work,200,26,,2
1788021013789,ui_round-robin_failure_1788021012331,round-robin,server-1,GET,/api/work,200,27,,2
1788021013796,ui_round-robin_failure_1788021012331,round-robin,server-2,GET,/api/work,200,26,,3
1788021013804,ui_round-robin_failure_1788021012331,round-robin,server-3,GET,/api/work,200,26,,4
1788021013812,ui_round-robin_failure_1788021012331,round-robin,server-1,GET,/api/work,200,26,,4
1788021013812,ui_round-robin_failure_1788021012331,round-robin,server-2,GET,/api/work,200,27,,4
1788021013813,ui_round-robin_failure_1788021012331,round-robin,server-3,GET,/api/work,200,26,,3
1788021013813,ui_round-robin_failure_1788021012331,round-robin,server-1,GET,/api/work,200,27,,3
1788021013814,ui_round-robin_failure_1788021012331,round-robin,server-2,GET,/api/work,200,26,,3
1788021013822,ui_round-robin_failure_1788021012331,round-robin,server-1,GET,/api/work,200,25,,3
1788021013821,ui_round-robin_failure_1788021012331,round-robin,server-3,GET,/api/work,200,27,,4
1788021013822,ui_round-robin_failure_1788021012331,round-robin,server-2,GET,/api/work,200,26,,3
1788021013828,ui_round-robin_failure_1788021012331,round-robin,server-1,GET,/api/work,200,26,,3
1788021013828,ui_round-robin_failure_1788021012331,round-robin,server-3,GET,/api/work,200,27,,3
1788021013830,ui_round-robin_failure_1788021012331,round-robin,server-2,GET,/api/work,200,25,,2
1788021013830,ui_round-robin_failure_1788021012331,round-robin,server-1,GET,/api/work,200,26,,2
1788021013830,ui_round-robin_failure_1788021012331,round-robin,server-3,GET,/api/work,200,27,,2
1788021013837,ui_round-robin_failure_1788021012331,round-robin,server-2,GET,/api/work,200,25,,2
1788021013844,ui_round-robin_failure_1788021012331,round-robin,server-3,GET,/api/work,200,26,,3
1788021013844,ui_round-robin_failure_1788021012331,round-robin,server-1,GET,/api/work,200,26,,2
1788021013844,ui_round-robin_failure_1788021012331,round-robin,server-2,GET,/api/work,200,27,,2
1788021013846,ui_round-robin_failure_1788021012331,round-robin,server-3,GET,/api/work,200,26,,2
1788021013853,ui_round-robin_failure_1788021012331,round-robin,server-1,GET,/api/work,200,26,,2
1788021013861,ui_round-robin_failure_1788021012331,round-robin,server-2,GET,/api/work,200,27,,4
1788021013868,ui_round-robin_failure_1788021012331,round-robin,server-3,GET,/api/work,200,26,,4
1788021013869,ui_round-robin_failure_1788021012331,round-robin,server-2,GET,/api/work,200,26,,3
1788021013869,ui_round-robin_failure_1788021012331,round-robin,server-1,GET,/api/work,200,27,,4
1788021013870,ui_round-robin_failure_1788021012331,round-robin,server-3,GET,/api/work,200,26,,3
1788021013871,ui_round-robin_failure_1788021012331,round-robin,server-1,GET,/api/work,200,26,,3
1788021013879,ui_round-robin_failure_1788021012331,round-robin,server-2,GET,/api/work,200,25,,4
1788021013879,ui_round-robin_failure_1788021012331,round-robin,server-3,GET,/api/work,200,26,,3
1788021013880,ui_round-robin_failure_1788021012331,round-robin,server-1,GET,/api/work,200,27,,3
1788021013886,ui_round-robin_failure_1788021012331,round-robin,server-3,GET,/api/work,200,25,,3
1788021013885,ui_round-robin_failure_1788021012331,round-robin,server-2,GET,/api/work,200,26,,3
1788021013887,ui_round-robin_failure_1788021012331,round-robin,server-2,GET,/api/work,200,26,,2
1788021013887,ui_round-robin_failure_1788021012331,round-robin,server-1,GET,/api/work,200,26,,2
1788021013887,ui_round-robin_failure_1788021012331,round-robin,server-3,GET,/api/work,200,27,,2
1788021013893,ui_round-robin_failure_1788021012331,round-robin,server-1,GET,/api/work,200,26,,2
1788021013900,ui_round-robin_failure_1788021012331,round-robin,server-2,GET,/api/work,200,26,,2
1788021013900,ui_round-robin_failure_1788021012331,round-robin,server-3,GET,/api/work,200,27,,2
1788021013902,ui_round-robin_failure_1788021012331,round-robin,server-2,GET,/api/work,200,26,,2
1788021013902,ui_round-robin_failure_1788021012331,round-robin,server-1,GET,/api/work,200,26,,2
1788021013910,ui_round-robin_failure_1788021012331,round-robin,server-3,GET,/api/work,200,27,,2
1788021013918,ui_round-robin_failure_1788021012331,round-robin,server-1,GET,/api/work,200,27,,4
1788021013925,ui_round-robin_failure_1788021012331,round-robin,server-2,GET,/api/work,200,26,,4
1788021013926,ui_round-robin_failure_1788021012331,round-robin,server-3,GET,/api/work,200,27,,4
1788021013927,ui_round-robin_failure_1788021012331,round-robin,server-1,GET,/api/work,200,26,,3
1788021013929,ui_round-robin_failure_1788021012331,round-robin,server-3,GET,/api/work,200,25,,3
1788021013927,ui_round-robin_failure_1788021012331,round-robin,server-2,GET,/api/work,200,28,,3
1788021013935,ui_round-robin_failure_1788021012331,round-robin,server-1,GET,/api/work,200,26,,4
1788021013935,ui_round-robin_failure_1788021012331,round-robin,server-2,GET,/api/work,200,27,,3
1788021013937,ui_round-robin_failure_1788021012331,round-robin,server-3,GET,/api/work,200,26,,3
1788021013943,ui_round-robin_failure_1788021012331,round-robin,server-2,GET,/api/work,200,25,,3
1788021013942,ui_round-robin_failure_1788021012331,round-robin,server-1,GET,/api/work,200,27,,3
1788021013944,ui_round-robin_failure_1788021012331,round-robin,server-1,GET,/api/work,200,26,,2
1788021013944,ui_round-robin_failure_1788021012331,round-robin,server-3,GET,/api/work,200,26,,2
1788021013945,ui_round-robin_failure_1788021012331,round-robin,server-2,GET,/api/work,200,26,,2
1788021013950,ui_round-robin_failure_1788021012331,round-robin,server-3,GET,/api/work,200,26,,2
1788021013956,ui_round-robin_failure_1788021012331,round-robin,server-2,GET,/api/work,200,26,,1
1788021013956,ui_round-robin_failure_1788021012331,round-robin,server-1,GET,/api/work,200,27,,2
1788021013959,ui_round-robin_failure_1788021012331,round-robin,server-3,GET,/api/work,200,26,,2
1788021013959,ui_round-robin_failure_1788021012331,round-robin,server-1,GET,/api/work,200,27,,1
1788021013967,ui_round-robin_failure_1788021012331,round-robin,server-2,GET,/api/work,200,27,,2
1788021013975,ui_round-robin_failure_1788021012331,round-robin,server-3,GET,/api/work,200,27,,4
1788021013982,ui_round-robin_failure_1788021012331,round-robin,server-1,GET,/api/work,200,27,,4
1788021013985,ui_round-robin_failure_1788021012331,round-robin,server-2,GET,/api/work,200,25,,4
1788021013985,ui_round-robin_failure_1788021012331,round-robin,server-3,GET,/api/work,200,26,,3
1788021013987,ui_round-robin_failure_1788021012331,round-robin,server-2,GET,/api/work,200,25,,3
1788021013986,ui_round-robin_failure_1788021012331,round-robin,server-1,GET,/api/work,200,27,,4
1788021013992,ui_round-robin_failure_1788021012331,round-robin,server-3,GET,/api/work,200,27,,4
1788021013993,ui_round-robin_failure_1788021012331,round-robin,server-1,GET,/api/work,200,26,,3
1788021013994,ui_round-robin_failure_1788021012331,round-robin,server-2,GET,/api/work,200,26,,3
1788021013999,ui_round-robin_failure_1788021012331,round-robin,server-1,GET,/api/work,200,25,,3
1788021013999,ui_round-robin_failure_1788021012331,round-robin,server-3,GET,/api/work,200,26,,3
1788021014001,ui_round-robin_failure_1788021012331,round-robin,server-2,GET,/api/work,200,26,,2
1788021014001,ui_round-robin_failure_1788021012331,round-robin,server-1,GET,/api/work,200,26,,2
1788021014001,ui_round-robin_failure_1788021012331,round-robin,server-3,GET,/api/work,200,28,,2
1788021014006,ui_round-robin_failure_1788021012331,round-robin,server-2,GET,/api/work,200,26,,1
1788021014012,ui_round-robin_failure_1788021012331,round-robin,server-3,GET,/api/work,200,26,,1
1788021014013,ui_round-robin_failure_1788021012331,round-robin,server-1,GET,/api/work,200,26,,1
1788021014016,ui_round-robin_failure_1788021012331,round-robin,server-2,GET,/api/work,200,26,,2
1788021014016,ui_round-robin_failure_1788021012331,round-robin,server-3,GET,/api/work,200,26,,1
1788021014024,ui_round-robin_failure_1788021012331,round-robin,server-1,GET,/api/work,200,27,,2
1788021014033,ui_round-robin_failure_1788021012331,round-robin,server-2,GET,/api/work,200,25,,4
1788021014039,ui_round-robin_failure_1788021012331,round-robin,server-3,GET,/api/work,200,27,,4
1788021014042,ui_round-robin_failure_1788021012331,round-robin,server-2,GET,/api/work,200,25,,3
1788021014041,ui_round-robin_failure_1788021012331,round-robin,server-1,GET,/api/work,200,27,,4
1788021014043,ui_round-robin_failure_1788021012331,round-robin,server-3,GET,/api/work,200,26,,3
1788021014043,ui_round-robin_failure_1788021012331,round-robin,server-1,GET,/api/work,200,27,,3
1788021014050,ui_round-robin_failure_1788021012331,round-robin,server-2,GET,/api/work,200,26,,4
1788021014050,ui_round-robin_failure_1788021012331,round-robin,server-3,GET,/api/work,200,27,,3
1788021014051,ui_round-robin_failure_1788021012331,round-robin,server-1,GET,/api/work,200,26,,3
1788021014055,ui_round-robin_failure_1788021012331,round-robin,server-3,GET,/api/work,200,25,,2
1788021014054,ui_round-robin_failure_1788021012331,round-robin,server-2,GET,/api/work,200,27,,3
1788021014058,ui_round-robin_failure_1788021012331,round-robin,server-2,GET,/api/work,200,26,,2
1788021014059,ui_round-robin_failure_1788021012331,round-robin,server-3,GET,/api/work,200,25,,2
1788021014058,ui_round-robin_failure_1788021012331,round-robin,server-1,GET,/api/work,200,27,,2
1788021014063,ui_round-robin_failure_1788021012331,round-robin,server-1,GET,/api/work,200,26,,2
1788021014070,ui_round-robin_failure_1788021012331,round-robin,server-3,GET,/api/work,200,26,,1
1788021014070,ui_round-robin_failure_1788021012331,round-robin,server-2,GET,/api/work,200,26,,1
1788021014073,ui_round-robin_failure_1788021012331,round-robin,server-2,GET,/api/work,200,26,,1
1788021014073,ui_round-robin_failure_1788021012331,round-robin,server-1,GET,/api/work,200,26,,2
1788021014081,ui_round-robin_failure_1788021012331,round-robin,server-3,GET,/api/work,200,26,,2
1788021014089,ui_round-robin_failure_1788021012331,round-robin,server-1,GET,/api/work,200,25,,3
1788021014097,ui_round-robin_failure_1788021012331,round-robin,server-2,GET,/api/work,200,25,,4
1788021014098,ui_round-robin_failure_1788021012331,round-robin,server-3,GET,/api/work,200,26,,4
1788021014098,ui_round-robin_failure_1788021012331,round-robin,server-1,GET,/api/work,200,27,,3
1788021014100,ui_round-robin_failure_1788021012331,round-robin,server-2,GET,/api/work,200,25,,3
1788021014101,ui_round-robin_failure_1788021012331,round-robin,server-3,GET,/api/work,200,27,,3
1788021014107,ui_round-robin_failure_1788021012331,round-robin,server-1,GET,/api/work,200,26,,4
1788021014107,ui_round-robin_failure_1788021012331,round-robin,server-2,GET,/api/work,200,26,,3
1788021014108,ui_round-robin_failure_1788021012331,round-robin,server-3,GET,/api/work,200,25,,3
1788021014111,ui_round-robin_failure_1788021012331,round-robin,server-1,GET,/api/work,200,26,,3
1788021014112,ui_round-robin_failure_1788021012331,round-robin,server-2,GET,/api/work,200,26,,3
1788021014114,ui_round-robin_failure_1788021012331,round-robin,server-1,GET,/api/work,200,26,,2
1788021014114,ui_round-robin_failure_1788021012331,round-robin,server-3,GET,/api/work,200,26,,2
1788021014116,ui_round-robin_failure_1788021012331,round-robin,server-2,GET,/api/work,200,26,,2
1788021014119,ui_round-robin_failure_1788021012331,round-robin,server-3,GET,/api/work,200,27,,2
1788021014127,ui_round-robin_failure_1788021012331,round-robin,server-1,GET,/api/work,200,25,,2
1788021014127,ui_round-robin_failure_1788021012331,round-robin,server-2,GET,/api/work,200,26,,1
1788021014130,ui_round-robin_failure_1788021012331,round-robin,server-3,GET,/api/work,200,26,,2
1788021014130,ui_round-robin_failure_1788021012331,round-robin,server-1,GET,/api/work,200,27,,1
1788021014138,ui_round-robin_failure_1788021012331,round-robin,server-2,GET,/api/work,200,26,,3
1788021014145,ui_round-robin_failure_1788021012331,round-robin,server-3,GET,/api/work,200,26,,3
1788021014152,ui_round-robin_failure_1788021012331,round-robin,server-1,GET,/api/work,200,26,,4
1788021014155,ui_round-robin_failure_1788021012331,round-robin,server-2,GET,/api/work,200,26,,4
1788021014155,ui_round-robin_failure_1788021012331,round-robin,server-3,GET,/api/work,200,26,,3
1788021014157,ui_round-robin_failure_1788021012331,round-robin,server-1,GET,/api/work,200,25,,3
1788021014158,ui_round-robin_failure_1788021012331,round-robin,server-2,GET,/api/work,200,26,,3
1788021014164,ui_round-robin_failure_1788021012331,round-robin,server-1,GET,/api/work,200,25,,3
1788021014164,ui_round-robin_failure_1788021012331,round-robin,server-3,GET,/api/work,200,25,,4
1788021014164,ui_round-robin_failure_1788021012331,round-robin,server-2,GET,/api/work,200,26,,3
1788021014168,ui_round-robin_failure_1788021012331,round-robin,server-3,GET,/api/work,200,26,,3
1788021014169,ui_round-robin_failure_1788021012331,round-robin,server-1,GET,/api/work,200,26,,2
1788021014171,ui_round-robin_failure_1788021012331,round-robin,server-3,GET,/api/work,200,26,,2
1788021014171,ui_round-robin_failure_1788021012331,round-robin,server-2,GET,/api/work,200,27,,2
1788021014173,ui_round-robin_failure_1788021012331,round-robin,server-1,GET,/api/work,200,26,,2
1788021014176,ui_round-robin_failure_1788021012331,round-robin,server-2,GET,/api/work,200,26,,2
1788021014182,ui_round-robin_failure_1788021012331,round-robin,server-3,GET,/api/work,200,27,,1
1788021014184,ui_round-robin_failure_1788021012331,round-robin,server-1,GET,/api/work,200,26,,1
1788021014187,ui_round-robin_failure_1788021012331,round-robin,server-3,GET,/api/work,200,26,,2
1788021014187,ui_round-robin_failure_1788021012331,round-robin,server-2,GET,/api/work,200,27,,2
1788021014195,ui_round-robin_failure_1788021012331,round-robin,server-1,GET,/api/work,200,26,,3
1788021014201,ui_round-robin_failure_1788021012331,round-robin,server-2,GET,/api/work,200,26,,3
1788021014209,ui_round-robin_failure_1788021012331,round-robin,server-3,GET,/api/work,200,27,,4
1788021014212,ui_round-robin_failure_1788021012331,round-robin,server-1,GET,/api/work,200,27,,4
1788021014213,ui_round-robin_failure_1788021012331,round-robin,server-3,GET,/api/work,200,27,,3
1788021014213,ui_round-robin_failure_1788021012331,round-robin,server-2,GET,/api/work,200,29,,3
1788021014215,ui_round-robin_failure_1788021012331,round-robin,server-1,GET,/api/work,200,28,,3
1788021014219,ui_round-robin_failure_1788021012331,round-robin,server-2,GET,/api/work,200,26,,4
1788021014220,ui_round-robin_failure_1788021012331,round-robin,server-3,GET,/api/work,200,27,,3
1788021014220,ui_round-robin_failure_1788021012331,round-robin,server-1,GET,/api/work,200,28,,3
1788021014224,ui_round-robin_failure_1788021012331,round-robin,server-2,GET,/api/work,200,26,,3
1788021014226,ui_round-robin_failure_1788021012331,round-robin,server-3,GET,/api/work,200,29,,3
1788021014228,ui_round-robin_failure_1788021012331,round-robin,server-2,GET,/api/work,200,27,,2
1788021014228,ui_round-robin_failure_1788021012331,round-robin,server-1,GET,/api/work,200,28,,2
1788021014230,ui_round-robin_failure_1788021012331,round-robin,server-3,GET,/api/work,200,27,,2
1788021014232,ui_round-robin_failure_1788021012331,round-robin,server-1,GET,/api/work,200,27,,1
1788021014243,ui_round-robin_failure_1788021012331,round-robin,server-2,GET,/api/work,200,26,,1
1788021014244,ui_round-robin_failure_1788021012331,round-robin,server-1,GET,/api/work,200,27,,1
1788021014245,ui_round-robin_failure_1788021012331,round-robin,server-2,GET,/api/work,200,27,,1
1788021014243,ui_round-robin_failure_1788021012331,round-robin,server-3,GET,/api/work,200,30,,1
1788021014251,ui_round-robin_failure_1788021012331,round-robin,server-3,GET,/api/work,200,29,,3
1788021014260,ui_round-robin_failure_1788021012331,round-robin,server-1,GET,/api/work,200,26,,3
1788021014270,ui_round-robin_failure_1788021012331,round-robin,server-2,GET,/api/work,200,26,,4
1788021014274,ui_round-robin_failure_1788021012331,round-robin,server-2,GET,/api/work,200,26,,3
1788021014274,ui_round-robin_failure_1788021012331,round-robin,server-1,GET,/api/work,200,28,,3
1788021014273,ui_round-robin_failure_1788021012331,round-robin,server-3,GET,/api/work,200,29,,4
1788021014276,ui_round-robin_failure_1788021012331,round-robin,server-1,GET,/api/work,200,39,,3
1788021014278,ui_round-robin_failure_1788021012331,round-robin,server-2,GET,/api/work,200,38,,3
1788021014274,ui_round-robin_failure_1788021012331,round-robin,server-3,GET,/api/work,200,44,,3
1788021014279,ui_round-robin_failure_1788021012331,round-robin,server-3,GET,/api/work,200,40,,2
1788021014281,ui_round-robin_failure_1788021012331,round-robin,server-1,GET,/api/work,200,39,,2
1788021014287,ui_round-robin_failure_1788021012331,round-robin,server-1,GET,/api/work,200,34,,1
1788021014287,ui_round-robin_failure_1788021012331,round-robin,server-3,GET,/api/work,200,40,,3
1788021014292,ui_round-robin_failure_1788021012331,round-robin,server-3,GET,/api/work,200,36,,2
1788021014287,ui_round-robin_failure_1788021012331,round-robin,server-2,GET,/api/work,200,41,,3
1788021014291,ui_round-robin_failure_1788021012331,round-robin,server-2,GET,/api/work,200,38,,2
1788021014303,ui_round-robin_failure_1788021012331,round-robin,server-2,GET,/api/work,200,28,,1
1788021014303,ui_round-robin_failure_1788021012331,round-robin,server-1,GET,/api/work,200,29,,2
1788021014322,ui_round-robin_failure_1788021012331,round-robin,server-1,GET,/api/work,200,27,,2
1788021014322,ui_round-robin_failure_1788021012331,round-robin,server-3,GET,/api/work,200,29,,2
1788021014323,ui_round-robin_failure_1788021012331,round-robin,server-3,GET,/api/work,200,29,,1
1788021014322,ui_round-robin_failure_1788021012331,round-robin,server-2,GET,/api/work,200,32,,1
1788021014330,ui_round-robin_failure_1788021012331,round-robin,server-1,GET,/api/work,200,27,,3
1788021014333,ui_round-robin_failure_1788021012331,round-robin,server-2,GET,/api/work,200,27,,2
1788021014333,ui_round-robin_failure_1788021012331,round-robin,server-3,GET,/api/work,200,29,,2
1788021014346,ui_round-robin_failure_1788021012331,round-robin,server-1,GET,/api/work,200,25,,4
1788021014354,ui_round-robin_failure_1788021012331,round-robin,server-2,GET,/api/work,200,26,,4
1788021014355,ui_round-robin_failure_1788021012331,round-robin,server-3,GET,/api/work,200,26,,3
1788021014356,ui_round-robin_failure_1788021012331,round-robin,server-2,GET,/api/work,200,26,,3
1788021014355,ui_round-robin_failure_1788021012331,round-robin,server-1,GET,/api/work,200,27,,3
1788021014356,ui_round-robin_failure_1788021012331,round-robin,server-3,GET,/api/work,200,27,,3
1788021014357,ui_round-robin_failure_1788021012331,round-robin,server-1,GET,/api/work,200,28,,3
1788021014363,ui_round-robin_failure_1788021012331,round-robin,server-1,GET,/api/work,200,25,,2
1788021014362,ui_round-robin_failure_1788021012331,round-robin,server-2,GET,/api/work,200,27,,3
1788021014363,ui_round-robin_failure_1788021012331,round-robin,server-2,GET,/api/work,200,26,,2
1788021014362,ui_round-robin_failure_1788021012331,round-robin,server-3,GET,/api/work,200,28,,3
1788021014364,ui_round-robin_failure_1788021012331,round-robin,server-3,GET,/api/work,200,26,,2
1788021014364,ui_round-robin_failure_1788021012331,round-robin,server-1,GET,/api/work,200,27,,1
1788021014380,ui_round-robin_failure_1788021012331,round-robin,server-2,GET,/api/work,200,26,,2
1788021014383,ui_round-robin_failure_1788021012331,round-robin,server-3,GET,/api/work,200,25,,2
1788021014384,ui_round-robin_failure_1788021012331,round-robin,server-1,GET,/api/work,200,26,,1
1788021014387,ui_round-robin_failure_1788021012331,round-robin,server-2,GET,/api/work,200,26,,2
1788021014388,ui_round-robin_failure_1788021012331,round-robin,server-3,GET,/api/work,200,26,,2
1788021014392,ui_round-robin_failure_1788021012331,round-robin,server-1,GET,/api/work,200,26,,2
1788021014394,ui_round-robin_failure_1788021012331,round-robin,server-2,GET,/api/work,200,26,,3
1788021014402,ui_round-robin_failure_1788021012331,round-robin,server-3,GET,/api/work,200,27,,4
1788021014412,ui_round-robin_failure_1788021012331,round-robin,server-3,GET,/api/work,200,25,,3
1788021014411,ui_round-robin_failure_1788021012331,round-robin,server-1,GET,/api/work,200,27,,4
1788021014411,ui_round-robin_failure_1788021012331,round-robin,server-2,GET,/api/work,200,27,,3
1788021014413,ui_round-robin_failure_1788021012331,round-robin,server-1,GET,/api/work,200,27,,3
1788021014414,ui_round-robin_failure_1788021012331,round-robin,server-2,GET,/api/work,200,27,,3
1788021014415,ui_round-robin_failure_1788021012331,round-robin,server-3,GET,/api/work,200,27,,3
1788021014419,ui_round-robin_failure_1788021012331,round-robin,server-2,GET,/api/work,200,26,,2
1788021014419,ui_round-robin_failure_1788021012331,round-robin,server-1,GET,/api/work,200,27,,2
1788021014420,ui_round-robin_failure_1788021012331,round-robin,server-3,GET,/api/work,200,27,,2
1788021014421,ui_round-robin_failure_1788021012331,round-robin,server-3,GET,/api/work,200,26,,1
1788021014420,ui_round-robin_failure_1788021012331,round-robin,server-2,GET,/api/work,200,27,,2
1788021014420,ui_round-robin_failure_1788021012331,round-robin,server-1,GET,/api/work,200,28,,2
1788021014436,ui_round-robin_failure_1788021012331,round-robin,server-1,GET,/api/work,200,27,,2
1788021014438,ui_round-robin_failure_1788021012331,round-robin,server-2,GET,/api/work,200,27,,2
1788021014440,ui_round-robin_failure_1788021012331,round-robin,server-3,GET,/api/work,200,26,,1
1788021014446,ui_round-robin_failure_1788021012331,round-robin,server-1,GET,/api/work,200,26,,3
1788021014446,ui_round-robin_failure_1788021012331,round-robin,server-2,GET,/api/work,200,26,,3
1788021014448,ui_round-robin_failure_1788021012331,round-robin,server-3,GET,/api/work,200,26,,2
1788021014451,ui_round-robin_failure_1788021012331,round-robin,server-1,GET,/api/work,200,27,,3
1788021014459,ui_round-robin_failure_1788021012331,round-robin,server-2,GET,/api/work,200,26,,4
1788021014468,ui_round-robin_failure_1788021012331,round-robin,server-3,GET,/api/work,200,26,,4
1788021014469,ui_round-robin_failure_1788021012331,round-robin,server-2,GET,/api/work,200,25,,3
1788021014469,ui_round-robin_failure_1788021012331,round-robin,server-1,GET,/api/work,200,26,,4
1788021014472,ui_round-robin_failure_1788021012331,round-robin,server-2,GET,/api/work,200,25,,3
1788021014471,ui_round-robin_failure_1788021012331,round-robin,server-3,GET,/api/work,200,26,,3
1788021014471,ui_round-robin_failure_1788021012331,round-robin,server-1,GET,/api/work,200,27,,3
1788021014477,ui_round-robin_failure_1788021012331,round-robin,server-3,GET,/api/work,200,26,,2
1788021014477,ui_round-robin_failure_1788021012331,round-robin,server-1,GET,/api/work,200,27,,2
1788021014478,ui_round-robin_failure_1788021012331,round-robin,server-2,GET,/api/work,200,27,,2
1788021014480,ui_round-robin_failure_1788021012331,round-robin,server-2,GET,/api/work,200,25,,2
1788021014479,ui_round-robin_failure_1788021012331,round-robin,server-3,GET,/api/work,200,27,,2
1788021014480,ui_round-robin_failure_1788021012331,round-robin,server-1,GET,/api/work,200,26,,2
1788021014493,ui_round-robin_failure_1788021012331,round-robin,server-3,GET,/api/work,200,27,,2
1788021014495,ui_round-robin_failure_1788021012331,round-robin,server-1,GET,/api/work,200,25,,2
1788021014497,ui_round-robin_failure_1788021012331,round-robin,server-2,GET,/api/work,200,25,,1
1788021014504,ui_round-robin_failure_1788021012331,round-robin,server-3,GET,/api/work,200,26,,3
1788021014504,ui_round-robin_failure_1788021012331,round-robin,server-1,GET,/api/work,200,26,,3
1788021014505,ui_round-robin_failure_1788021012331,round-robin,server-2,GET,/api/work,200,26,,2
1788021014508,ui_round-robin_failure_1788021012331,round-robin,server-3,GET,/api/work,200,26,,2
1788021014516,ui_round-robin_failure_1788021012331,round-robin,server-1,GET,/api/work,200,26,,4
1788021014525,ui_round-robin_failure_1788021012331,round-robin,server-2,GET,/api/work,200,26,,3
1788021014526,ui_round-robin_failure_1788021012331,round-robin,server-1,GET,/api/work,200,25,,3
1788021014526,ui_round-robin_failure_1788021012331,round-robin,server-3,GET,/api/work,200,26,,3
1788021014528,ui_round-robin_failure_1788021012331,round-robin,server-2,GET,/api/work,200,26,,3
1788021014528,ui_round-robin_failure_1788021012331,round-robin,server-3,GET,/api/work,200,27,,3
1788021014528,ui_round-robin_failure_1788021012331,round-robin,server-1,GET,/api/work,200,27,,3
1788021014534,ui_round-robin_failure_1788021012331,round-robin,server-3,GET,/api/work,200,26,,2
1788021014534,ui_round-robin_failure_1788021012331,round-robin,server-2,GET,/api/work,200,27,,3
1788021014536,ui_round-robin_failure_1788021012331,round-robin,server-1,GET,/api/work,200,26,,2
1788021014536,ui_round-robin_failure_1788021012331,round-robin,server-2,GET,/api/work,200,26,,2
1788021014537,ui_round-robin_failure_1788021012331,round-robin,server-1,GET,/api/work,200,26,,2
1788021014537,ui_round-robin_failure_1788021012331,round-robin,server-3,GET,/api/work,200,27,,2
1788021014552,ui_round-robin_failure_1788021012331,round-robin,server-3,GET,/api/work,200,26,,2
1788021014553,ui_round-robin_failure_1788021012331,round-robin,server-1,GET,/api/work,200,25,,1
1788021014552,ui_round-robin_failure_1788021012331,round-robin,server-2,GET,/api/work,200,27,,2
1788021014560,ui_round-robin_failure_1788021012331,round-robin,server-2,GET,/api/work,200,26,,2
1788021014560,ui_round-robin_failure_1788021012331,round-robin,server-3,GET,/api/work,200,27,,3
1788021014563,ui_round-robin_failure_1788021012331,round-robin,server-1,GET,/api/work,200,25,,2
1788021014564,ui_round-robin_failure_1788021012331,round-robin,server-2,GET,/api/work,200,27,,2
1788021014573,ui_round-robin_failure_1788021012331,round-robin,server-3,GET,/api/work,200,27,,4
1788021014582,ui_round-robin_failure_1788021012331,round-robin,server-1,GET,/api/work,200,26,,3
1788021014583,ui_round-robin_failure_1788021012331,round-robin,server-2,GET,/api/work,200,26,,3
1788021014583,ui_round-robin_failure_1788021012331,round-robin,server-3,GET,/api/work,200,27,,3
1788021014585,ui_round-robin_failure_1788021012331,round-robin,server-1,GET,/api/work,200,26,,3
1788021014586,ui_round-robin_failure_1788021012331,round-robin,server-2,GET,/api/work,200,26,,3
1788021014586,ui_round-robin_failure_1788021012331,round-robin,server-3,GET,/api/work,200,27,,3
1788021014592,ui_round-robin_failure_1788021012331,round-robin,server-1,GET,/api/work,200,25,,2
1788021014592,ui_round-robin_failure_1788021012331,round-robin,server-2,GET,/api/work,200,26,,2
1788021014593,ui_round-robin_failure_1788021012331,round-robin,server-3,GET,/api/work,200,26,,3
1788021014593,ui_round-robin_failure_1788021012331,round-robin,server-1,GET,/api/work,200,26,,2
1788021014594,ui_round-robin_failure_1788021012331,round-robin,server-3,GET,/api/work,200,26,,2
1788021014594,ui_round-robin_failure_1788021012331,round-robin,server-2,GET,/api/work,200,26,,2
1788021014610,ui_round-robin_failure_1788021012331,round-robin,server-1,GET,/api/work,200,26,,2
1788021014610,ui_round-robin_failure_1788021012331,round-robin,server-3,GET,/api/work,200,27,,1
1788021014610,ui_round-robin_failure_1788021012331,round-robin,server-2,GET,/api/work,200,27,,2
1788021014618,ui_round-robin_failure_1788021012331,round-robin,server-3,GET,/api/work,200,26,,2
1788021014618,ui_round-robin_failure_1788021012331,round-robin,server-2,GET,/api/work,200,27,,3
1788021014618,ui_round-robin_failure_1788021012331,round-robin,server-1,GET,/api/work,200,28,,3
1788021014624,ui_round-robin_failure_1788021012331,round-robin,server-1,GET,/api/work,200,26,,3
1788021014631,ui_round-robin_failure_1788021012331,round-robin,server-2,GET,/api/work,200,27,,4
1788021014638,ui_round-robin_failure_1788021012331,round-robin,server-3,GET,/api/work,200,27,,3
1788021014640,ui_round-robin_failure_1788021012331,round-robin,server-1,GET,/api/work,200,26,,3
1788021014641,ui_round-robin_failure_1788021012331,round-robin,server-3,GET,/api/work,200,26,,2
1788021014641,ui_round-robin_failure_1788021012331,round-robin,server-2,GET,/api/work,200,28,,4
1788021014644,ui_round-robin_failure_1788021012331,round-robin,server-1,GET,/api/work,200,26,,3
1788021014644,ui_round-robin_failure_1788021012331,round-robin,server-2,GET,/api/work,200,26,,3
1788021014648,ui_round-robin_failure_1788021012331,round-robin,server-3,GET,/api/work,200,26,,2
1788021014649,ui_round-robin_failure_1788021012331,round-robin,server-1,GET,/api/work,200,26,,2
1788021014651,ui_round-robin_failure_1788021012331,round-robin,server-3,GET,/api/work,200,25,,2
1788021014650,ui_round-robin_failure_1788021012331,round-robin,server-2,GET,/api/work,200,26,,3
1788021014655,ui_round-robin_failure_1788021012331,round-robin,server-1,GET,/api/work,200,27,,2
1788021014655,ui_round-robin_failure_1788021012331,round-robin,server-2,GET,/api/work,200,27,,2
1788021014668,ui_round-robin_failure_1788021012331,round-robin,server-3,GET,/api/work,200,26,,2
1788021014668,ui_round-robin_failure_1788021012331,round-robin,server-1,GET,/api/work,200,27,,2
1788021014668,ui_round-robin_failure_1788021012331,round-robin,server-2,GET,/api/work,200,27,,1
1788021014676,ui_round-robin_failure_1788021012331,round-robin,server-2,GET,/api/work,200,26,,2
1788021014675,ui_round-robin_failure_1788021012331,round-robin,server-3,GET,/api/work,200,27,,3
1788021014676,ui_round-robin_failure_1788021012331,round-robin,server-1,GET,/api/work,200,26,,3
1788021014681,ui_round-robin_failure_1788021012331,round-robin,server-3,GET,/api/work,200,27,,3
1788021014689,ui_round-robin_failure_1788021012331,round-robin,server-1,GET,/api/work,200,26,,4
1788021014695,ui_round-robin_failure_1788021012331,round-robin,server-2,GET,/api/work,200,27,,3
1788021014697,ui_round-robin_failure_1788021012331,round-robin,server-3,GET,/api/work,200,25,,3
1788021014698,ui_round-robin_failure_1788021012331,round-robin,server-1,GET,/api/work,200,26,,3
1788021014701,ui_round-robin_failure_1788021012331,round-robin,server-2,GET,/api/work,200,25,,3
1788021014701,ui_round-robin_failure_1788021012331,round-robin,server-3,GET,/api/work,200,26,,3
1788021014701,ui_round-robin_failure_1788021012331,round-robin,server-1,GET,/api/work,200,26,,3
1788021014705,ui_round-robin_failure_1788021012331,round-robin,server-2,GET,/api/work,200,26,,2
1788021014707,ui_round-robin_failure_1788021012331,round-robin,server-2,GET,/api/work,200,25,,2
1788021014706,ui_round-robin_failure_1788021012331,round-robin,server-3,GET,/api/work,200,27,,2
1788021014706,ui_round-robin_failure_1788021012331,round-robin,server-1,GET,/api/work,200,27,,2
1788021014714,ui_round-robin_failure_1788021012331,round-robin,server-1,GET,/api/work,200,26,,2
1788021014713,ui_round-robin_failure_1788021012331,round-robin,server-3,GET,/api/work,200,28,,2
1788021014725,ui_round-robin_failure_1788021012331,round-robin,server-2,GET,/api/work,200,25,,2
1788021014726,ui_round-robin_failure_1788021012331,round-robin,server-1,GET,/api/work,200,26,,1
1788021014726,ui_round-robin_failure_1788021012331,round-robin,server-3,GET,/api/work,200,27,,2
1788021014731,ui_round-robin_failure_1788021012331,round-robin,server-2,GET,/api/work,200,26,,2
1788021014733,ui_round-robin_failure_1788021012331,round-robin,server-1,GET,/api/work,200,26,,2
1788021014733,ui_round-robin_failure_1788021012331,round-robin,server-3,GET,/api/work,200,26,,3
1788021014738,ui_round-robin_failure_1788021012331,round-robin,server-2,GET,/api/work,200,27,,3
1788021014745,ui_round-robin_failure_1788021012331,round-robin,server-3,GET,/api/work,200,27,,4
1788021014753,ui_round-robin_failure_1788021012331,round-robin,server-1,GET,/api/work,200,26,,3
1788021014753,ui_round-robin_failure_1788021012331,round-robin,server-2,GET,/api/work,200,27,,3
1788021014755,ui_round-robin_failure_1788021012331,round-robin,server-3,GET,/api/work,200,26,,3
1788021014756,ui_round-robin_failure_1788021012331,round-robin,server-1,GET,/api/work,200,26,,3
1788021014758,ui_round-robin_failure_1788021012331,round-robin,server-2,GET,/api/work,200,26,,3
1788021014758,ui_round-robin_failure_1788021012331,round-robin,server-3,GET,/api/work,200,27,,3
1788021014762,ui_round-robin_failure_1788021012331,round-robin,server-1,GET,/api/work,200,26,,2
1788021014764,ui_round-robin_failure_1788021012331,round-robin,server-3,GET,/api/work,200,25,,2
1788021014763,ui_round-robin_failure_1788021012331,round-robin,server-2,GET,/api/work,200,27,,3
1788021014764,ui_round-robin_failure_1788021012331,round-robin,server-1,GET,/api/work,200,27,,2
1788021014771,ui_round-robin_failure_1788021012331,round-robin,server-2,GET,/api/work,200,26,,2
1788021014772,ui_round-robin_failure_1788021012331,round-robin,server-3,GET,/api/work,200,26,,2
1788021014781,ui_round-robin_failure_1788021012331,round-robin,server-1,GET,/api/work,200,26,,2
1788021014782,ui_round-robin_failure_1788021012331,round-robin,server-3,GET,/api/work,200,26,,1
1788021014782,ui_round-robin_failure_1788021012331,round-robin,server-2,GET,/api/work,200,27,,2
1788021014789,ui_round-robin_failure_1788021012331,round-robin,server-1,GET,/api/work,200,25,,2
1788021014790,ui_round-robin_failure_1788021012331,round-robin,server-3,GET,/api/work,200,25,,2
1788021014789,ui_round-robin_failure_1788021012331,round-robin,server-2,GET,/api/work,200,27,,3
1788021014795,ui_round-robin_failure_1788021012331,round-robin,server-1,GET,/api/work,200,26,,3
1788021014803,ui_round-robin_failure_1788021012331,round-robin,server-2,GET,/api/work,200,26,,4
1788021014810,ui_round-robin_failure_1788021012331,round-robin,server-3,GET,/api/work,200,26,,3
1788021014810,ui_round-robin_failure_1788021012331,round-robin,server-1,GET,/api/work,200,27,,3
1788021014810,ui_round-robin_failure_1788021012331,round-robin,server-2,GET,/api/work,200,27,,3
1788021014812,ui_round-robin_failure_1788021012331,round-robin,server-3,GET,/api/work,200,26,,2
1788021014815,ui_round-robin_failure_1788021012331,round-robin,server-1,GET,/api/work,200,26,,3
1788021014815,ui_round-robin_failure_1788021012331,round-robin,server-2,GET,/api/work,200,27,,3
1788021014819,ui_round-robin_failure_1788021012331,round-robin,server-1,GET,/api/work,200,27,,2
1788021014820,ui_round-robin_failure_1788021012331,round-robin,server-2,GET,/api/work,200,26,,2
1788021014819,ui_round-robin_failure_1788021012331,round-robin,server-3,GET,/api/work,200,28,,3
1788021014821,ui_round-robin_failure_1788021012331,round-robin,server-3,GET,/api/work,200,27,,2
1788021014828,ui_round-robin_failure_1788021012331,round-robin,server-2,GET,/api/work,200,26,,2
1788021014828,ui_round-robin_failure_1788021012331,round-robin,server-1,GET,/api/work,200,26,,2
1788021014838,ui_round-robin_failure_1788021012331,round-robin,server-3,GET,/api/work,200,27,,2
1788021014839,ui_round-robin_failure_1788021012331,round-robin,server-1,GET,/api/work,200,26,,2
1788021014839,ui_round-robin_failure_1788021012331,round-robin,server-2,GET,/api/work,200,26,,1
1788021014847,ui_round-robin_failure_1788021012331,round-robin,server-3,GET,/api/work,200,26,,3
1788021014847,ui_round-robin_failure_1788021012331,round-robin,server-1,GET,/api/work,200,26,,3
1788021014848,ui_round-robin_failure_1788021012331,round-robin,server-2,GET,/api/work,200,27,,2
1788021014852,ui_round-robin_failure_1788021012331,round-robin,server-3,GET,/api/work,200,26,,2
1788021014859,ui_round-robin_failure_1788021012331,round-robin,server-1,GET,/api/work,200,26,,3
1788021014868,ui_round-robin_failure_1788021012331,round-robin,server-2,GET,/api/work,200,26,,3
1788021014869,ui_round-robin_failure_1788021012331,round-robin,server-2,GET,/api/work,200,25,,2
1788021014869,ui_round-robin_failure_1788021012331,round-robin,server-1,GET,/api/work,200,26,,3
1788021014868,ui_round-robin_failure_1788021012331,round-robin,server-3,GET,/api/work,200,27,,3
1788021014872,ui_round-robin_failure_1788021012331,round-robin,server-1,GET,/api/work,200,27,,3
1788021014872,ui_round-robin_failure_1788021012331,round-robin,server-3,GET,/api/work,200,27,,3
1788021014879,ui_round-robin_failure_1788021012331,round-robin,server-3,GET,/api/work,200,25,,3
1788021014879,ui_round-robin_failure_1788021012331,round-robin,server-2,GET,/api/work,200,26,,3
1788021014879,ui_round-robin_failure_1788021012331,round-robin,server-2,GET,/api/work,200,26,,2
1788021014879,ui_round-robin_failure_1788021012331,round-robin,server-1,GET,/api/work,200,27,,3
1788021014885,ui_round-robin_failure_1788021012331,round-robin,server-3,GET,/api/work,200,26,,2
1788021014886,ui_round-robin_failure_1788021012331,round-robin,server-1,GET,/api/work,200,25,,2
1788021014896,ui_round-robin_failure_1788021012331,round-robin,server-1,GET,/api/work,200,25,,1
1788021014895,ui_round-robin_failure_1788021012331,round-robin,server-2,GET,/api/work,200,26,,2
1788021014896,ui_round-robin_failure_1788021012331,round-robin,server-3,GET,/api/work,200,26,,2
1788021014904,ui_round-robin_failure_1788021012331,round-robin,server-2,GET,/api/work,200,27,,3
1788021014904,ui_round-robin_failure_1788021012331,round-robin,server-3,GET,/api/work,200,27,,3
1788021014905,ui_round-robin_failure_1788021012331,round-robin,server-1,GET,/api/work,200,27,,2
1788021014909,ui_round-robin_failure_1788021012331,round-robin,server-2,GET,/api/work,200,27,,2
1788021014916,ui_round-robin_failure_1788021012331,round-robin,server-3,GET,/api/work,200,26,,3
1788021014925,ui_round-robin_failure_1788021012331,round-robin,server-2,GET,/api/work,200,26,,3
1788021014925,ui_round-robin_failure_1788021012331,round-robin,server-1,GET,/api/work,200,27,,4
1788021014926,ui_round-robin_failure_1788021012331,round-robin,server-1,GET,/api/work,200,26,,3
1788021014926,ui_round-robin_failure_1788021012331,round-robin,server-3,GET,/api/work,200,26,,3
1788021014930,ui_round-robin_failure_1788021012331,round-robin,server-2,GET,/api/work,200,26,,3
1788021014930,ui_round-robin_failure_1788021012331,round-robin,server-3,GET,/api/work,200,26,,3
1788021014936,ui_round-robin_failure_1788021012331,round-robin,server-1,GET,/api/work,200,26,,2
1788021014937,ui_round-robin_failure_1788021012331,round-robin,server-2,GET,/api/work,200,26,,2
1788021014937,ui_round-robin_failure_1788021012331,round-robin,server-3,GET,/api/work,200,27,,3
1788021014937,ui_round-robin_failure_1788021012331,round-robin,server-1,GET,/api/work,200,27,,2
1788021014941,ui_round-robin_failure_1788021012331,round-robin,server-2,GET,/api/work,200,27,,2
1788021014942,ui_round-robin_failure_1788021012331,round-robin,server-3,GET,/api/work,200,26,,2
1788021014951,ui_round-robin_failure_1788021012331,round-robin,server-1,GET,/api/work,200,26,,2
1788021014953,ui_round-robin_failure_1788021012331,round-robin,server-3,GET,/api/work,200,26,,1
1788021014953,ui_round-robin_failure_1788021012331,round-robin,server-2,GET,/api/work,200,27,,2
1788021014963,ui_round-robin_failure_1788021012331,round-robin,server-1,GET,/api/work,200,26,,3
1788021014963,ui_round-robin_failure_1788021012331,round-robin,server-2,GET,/api/work,200,27,,2
1788021014964,ui_round-robin_failure_1788021012331,round-robin,server-3,GET,/api/work,200,27,,2
1788021014968,ui_round-robin_failure_1788021012331,round-robin,server-1,GET,/api/work,200,26,,3
1788021014973,ui_round-robin_failure_1788021012331,round-robin,server-2,GET,/api/work,200,26,,4
1788021014983,ui_round-robin_failure_1788021012331,round-robin,server-3,GET,/api/work,200,27,,4
1788021014984,ui_round-robin_failure_1788021012331,round-robin,server-1,GET,/api/work,200,26,,3
1788021014984,ui_round-robin_failure_1788021012331,round-robin,server-2,GET,/api/work,200,27,,3
1788021014985,ui_round-robin_failure_1788021012331,round-robin,server-3,GET,/api/work,200,26,,3
1788021014989,ui_round-robin_failure_1788021012331,round-robin,server-1,GET,/api/work,200,26,,3
1788021014990,ui_round-robin_failure_1788021012331,round-robin,server-2,GET,/api/work,200,26,,3
1788021014994,ui_round-robin_failure_1788021012331,round-robin,server-1,GET,/api/work,200,26,,2
1788021014993,ui_round-robin_failure_1788021012331,round-robin,server-3,GET,/api/work,200,27,,2
1788021014995,ui_round-robin_failure_1788021012331,round-robin,server-3,GET,/api/work,200,27,,2
1788021014995,ui_round-robin_failure_1788021012331,round-robin,server-2,GET,/api/work,200,28,,3
1788021014999,ui_round-robin_failure_1788021012331,round-robin,server-1,GET,/api/work,200,26,,2
1788021014999,ui_round-robin_failure_1788021012331,round-robin,server-2,GET,/api/work,200,26,,2
1788021015008,ui_round-robin_failure_1788021012331,round-robin,server-3,GET,/api/work,200,26,,2
1788021015011,ui_round-robin_failure_1788021012331,round-robin,server-1,GET,/api/work,200,26,,2
1788021015011,ui_round-robin_failure_1788021012331,round-robin,server-2,GET,/api/work,200,27,,1
1788021015021,ui_round-robin_failure_1788021012331,round-robin,server-1,GET,/api/work,200,26,,2
1788021015020,ui_round-robin_failure_1788021012331,round-robin,server-3,GET,/api/work,200,27,,3
1788021015021,ui_round-robin_failure_1788021012331,round-robin,server-2,GET,/api/work,200,27,,2
1788021015025,ui_round-robin_failure_1788021012331,round-robin,server-3,GET,/api/work,200,26,,3
1788021015030,ui_round-robin_failure_1788021012331,round-robin,server-1,GET,/api/work,200,27,,4
1788021015042,ui_round-robin_failure_1788021012331,round-robin,server-2,GET,/api/work,200,25,,4
1788021015042,ui_round-robin_failure_1788021012331,round-robin,server-3,GET,/api/work,200,26,,3
1788021015043,ui_round-robin_failure_1788021012331,round-robin,server-1,GET,/api/work,200,26,,4
1788021015044,ui_round-robin_failure_1788021012331,round-robin,server-2,GET,/api/work,200,26,,3
1788021015046,ui_round-robin_failure_1788021012331,round-robin,server-3,GET,/api/work,200,26,,3
1788021015047,ui_round-robin_failure_1788021012331,round-robin,server-1,GET,/api/work,200,27,,3
1788021015049,ui_round-robin_failure_1788021012331,round-robin,server-2,GET,/api/work,200,26,,2
1788021015051,ui_round-robin_failure_1788021012331,round-robin,server-3,GET,/api/work,200,27,,2
1788021015053,ui_round-robin_failure_1788021012331,round-robin,server-1,GET,/api/work,200,26,,3
1788021015053,ui_round-robin_failure_1788021012331,round-robin,server-2,GET,/api/work,200,27,,2
1788021015055,ui_round-robin_failure_1788021012331,round-robin,server-3,GET,/api/work,200,25,,2
1788021015056,ui_round-robin_failure_1788021012331,round-robin,server-1,GET,/api/work,200,27,,2
1788021015064,ui_round-robin_failure_1788021012331,round-robin,server-2,GET,/api/work,200,27,,2
1788021015068,ui_round-robin_failure_1788021012331,round-robin,server-1,GET,/api/work,200,26,,1
1788021015068,ui_round-robin_failure_1788021012331,round-robin,server-3,GET,/api/work,200,26,,2
1788021015077,ui_round-robin_failure_1788021012331,round-robin,server-2,GET,/api/work,200,26,,2
1788021015078,ui_round-robin_failure_1788021012331,round-robin,server-3,GET,/api/work,200,26,,3
1788021015078,ui_round-robin_failure_1788021012331,round-robin,server-1,GET,/api/work,200,27,,2
1788021015082,ui_round-robin_failure_1788021012331,round-robin,server-2,GET,/api/work,200,25,,2
1788021015087,ui_round-robin_failure_1788021012331,round-robin,server-3,GET,/api/work,200,26,,4
1788021015098,ui_round-robin_failure_1788021012331,round-robin,server-2,GET,/api/work,200,27,,3
1788021015098,ui_round-robin_failure_1788021012331,round-robin,server-1,GET,/api/work,200,27,,4
1788021015100,ui_round-robin_failure_1788021012331,round-robin,server-3,GET,/api/work,200,26,,4
1788021015100,ui_round-robin_failure_1788021012331,round-robin,server-1,GET,/api/work,200,27,,3
1788021015103,ui_round-robin_failure_1788021012331,round-robin,server-3,GET,/api/work,200,26,,3
1788021015103,ui_round-robin_failure_1788021012331,round-robin,server-2,GET,/api/work,200,26,,3
1788021015106,ui_round-robin_failure_1788021012331,round-robin,server-1,GET,/api/work,200,27,,2
1788021015109,ui_round-robin_failure_1788021012331,round-robin,server-2,GET,/api/work,200,27,,3
1788021015111,ui_round-robin_failure_1788021012331,round-robin,server-2,GET,/api/work,200,25,,2
1788021015110,ui_round-robin_failure_1788021012331,round-robin,server-1,GET,/api/work,200,27,,2
1788021015110,ui_round-robin_failure_1788021012331,round-robin,server-3,GET,/api/work,200,27,,3
1788021015113,ui_round-robin_failure_1788021012331,round-robin,server-3,GET,/api/work,200,26,,2
1788021015121,ui_round-robin_failure_1788021012331,round-robin,server-1,GET,/api/work,200,25,,2
1788021015126,ui_round-robin_failure_1788021012331,round-robin,server-2,GET,/api/work,200,26,,2
1788021015126,ui_round-robin_failure_1788021012331,round-robin,server-3,GET,/api/work,200,27,,1
1788021015133,ui_round-robin_failure_1788021012331,round-robin,server-1,GET,/api/work,200,26,,2
1788021015135,ui_round-robin_failure_1788021012331,round-robin,server-3,GET,/api/work,200,26,,2
1788021015135,ui_round-robin_failure_1788021012331,round-robin,server-2,GET,/api/work,200,26,,3
1788021015139,ui_round-robin_failure_1788021012331,round-robin,server-1,GET,/api/work,200,26,,2
1788021015144,ui_round-robin_failure_1788021012331,round-robin,server-2,GET,/api/work,200,26,,3
1788021015156,ui_round-robin_failure_1788021012331,round-robin,server-3,GET,/api/work,200,26,,4
1788021015157,ui_round-robin_failure_1788021012331,round-robin,server-1,GET,/api/work,200,27,,4
1788021015158,ui_round-robin_failure_1788021012331,round-robin,server-2,GET,/api/work,200,27,,4
1788021015159,ui_round-robin_failure_1788021012331,round-robin,server-3,GET,/api/work,200,27,,3
1788021015160,ui_round-robin_failure_1788021012331,round-robin,server-2,GET,/api/work,200,26,,3
1788021015160,ui_round-robin_failure_1788021012331,round-robin,server-1,GET,/api/work,200,27,,3
1788021015164,ui_round-robin_failure_1788021012331,round-robin,server-3,GET,/api/work,200,26,,2
1788021015165,ui_round-robin_failure_1788021012331,round-robin,server-1,GET,/api/work,200,26,,2
1788021015167,ui_round-robin_failure_1788021012331,round-robin,server-2,GET,/api/work,200,26,,3
1788021015168,ui_round-robin_failure_1788021012331,round-robin,server-3,GET,/api/work,200,26,,2
1788021015169,ui_round-robin_failure_1788021012331,round-robin,server-1,GET,/api/work,200,25,,2
1788021015170,ui_round-robin_failure_1788021012331,round-robin,server-2,GET,/api/work,200,27,,2
1788021015177,ui_round-robin_failure_1788021012331,round-robin,server-3,GET,/api/work,200,26,,2
1788021015184,ui_round-robin_failure_1788021012331,round-robin,server-1,GET,/api/work,200,26,,2
1788021015184,ui_round-robin_failure_1788021012331,round-robin,server-2,GET,/api/work,200,26,,1
1788021015191,ui_round-robin_failure_1788021012331,round-robin,server-3,GET,/api/work,200,26,,2
1788021015192,ui_round-robin_failure_1788021012331,round-robin,server-2,GET,/api/work,200,26,,2
1788021015192,ui_round-robin_failure_1788021012331,round-robin,server-1,GET,/api/work,200,27,,3
1788021015196,ui_round-robin_failure_1788021012331,round-robin,server-3,GET,/api/work,200,26,,3
1788021015201,ui_round-robin_failure_1788021012331,round-robin,server-1,GET,/api/work,200,26,,3
1788021015212,ui_round-robin_failure_1788021012331,round-robin,server-2,GET,/api/work,200,26,,4
1788021015216,ui_round-robin_failure_1788021012331,round-robin,server-3,GET,/api/work,200,26,,4
1788021015216,ui_round-robin_failure_1788021012331,round-robin,server-1,GET,/api/work,200,26,,4
1788021015216,ui_round-robin_failure_1788021012331,round-robin,server-2,GET,/api/work,200,27,,3
1788021015218,ui_round-robin_failure_1788021012331,round-robin,server-1,GET,/api/work,200,26,,3
1788021015217,ui_round-robin_failure_1788021012331,round-robin,server-3,GET,/api/work,200,28,,3
1788021015221,ui_round-robin_failure_1788021012331,round-robin,server-2,GET,/api/work,200,26,,2
1788021015222,ui_round-robin_failure_1788021012331,round-robin,server-3,GET,/api/work,200,26,,2
1788021015224,ui_round-robin_failure_1788021012331,round-robin,server-1,GET,/api/work,200,27,,3
1788021015226,ui_round-robin_failure_1788021012331,round-robin,server-3,GET,/api/work,200,26,,2
1788021015228,ui_round-robin_failure_1788021012331,round-robin,server-1,GET,/api/work,200,25,,2
1788021015226,ui_round-robin_failure_1788021012331,round-robin,server-2,GET,/api/work,200,28,,3
1788021015234,ui_round-robin_failure_1788021012331,round-robin,server-2,GET,/api/work,200,27,,2
1788021015241,ui_round-robin_failure_1788021012331,round-robin,server-3,GET,/api/work,200,27,,2
1788021015241,ui_round-robin_failure_1788021012331,round-robin,server-1,GET,/api/work,200,27,,1
1788021015248,ui_round-robin_failure_1788021012331,round-robin,server-2,GET,/api/work,200,26,,3
1788021015250,ui_round-robin_failure_1788021012331,round-robin,server-1,GET,/api/work,200,25,,2
1788021015249,ui_round-robin_failure_1788021012331,round-robin,server-3,GET,/api/work,200,27,,3
1788021015254,ui_round-robin_failure_1788021012331,round-robin,server-2,GET,/api/work,200,25,,2
1788021015258,ui_round-robin_failure_1788021012331,round-robin,server-3,GET,/api/work,200,25,,3
1788021015269,ui_round-robin_failure_1788021012331,round-robin,server-1,GET,/api/work,200,26,,4
1788021015273,ui_round-robin_failure_1788021012331,round-robin,server-1,GET,/api/work,200,25,,3
1788021015272,ui_round-robin_failure_1788021012331,round-robin,server-2,GET,/api/work,200,27,,3
1788021015272,ui_round-robin_failure_1788021012331,round-robin,server-3,GET,/api/work,200,27,,3
1788021015274,ui_round-robin_failure_1788021012331,round-robin,server-2,GET,/api/work,200,26,,3
1788021015275,ui_round-robin_failure_1788021012331,round-robin,server-3,GET,/api/work,200,27,,3
1788021015278,ui_round-robin_failure_1788021012331,round-robin,server-1,GET,/api/work,200,27,,2
1788021015280,ui_round-robin_failure_1788021012331,round-robin,server-2,GET,/api/work,200,26,,3
1788021015281,ui_round-robin_failure_1788021012331,round-robin,server-3,GET,/api/work,200,26,,3
1788021015281,ui_round-robin_failure_1788021012331,round-robin,server-1,GET,/api/work,200,26,,2
1788021015284,ui_round-robin_failure_1788021012331,round-robin,server-2,GET,/api/work,200,26,,2
1788021015285,ui_round-robin_failure_1788021012331,round-robin,server-3,GET,/api/work,200,26,,2
1788021015291,ui_round-robin_failure_1788021012331,round-robin,server-1,GET,/api/work,200,26,,2
1788021015299,ui_round-robin_failure_1788021012331,round-robin,server-2,GET,/api/work,200,26,,2
1788021015299,ui_round-robin_failure_1788021012331,round-robin,server-3,GET,/api/work,200,27,,2
1788021015305,ui_round-robin_failure_1788021012331,round-robin,server-1,GET,/api/work,200,26,,3
1788021015306,ui_round-robin_failure_1788021012331,round-robin,server-3,GET,/api/work,200,26,,2
1788021015306,ui_round-robin_failure_1788021012331,round-robin,server-2,GET,/api/work,200,27,,3
1788021015311,ui_round-robin_failure_1788021012331,round-robin,server-1,GET,/api/work,200,27,,3
1788021015315,ui_round-robin_failure_1788021012331,round-robin,server-2,GET,/api/work,200,25,,3
1788021015325,ui_round-robin_failure_1788021012331,round-robin,server-3,GET,/api/work,200,25,,4
1788021015328,ui_round-robin_failure_1788021012331,round-robin,server-1,GET,/api/work,200,26,,3
1788021015330,ui_round-robin_failure_1788021012331,round-robin,server-2,GET,/api/work,200,26,,3
1788021015330,ui_round-robin_failure_1788021012331,round-robin,server-3,GET,/api/work,200,27,,3
1788021015330,ui_round-robin_failure_1788021012331,round-robin,server-1,GET,/api/work,200,27,,3
1788021015332,ui_round-robin_failure_1788021012331,round-robin,server-2,GET,/api/work,200,26,,3
1788021015336,ui_round-robin_failure_1788021012331,round-robin,server-3,GET,/api/work,200,26,,2
1788021015337,ui_round-robin_failure_1788021012331,round-robin,server-1,GET,/api/work,200,26,,3
1788021015337,ui_round-robin_failure_1788021012331,round-robin,server-2,GET,/api/work,200,27,,3
1788021015338,ui_round-robin_failure_1788021012331,round-robin,server-3,GET,/api/work,200,26,,2
1788021015341,ui_round-robin_failure_1788021012331,round-robin,server-1,GET,/api/work,200,27,,2
1788021015342,ui_round-robin_failure_1788021012331,round-robin,server-2,GET,/api/work,200,27,,2
1788021015348,ui_round-robin_failure_1788021012331,round-robin,server-3,GET,/api/work,200,26,,2
1788021015356,ui_round-robin_failure_1788021012331,round-robin,server-1,GET,/api/work,200,26,,2
1788021015357,ui_round-robin_failure_1788021012331,round-robin,server-2,GET,/api/work,200,26,,2
1788021015363,ui_round-robin_failure_1788021012331,round-robin,server-1,GET,/api/work,200,25,,2
1788021015362,ui_round-robin_failure_1788021012331,round-robin,server-3,GET,/api/work,200,27,,3
1788021015363,ui_round-robin_failure_1788021012331,round-robin,server-2,GET,/api/work,200,26,,2
1788021015369,ui_round-robin_failure_1788021012331,round-robin,server-3,GET,/api/work,200,26,,3
1788021015370,ui_round-robin_failure_1788021012331,round-robin,server-1,GET,/api/work,200,27,,3
1788021015381,ui_round-robin_failure_1788021012331,round-robin,server-2,GET,/api/work,200,26,,4
1788021015385,ui_round-robin_failure_1788021012331,round-robin,server-3,GET,/api/work,200,26,,3
1788021015387,ui_round-robin_failure_1788021012331,round-robin,server-1,GET,/api/work,200,26,,3
1788021015387,ui_round-robin_failure_1788021012331,round-robin,server-3,GET,/api/work,200,26,,2
1788021015387,ui_round-robin_failure_1788021012331,round-robin,server-2,GET,/api/work,200,27,,3
1788021015389,ui_round-robin_failure_1788021012331,round-robin,server-1,GET,/api/work,200,26,,3
1788021015392,ui_round-robin_failure_1788021012331,round-robin,server-2,GET,/api/work,200,26,,2
1788021015395,ui_round-robin_failure_1788021012331,round-robin,server-2,GET,/api/work,200,25,,2
1788021015394,ui_round-robin_failure_1788021012331,round-robin,server-3,GET,/api/work,200,27,,3
1788021015394,ui_round-robin_failure_1788021012331,round-robin,server-1,GET,/api/work,200,27,,3
1788021015399,ui_round-robin_failure_1788021012331,round-robin,server-3,GET,/api/work,200,26,,2
1788021015400,ui_round-robin_failure_1788021012331,round-robin,server-1,GET,/api/work,200,25,,2
1788021015405,ui_round-robin_failure_1788021012331,round-robin,server-2,GET,/api/work,200,26,,2
1788021015414,ui_round-robin_failure_1788021012331,round-robin,server-3,GET,/api/work,200,26,,2
1788021015414,ui_round-robin_failure_1788021012331,round-robin,server-1,GET,/api/work,200,27,,2
1788021015419,ui_round-robin_failure_1788021012331,round-robin,server-2,GET,/api/work,200,26,,2
1788021015420,ui_round-robin_failure_1788021012331,round-robin,server-1,GET,/api/work,200,26,,2
1788021015419,ui_round-robin_failure_1788021012331,round-robin,server-3,GET,/api/work,200,28,,3
1788021015426,ui_round-robin_failure_1788021012331,round-robin,server-2,GET,/api/work,200,26,,3
1788021015427,ui_round-robin_failure_1788021012331,round-robin,server-3,GET,/api/work,200,26,,3
1788021015438,ui_round-robin_failure_1788021012331,round-robin,server-1,GET,/api/work,200,25,,4
1788021015441,ui_round-robin_failure_1788021012331,round-robin,server-2,GET,/api/work,200,27,,3
1788021015444,ui_round-robin_failure_1788021012331,round-robin,server-3,GET,/api/work,200,26,,3
1788021015446,ui_round-robin_failure_1788021012331,round-robin,server-2,GET,/api/work,200,26,,3
1788021015446,ui_round-robin_failure_1788021012331,round-robin,server-1,GET,/api/work,200,27,,3
1788021015446,ui_round-robin_failure_1788021012331,round-robin,server-3,GET,/api/work,200,27,,3
1788021015448,ui_round-robin_failure_1788021012331,round-robin,server-1,GET,/api/work,200,27,,2
1788021015451,ui_round-robin_failure_1788021012331,round-robin,server-3,GET,/api/work,200,26,,3
1788021015451,ui_round-robin_failure_1788021012331,round-robin,server-2,GET,/api/work,200,26,,3
1788021015451,ui_round-robin_failure_1788021012331,round-robin,server-1,GET,/api/work,200,27,,2
1788021015456,ui_round-robin_failure_1788021012331,round-robin,server-2,GET,/api/work,200,26,,2
1788021015457,ui_round-robin_failure_1788021012331,round-robin,server-3,GET,/api/work,200,26,,2
1788021015462,ui_round-robin_failure_1788021012331,round-robin,server-1,GET,/api/work,200,26,,2
1788021015471,ui_round-robin_failure_1788021012331,round-robin,server-3,GET,/api/work,200,26,,2
1788021015471,ui_round-robin_failure_1788021012331,round-robin,server-2,GET,/api/work,200,27,,2
1788021015477,ui_round-robin_failure_1788021012331,round-robin,server-3,GET,/api/work,200,25,,1
1788021015476,ui_round-robin_failure_1788021012331,round-robin,server-1,GET,/api/work,200,27,,2
1788021015477,ui_round-robin_failure_1788021012331,round-robin,server-2,GET,/api/work,200,26,,2
1788021015483,ui_round-robin_failure_1788021012331,round-robin,server-1,GET,/api/work,200,26,,3
1788021015484,ui_round-robin_failure_1788021012331,round-robin,server-2,GET,/api/work,200,26,,3
1788021015493,ui_round-robin_failure_1788021012331,round-robin,server-3,GET,/api/work,200,25,,3
1788021015499,ui_round-robin_failure_1788021012331,round-robin,server-1,GET,/api/work,200,26,,3
1788021015499,ui_round-robin_failure_1788021012331,round-robin,server-2,GET,/api/work,200,26,,3
1788021015503,ui_round-robin_failure_1788021012331,round-robin,server-1,GET,/api/work,200,26,,3
1788021015503,ui_round-robin_failure_1788021012331,round-robin,server-3,GET,/api/work,200,26,,3
1788021015504,ui_round-robin_failure_1788021012331,round-robin,server-2,GET,/api/work,200,26,,3
1788021015505,ui_round-robin_failure_1788021012331,round-robin,server-3,GET,/api/work,200,26,,2
1788021015508,ui_round-robin_failure_1788021012331,round-robin,server-1,GET,/api/work,200,25,,2
1788021015508,ui_round-robin_failure_1788021012331,round-robin,server-3,GET,/api/work,200,26,,2
1788021015508,ui_round-robin_failure_1788021012331,round-robin,server-2,GET,/api/work,200,27,,3
1788021015512,ui_round-robin_failure_1788021012331,round-robin,server-1,GET,/api/work,200,26,,2
1788021015513,ui_round-robin_failure_1788021012331,round-robin,server-2,GET,/api/work,200,26,,2
1788021015519,ui_round-robin_failure_1788021012331,round-robin,server-3,GET,/api/work,200,26,,2
1788021015527,ui_round-robin_failure_1788021012331,round-robin,server-1,GET,/api/work,200,26,,2
1788021015528,ui_round-robin_failure_1788021012331,round-robin,server-2,GET,/api/work,200,27,,2
1788021015533,ui_round-robin_failure_1788021012331,round-robin,server-3,GET,/api/work,200,26,,2
1788021015534,ui_round-robin_failure_1788021012331,round-robin,server-1,GET,/api/work,200,26,,2
1788021015534,ui_round-robin_failure_1788021012331,round-robin,server-2,GET,/api/work,200,27,,2
1788021015539,ui_round-robin_failure_1788021012331,round-robin,server-1,GET,/api/work,200,26,,2
1788021015539,ui_round-robin_failure_1788021012331,round-robin,server-3,GET,/api/work,200,27,,3
1788021015549,ui_round-robin_failure_1788021012331,round-robin,server-2,GET,/api/work,200,25,,3
1788021015556,ui_round-robin_failure_1788021012331,round-robin,server-1,GET,/api/work,200,26,,3
1788021015556,ui_round-robin_failure_1788021012331,round-robin,server-3,GET,/api/work,200,26,,3
1788021015560,ui_round-robin_failure_1788021012331,round-robin,server-2,GET,/api/work,200,26,,3
1788021015560,ui_round-robin_failure_1788021012331,round-robin,server-3,GET,/api/work,200,26,,3
1788021015561,ui_round-robin_failure_1788021012331,round-robin,server-1,GET,/api/work,200,26,,3
1788021015562,ui_round-robin_failure_1788021012331,round-robin,server-2,GET,/api/work,200,26,,2
1788021015564,ui_round-robin_failure_1788021012331,round-robin,server-3,GET,/api/work,200,25,,2
1788021015566,ui_round-robin_failure_1788021012331,round-robin,server-1,GET,/api/work,200,25,,2
1788021015566,ui_round-robin_failure_1788021012331,round-robin,server-2,GET,/api/work,200,26,,2
1788021015569,ui_round-robin_failure_1788021012331,round-robin,server-3,GET,/api/work,200,25,,2
1788021015570,ui_round-robin_failure_1788021012331,round-robin,server-1,GET,/api/work,200,26,,2
1788021015576,ui_round-robin_failure_1788021012331,round-robin,server-2,GET,/api/work,200,26,,2
1788021015584,ui_round-robin_failure_1788021012331,round-robin,server-3,GET,/api/work,200,27,,2
1788021015587,ui_round-robin_failure_1788021012331,round-robin,server-1,GET,/api/work,200,26,,2
1788021015590,ui_round-robin_failure_1788021012331,round-robin,server-2,GET,/api/work,200,27,,2
1788021015591,ui_round-robin_failure_1788021012331,round-robin,server-3,GET,/api/work,200,26,,2
1788021015591,ui_round-robin_failure_1788021012331,round-robin,server-1,GET,/api/work,200,27,,1
1788021015596,ui_round-robin_failure_1788021012331,round-robin,server-2,GET,/api/work,200,25,,3
1788021015597,ui_round-robin_failure_1788021012331,round-robin,server-3,GET,/api/work,200,25,,3
1788021015605,ui_round-robin_failure_1788021012331,round-robin,server-1,GET,/api/work,200,27,,3
1788021015612,ui_round-robin_failure_1788021012331,round-robin,server-2,GET,/api/work,200,26,,3
1788021015613,ui_round-robin_failure_1788021012331,round-robin,server-3,GET,/api/work,200,26,,3
1788021015618,ui_round-robin_failure_1788021012331,round-robin,server-3,GET,/api/work,200,26,,3
1788021015618,ui_round-robin_failure_1788021012331,round-robin,server-1,GET,/api/work,200,26,,3
1788021015619,ui_round-robin_failure_1788021012331,round-robin,server-1,GET,/api/work,200,26,,2
1788021015618,ui_round-robin_failure_1788021012331,round-robin,server-2,GET,/api/work,200,27,,3
1788021015620,ui_round-robin_failure_1788021012331,round-robin,server-2,GET,/api/work,200,26,,2
1788021015621,ui_round-robin_failure_1788021012331,round-robin,server-3,GET,/api/work,200,26,,2
1788021015622,ui_round-robin_failure_1788021012331,round-robin,server-1,GET,/api/work,200,27,,2
1788021015625,ui_round-robin_failure_1788021012331,round-robin,server-2,GET,/api/work,200,26,,2
1788021015627,ui_round-robin_failure_1788021012331,round-robin,server-3,GET,/api/work,200,26,,2
1788021015633,ui_round-robin_failure_1788021012331,round-robin,server-1,GET,/api/work,200,27,,2
1788021015641,ui_round-robin_failure_1788021012331,round-robin,server-2,GET,/api/work,200,26,,2
1788021015643,ui_round-robin_failure_1788021012331,round-robin,server-3,GET,/api/work,200,27,,2
1788021015648,ui_round-robin_failure_1788021012331,round-robin,server-1,GET,/api/work,200,25,,2
1788021015649,ui_round-robin_failure_1788021012331,round-robin,server-2,GET,/api/work,200,26,,3
1788021015649,ui_round-robin_failure_1788021012331,round-robin,server-3,GET,/api/work,200,27,,2
1788021015652,ui_round-robin_failure_1788021012331,round-robin,server-1,GET,/api/work,200,25,,3
1788021015653,ui_round-robin_failure_1788021012331,round-robin,server-2,GET,/api/work,200,26,,3
1788021015663,ui_round-robin_failure_1788021012331,round-robin,server-3,GET,/api/work,200,27,,3
1788021015669,ui_round-robin_failure_1788021012331,round-robin,server-1,GET,/api/work,200,26,,3
1788021015669,ui_round-robin_failure_1788021012331,round-robin,server-2,GET,/api/work,200,27,,3
1788021015673,ui_round-robin_failure_1788021012331,round-robin,server-3,GET,/api/work,200,27,,3
1788021015675,ui_round-robin_failure_1788021012331,round-robin,server-2,GET,/api/work,200,26,,3
1788021015675,ui_round-robin_failure_1788021012331,round-robin,server-1,GET,/api/work,200,27,,3
1788021015676,ui_round-robin_failure_1788021012331,round-robin,server-1,GET,/api/work,200,26,,2
1788021015676,ui_round-robin_failure_1788021012331,round-robin,server-3,GET,/api/work,200,27,,2
1788021015678,ui_round-robin_failure_1788021012331,round-robin,server-2,GET,/api/work,200,26,,2
1788021015679,ui_round-robin_failure_1788021012331,round-robin,server-3,GET,/api/work,200,26,,2
1788021015682,ui_round-robin_failure_1788021012331,round-robin,server-1,GET,/api/work,200,26,,2
1788021015683,ui_round-robin_failure_1788021012331,round-robin,server-2,GET,/api/work,200,26,,2
1788021015691,ui_round-robin_failure_1788021012331,round-robin,server-3,GET,/api/work,200,25,,2
1788021015698,ui_round-robin_failure_1788021012331,round-robin,server-1,GET,/api/work,200,26,,2
1788021015700,ui_round-robin_failure_1788021012331,round-robin,server-2,GET,/api/work,200,26,,2
1788021015704,ui_round-robin_failure_1788021012331,round-robin,server-3,GET,/api/work,200,26,,2
1788021015708,ui_round-robin_failure_1788021012331,round-robin,server-2,GET,/api/work,200,26,,3
1788021015707,ui_round-robin_failure_1788021012331,round-robin,server-1,GET,/api/work,200,27,,3
1788021015708,ui_round-robin_failure_1788021012331,round-robin,server-3,GET,/api/work,200,27,,3
1788021015710,ui_round-robin_failure_1788021012331,round-robin,server-1,GET,/api/work,200,26,,3
1788021015721,ui_round-robin_failure_1788021012331,round-robin,server-2,GET,/api/work,200,27,,4
1788021015727,ui_round-robin_failure_1788021012331,round-robin,server-1,GET,/api/work,200,27,,3
1788021015727,ui_round-robin_failure_1788021012331,round-robin,server-3,GET,/api/work,200,28,,3
1788021015731,ui_round-robin_failure_1788021012331,round-robin,server-2,GET,/api/work,200,25,,3
1788021015733,ui_round-robin_failure_1788021012331,round-robin,server-3,GET,/api/work,200,27,,3
1788021015733,ui_round-robin_failure_1788021012331,round-robin,server-1,GET,/api/work,200,27,,3
1788021015734,ui_round-robin_failure_1788021012331,round-robin,server-2,GET,/api/work,200,27,,2
1788021015734,ui_round-robin_failure_1788021012331,round-robin,server-3,GET,/api/work,200,27,,2
1788021015735,ui_round-robin_failure_1788021012331,round-robin,server-1,GET,/api/work,200,27,,2
1788021015735,ui_round-robin_failure_1788021012331,round-robin,server-2,GET,/api/work,200,27,,2
1788021015739,ui_round-robin_failure_1788021012331,round-robin,server-3,GET,/api/work,200,27,,1
1788021015739,ui_round-robin_failure_1788021012331,round-robin,server-1,GET,/api/work,200,28,,1
1788021015747,ui_round-robin_failure_1788021012331,round-robin,server-2,GET,/api/work,200,26,,2
1788021015755,ui_round-robin_failure_1788021012331,round-robin,server-3,GET,/api/work,200,27,,2
1788021015757,ui_round-robin_failure_1788021012331,round-robin,server-1,GET,/api/work,200,28,,2
1788021015761,ui_round-robin_failure_1788021012331,round-robin,server-2,GET,/api/work,200,26,,2
1788021015767,ui_round-robin_failure_1788021012331,round-robin,server-1,GET,/api/work,200,26,,2
1788021015767,ui_round-robin_failure_1788021012331,round-robin,server-2,GET,/api/work,200,27,,3
1788021015766,ui_round-robin_failure_1788021012331,round-robin,server-3,GET,/api/work,200,29,,4
1788021015767,ui_round-robin_failure_1788021012331,round-robin,server-3,GET,/api/work,200,28,,3
1788021015778,ui_round-robin_failure_1788021012331,round-robin,server-1,GET,/api/work,200,26,,3
1788021015786,ui_round-robin_failure_1788021012331,round-robin,server-3,GET,/api/work,200,25,,3
1788021015785,ui_round-robin_failure_1788021012331,round-robin,server-2,GET,/api/work,200,26,,3
1788021015787,ui_round-robin_failure_1788021012331,round-robin,server-1,GET,/api/work,200,26,,3
1788021015792,ui_round-robin_failure_1788021012331,round-robin,server-3,GET,/api/work,200,26,,3
1788021015791,ui_round-robin_failure_1788021012331,round-robin,server-2,GET,/api/work,200,28,,3
1788021015793,ui_round-robin_failure_1788021012331,round-robin,server-1,GET,/api/work,200,26,,3
1788021015794,ui_round-robin_failure_1788021012331,round-robin,server-1,GET,/api/work,200,26,,2
1788021015794,ui_round-robin_failure_1788021012331,round-robin,server-2,GET,/api/work,200,26,,2
1788021015794,ui_round-robin_failure_1788021012331,round-robin,server-3,GET,/api/work,200,27,,2
1788021015797,ui_round-robin_failure_1788021012331,round-robin,server-2,GET,/api/work,200,27,,1
1788021015798,ui_round-robin_failure_1788021012331,round-robin,server-3,GET,/api/work,200,26,,1
1788021015805,ui_round-robin_failure_1788021012331,round-robin,server-1,GET,/api/work,200,27,,2
1788021015812,ui_round-robin_failure_1788021012331,round-robin,server-2,GET,/api/work,200,26,,2
1788021015815,ui_round-robin_failure_1788021012331,round-robin,server-3,GET,/api/work,200,26,,2
1788021015819,ui_round-robin_failure_1788021012331,round-robin,server-1,GET,/api/work,200,26,,2
1788021015826,ui_round-robin_failure_1788021012331,round-robin,server-3,GET,/api/work,200,26,,4
1788021015826,ui_round-robin_failure_1788021012331,round-robin,server-2,GET,/api/work,200,26,,4
1788021015827,ui_round-robin_failure_1788021012331,round-robin,server-2,GET,/api/work,200,26,,3
1788021015826,ui_round-robin_failure_1788021012331,round-robin,server-1,GET,/api/work,200,27,,3
1788021015835,ui_round-robin_failure_1788021012331,round-robin,server-3,GET,/api/work,200,26,,3
1788021015842,ui_round-robin_failure_1788021012331,round-robin,server-1,GET,/api/work,200,26,,3
1788021015842,ui_round-robin_failure_1788021012331,round-robin,server-2,GET,/api/work,200,27,,3
1788021015844,ui_round-robin_failure_1788021012331,round-robin,server-3,GET,/api/work,200,26,,3
1788021015849,ui_round-robin_failure_1788021012331,round-robin,server-1,GET,/api/work,200,26,,3
1788021015849,ui_round-robin_failure_1788021012331,round-robin,server-3,GET,/api/work,200,27,,2
1788021015849,ui_round-robin_failure_1788021012331,round-robin,server-2,GET,/api/work,200,27,,3
1788021015850,ui_round-robin_failure_1788021012331,round-robin,server-1,GET,/api/work,200,27,,2
1788021015851,ui_round-robin_failure_1788021012331,round-robin,server-2,GET,/api/work,200,26,,2
1788021015851,ui_round-robin_failure_1788021012331,round-robin,server-3,GET,/api/work,200,27,,2
1788021015855,ui_round-robin_failure_1788021012331,round-robin,server-1,GET,/api/work,200,26,,1
1788021015855,ui_round-robin_failure_1788021012331,round-robin,server-2,GET,/api/work,200,27,,1
1788021015862,ui_round-robin_failure_1788021012331,round-robin,server-3,GET,/api/work,200,26,,2
1788021015869,ui_round-robin_failure_1788021012331,round-robin,server-1,GET,/api/work,200,26,,2
1788021015872,ui_round-robin_failure_1788021012331,round-robin,server-2,GET,/api/work,200,26,,2
1788021015877,ui_round-robin_failure_1788021012331,round-robin,server-3,GET,/api/work,200,26,,2
1788021015884,ui_round-robin_failure_1788021012331,round-robin,server-3,GET,/api/work,200,25,,3
1788021015884,ui_round-robin_failure_1788021012331,round-robin,server-2,GET,/api/work,200,25,,4
1788021015883,ui_round-robin_failure_1788021012331,round-robin,server-1,GET,/api/work,200,26,,4
1788021015884,ui_round-robin_failure_1788021012331,round-robin,server-1,GET,/api/work,200,26,,3
1788021015892,ui_round-robin_failure_1788021012331,round-robin,server-2,GET,/api/work,200,26,,3
1788021015898,ui_round-robin_failure_1788021012331,round-robin,server-3,GET,/api/work,200,26,,3
1788021015900,ui_round-robin_failure_1788021012331,round-robin,server-1,GET,/api/work,200,26,,3
1788021015900,ui_round-robin_failure_1788021012331,round-robin,server-2,GET,/api/work,200,27,,3
1788021015907,ui_round-robin_failure_1788021012331,round-robin,server-1,GET,/api/work,200,25,,3
1788021015906,ui_round-robin_failure_1788021012331,round-robin,server-3,GET,/api/work,200,27,,3
1788021015907,ui_round-robin_failure_1788021012331,round-robin,server-3,GET,/api/work,200,26,,2
1788021015907,ui_round-robin_failure_1788021012331,round-robin,server-2,GET,/api/work,200,27,,3
1788021015908,ui_round-robin_failure_1788021012331,round-robin,server-1,GET,/api/work,200,27,,2
1788021015908,ui_round-robin_failure_1788021012331,round-robin,server-2,GET,/api/work,200,28,,2
1788021015912,ui_round-robin_failure_1788021012331,round-robin,server-3,GET,/api/work,200,26,,1
1788021015912,ui_round-robin_failure_1788021012331,round-robin,server-1,GET,/api/work,200,27,,1
1788021015918,ui_round-robin_failure_1788021012331,round-robin,server-2,GET,/api/work,200,27,,2
1788021015925,ui_round-robin_failure_1788021012331,round-robin,server-3,GET,/api/work,200,27,,2
1788021015929,ui_round-robin_failure_1788021012331,round-robin,server-1,GET,/api/work,200,27,,2
1788021015934,ui_round-robin_failure_1788021012331,round-robin,server-2,GET,/api/work,200,27,,2
1788021015940,ui_round-robin_failure_1788021012331,round-robin,server-1,GET,/api/work,200,26,,4
1788021015940,ui_round-robin_failure_1788021012331,round-robin,server-2,GET,/api/work,200,26,,3
1788021015939,ui_round-robin_failure_1788021012331,round-robin,server-3,GET,/api/work,200,28,,4
1788021015941,ui_round-robin_failure_1788021012331,round-robin,server-3,GET,/api/work,200,27,,3
1788021015949,ui_round-robin_failure_1788021012331,round-robin,server-1,GET,/api/work,200,27,,4
1788021015955,ui_round-robin_failure_1788021012331,round-robin,server-2,GET,/api/work,200,27,,3
1788021015958,ui_round-robin_failure_1788021012331,round-robin,server-1,GET,/api/work,200,25,,3
1788021015957,ui_round-robin_failure_1788021012331,round-robin,server-3,GET,/api/work,200,27,,3
1788021015963,ui_round-robin_failure_1788021012331,round-robin,server-2,GET,/api/work,200,26,,3
1788021015964,ui_round-robin_failure_1788021012331,round-robin,server-3,GET,/api/work,200,26,,3
1788021015965,ui_round-robin_failure_1788021012331,round-robin,server-3,GET,/api/work,200,26,,2
1788021015965,ui_round-robin_failure_1788021012331,round-robin,server-1,GET,/api/work,200,27,,3
1788021015965,ui_round-robin_failure_1788021012331,round-robin,server-2,GET,/api/work,200,27,,2
1788021015965,ui_round-robin_failure_1788021012331,round-robin,server-1,GET,/api/work,200,28,,2
1788021015969,ui_round-robin_failure_1788021012331,round-robin,server-2,GET,/api/work,200,25,,1
1788021015969,ui_round-robin_failure_1788021012331,round-robin,server-3,GET,/api/work,200,26,,1
1788021015975,ui_round-robin_failure_1788021012331,round-robin,server-1,GET,/api/work,200,26,,2
1788021015982,ui_round-robin_failure_1788021012331,round-robin,server-2,GET,/api/work,200,26,,2
1788021015986,ui_round-robin_failure_1788021012331,round-robin,server-3,GET,/api/work,200,27,,2
1788021015991,ui_round-robin_failure_1788021012331,round-robin,server-1,GET,/api/work,200,27,,2
1788021015997,ui_round-robin_failure_1788021012331,round-robin,server-3,GET,/api/work,200,26,,3
1788021015997,ui_round-robin_failure_1788021012331,round-robin,server-2,GET,/api/work,200,27,,4
1788021015998,ui_round-robin_failure_1788021012331,round-robin,server-1,GET,/api/work,200,26,,3
1788021015999,ui_round-robin_failure_1788021012331,round-robin,server-2,GET,/api/work,200,26,,4
1788021016006,ui_round-robin_failure_1788021012331,round-robin,server-3,GET,/api/work,200,26,,3
1788021016012,ui_round-robin_failure_1788021012331,round-robin,server-1,GET,/api/work,200,26,,4
1788021016014,ui_round-robin_failure_1788021012331,round-robin,server-3,GET,/api/work,200,25,,3
1788021016014,ui_round-robin_failure_1788021012331,round-robin,server-2,GET,/api/work,200,26,,3
1788021016021,ui_round-robin_failure_1788021012331,round-robin,server-2,GET,/api/work,200,25,,3
1788021016020,ui_round-robin_failure_1788021012331,round-robin,server-1,GET,/api/work,200,27,,3
1788021016022,ui_round-robin_failure_1788021012331,round-robin,server-3,GET,/api/work,200,27,,3
1788021016023,ui_round-robin_failure_1788021012331,round-robin,server-3,GET,/api/work,200,26,,2
1788021016023,ui_round-robin_failure_1788021012331,round-robin,server-1,GET,/api/work,200,26,,2
1788021016023,ui_round-robin_failure_1788021012331,round-robin,server-2,GET,/api/work,200,27,,2
1788021016025,ui_round-robin_failure_1788021012331,round-robin,server-2,GET,/api/work,200,26,,1
1788021016025,ui_round-robin_failure_1788021012331,round-robin,server-1,GET,/api/work,200,27,,1
1788021016032,ui_round-robin_failure_1788021012331,round-robin,server-3,GET,/api/work,200,26,,2
1788021016038,ui_round-robin_failure_1788021012331,round-robin,server-1,GET,/api/work,200,25,,2
1788021016044,ui_round-robin_failure_1788021012331,round-robin,server-2,GET,/api/work,200,26,,3
1788021016048,ui_round-robin_failure_1788021012331,round-robin,server-3,GET,/api/work,200,27,,2
1788021016053,ui_round-robin_failure_1788021012331,round-robin,server-1,GET,/api/work,200,26,,3
1788021016053,ui_round-robin_failure_1788021012331,round-robin,server-2,GET,/api/work,200,27,,2
1788021016055,ui_round-robin_failure_1788021012331,round-robin,server-3,GET,/api/work,200,26,,3
1788021016056,ui_round-robin_failure_1788021012331,round-robin,server-1,GET,/api/work,200,26,,3
1788021016064,ui_round-robin_failure_1788021012331,round-robin,server-2,GET,/api/work,200,25,,4
1788021016070,ui_round-robin_failure_1788021012331,round-robin,server-2,GET,/api/work,200,25,,3
1788021016069,ui_round-robin_failure_1788021012331,round-robin,server-3,GET,/api/work,200,26,,4
1788021016069,ui_round-robin_failure_1788021012331,round-robin,server-1,GET,/api/work,200,27,,3
1788021016077,ui_round-robin_failure_1788021012331,round-robin,server-1,GET,/api/work,200,26,,3
1788021016077,ui_round-robin_failure_1788021012331,round-robin,server-3,GET,/api/work,200,27,,3
1788021016080,ui_round-robin_failure_1788021012331,round-robin,server-3,GET,/api/work,200,26,,2
1788021016080,ui_round-robin_failure_1788021012331,round-robin,server-2,GET,/api/work,200,27,,2
1788021016080,ui_round-robin_failure_1788021012331,round-robin,server-1,GET,/api/work,200,27,,2
1788021016081,ui_round-robin_failure_1788021012331,round-robin,server-2,GET,/api/work,200,27,,2
1788021016083,ui_round-robin_failure_1788021012331,round-robin,server-1,GET,/api/work,200,25,,1
1788021016083,ui_round-robin_failure_1788021012331,round-robin,server-3,GET,/api/work,200,26,,1
1788021016088,ui_round-robin_failure_1788021012331,round-robin,server-2,GET,/api/work,200,27,,2
1788021016094,ui_round-robin_failure_1788021012331,round-robin,server-3,GET,/api/work,200,26,,2
1788021016101,ui_round-robin_failure_1788021012331,round-robin,server-1,GET,/api/work,200,26,,3
1788021016107,ui_round-robin_failure_1788021012331,round-robin,server-2,GET,/api/work,200,26,,2
1788021016111,ui_round-robin_failure_1788021012331,round-robin,server-2,GET,/api/work,200,26,,2
1788021016110,ui_round-robin_failure_1788021012331,round-robin,server-3,GET,/api/work,200,28,,3
1788021016111,ui_round-robin_failure_1788021012331,round-robin,server-1,GET,/api/work,200,28,,3
1788021016113,ui_round-robin_failure_1788021012331,round-robin,server-3,GET,/api/work,200,27,,3
1788021016121,ui_round-robin_failure_1788021012331,round-robin,server-1,GET,/api/work,200,25,,4
1788021016125,ui_round-robin_failure_1788021012331,round-robin,server-2,GET,/api/work,200,27,,4
1788021016126,ui_round-robin_failure_1788021012331,round-robin,server-3,GET,/api/work,200,27,,3
1788021016126,ui_round-robin_failure_1788021012331,round-robin,server-1,GET,/api/work,200,27,,3
1788021016134,ui_round-robin_failure_1788021012331,round-robin,server-3,GET,/api/work,200,25,,3
1788021016133,ui_round-robin_failure_1788021012331,round-robin,server-2,GET,/api/work,200,27,,3
1788021016138,ui_round-robin_failure_1788021012331,round-robin,server-1,GET,/api/work,200,26,,3
1788021016139,ui_round-robin_failure_1788021012331,round-robin,server-1,GET,/api/work,200,26,,2
1788021016139,ui_round-robin_failure_1788021012331,round-robin,server-3,GET,/api/work,200,26,,2
1788021016139,ui_round-robin_failure_1788021012331,round-robin,server-2,GET,/api/work,200,27,,2
1788021016140,ui_round-robin_failure_1788021012331,round-robin,server-2,GET,/api/work,200,27,,1
1788021016140,ui_round-robin_failure_1788021012331,round-robin,server-3,GET,/api/work,200,28,,1
1788021016145,ui_round-robin_failure_1788021012331,round-robin,server-1,GET,/api/work,200,26,,2
1788021016151,ui_round-robin_failure_1788021012331,round-robin,server-2,GET,/api/work,200,26,,2
1788021016158,ui_round-robin_failure_1788021012331,round-robin,server-3,GET,/api/work,200,26,,3
1788021016164,ui_round-robin_failure_1788021012331,round-robin,server-1,GET,/api/work,200,26,,3
1788021016168,ui_round-robin_failure_1788021012331,round-robin,server-2,GET,/api/work,200,26,,3
1788021016170,ui_round-robin_failure_1788021012331,round-robin,server-3,GET,/api/work,200,26,,3
1788021016170,ui_round-robin_failure_1788021012331,round-robin,server-1,GET,/api/work,200,26,,3
1788021016170,ui_round-robin_failure_1788021012331,round-robin,server-2,GET,/api/work,200,27,,2
1788021016177,ui_round-robin_failure_1788021012331,round-robin,server-3,GET,/api/work,200,26,,4
1788021016184,ui_round-robin_failure_1788021012331,round-robin,server-3,GET,/api/work,200,25,,3
1788021016184,ui_round-robin_failure_1788021012331,round-robin,server-2,GET,/api/work,200,26,,3
1788021016183,ui_round-robin_failure_1788021012331,round-robin,server-1,GET,/api/work,200,28,,4
1788021016190,ui_round-robin_failure_1788021012331,round-robin,server-1,GET,/api/work,200,25,,3
1788021016191,ui_round-robin_failure_1788021012331,round-robin,server-2,GET,/api/work,200,27,,3
1788021016195,ui_round-robin_failure_1788021012331,round-robin,server-3,GET,/api/work,200,26,,2
1788021016195,ui_round-robin_failure_1788021012331,round-robin,server-1,GET,/api/work,200,27,,2
1788021016197,ui_round-robin_failure_1788021012331,round-robin,server-2,GET,/api/work,200,27,,2
1788021016198,ui_round-robin_failure_1788021012331,round-robin,server-3,GET,/api/work,200,26,,2
1788021016199,ui_round-robin_failure_1788021012331,round-robin,server-2,GET,/api/work,200,27,,1
1788021016199,ui_round-robin_failure_1788021012331,round-robin,server-1,GET,/api/work,200,28,,1
1788021016202,ui_round-robin_failure_1788021012331,round-robin,server-3,GET,/api/work,200,26,,2
1788021016208,ui_round-robin_failure_1788021012331,round-robin,server-1,GET,/api/work,200,25,,2
1788021016215,ui_round-robin_failure_1788021012331,round-robin,server-2,GET,/api/work,200,25,,2
1788021016221,ui_round-robin_failure_1788021012331,round-robin,server-3,GET,/api/work,200,26,,3
1788021016227,ui_round-robin_failure_1788021012331,round-robin,server-1,GET,/api/work,200,26,,3
1788021016227,ui_round-robin_failure_1788021012331,round-robin,server-2,GET,/api/work,200,26,,3
1788021016228,ui_round-robin_failure_1788021012331,round-robin,server-1,GET,/api/work,200,26,,2
1788021016228,ui_round-robin_failure_1788021012331,round-robin,server-3,GET,/api/work,200,27,,3
1788021016234,ui_round-robin_failure_1788021012331,round-robin,server-2,GET,/api/work,200,26,,4
1788021016241,ui_round-robin_failure_1788021012331,round-robin,server-1,GET,/api/work,200,26,,3
1788021016241,ui_round-robin_failure_1788021012331,round-robin,server-3,GET,/api/work,200,27,,4
1788021016242,ui_round-robin_failure_1788021012331,round-robin,server-2,GET,/api/work,200,27,,3
1788021016246,ui_round-robin_failure_1788021012331,round-robin,server-3,GET,/api/work,200,26,,3
1788021016249,ui_round-robin_failure_1788021012331,round-robin,server-1,GET,/api/work,200,26,,3
1788021016252,ui_round-robin_failure_1788021012331,round-robin,server-2,GET,/api/work,200,26,,2
1788021016252,ui_round-robin_failure_1788021012331,round-robin,server-3,GET,/api/work,200,27,,2
1788021016256,ui_round-robin_failure_1788021012331,round-robin,server-1,GET,/api/work,200,27,,2
1788021016256,ui_round-robin_failure_1788021012331,round-robin,server-2,GET,/api/work,200,27,,2
1788021016258,ui_round-robin_failure_1788021012331,round-robin,server-1,GET,/api/work,200,26,,2
1788021016258,ui_round-robin_failure_1788021012331,round-robin,server-3,GET,/api/work,200,27,,2
1788021016259,ui_round-robin_failure_1788021012331,round-robin,server-2,GET,/api/work,200,27,,2
1788021016264,ui_round-robin_failure_1788021012331,round-robin,server-3,GET,/api/work,200,26,,2
1788021016271,ui_round-robin_failure_1788021012331,round-robin,server-1,GET,/api/work,200,26,,2
1788021016279,ui_round-robin_failure_1788021012331,round-robin,server-2,GET,/api/work,200,26,,3
1788021016284,ui_round-robin_failure_1788021012331,round-robin,server-3,GET,/api/work,200,25,,3
1788021016284,ui_round-robin_failure_1788021012331,round-robin,server-1,GET,/api/work,200,26,,3
1788021016285,ui_round-robin_failure_1788021012331,round-robin,server-3,GET,/api/work,200,26,,2
1788021016285,ui_round-robin_failure_1788021012331,round-robin,server-2,GET,/api/work,200,26,,3
1788021016290,ui_round-robin_failure_1788021012331,round-robin,server-1,GET,/api/work,200,25,,3
1788021016298,ui_round-robin_failure_1788021012331,round-robin,server-3,GET,/api/work,200,26,,3
1788021016298,ui_round-robin_failure_1788021012331,round-robin,server-2,GET,/api/work,200,26,,4
1788021016298,ui_round-robin_failure_1788021012331,round-robin,server-1,GET,/api/work,200,27,,3
1788021016302,ui_round-robin_failure_1788021012331,round-robin,server-2,GET,/api/work,200,26,,3
1788021016306,ui_round-robin_failure_1788021012331,round-robin,server-3,GET,/api/work,200,27,,3
1788021016310,ui_round-robin_failure_1788021012331,round-robin,server-1,GET,/api/work,200,26,,3
1788021016310,ui_round-robin_failure_1788021012331,round-robin,server-2,GET,/api/work,200,27,,2
1788021016314,ui_round-robin_failure_1788021012331,round-robin,server-2,GET,/api/work,200,26,,2
1788021016314,ui_round-robin_failure_1788021012331,round-robin,server-3,GET,/api/work,200,26,,2
1788021016314,ui_round-robin_failure_1788021012331,round-robin,server-1,GET,/api/work,200,27,,2
1788021016316,ui_round-robin_failure_1788021012331,round-robin,server-3,GET,/api/work,200,26,,2
1788021016316,ui_round-robin_failure_1788021012331,round-robin,server-1,GET,/api/work,200,27,,2
1788021016321,ui_round-robin_failure_1788021012331,round-robin,server-2,GET,/api/work,200,25,,2
1788021016328,ui_round-robin_failure_1788021012331,round-robin,server-3,GET,/api/work,200,26,,2
1788021016335,ui_round-robin_failure_1788021012331,round-robin,server-1,GET,/api/work,200,26,,3
1788021016340,ui_round-robin_failure_1788021012331,round-robin,server-2,GET,/api/work,200,25,,3
1788021016341,ui_round-robin_failure_1788021012331,round-robin,server-3,GET,/api/work,200,26,,3
1788021016342,ui_round-robin_failure_1788021012331,round-robin,server-1,GET,/api/work,200,27,,3
1788021016342,ui_round-robin_failure_1788021012331,round-robin,server-2,GET,/api/work,200,27,,2
1788021016347,ui_round-robin_failure_1788021012331,round-robin,server-3,GET,/api/work,200,26,,3
1788021016355,ui_round-robin_failure_1788021012331,round-robin,server-2,GET,/api/work,200,26,,3
1788021016355,ui_round-robin_failure_1788021012331,round-robin,server-1,GET,/api/work,200,27,,4
1788021016357,ui_round-robin_failure_1788021012331,round-robin,server-3,GET,/api/work,200,27,,3
1788021016359,ui_round-robin_failure_1788021012331,round-robin,server-1,GET,/api/work,200,27,,3
1788021016363,ui_round-robin_failure_1788021012331,round-robin,server-2,GET,/api/work,200,26,,3
1788021016367,ui_round-robin_failure_1788021012331,round-robin,server-1,GET,/api/work,200,26,,2
1788021016367,ui_round-robin_failure_1788021012331,round-robin,server-3,GET,/api/work,200,27,,3
1788021016372,ui_round-robin_failure_1788021012331,round-robin,server-2,GET,/api/work,200,26,,2
1788021016372,ui_round-robin_failure_1788021012331,round-robin,server-3,GET,/api/work,200,29,,3
1788021016372,ui_round-robin_failure_1788021012331,round-robin,server-1,GET,/api/work,200,30,,3
1788021016374,ui_round-robin_failure_1788021012331,round-robin,server-2,GET,/api/work,200,29,,2
1788021016374,ui_round-robin_failure_1788021012331,round-robin,server-3,GET,/api/work,200,30,,2
1788021016378,ui_round-robin_failure_1788021012331,round-robin,server-1,GET,/api/work,200,27,,2
1788021016385,ui_round-robin_failure_1788021012331,round-robin,server-2,GET,/api/work,200,27,,2
1788021016392,ui_round-robin_failure_1788021012331,round-robin,server-3,GET,/api/work,200,27,,3
1788021016396,ui_round-robin_failure_1788021012331,round-robin,server-1,GET,/api/work,200,26,,3
1788021016398,ui_round-robin_failure_1788021012331,round-robin,server-2,GET,/api/work,200,27,,2
1788021016399,ui_round-robin_failure_1788021012331,round-robin,server-1,GET,/api/work,200,27,,2
1788021016398,ui_round-robin_failure_1788021012331,round-robin,server-3,GET,/api/work,200,29,,3
1788021016405,ui_round-robin_failure_1788021012331,round-robin,server-2,GET,/api/work,200,26,,2
1788021016412,ui_round-robin_failure_1788021012331,round-robin,server-3,GET,/api/work,200,27,,4
1788021016413,ui_round-robin_failure_1788021012331,round-robin,server-1,GET,/api/work,200,27,,3
1788021016415,ui_round-robin_failure_1788021012331,round-robin,server-2,GET,/api/work,200,26,,3
1788021016416,ui_round-robin_failure_1788021012331,round-robin,server-3,GET,/api/work,200,26,,3
1788021016421,ui_round-robin_failure_1788021012331,round-robin,server-1,GET,/api/work,200,27,,3
1788021016425,ui_round-robin_failure_1788021012331,round-robin,server-2,GET,/api/work,200,27,,3
1788021016425,ui_round-robin_failure_1788021012331,round-robin,server-3,GET,/api/work,200,30,,2
1788021016428,ui_round-robin_failure_1788021012331,round-robin,server-1,GET,/api/work,200,28,,2
1788021016435,ui_round-robin_failure_1788021012331,round-robin,server-1,GET,/api/work,200,25,,2
1788021016435,ui_round-robin_failure_1788021012331,round-robin,server-3,GET,/api/work,200,27,,3
1788021016434,ui_round-robin_failure_1788021012331,round-robin,server-2,GET,/api/work,200,28,,3
1788021016436,ui_round-robin_failure_1788021012331,round-robin,server-2,GET,/api/work,200,27,,2
1788021016436,ui_round-robin_failure_1788021012331,round-robin,server-3,GET,/api/work,200,28,,2
1788021016442,ui_round-robin_failure_1788021012331,round-robin,server-1,GET,/api/work,200,27,,2
1788021016449,ui_round-robin_failure_1788021012331,round-robin,server-2,GET,/api/work,200,28,,3
1788021016456,ui_round-robin_failure_1788021012331,round-robin,server-3,GET,/api/work,200,27,,3
1788021016457,ui_round-robin_failure_1788021012331,round-robin,server-2,GET,/api/work,200,27,,2
1788021016457,ui_round-robin_failure_1788021012331,round-robin,server-1,GET,/api/work,200,27,,2
1788021016458,ui_round-robin_failure_1788021012331,round-robin,server-3,GET,/api/work,200,27,,2
1788021016464,ui_round-robin_failure_1788021012331,round-robin,server-1,GET,/api/work,200,26,,2
1788021016470,ui_round-robin_failure_1788021012331,round-robin,server-3,GET,/api/work,200,26,,3
1788021016470,ui_round-robin_failure_1788021012331,round-robin,server-2,GET,/api/work,200,27,,4
1788021016472,ui_round-robin_failure_1788021012331,round-robin,server-1,GET,/api/work,200,26,,3
1788021016473,ui_round-robin_failure_1788021012331,round-robin,server-2,GET,/api/work,200,27,,3
1788021016480,ui_round-robin_failure_1788021012331,round-robin,server-3,GET,/api/work,200,26,,3
1788021016485,ui_round-robin_failure_1788021012331,round-robin,server-1,GET,/api/work,200,26,,3
1788021016487,ui_round-robin_failure_1788021012331,round-robin,server-2,GET,/api/work,200,26,,2
1788021016487,ui_round-robin_failure_1788021012331,round-robin,server-3,GET,/api/work,200,27,,2
1788021016492,ui_round-robin_failure_1788021012331,round-robin,server-1,GET,/api/work,200,27,,3
1788021016493,ui_round-robin_failure_1788021012331,round-robin,server-2,GET,/api/work,200,26,,3
1788021016495,ui_round-robin_failure_1788021012331,round-robin,server-1,GET,/api/work,200,26,,2
1788021016495,ui_round-robin_failure_1788021012331,round-robin,server-3,GET,/api/work,200,27,,3
1788021016495,ui_round-robin_failure_1788021012331,round-robin,server-2,GET,/api/work,200,27,,2
1788021016501,ui_round-robin_failure_1788021012331,round-robin,server-3,GET,/api/work,200,26,,2
1788021016507,ui_round-robin_failure_1788021012331,round-robin,server-1,GET,/api/work,200,26,,3
1788021016514,ui_round-robin_failure_1788021012331,round-robin,server-1,GET,/api/work,200,26,,2
1788021016514,ui_round-robin_failure_1788021012331,round-robin,server-3,GET,/api/work,200,26,,2
1788021016514,ui_round-robin_failure_1788021012331,round-robin,server-2,GET,/api/work,200,27,,3
1788021016516,ui_round-robin_failure_1788021012331,round-robin,server-2,GET,/api/work,200,26,,2
1788021016521,ui_round-robin_failure_1788021012331,round-robin,server-3,GET,/api/work,200,26,,2
1788021016527,ui_round-robin_failure_1788021012331,round-robin,server-1,GET,/api/work,200,27,,4
1788021016528,ui_round-robin_failure_1788021012331,round-robin,server-2,GET,/api/work,200,26,,3
1788021016529,ui_round-robin_failure_1788021012331,round-robin,server-3,GET,/api/work,200,26,,3
1788021016531,ui_round-robin_failure_1788021012331,round-robin,server-1,GET,/api/work,200,27,,3
1788021016537,ui_round-robin_failure_1788021012331,round-robin,server-2,GET,/api/work,200,27,,3
1788021016543,ui_round-robin_failure_1788021012331,round-robin,server-3,GET,/api/work,200,27,,3
1788021016545,ui_round-robin_failure_1788021012331,round-robin,server-2,GET,/api/work,200,25,,2
1788021016544,ui_round-robin_failure_1788021012331,round-robin,server-1,GET,/api/work,200,27,,2
1788021016549,ui_round-robin_failure_1788021012331,round-robin,server-3,GET,/api/work,200,26,,3
1788021016550,ui_round-robin_failure_1788021012331,round-robin,server-1,GET,/api/work,200,26,,3
1788021016553,ui_round-robin_failure_1788021012331,round-robin,server-3,GET,/api/work,200,27,,2
1788021016553,ui_round-robin_failure_1788021012331,round-robin,server-2,GET,/api/work,200,27,,3
1788021016553,ui_round-robin_failure_1788021012331,round-robin,server-1,GET,/api/work,200,27,,2
1788021016558,ui_round-robin_failure_1788021012331,round-robin,server-2,GET,/api/work,200,26,,2
1788021016564,ui_round-robin_failure_1788021012331,round-robin,server-3,GET,/api/work,200,26,,3
1788021016571,ui_round-robin_failure_1788021012331,round-robin,server-2,GET,/api/work,200,26,,2
1788021016571,ui_round-robin_failure_1788021012331,round-robin,server-1,GET,/api/work,200,26,,3
1788021016573,ui_round-robin_failure_1788021012331,round-robin,server-1,GET,/api/work,200,26,,2
1788021016572,ui_round-robin_failure_1788021012331,round-robin,server-3,GET,/api/work,200,27,,2
1788021016578,ui_round-robin_failure_1788021012331,round-robin,server-2,GET,/api/work,200,25,,2
1788021016585,ui_round-robin_failure_1788021012331,round-robin,server-3,GET,/api/work,200,26,,4
1788021016585,ui_round-robin_failure_1788021012331,round-robin,server-1,GET,/api/work,200,27,,3
1788021016585,ui_round-robin_failure_1788021012331,round-robin,server-2,GET,/api/work,200,27,,3
1788021016589,ui_round-robin_failure_1788021012331,round-robin,server-3,GET,/api/work,200,26,,3
1788021016595,ui_round-robin_failure_1788021012331,round-robin,server-1,GET,/api/work,200,27,,3
1788021016601,ui_round-robin_failure_1788021012331,round-robin,server-2,GET,/api/work,200,28,,3
1788021016601,ui_round-robin_failure_1788021012331,round-robin,server-1,GET,/api/work,200,28,,2
1788021016601,ui_round-robin_failure_1788021012331,round-robin,server-3,GET,/api/work,200,29,,2
1788021016606,ui_round-robin_failure_1788021012331,round-robin,server-2,GET,/api/work,200,26,,3
1788021016607,ui_round-robin_failure_1788021012331,round-robin,server-3,GET,/api/work,200,28,,3
1788021016611,ui_round-robin_failure_1788021012331,round-robin,server-1,GET,/api/work,200,26,,3
1788021016611,ui_round-robin_failure_1788021012331,round-robin,server-2,GET,/api/work,200,27,,2
1788021016611,ui_round-robin_failure_1788021012331,round-robin,server-3,GET,/api/work,200,28,,2
1788021016615,ui_round-robin_failure_1788021012331,round-robin,server-1,GET,/api/work,200,26,,2
1788021016620,ui_round-robin_failure_1788021012331,round-robin,server-2,GET,/api/work,200,27,,3
1788021016630,ui_round-robin_failure_1788021012331,round-robin,server-3,GET,/api/work,200,27,,3
1788021016630,ui_round-robin_failure_1788021012331,round-robin,server-3,GET,/api/work,200,27,,2
1788021016630,ui_round-robin_failure_1788021012331,round-robin,server-2,GET,/api/work,200,27,,2
1788021016630,ui_round-robin_failure_1788021012331,round-robin,server-1,GET,/api/work,200,28,,2
1788021016634,ui_round-robin_failure_1788021012331,round-robin,server-1,GET,/api/work,200,26,,1
1788021016643,ui_round-robin_failure_1788021012331,round-robin,server-2,GET,/api/work,200,27,,3
1788021016644,ui_round-robin_failure_1788021012331,round-robin,server-1,GET,/api/work,200,27,,3
1788021016643,ui_round-robin_failure_1788021012331,round-robin,server-3,GET,/api/work,200,28,,3
1788021016646,ui_round-robin_failure_1788021012331,round-robin,server-2,GET,/api/work,200,26,,3
1788021016652,ui_round-robin_failure_1788021012331,round-robin,server-3,GET,/api/work,200,27,,3
1788021016661,ui_round-robin_failure_1788021012331,round-robin,server-1,GET,/api/work,200,27,,3
1788021016662,ui_round-robin_failure_1788021012331,round-robin,server-3,GET,/api/work,200,27,,2
1788021016662,ui_round-robin_failure_1788021012331,round-robin,server-2,GET,/api/work,200,27,,2
1788021016664,ui_round-robin_failure_1788021012331,round-robin,server-1,GET,/api/work,200,27,,3
1788021016665,ui_round-robin_failure_1788021012331,round-robin,server-2,GET,/api/work,200,26,,3
1788021016668,ui_round-robin_failure_1788021012331,round-robin,server-3,GET,/api/work,200,26,,3
1788021016670,ui_round-robin_failure_1788021012331,round-robin,server-1,GET,/api/work,200,27,,2
1788021016670,ui_round-robin_failure_1788021012331,round-robin,server-2,GET,/api/work,200,28,,2
1788021016673,ui_round-robin_failure_1788021012331,round-robin,server-3,GET,/api/work,200,25,,2
1788021016678,ui_round-robin_failure_1788021012331,round-robin,server-1,GET,/api/work,200,26,,3
1788021016690,ui_round-robin_failure_1788021012331,round-robin,server-2,GET,/api/work,200,25,,3
1788021016690,ui_round-robin_failure_1788021012331,round-robin,server-1,GET,/api/work,200,26,,2
1788021016690,ui_round-robin_failure_1788021012331,round-robin,server-2,GET,/api/work,200,26,,2
1788021016690,ui_round-robin_failure_1788021012331,round-robin,server-3,GET,/api/work,200,27,,2
1788021016691,ui_round-robin_failure_1788021012331,round-robin,server-3,GET,/api/work,200,26,,1
1788021016701,ui_round-robin_failure_1788021012331,round-robin,server-1,GET,/api/work,200,26,,3
1788021016702,ui_round-robin_failure_1788021012331,round-robin,server-2,GET,/api/work,200,26,,3
1788021016703,ui_round-robin_failure_1788021012331,round-robin,server-1,GET,/api/work,200,26,,2
1788021016702,ui_round-robin_failure_1788021012331,round-robin,server-3,GET,/api/work,200,27,,3
1788021016710,ui_round-robin_failure_1788021012331,round-robin,server-2,GET,/api/work,200,26,,3
1788021016719,ui_round-robin_failure_1788021012331,round-robin,server-3,GET,/api/work,200,27,,3
1788021016722,ui_round-robin_failure_1788021012331,round-robin,server-2,GET,/api/work,200,25,,3
1788021016721,ui_round-robin_failure_1788021012331,round-robin,server-1,GET,/api/work,200,26,,3
1788021016723,ui_round-robin_failure_1788021012331,round-robin,server-3,GET,/api/work,200,25,,3
1788021016723,ui_round-robin_failure_1788021012331,round-robin,server-1,GET,/api/work,200,26,,3
1788021016724,ui_round-robin_failure_1788021012331,round-robin,server-2,GET,/api/work,200,26,,3
1788021016727,ui_round-robin_failure_1788021012331,round-robin,server-3,GET,/api/work,200,26,,2
1788021016729,ui_round-robin_failure_1788021012331,round-robin,server-1,GET,/api/work,200,26,,2
1788021016730,ui_round-robin_failure_1788021012331,round-robin,server-2,GET,/api/work,200,25,,2
1788021016735,ui_round-robin_failure_1788021012331,round-robin,server-3,GET,/api/work,200,26,,3
1788021016746,ui_round-robin_failure_1788021012331,round-robin,server-1,GET,/api/work,200,25,,3
1788021016746,ui_round-robin_failure_1788021012331,round-robin,server-3,GET,/api/work,200,26,,2
1788021016746,ui_round-robin_failure_1788021012331,round-robin,server-2,GET,/api/work,200,27,,2
1788021016748,ui_round-robin_failure_1788021012331,round-robin,server-2,GET,/api/work,200,26,,1
1788021016748,ui_round-robin_failure_1788021012331,round-robin,server-1,GET,/api/work,200,26,,2
1788021016757,ui_round-robin_failure_1788021012331,round-robin,server-3,GET,/api/work,200,26,,3
1788021016760,ui_round-robin_failure_1788021012331,round-robin,server-3,GET,/api/work,200,25,,2
1788021016759,ui_round-robin_failure_1788021012331,round-robin,server-1,GET,/api/work,200,26,,3
1788021016760,ui_round-robin_failure_1788021012331,round-robin,server-2,GET,/api/work,200,27,,3
1788021016766,ui_round-robin_failure_1788021012331,round-robin,server-1,GET,/api/work,200,26,,3
1788021016777,ui_round-robin_failure_1788021012331,round-robin,server-3,GET,/api/work,200,26,,3
1788021016777,ui_round-robin_failure_1788021012331,round-robin,server-1,GET,/api/work,200,26,,2
1788021016777,ui_round-robin_failure_1788021012331,round-robin,server-2,GET,/api/work,200,27,,3
1788021016779,ui_round-robin_failure_1788021012331,round-robin,server-3,GET,/api/work,200,26,,2
1788021016779,ui_round-robin_failure_1788021012331,round-robin,server-2,GET,/api/work,200,26,,3
1788021016780,ui_round-robin_failure_1788021012331,round-robin,server-1,GET,/api/work,200,26,,3
1788021016783,ui_round-robin_failure_1788021012331,round-robin,server-2,GET,/api/work,200,26,,2
1788021016787,ui_round-robin_failure_1788021012331,round-robin,server-1,GET,/api/work,200,26,,2
1788021016787,ui_round-robin_failure_1788021012331,round-robin,server-3,GET,/api/work,200,27,,2
1788021016792,ui_round-robin_failure_1788021012331,round-robin,server-2,GET,/api/work,200,26,,2
1788021016802,ui_round-robin_failure_1788021012331,round-robin,server-3,GET,/api/work,200,26,,3
1788021016804,ui_round-robin_failure_1788021012331,round-robin,server-1,GET,/api/work,200,26,,2
1788021016804,ui_round-robin_failure_1788021012331,round-robin,server-2,GET,/api/work,200,27,,2
1788021016805,ui_round-robin_failure_1788021012331,round-robin,server-3,GET,/api/work,200,26,,2
1788021016805,ui_round-robin_failure_1788021012331,round-robin,server-1,GET,/api/work,200,27,,1
1788021016814,ui_round-robin_failure_1788021012331,round-robin,server-2,GET,/api/work,200,26,,3
1788021016814,ui_round-robin_failure_1788021012331,round-robin,server-3,GET,/api/work,200,27,,3
1788021016817,ui_round-robin_failure_1788021012331,round-robin,server-1,GET,/api/work,200,26,,3
1788021016818,ui_round-robin_failure_1788021012331,round-robin,server-2,GET,/api/work,200,27,,3
1788021016823,ui_round-robin_failure_1788021012331,round-robin,server-3,GET,/api/work,200,26,,3
1788021016835,ui_round-robin_failure_1788021012331,round-robin,server-2,GET,/api/work,200,25,,3
1788021016834,ui_round-robin_failure_1788021012331,round-robin,server-1,GET,/api/work,200,27,,3
1788021016835,ui_round-robin_failure_1788021012331,round-robin,server-3,GET,/api/work,200,28,,3
1788021016836,ui_round-robin_failure_1788021012331,round-robin,server-1,GET,/api/work,200,27,,3
1788021016837,ui_round-robin_failure_1788021012331,round-robin,server-3,GET,/api/work,200,26,,2
1788021016837,ui_round-robin_failure_1788021012331,round-robin,server-2,GET,/api/work,200,27,,3
1788021016839,ui_round-robin_failure_1788021012331,round-robin,server-1,GET,/api/work,200,26,,2
1788021016844,ui_round-robin_failure_1788021012331,round-robin,server-2,GET,/api/work,200,26,,2
1788021016845,ui_round-robin_failure_1788021012331,round-robin,server-3,GET,/api/work,200,26,,2
1788021016849,ui_round-robin_failure_1788021012331,round-robin,server-1,GET,/api/work,200,26,,3
1788021016859,ui_round-robin_failure_1788021012331,round-robin,server-2,GET,/api/work,200,26,,3
1788021016861,ui_round-robin_failure_1788021012331,round-robin,server-3,GET,/api/work,200,27,,2
1788021016862,ui_round-robin_failure_1788021012331,round-robin,server-1,GET,/api/work,200,26,,2
1788021016863,ui_round-robin_failure_1788021012331,round-robin,server-2,GET,/api/work,200,26,,2
1788021016864,ui_round-robin_failure_1788021012331,round-robin,server-3,GET,/api/work,200,26,,1
1788021016871,ui_round-robin_failure_1788021012331,round-robin,server-1,GET,/api/work,200,26,,3
1788021016872,ui_round-robin_failure_1788021012331,round-robin,server-2,GET,/api/work,200,26,,3
1788021016874,ui_round-robin_failure_1788021012331,round-robin,server-3,GET,/api/work,200,27,,3
1788021016875,ui_round-robin_failure_1788021012331,round-robin,server-1,GET,/api/work,200,27,,3
1788021016880,ui_round-robin_failure_1788021012331,round-robin,server-2,GET,/api/work,200,27,,3
1788021016892,ui_round-robin_failure_1788021012331,round-robin,server-1,GET,/api/work,200,26,,3
1788021016892,ui_round-robin_failure_1788021012331,round-robin,server-3,GET,/api/work,200,27,,3
1788021016894,ui_round-robin_failure_1788021012331,round-robin,server-2,GET,/api/work,200,25,,3
1788021016895,ui_round-robin_failure_1788021012331,round-robin,server-1,GET,/api/work,200,26,,3
1788021016895,ui_round-robin_failure_1788021012331,round-robin,server-2,GET,/api/work,200,26,,3
1788021016895,ui_round-robin_failure_1788021012331,round-robin,server-3,GET,/api/work,200,27,,3
1788021016895,ui_round-robin_failure_1788021012331,round-robin,server-3,GET,/api/work,200,27,,2
1788021016901,ui_round-robin_failure_1788021012331,round-robin,server-2,GET,/api/work,200,27,,2
1788021016901,ui_round-robin_failure_1788021012331,round-robin,server-1,GET,/api/work,200,27,,2
1788021016906,ui_round-robin_failure_1788021012331,round-robin,server-3,GET,/api/work,200,26,,2
1788021016915,ui_round-robin_failure_1788021012331,round-robin,server-1,GET,/api/work,200,26,,3
1788021016918,ui_round-robin_failure_1788021012331,round-robin,server-2,GET,/api/work,200,26,,2
1788021016920,ui_round-robin_failure_1788021012331,round-robin,server-3,GET,/api/work,200,25,,2
1788021016920,ui_round-robin_failure_1788021012331,round-robin,server-1,GET,/api/work,200,27,,2
1788021016920,ui_round-robin_failure_1788021012331,round-robin,server-2,GET,/api/work,200,27,,1
1788021016929,ui_round-robin_failure_1788021012331,round-robin,server-1,GET,/api/work,200,26,,3
1788021016928,ui_round-robin_failure_1788021012331,round-robin,server-3,GET,/api/work,200,27,,3
1788021016931,ui_round-robin_failure_1788021012331,round-robin,server-2,GET,/api/work,200,26,,3
1788021016933,ui_round-robin_failure_1788021012331,round-robin,server-3,GET,/api/work,200,26,,3
1788021016937,ui_round-robin_failure_1788021012331,round-robin,server-1,GET,/api/work,200,26,,3
1788021016950,ui_round-robin_failure_1788021012331,round-robin,server-3,GET,/api/work,200,25,,3
1788021016949,ui_round-robin_failure_1788021012331,round-robin,server-2,GET,/api/work,200,27,,4
1788021016952,ui_round-robin_failure_1788021012331,round-robin,server-3,GET,/api/work,200,25,,3
1788021016951,ui_round-robin_failure_1788021012331,round-robin,server-1,GET,/api/work,200,26,,3
1788021016952,ui_round-robin_failure_1788021012331,round-robin,server-1,GET,/api/work,200,26,,2
1788021016951,ui_round-robin_failure_1788021012331,round-robin,server-2,GET,/api/work,200,27,,3
1788021016953,ui_round-robin_failure_1788021012331,round-robin,server-2,GET,/api/work,200,26,,2
1788021016960,ui_round-robin_failure_1788021012331,round-robin,server-1,GET,/api/work,200,26,,2
1788021016959,ui_round-robin_failure_1788021012331,round-robin,server-3,GET,/api/work,200,27,,2
1788021016964,ui_round-robin_failure_1788021012331,round-robin,server-2,GET,/api/work,200,26,,2
1788021016972,ui_round-robin_failure_1788021012331,round-robin,server-3,GET,/api/work,200,27,,3
1788021016975,ui_round-robin_failure_1788021012331,round-robin,server-1,GET,/api/work,200,26,,2
1788021016975,ui_round-robin_failure_1788021012331,round-robin,server-2,GET,/api/work,200,27,,2
1788021016976,ui_round-robin_failure_1788021012331,round-robin,server-3,GET,/api/work,200,26,,2
1788021016978,ui_round-robin_failure_1788021012331,round-robin,server-1,GET,/api/work,200,26,,1
1788021016986,ui_round-robin_failure_1788021012331,round-robin,server-2,GET,/api/work,200,27,,3
1788021016987,ui_round-robin_failure_1788021012331,round-robin,server-3,GET,/api/work,200,26,,3
1788021016988,ui_round-robin_failure_1788021012331,round-robin,server-1,GET,/api/work,200,26,,3
1788021016990,ui_round-robin_failure_1788021012331,round-robin,server-2,GET,/api/work,200,28,,2
1788021016993,ui_round-robin_failure_1788021012331,round-robin,server-3,GET,/api/work,200,26,,3
1788021017007,ui_round-robin_failure_1788021012331,round-robin,server-1,GET,/api/work,200,25,,3
1788021017007,ui_round-robin_failure_1788021012331,round-robin,server-2,GET,/api/work,200,25,,3
1788021017009,ui_round-robin_failure_1788021012331,round-robin,server-1,GET,/api/work,200,25,,3
1788021017009,ui_round-robin_failure_1788021012331,round-robin,server-2,GET,/api/work,200,26,,3
1788021017008,ui_round-robin_failure_1788021012331,round-robin,server-3,GET,/api/work,200,27,,4
1788021017009,ui_round-robin_failure_1788021012331,round-robin,server-3,GET,/api/work,200,27,,3
1788021017010,ui_round-robin_failure_1788021012331,round-robin,server-1,GET,/api/work,200,27,,2
1788021017019,ui_round-robin_failure_1788021012331,round-robin,server-3,GET,/api/work,200,26,,3
1788021017019,ui_round-robin_failure_1788021012331,round-robin,server-2,GET,/api/work,200,27,,3
1788021017020,ui_round-robin_failure_1788021012331,round-robin,server-1,GET,/api/work,200,26,,2
1788021017030,ui_round-robin_failure_1788021012331,round-robin,server-2,GET,/api/work,200,26,,3
1788021017032,ui_round-robin_failure_1788021012331,round-robin,server-3,GET,/api/work,200,27,,2
1788021017033,ui_round-robin_failure_1788021012331,round-robin,server-2,GET,/api/work,200,27,,2
1788021017033,ui_round-robin_failure_1788021012331,round-robin,server-1,GET,/api/work,200,27,,2
1788021017035,ui_round-robin_failure_1788021012331,round-robin,server-3,GET,/api/work,200,26,,1
1788021017043,ui_round-robin_failure_1788021012331,round-robin,server-1,GET,/api/work,200,26,,3
1788021017043,ui_round-robin_failure_1788021012331,round-robin,server-2,GET,/api/work,200,26,,3
1788021017044,ui_round-robin_failure_1788021012331,round-robin,server-3,GET,/api/work,200,26,,3
1788021017049,ui_round-robin_failure_1788021012331,round-robin,server-1,GET,/api/work,200,26,,2
1788021017050,ui_round-robin_failure_1788021012331,round-robin,server-2,GET,/api/work,200,27,,3
1788021017063,ui_round-robin_failure_1788021012331,round-robin,server-1,GET,/api/work,200,26,,3
1788021017063,ui_round-robin_failure_1788021012331,round-robin,server-3,GET,/api/work,200,27,,3
1788021017066,ui_round-robin_failure_1788021012331,round-robin,server-3,GET,/api/work,200,25,,3
1788021017066,ui_round-robin_failure_1788021012331,round-robin,server-2,GET,/api/work,200,25,,3
1788021017067,ui_round-robin_failure_1788021012331,round-robin,server-2,GET,/api/work,200,26,,3
1788021017067,ui_round-robin_failure_1788021012331,round-robin,server-3,GET,/api/work,200,26,,2
1788021017067,ui_round-robin_failure_1788021012331,round-robin,server-1,GET,/api/work,200,27,,3
1788021017076,ui_round-robin_failure_1788021012331,round-robin,server-3,GET,/api/work,200,26,,2
1788021017076,ui_round-robin_failure_1788021012331,round-robin,server-1,GET,/api/work,200,27,,3
1788021017076,ui_round-robin_failure_1788021012331,round-robin,server-2,GET,/api/work,200,27,,3
1788021017087,ui_round-robin_failure_1788021012331,round-robin,server-1,GET,/api/work,200,27,,3
1788021017089,ui_round-robin_failure_1788021012331,round-robin,server-2,GET,/api/work,200,26,,2
1788021017090,ui_round-robin_failure_1788021012331,round-robin,server-1,GET,/api/work,200,26,,2
1788021017090,ui_round-robin_failure_1788021012331,round-robin,server-3,GET,/api/work,200,26,,2
1788021017092,ui_round-robin_failure_1788021012331,round-robin,server-2,GET,/api/work,200,27,,1
1788021017101,ui_round-robin_failure_1788021012331,round-robin,server-1,GET,/api/work,200,25,,3
1788021017101,ui_round-robin_failure_1788021012331,round-robin,server-2,GET,/api/work,200,25,,3
1788021017100,ui_round-robin_failure_1788021012331,round-robin,server-3,GET,/api/work,200,26,,3
1788021017106,ui_round-robin_failure_1788021012331,round-robin,server-3,GET,/api/work,200,26,,2
1788021017107,ui_round-robin_failure_1788021012331,round-robin,server-1,GET,/api/work,200,26,,2
1788021017119,ui_round-robin_failure_1788021012331,round-robin,server-2,GET,/api/work,200,26,,3
1788021017121,ui_round-robin_failure_1788021012331,round-robin,server-3,GET,/api/work,200,27,,4
1788021017123,ui_round-robin_failure_1788021012331,round-robin,server-3,GET,/api/work,200,25,,3
1788021017123,ui_round-robin_failure_1788021012331,round-robin,server-2,GET,/api/work,200,26,,3
1788021017122,ui_round-robin_failure_1788021012331,round-robin,server-1,GET,/api/work,200,27,,3
1788021017124,ui_round-robin_failure_1788021012331,round-robin,server-1,GET,/api/work,200,27,,3
1788021017124,ui_round-robin_failure_1788021012331,round-robin,server-2,GET,/api/work,200,27,,2
1788021017134,ui_round-robin_failure_1788021012331,round-robin,server-2,GET,/api/work,200,26,,2
1788021017134,ui_round-robin_failure_1788021012331,round-robin,server-3,GET,/api/work,200,26,,3
1788021017134,ui_round-robin_failure_1788021012331,round-robin,server-1,GET,/api/work,200,26,,3
1788021017144,ui_round-robin_failure_1788021012331,round-robin,server-3,GET,/api/work,200,25,,3
1788021017146,ui_round-robin_failure_1788021012331,round-robin,server-1,GET,/api/work,200,26,,2
1788021017147,ui_round-robin_failure_1788021012331,round-robin,server-2,GET,/api/work,200,27,,2
1788021017147,ui_round-robin_failure_1788021012331,round-robin,server-3,GET,/api/work,200,27,,2
1788021017149,ui_round-robin_failure_1788021012331,round-robin,server-1,GET,/api/work,200,26,,1
1788021017157,ui_round-robin_failure_1788021012331,round-robin,server-3,GET,/api/work,200,26,,3
1788021017157,ui_round-robin_failure_1788021012331,round-robin,server-1,GET,/api/work,200,26,,3
1788021017157,ui_round-robin_failure_1788021012331,round-robin,server-2,GET,/api/work,200,27,,3
1788021017164,ui_round-robin_failure_1788021012331,round-robin,server-3,GET,/api/work,200,25,,2
1788021017163,ui_round-robin_failure_1788021012331,round-robin,server-2,GET,/api/work,200,26,,2
1788021017175,ui_round-robin_failure_1788021012331,round-robin,server-1,GET,/api/work,200,26,,3
1788021017178,ui_round-robin_failure_1788021012331,round-robin,server-2,GET,/api/work,200,26,,3
1788021017179,ui_round-robin_failure_1788021012331,round-robin,server-3,GET,/api/work,200,26,,3
1788021017180,ui_round-robin_failure_1788021012331,round-robin,server-2,GET,/api/work,200,26,,2
1788021017180,ui_round-robin_failure_1788021012331,round-robin,server-1,GET,/api/work,200,26,,3
1788021017182,ui_round-robin_failure_1788021012331,round-robin,server-1,GET,/api/work,200,26,,2
1788021017182,ui_round-robin_failure_1788021012331,round-robin,server-3,GET,/api/work,200,27,,3
1788021017191,ui_round-robin_failure_1788021012331,round-robin,server-1,GET,/api/work,200,27,,2
1788021017191,ui_round-robin_failure_1788021012331,round-robin,server-3,GET,/api/work,200,27,,3
1788021017191,ui_round-robin_failure_1788021012331,round-robin,server-2,GET,/api/work,200,27,,3
1788021017200,ui_round-robin_failure_1788021012331,round-robin,server-2,GET,/api/work,200,27,,3
1788021017202,ui_round-robin_failure_1788021012331,round-robin,server-3,GET,/api/work,200,26,,2
1788021017204,ui_round-robin_failure_1788021012331,round-robin,server-1,GET,/api/work,200,26,,2
1788021017206,ui_round-robin_failure_1788021012331,round-robin,server-2,GET,/api/work,200,26,,2
1788021017207,ui_round-robin_failure_1788021012331,round-robin,server-3,GET,/api/work,200,26,,2
1788021017215,ui_round-robin_failure_1788021012331,round-robin,server-2,GET,/api/work,200,25,,3
1788021017215,ui_round-robin_failure_1788021012331,round-robin,server-3,GET,/api/work,200,25,,3
1788021017214,ui_round-robin_failure_1788021012331,round-robin,server-1,GET,/api/work,200,26,,3
1788021017221,ui_round-robin_failure_1788021012331,round-robin,server-2,GET,/api/work,200,25,,2
1788021017220,ui_round-robin_failure_1788021012331,round-robin,server-1,GET,/api/work,200,27,,2
1788021017233,ui_round-robin_failure_1788021012331,round-robin,server-3,GET,/api/work,200,26,,3
1788021017233,ui_round-robin_failure_1788021012331,round-robin,server-1,GET,/api/work,200,26,,3
1788021017236,ui_round-robin_failure_1788021012331,round-robin,server-2,GET,/api/work,200,26,,3
1788021017237,ui_round-robin_failure_1788021012331,round-robin,server-3,GET,/api/work,200,26,,3
1788021017237,ui_round-robin_failure_1788021012331,round-robin,server-1,GET,/api/work,200,27,,3
1788021017239,ui_round-robin_failure_1788021012331,round-robin,server-2,GET,/api/work,200,26,,3
1788021017239,ui_round-robin_failure_1788021012331,round-robin,server-3,GET,/api/work,200,26,,2
1788021017249,ui_round-robin_failure_1788021012331,round-robin,server-1,GET,/api/work,200,26,,3
1788021017250,ui_round-robin_failure_1788021012331,round-robin,server-3,GET,/api/work,200,26,,2
1788021017250,ui_round-robin_failure_1788021012331,round-robin,server-2,GET,/api/work,200,26,,3
1788021017257,ui_round-robin_failure_1788021012331,round-robin,server-1,GET,/api/work,200,26,,3
1788021017259,ui_round-robin_failure_1788021012331,round-robin,server-2,GET,/api/work,200,26,,2
1788021017260,ui_round-robin_failure_1788021012331,round-robin,server-3,GET,/api/work,200,26,,2
1788021017262,ui_round-robin_failure_1788021012331,round-robin,server-1,GET,/api/work,200,26,,2
1788021017264,ui_round-robin_failure_1788021012331,round-robin,server-2,GET,/api/work,200,27,,2
1788021017271,ui_round-robin_failure_1788021012331,round-robin,server-3,GET,/api/work,200,26,,3
1788021017271,ui_round-robin_failure_1788021012331,round-robin,server-2,GET,/api/work,200,27,,3
1788021017271,ui_round-robin_failure_1788021012331,round-robin,server-1,GET,/api/work,200,27,,3
1788021017277,ui_round-robin_failure_1788021012331,round-robin,server-3,GET,/api/work,200,27,,2
1788021017277,ui_round-robin_failure_1788021012331,round-robin,server-1,GET,/api/work,200,28,,2
1788021017288,ui_round-robin_failure_1788021012331,round-robin,server-2,GET,/api/work,200,26,,3
1788021017290,ui_round-robin_failure_1788021012331,round-robin,server-3,GET,/api/work,200,29,,3
1788021017294,ui_round-robin_failure_1788021012331,round-robin,server-2,GET,/api/work,200,26,,3
1788021017294,ui_round-robin_failure_1788021012331,round-robin,server-3,GET,/api/work,200,27,,3
1788021017294,ui_round-robin_failure_1788021012331,round-robin,server-1,GET,/api/work,200,27,,3
1788021017294,ui_round-robin_failure_1788021012331,round-robin,server-1,GET,/api/work,200,27,,2
1788021017296,ui_round-robin_failure_1788021012331,round-robin,server-2,GET,/api/work,200,26,,2
1788021017308,ui_round-robin_failure_1788021012331,round-robin,server-2,GET,/api/work,200,25,,2
1788021017307,ui_round-robin_failure_1788021012331,round-robin,server-3,GET,/api/work,200,27,,3
1788021017308,ui_round-robin_failure_1788021012331,round-robin,server-1,GET,/api/work,200,26,,3
1788021017314,ui_round-robin_failure_1788021012331,round-robin,server-3,GET,/api/work,200,27,,3
1788021017315,ui_round-robin_failure_1788021012331,round-robin,server-1,GET,/api/work,200,27,,2
1788021017317,ui_round-robin_failure_1788021012331,round-robin,server-2,GET,/api/work,200,27,,2
1788021017320,ui_round-robin_failure_1788021012331,round-robin,server-3,GET,/api/work,200,26,,2
1788021017322,ui_round-robin_failure_1788021012331,round-robin,server-1,GET,/api/work,200,25,,2
1788021017329,ui_round-robin_failure_1788021012331,round-robin,server-3,GET,/api/work,200,26,,3
1788021017329,ui_round-robin_failure_1788021012331,round-robin,server-2,GET,/api/work,200,26,,3
1788021017329,ui_round-robin_failure_1788021012331,round-robin,server-1,GET,/api/work,200,27,,3
1788021017335,ui_round-robin_failure_1788021012331,round-robin,server-3,GET,/api/work,200,26,,2
1788021017335,ui_round-robin_failure_1788021012331,round-robin,server-2,GET,/api/work,200,26,,2
1788021017344,ui_round-robin_failure_1788021012331,round-robin,server-1,GET,/api/work,200,26,,3
1788021017350,ui_round-robin_failure_1788021012331,round-robin,server-2,GET,/api/work,200,26,,3
1788021017351,ui_round-robin_failure_1788021012331,round-robin,server-3,GET,/api/work,200,26,,3
1788021017352,ui_round-robin_failure_1788021012331,round-robin,server-1,GET,/api/work,200,26,,3
1788021017352,ui_round-robin_failure_1788021012331,round-robin,server-2,GET,/api/work,200,26,,3
1788021017352,ui_round-robin_failure_1788021012331,round-robin,server-3,GET,/api/work,200,27,,3
1788021017353,ui_round-robin_failure_1788021012331,round-robin,server-1,GET,/api/work,200,26,,2
1788021017366,ui_round-robin_failure_1788021012331,round-robin,server-2,GET,/api/work,200,26,,4
1788021017366,ui_round-robin_failure_1788021012331,round-robin,server-1,GET,/api/work,200,26,,3
1788021017366,ui_round-robin_failure_1788021012331,round-robin,server-3,GET,/api/work,200,27,,3
1788021017370,ui_round-robin_failure_1788021012331,round-robin,server-2,GET,/api/work,200,26,,3
1788021017372,ui_round-robin_failure_1788021012331,round-robin,server-3,GET,/api/work,200,26,,2
1788021017375,ui_round-robin_failure_1788021012331,round-robin,server-1,GET,/api/work,200,26,,2
1788021017377,ui_round-robin_failure_1788021012331,round-robin,server-2,GET,/api/work,200,27,,2
1788021017378,ui_round-robin_failure_1788021012331,round-robin,server-3,GET,/api/work,200,26,,2
1788021017387,ui_round-robin_failure_1788021012331,round-robin,server-2,GET,/api/work,200,25,,3
1788021017387,ui_round-robin_failure_1788021012331,round-robin,server-3,GET,/api/work,200,25,,3
1788021017386,ui_round-robin_failure_1788021012331,round-robin,server-1,GET,/api/work,200,27,,3
1788021017391,ui_round-robin_failure_1788021012331,round-robin,server-2,GET,/api/work,200,27,,2
1788021017391,ui_round-robin_failure_1788021012331,round-robin,server-1,GET,/api/work,200,27,,2
1788021017401,ui_round-robin_failure_1788021012331,round-robin,server-3,GET,/api/work,200,27,,3
1788021017407,ui_round-robin_failure_1788021012331,round-robin,server-1,GET,/api/work,200,26,,3
1788021017407,ui_round-robin_failure_1788021012331,round-robin,server-2,GET,/api/work,200,26,,3
1788021017409,ui_round-robin_failure_1788021012331,round-robin,server-3,GET,/api/work,200,26,,3
1788021017410,ui_round-robin_failure_1788021012331,round-robin,server-2,GET,/api/work,200,26,,3
1788021017410,ui_round-robin_failure_1788021012331,round-robin,server-1,GET,/api/work,200,26,,3
1788021017411,ui_round-robin_failure_1788021012331,round-robin,server-3,GET,/api/work,200,26,,2
1788021017422,ui_round-robin_failure_1788021012331,round-robin,server-1,GET,/api/work,200,26,,3
1788021017424,ui_round-robin_failure_1788021012331,round-robin,server-3,GET,/api/work,200,25,,3
1788021017423,ui_round-robin_failure_1788021012331,round-robin,server-2,GET,/api/work,200,27,,3
1788021017427,ui_round-robin_failure_1788021012331,round-robin,server-1,GET,/api/work,200,26,,3
1788021017429,ui_round-robin_failure_1788021012331,round-robin,server-2,GET,/api/work,200,26,,2
1788021017432,ui_round-robin_failure_1788021012331,round-robin,server-3,GET,/api/work,200,27,,2
1788021017435,ui_round-robin_failure_1788021012331,round-robin,server-1,GET,/api/work,200,26,,2
1788021017436,ui_round-robin_failure_1788021012331,round-robin,server-2,GET,/api/work,200,26,,2
1788021017443,ui_round-robin_failure_1788021012331,round-robin,server-3,GET,/api/work,200,26,,3
1788021017443,ui_round-robin_failure_1788021012331,round-robin,server-1,GET,/api/work,200,27,,3
1788021017444,ui_round-robin_failure_1788021012331,round-robin,server-2,GET,/api/work,200,26,,3
1788021017449,ui_round-robin_failure_1788021012331,round-robin,server-1,GET,/api/work,200,26,,2
1788021017449,ui_round-robin_failure_1788021012331,round-robin,server-3,GET,/api/work,200,27,,2
1788021017458,ui_round-robin_failure_1788021012331,round-robin,server-2,GET,/api/work,200,26,,3
1788021017464,ui_round-robin_failure_1788021012331,round-robin,server-1,GET,/api/work,200,25,,3
1788021017463,ui_round-robin_failure_1788021012331,round-robin,server-3,GET,/api/work,200,27,,3
1788021017466,ui_round-robin_failure_1788021012331,round-robin,server-3,GET,/api/work,200,26,,2
1788021017467,ui_round-robin_failure_1788021012331,round-robin,server-1,GET,/api/work,200,26,,2
1788021017466,ui_round-robin_failure_1788021012331,round-robin,server-2,GET,/api/work,200,27,,3
1788021017467,ui_round-robin_failure_1788021012331,round-robin,server-2,GET,/api/work,200,27,,2
1788021017480,ui_round-robin_failure_1788021012331,round-robin,server-1,GET,/api/work,200,25,,3
1788021017479,ui_round-robin_failure_1788021012331,round-robin,server-3,GET,/api/work,200,27,,3
1788021017480,ui_round-robin_failure_1788021012331,round-robin,server-2,GET,/api/work,200,26,,2
1788021017484,ui_round-robin_failure_1788021012331,round-robin,server-3,GET,/api/work,200,27,,3
1788021017486,ui_round-robin_failure_1788021012331,round-robin,server-1,GET,/api/work,200,27,,2
1788021017489,ui_round-robin_failure_1788021012331,round-robin,server-2,GET,/api/work,200,27,,2
1788021017493,ui_round-robin_failure_1788021012331,round-robin,server-3,GET,/api/work,200,26,,2
1788021017494,ui_round-robin_failure_1788021012331,round-robin,server-1,GET,/api/work,200,26,,2
1788021017500,ui_round-robin_failure_1788021012331,round-robin,server-2,GET,/api/work,200,25,,3
1788021017501,ui_round-robin_failure_1788021012331,round-robin,server-1,GET,/api/work,200,26,,3
1788021017501,ui_round-robin_failure_1788021012331,round-robin,server-3,GET,/api/work,200,26,,3
1788021017506,ui_round-robin_failure_1788021012331,round-robin,server-3,GET,/api/work,200,26,,2
1788021017506,ui_round-robin_failure_1788021012331,round-robin,server-2,GET,/api/work,200,26,,2
1788021017515,ui_round-robin_failure_1788021012331,round-robin,server-1,GET,/api/work,200,27,,3
1788021017520,ui_round-robin_failure_1788021012331,round-robin,server-2,GET,/api/work,200,26,,3
1788021017520,ui_round-robin_failure_1788021012331,round-robin,server-3,GET,/api/work,200,27,,3
1788021017523,ui_round-robin_failure_1788021012331,round-robin,server-1,GET,/api/work,200,26,,3
1788021017524,ui_round-robin_failure_1788021012331,round-robin,server-2,GET,/api/work,200,26,,3
1788021017525,ui_round-robin_failure_1788021012331,round-robin,server-1,GET,/api/work,200,26,,2
1788021017525,ui_round-robin_failure_1788021012331,round-robin,server-3,GET,/api/work,200,26,,2
1788021017537,ui_round-robin_failure_1788021012331,round-robin,server-1,GET,/api/work,200,25,,2
1788021017536,ui_round-robin_failure_1788021012331,round-robin,server-2,GET,/api/work,200,27,,3
1788021017536,ui_round-robin_failure_1788021012331,round-robin,server-3,GET,/api/work,200,27,,3
1788021017541,ui_round-robin_failure_1788021012331,round-robin,server-2,GET,/api/work,200,27,,3
1788021017543,ui_round-robin_failure_1788021012331,round-robin,server-3,GET,/api/work,200,26,,2
1788021017546,ui_round-robin_failure_1788021012331,round-robin,server-1,GET,/api/work,200,27,,2
1788021017549,ui_round-robin_failure_1788021012331,round-robin,server-2,GET,/api/work,200,26,,2
1788021017551,ui_round-robin_failure_1788021012331,round-robin,server-3,GET,/api/work,200,27,,2
1788021017557,ui_round-robin_failure_1788021012331,round-robin,server-2,GET,/api/work,200,25,,3
1788021017556,ui_round-robin_failure_1788021012331,round-robin,server-1,GET,/api/work,200,27,,3
1788021017558,ui_round-robin_failure_1788021012331,round-robin,server-3,GET,/api/work,200,26,,3
1788021017563,ui_round-robin_failure_1788021012331,round-robin,server-1,GET,/api/work,200,26,,2
1788021017564,ui_round-robin_failure_1788021012331,round-robin,server-2,GET,/api/work,200,26,,2
1788021017572,ui_round-robin_failure_1788021012331,round-robin,server-3,GET,/api/work,200,25,,3
1788021017577,ui_round-robin_failure_1788021012331,round-robin,server-1,GET,/api/work,200,27,,3
1788021017578,ui_round-robin_failure_1788021012331,round-robin,server-2,GET,/api/work,200,27,,3
1788021017580,ui_round-robin_failure_1788021012331,round-robin,server-3,GET,/api/work,200,26,,3
1788021017580,ui_round-robin_failure_1788021012331,round-robin,server-1,GET,/api/work,200,27,,2
1788021017582,ui_round-robin_failure_1788021012331,round-robin,server-2,GET,/api/work,200,27,,2
1788021017582,ui_round-robin_failure_1788021012331,round-robin,server-3,GET,/api/work,200,27,,2
1788021017594,ui_round-robin_failure_1788021012331,round-robin,server-2,GET,/api/work,200,26,,3
1788021017594,ui_round-robin_failure_1788021012331,round-robin,server-3,GET,/api/work,200,27,,2
1788021017594,ui_round-robin_failure_1788021012331,round-robin,server-1,GET,/api/work,200,27,,4
1788021017598,ui_round-robin_failure_1788021012331,round-robin,server-1,GET,/api/work,200,26,,3
1788021017599,ui_round-robin_failure_1788021012331,round-robin,server-2,GET,/api/work,200,26,,2
1788021017604,ui_round-robin_failure_1788021012331,round-robin,server-3,GET,/api/work,200,26,,2
1788021017607,ui_round-robin_failure_1788021012331,round-robin,server-1,GET,/api/work,200,27,,2
1788021017610,ui_round-robin_failure_1788021012331,round-robin,server-2,GET,/api/work,200,27,,2
1788021017613,ui_round-robin_failure_1788021012331,round-robin,server-3,GET,/api/work,200,26,,3
1788021017614,ui_round-robin_failure_1788021012331,round-robin,server-1,GET,/api/work,200,26,,2
1788021017614,ui_round-robin_failure_1788021012331,round-robin,server-2,GET,/api/work,200,27,,3
1788021017621,ui_round-robin_failure_1788021012331,round-robin,server-1,GET,/api/work,200,26,,2
1788021017621,ui_round-robin_failure_1788021012331,round-robin,server-3,GET,/api/work,200,27,,2
1788021017628,ui_round-robin_failure_1788021012331,round-robin,server-2,GET,/api/work,200,26,,3
1788021017635,ui_round-robin_failure_1788021012331,round-robin,server-1,GET,/api/work,200,25,,3
1788021017634,ui_round-robin_failure_1788021012331,round-robin,server-3,GET,/api/work,200,27,,3
1788021017637,ui_round-robin_failure_1788021012331,round-robin,server-2,GET,/api/work,200,26,,3
1788021017638,ui_round-robin_failure_1788021012331,round-robin,server-3,GET,/api/work,200,26,,2
1788021017641,ui_round-robin_failure_1788021012331,round-robin,server-2,GET,/api/work,200,26,,2
1788021017641,ui_round-robin_failure_1788021012331,round-robin,server-1,GET,/api/work,200,26,,2
1788021017651,ui_round-robin_failure_1788021012331,round-robin,server-3,GET,/api/work,200,25,,3
1788021017652,ui_round-robin_failure_1788021012331,round-robin,server-2,GET,/api/work,200,26,,3
1788021017652,ui_round-robin_failure_1788021012331,round-robin,server-1,GET,/api/work,200,27,,3
1788021017655,ui_round-robin_failure_1788021012331,round-robin,server-3,GET,/api/work,200,26,,3
1788021017656,ui_round-robin_failure_1788021012331,round-robin,server-1,GET,/api/work,200,25,,2
1788021017661,ui_round-robin_failure_1788021012331,round-robin,server-2,GET,/api/work,200,27,,2
1788021017664,ui_round-robin_failure_1788021012331,round-robin,server-3,GET,/api/work,200,26,,2
1788021017668,ui_round-robin_failure_1788021012331,round-robin,server-1,GET,/api/work,200,25,,2
1788021017670,ui_round-robin_failure_1788021012331,round-robin,server-2,GET,/api/work,200,27,,3
1788021017672,ui_round-robin_failure_1788021012331,round-robin,server-1,GET,/api/work,200,25,,2
1788021017672,ui_round-robin_failure_1788021012331,round-robin,server-3,GET,/api/work,200,26,,2
1788021017678,ui_round-robin_failure_1788021012331,round-robin,server-2,GET,/api/work,200,25,,2
1788021017679,ui_round-robin_failure_1788021012331,round-robin,server-3,GET,/api/work,200,25,,2
1788021017686,ui_round-robin_failure_1788021012331,round-robin,server-1,GET,/api/work,200,27,,3
1788021017691,ui_round-robin_failure_1788021012331,round-robin,server-2,GET,/api/work,200,26,,3
1788021017692,ui_round-robin_failure_1788021012331,round-robin,server-3,GET,/api/work,200,26,,3
1788021017693,ui_round-robin_failure_1788021012331,round-robin,server-1,GET,/api/work,200,27,,3
1788021017695,ui_round-robin_failure_1788021012331,round-robin,server-2,GET,/api/work,200,25,,2
1788021017699,ui_round-robin_failure_1788021012331,round-robin,server-1,GET,/api/work,200,25,,2
1788021017698,ui_round-robin_failure_1788021012331,round-robin,server-3,GET,/api/work,200,27,,3
1788021017707,ui_round-robin_failure_1788021012331,round-robin,server-2,GET,/api/work,200,27,,3
1788021017709,ui_round-robin_failure_1788021012331,round-robin,server-3,GET,/api/work,200,27,,3
1788021017710,ui_round-robin_failure_1788021012331,round-robin,server-1,GET,/api/work,200,27,,3
1788021017711,ui_round-robin_failure_1788021012331,round-robin,server-2,GET,/api/work,200,26,,3
1788021017712,ui_round-robin_failure_1788021012331,round-robin,server-3,GET,/api/work,200,26,,2
1788021017717,ui_round-robin_failure_1788021012331,round-robin,server-1,GET,/api/work,200,27,,2
1788021017721,ui_round-robin_failure_1788021012331,round-robin,server-2,GET,/api/work,200,26,,2
1788021017724,ui_round-robin_failure_1788021012331,round-robin,server-3,GET,/api/work,200,26,,3
1788021017728,ui_round-robin_failure_1788021012331,round-robin,server-1,GET,/api/work,200,25,,3
1788021017729,ui_round-robin_failure_1788021012331,round-robin,server-3,GET,/api/work,200,25,,2
1788021017729,ui_round-robin_failure_1788021012331,round-robin,server-2,GET,/api/work,200,26,,3
1788021017735,ui_round-robin_failure_1788021012331,round-robin,server-1,GET,/api/work,200,27,,2
1788021017735,ui_round-robin_failure_1788021012331,round-robin,server-2,GET,/api/work,200,28,,2
1788021017744,ui_round-robin_failure_1788021012331,round-robin,server-3,GET,/api/work,200,26,,3
1788021017748,ui_round-robin_failure_1788021012331,round-robin,server-1,GET,/api/work,200,26,,3
1788021017749,ui_round-robin_failure_1788021012331,round-robin,server-2,GET,/api/work,200,26,,3
1788021017750,ui_round-robin_failure_1788021012331,round-robin,server-3,GET,/api/work,200,26,,3
1788021017751,ui_round-robin_failure_1788021012331,round-robin,server-1,GET,/api/work,200,27,,2
1788021017755,ui_round-robin_failure_1788021012331,round-robin,server-3,GET,/api/work,200,25,,2
1788021017755,ui_round-robin_failure_1788021012331,round-robin,server-2,GET,/api/work,200,26,,2
1788021017765,ui_round-robin_failure_1788021012331,round-robin,server-1,GET,/api/work,200,26,,3
1788021017767,ui_round-robin_failure_1788021012331,round-robin,server-2,GET,/api/work,200,25,,3
1788021017768,ui_round-robin_failure_1788021012331,round-robin,server-1,GET,/api/work,200,26,,3
1788021017768,ui_round-robin_failure_1788021012331,round-robin,server-2,GET,/api/work,200,26,,2
1788021017768,ui_round-robin_failure_1788021012331,round-robin,server-3,GET,/api/work,200,27,,3
1788021017775,ui_round-robin_failure_1788021012331,round-robin,server-3,GET,/api/work,200,27,,2
1788021017778,ui_round-robin_failure_1788021012331,round-robin,server-1,GET,/api/work,200,26,,2
1788021017781,ui_round-robin_failure_1788021012331,round-robin,server-2,GET,/api/work,200,26,,3
1788021017783,ui_round-robin_failure_1788021012331,round-robin,server-3,GET,/api/work,200,28,,3
1788021017785,ui_round-robin_failure_1788021012331,round-robin,server-1,GET,/api/work,200,27,,3
1788021017786,ui_round-robin_failure_1788021012331,round-robin,server-2,GET,/api/work,200,26,,3
1788021017792,ui_round-robin_failure_1788021012331,round-robin,server-3,GET,/api/work,200,25,,2
1788021017793,ui_round-robin_failure_1788021012331,round-robin,server-1,GET,/api/work,200,27,,2
1788021017802,ui_round-robin_failure_1788021012331,round-robin,server-2,GET,/api/work,200,27,,3
1788021017805,ui_round-robin_failure_1788021012331,round-robin,server-3,GET,/api/work,200,26,,3
1788021017806,ui_round-robin_failure_1788021012331,round-robin,server-2,GET,/api/work,200,25,,2
1788021017805,ui_round-robin_failure_1788021012331,round-robin,server-1,GET,/api/work,200,27,,3
1788021017809,ui_round-robin_failure_1788021012331,round-robin,server-3,GET,/api/work,200,28,,3
1788021017811,ui_round-robin_failure_1788021012331,round-robin,server-1,GET,/api/work,200,26,,2
1788021017812,ui_round-robin_failure_1788021012331,round-robin,server-2,GET,/api/work,200,26,,2
1788021017822,ui_round-robin_failure_1788021012331,round-robin,server-3,GET,/api/work,200,26,,3
1788021017823,ui_round-robin_failure_1788021012331,round-robin,server-1,GET,/api/work,200,27,,3
1788021017826,ui_round-robin_failure_1788021012331,round-robin,server-1,GET,/api/work,200,25,,2
1788021017826,ui_round-robin_failure_1788021012331,round-robin,server-3,GET,/api/work,200,26,,2
1788021017825,ui_round-robin_failure_1788021012331,round-robin,server-2,GET,/api/work,200,27,,3
1788021017832,ui_round-robin_failure_1788021012331,round-robin,server-2,GET,/api/work,200,26,,2
1788021017835,ui_round-robin_failure_1788021012331,round-robin,server-3,GET,/api/work,200,25,,2
1788021017837,ui_round-robin_failure_1788021012331,round-robin,server-1,GET,/api/work,200,27,,3
1788021017841,ui_round-robin_failure_1788021012331,round-robin,server-2,GET,/api/work,200,27,,3
1788021017843,ui_round-robin_failure_1788021012331,round-robin,server-3,GET,/api/work,200,26,,3
1788021017844,ui_round-robin_failure_1788021012331,round-robin,server-1,GET,/api/work,200,25,,3
1788021017848,ui_round-robin_failure_1788021012331,round-robin,server-2,GET,/api/work,200,27,,2
1788021017852,ui_round-robin_failure_1788021012331,round-robin,server-3,GET,/api/work,200,27,,2
1788021017859,ui_round-robin_failure_1788021012331,round-robin,server-1,GET,/api/work,200,28,,3
1788021017862,ui_round-robin_failure_1788021012331,round-robin,server-2,GET,/api/work,200,26,,3
1788021017862,ui_round-robin_failure_1788021012331,round-robin,server-3,GET,/api/work,200,27,,3
1788021017863,ui_round-robin_failure_1788021012331,round-robin,server-1,GET,/api/work,200,26,,3
1788021017868,ui_round-robin_failure_1788021012331,round-robin,server-2,GET,/api/work,200,26,,3
1788021017868,ui_round-robin_failure_1788021012331,round-robin,server-1,GET,/api/work,200,26,,2
1788021017868,ui_round-robin_failure_1788021012331,round-robin,server-3,GET,/api/work,200,27,,3
1788021017879,ui_round-robin_failure_1788021012331,round-robin,server-2,GET,/api/work,200,26,,3
1788021017879,ui_round-robin_failure_1788021012331,round-robin,server-3,GET,/api/work,200,27,,3
1788021017882,ui_round-robin_failure_1788021012331,round-robin,server-1,GET,/api/work,200,26,,3
1788021017884,ui_round-robin_failure_1788021012331,round-robin,server-3,GET,/api/work,200,28,,2
1788021017883,ui_round-robin_failure_1788021012331,round-robin,server-2,GET,/api/work,200,29,,3
1788021017889,ui_round-robin_failure_1788021012331,round-robin,server-1,GET,/api/work,200,26,,2
1788021017892,ui_round-robin_failure_1788021012331,round-robin,server-2,GET,/api/work,200,25,,2
1788021017894,ui_round-robin_failure_1788021012331,round-robin,server-3,GET,/api/work,200,26,,3
1788021017899,ui_round-robin_failure_1788021012331,round-robin,server-2,GET,/api/work,200,27,,3
1788021017899,ui_round-robin_failure_1788021012331,round-robin,server-3,GET,/api/work,200,27,,3
1788021017899,ui_round-robin_failure_1788021012331,round-robin,server-1,GET,/api/work,200,27,,3
1788021017906,ui_round-robin_failure_1788021012331,round-robin,server-1,GET,/api/work,200,26,,2
1788021017908,ui_round-robin_failure_1788021012331,round-robin,server-2,GET,/api/work,200,26,,2
1788021017917,ui_round-robin_failure_1788021012331,round-robin,server-3,GET,/api/work,200,26,,3
1788021017919,ui_round-robin_failure_1788021012331,round-robin,server-1,GET,/api/work,200,26,,3
1788021017919,ui_round-robin_failure_1788021012331,round-robin,server-2,GET,/api/work,200,27,,3
1788021017919,ui_round-robin_failure_1788021012331,round-robin,server-3,GET,/api/work,200,27,,2
1788021017924,ui_round-robin_failure_1788021012331,round-robin,server-1,GET,/api/work,200,26,,3
1788021017925,ui_round-robin_failure_1788021012331,round-robin,server-2,GET,/api/work,200,26,,3
1788021017926,ui_round-robin_failure_1788021012331,round-robin,server-3,GET,/api/work,200,26,,2
1788021017937,ui_round-robin_failure_1788021012331,round-robin,server-1,GET,/api/work,200,27,,3
1788021017937,ui_round-robin_failure_1788021012331,round-robin,server-2,GET,/api/work,200,27,,3
1788021017939,ui_round-robin_failure_1788021012331,round-robin,server-3,GET,/api/work,200,26,,3
1788021017943,ui_round-robin_failure_1788021012331,round-robin,server-2,GET,/api/work,200,26,,2
1788021017943,ui_round-robin_failure_1788021012331,round-robin,server-1,GET,/api/work,200,27,,3
1788021017947,ui_round-robin_failure_1788021012331,round-robin,server-3,GET,/api/work,200,27,,2
1788021017948,ui_round-robin_failure_1788021012331,round-robin,server-1,GET,/api/work,200,27,,2
1788021017951,ui_round-robin_failure_1788021012331,round-robin,server-2,GET,/api/work,200,25,,2
1788021017957,ui_round-robin_failure_1788021012331,round-robin,server-2,GET,/api/work,200,25,,2
1788021017957,ui_round-robin_failure_1788021012331,round-robin,server-1,GET,/api/work,200,25,,3
1788021017957,ui_round-robin_failure_1788021012331,round-robin,server-3,GET,/api/work,200,26,,3
1788021017963,ui_round-robin_failure_1788021012331,round-robin,server-3,GET,/api/work,200,26,,2
1788021017964,ui_round-robin_failure_1788021012331,round-robin,server-1,GET,/api/work,200,27,,2
1788021017974,ui_round-robin_failure_1788021012331,round-robin,server-2,GET,/api/work,200,26,,3
1788021017976,ui_round-robin_failure_1788021012331,round-robin,server-3,GET,/api/work,200,27,,3
1788021017977,ui_round-robin_failure_1788021012331,round-robin,server-2,GET,/api/work,200,26,,2
1788021017977,ui_round-robin_failure_1788021012331,round-robin,server-1,GET,/api/work,200,27,,3
1788021017982,ui_round-robin_failure_1788021012331,round-robin,server-1,GET,/api/work,200,25,,2
1788021017982,ui_round-robin_failure_1788021012331,round-robin,server-3,GET,/api/work,200,26,,3
1788021017983,ui_round-robin_failure_1788021012331,round-robin,server-2,GET,/api/work,200,26,,2
1788021017995,ui_round-robin_failure_1788021012331,round-robin,server-3,GET,/api/work,200,26,,3
1788021017996,ui_round-robin_failure_1788021012331,round-robin,server-1,GET,/api/work,200,25,,3
1788021017997,ui_round-robin_failure_1788021012331,round-robin,server-2,GET,/api/work,200,25,,3
1788021018000,ui_round-robin_failure_1788021012331,round-robin,server-3,GET,/api/work,200,26,,3
1788021018001,ui_round-robin_failure_1788021012331,round-robin,server-1,GET,/api/work,200,26,,2
1788021018004,ui_round-robin_failure_1788021012331,round-robin,server-2,GET,/api/work,200,26,,2
1788021018005,ui_round-robin_failure_1788021012331,round-robin,server-3,GET,/api/work,200,26,,2
1788021018007,ui_round-robin_failure_1788021012331,round-robin,server-1,GET,/api/work,200,26,,2
1788021018013,ui_round-robin_failure_1788021012331,round-robin,server-1,GET,/api/work,200,26,,2
1788021018013,ui_round-robin_failure_1788021012331,round-robin,server-3,GET,/api/work,200,26,,3
1788021018013,ui_round-robin_failure_1788021012331,round-robin,server-2,GET,/api/work,200,27,,3
1788021018020,ui_round-robin_failure_1788021012331,round-robin,server-2,GET,/api/work,200,25,,2
1788021018022,ui_round-robin_failure_1788021012331,round-robin,server-3,GET,/api/work,200,26,,2
1788021018031,ui_round-robin_failure_1788021012331,round-robin,server-1,GET,/api/work,200,27,,3
1788021018033,ui_round-robin_failure_1788021012331,round-robin,server-2,GET,/api/work,200,26,,3
1788021018033,ui_round-robin_failure_1788021012331,round-robin,server-3,GET,/api/work,200,27,,3
1788021018035,ui_round-robin_failure_1788021012331,round-robin,server-1,GET,/api/work,200,26,,2
1788021018039,ui_round-robin_failure_1788021012331,round-robin,server-3,GET,/api/work,200,27,,2
1788021018038,ui_round-robin_failure_1788021012331,round-robin,server-2,GET,/api/work,200,29,,3
1788021018040,ui_round-robin_failure_1788021012331,round-robin,server-1,GET,/api/work,200,28,,2
1788021018052,ui_round-robin_failure_1788021012331,round-robin,server-2,GET,/api/work,200,26,,3
1788021018053,ui_round-robin_failure_1788021012331,round-robin,server-3,GET,/api/work,200,26,,3
1788021018054,ui_round-robin_failure_1788021012331,round-robin,server-1,GET,/api/work,200,26,,3
1788021018057,ui_round-robin_failure_1788021012331,round-robin,server-3,GET,/api/work,200,26,,2
1788021018057,ui_round-robin_failure_1788021012331,round-robin,server-2,GET,/api/work,200,26,,3
1788021018062,ui_round-robin_failure_1788021012331,round-robin,server-1,GET,/api/work,200,26,,2
1788021018062,ui_round-robin_failure_1788021012331,round-robin,server-2,GET,/api/work,200,27,,2
1788021018066,ui_round-robin_failure_1788021012331,round-robin,server-3,GET,/api/work,200,26,,2
1788021018070,ui_round-robin_failure_1788021012331,round-robin,server-1,GET,/api/work,200,25,,2
1788021018070,ui_round-robin_failure_1788021012331,round-robin,server-3,GET,/api/work,200,26,,2
1788021018070,ui_round-robin_failure_1788021012331,round-robin,server-2,GET,/api/work,200,27,,2
1788021018075,ui_round-robin_failure_1788021012331,round-robin,server-1,GET,/api/work,200,26,,2
1788021018080,ui_round-robin_failure_1788021012331,round-robin,server-2,GET,/api/work,200,26,,2
1788021018088,ui_round-robin_failure_1788021012331,round-robin,server-3,GET,/api/work,200,26,,3
1788021018090,ui_round-robin_failure_1788021012331,round-robin,server-2,GET,/api/work,200,26,,3
1788021018090,ui_round-robin_failure_1788021012331,round-robin,server-1,GET,/api/work,200,27,,3
1788021018092,ui_round-robin_failure_1788021012331,round-robin,server-3,GET,/api/work,200,27,,2
1788021018097,ui_round-robin_failure_1788021012331,round-robin,server-1,GET,/api/work,200,25,,3
1788021018097,ui_round-robin_failure_1788021012331,round-robin,server-2,GET,/api/work,200,26,,3
1788021018098,ui_round-robin_failure_1788021012331,round-robin,server-3,GET,/api/work,200,26,,2
1788021018110,ui_round-robin_failure_1788021012331,round-robin,server-1,GET,/api/work,200,25,,3
1788021018111,ui_round-robin_failure_1788021012331,round-robin,server-2,GET,/api/work,200,26,,3
1788021018111,ui_round-robin_failure_1788021012331,round-robin,server-3,GET,/api/work,200,27,,3
1788021018114,ui_round-robin_failure_1788021012331,round-robin,server-2,GET,/api/work,200,25,,2
1788021018114,ui_round-robin_failure_1788021012331,round-robin,server-1,GET,/api/work,200,26,,3
1788021018119,ui_round-robin_failure_1788021012331,round-robin,server-1,GET,/api/work,200,26,,2
1788021018119,ui_round-robin_failure_1788021012331,round-robin,server-3,GET,/api/work,200,26,,2
1788021018123,ui_round-robin_failure_1788021012331,round-robin,server-2,GET,/api/work,200,26,,3
1788021018126,ui_round-robin_failure_1788021012331,round-robin,server-3,GET,/api/work,200,25,,2
1788021018127,ui_round-robin_failure_1788021012331,round-robin,server-1,GET,/api/work,200,27,,2
1788021018128,ui_round-robin_failure_1788021012331,round-robin,server-2,GET,/api/work,200,26,,2
1788021018131,ui_round-robin_failure_1788021012331,round-robin,server-3,GET,/api/work,200,25,,2
1788021018137,ui_round-robin_failure_1788021012331,round-robin,server-1,GET,/api/work,200,25,,2
1788021018146,ui_round-robin_failure_1788021012331,round-robin,server-3,GET,/api/work,200,26,,3
1788021018146,ui_round-robin_failure_1788021012331,round-robin,server-2,GET,/api/work,200,27,,3
1788021018147,ui_round-robin_failure_1788021012331,round-robin,server-1,GET,/api/work,200,26,,3
1788021018149,ui_round-robin_failure_1788021012331,round-robin,server-2,GET,/api/work,200,26,,2
1788021018154,ui_round-robin_failure_1788021012331,round-robin,server-3,GET,/api/work,200,26,,3
1788021018154,ui_round-robin_failure_1788021012331,round-robin,server-1,GET,/api/work,200,26,,2
1788021018155,ui_round-robin_failure_1788021012331,round-robin,server-2,GET,/api/work,200,27,,3
1788021018166,ui_round-robin_failure_1788021012331,round-robin,server-3,GET,/api/work,200,26,,3
1788021018168,ui_round-robin_failure_1788021012331,round-robin,server-1,GET,/api/work,200,25,,3
1788021018168,ui_round-robin_failure_1788021012331,round-robin,server-2,GET,/api/work,200,26,,3
1788021018169,ui_round-robin_failure_1788021012331,round-robin,server-3,GET,/api/work,200,26,,3
1788021018170,ui_round-robin_failure_1788021012331,round-robin,server-1,GET,/api/work,200,26,,2
1788021018176,ui_round-robin_failure_1788021012331,round-robin,server-2,GET,/api/work,200,25,,2
1788021018176,ui_round-robin_failure_1788021012331,round-robin,server-3,GET,/api/work,200,26,,2
1788021018181,ui_round-robin_failure_1788021012331,round-robin,server-1,GET,/api/work,200,26,,3
1788021018181,ui_round-robin_failure_1788021012331,round-robin,server-2,GET,/api/work,200,27,,2
1788021018185,ui_round-robin_failure_1788021012331,round-robin,server-3,GET,/api/work,200,26,,2
1788021018186,ui_round-robin_failure_1788021012331,round-robin,server-1,GET,/api/work,200,26,,2
1788021018187,ui_round-robin_failure_1788021012331,round-robin,server-2,GET,/api/work,200,26,,2
1788021018193,ui_round-robin_failure_1788021012331,round-robin,server-3,GET,/api/work,200,26,,2
1788021018202,ui_round-robin_failure_1788021012331,round-robin,server-1,GET,/api/work,200,26,,3
1788021018203,ui_round-robin_failure_1788021012331,round-robin,server-2,GET,/api/work,200,25,,3
1788021018204,ui_round-robin_failure_1788021012331,round-robin,server-3,GET,/api/work,200,26,,3
1788021018206,ui_round-robin_failure_1788021012331,round-robin,server-1,GET,/api/work,200,26,,3
1788021018212,ui_round-robin_failure_1788021012331,round-robin,server-3,GET,/api/work,200,26,,3
1788021018212,ui_round-robin_failure_1788021012331,round-robin,server-1,GET,/api/work,200,26,,2
1788021018212,ui_round-robin_failure_1788021012331,round-robin,server-2,GET,/api/work,200,27,,3
1788021018223,ui_round-robin_failure_1788021012331,round-robin,server-2,GET,/api/work,200,26,,3
1788021018224,ui_round-robin_failure_1788021012331,round-robin,server-3,GET,/api/work,200,26,,3
1788021018225,ui_round-robin_failure_1788021012331,round-robin,server-1,GET,/api/work,200,26,,3
1788021018226,ui_round-robin_failure_1788021012331,round-robin,server-2,GET,/api/work,200,26,,3
1788021018226,ui_round-robin_failure_1788021012331,round-robin,server-3,GET,/api/work,200,27,,2
1788021018232,ui_round-robin_failure_1788021012331,round-robin,server-1,GET,/api/work,200,26,,2
1788021018232,ui_round-robin_failure_1788021012331,round-robin,server-2,GET,/api/work,200,27,,2
1788021018237,ui_round-robin_failure_1788021012331,round-robin,server-3,GET,/api/work,200,26,,3
1788021018238,ui_round-robin_failure_1788021012331,round-robin,server-1,GET,/api/work,200,27,,2
1788021018242,ui_round-robin_failure_1788021012331,round-robin,server-3,GET,/api/work,200,26,,2
1788021018242,ui_round-robin_failure_1788021012331,round-robin,server-1,GET,/api/work,200,26,,1
1788021018242,ui_round-robin_failure_1788021012331,round-robin,server-2,GET,/api/work,200,27,,2
1788021018249,ui_round-robin_failure_1788021012331,round-robin,server-2,GET,/api/work,200,26,,2
1788021018259,ui_round-robin_failure_1788021012331,round-robin,server-1,GET,/api/work,200,25,,3
1788021018258,ui_round-robin_failure_1788021012331,round-robin,server-3,GET,/api/work,200,27,,3
1788021018261,ui_round-robin_failure_1788021012331,round-robin,server-2,GET,/api/work,200,26,,3
1788021018263,ui_round-robin_failure_1788021012331,round-robin,server-3,GET,/api/work,200,26,,2
1788021018269,ui_round-robin_failure_1788021012331,round-robin,server-1,GET,/api/work,200,26,,3
1788021018269,ui_round-robin_failure_1788021012331,round-robin,server-2,GET,/api/work,200,27,,3
1788021018269,ui_round-robin_failure_1788021012331,round-robin,server-3,GET,/api/work,200,27,,3
1788021018280,ui_round-robin_failure_1788021012331,round-robin,server-1,GET,/api/work,200,26,,4
1788021018280,ui_round-robin_failure_1788021012331,round-robin,server-2,GET,/api/work,200,26,,3
1788021018282,ui_round-robin_failure_1788021012331,round-robin,server-3,GET,/api/work,200,25,,3
1788021018283,ui_round-robin_failure_1788021012331,round-robin,server-1,GET,/api/work,200,26,,3
1788021018283,ui_round-robin_failure_1788021012331,round-robin,server-2,GET,/api/work,200,27,,2
1788021018290,ui_round-robin_failure_1788021012331,round-robin,server-3,GET,/api/work,200,25,,3
1788021018290,ui_round-robin_failure_1788021012331,round-robin,server-1,GET,/api/work,200,26,,2
1788021018295,ui_round-robin_failure_1788021012331,round-robin,server-3,GET,/api/work,200,25,,2
1788021018295,ui_round-robin_failure_1788021012331,round-robin,server-2,GET,/api/work,200,26,,2
1788021018299,ui_round-robin_failure_1788021012331,round-robin,server-2,GET,/api/work,200,26,,2
1788021018299,ui_round-robin_failure_1788021012331,round-robin,server-3,GET,/api/work,200,26,,1
1788021018299,ui_round-robin_failure_1788021012331,round-robin,server-1,GET,/api/work,200,27,,2
1788021018306,ui_round-robin_failure_1788021012331,round-robin,server-1,GET,/api/work,200,25,,2
1788021018315,ui_round-robin_failure_1788021012331,round-robin,server-3,GET,/api/work,200,25,,2
1788021018315,ui_round-robin_failure_1788021012331,round-robin,server-2,GET,/api/work,200,26,,3
1788021018318,ui_round-robin_failure_1788021012331,round-robin,server-1,GET,/api/work,200,25,,3
1788021018321,ui_round-robin_failure_1788021012331,round-robin,server-2,GET,/api/work,200,26,,3
1788021018327,ui_round-robin_failure_1788021012331,round-robin,server-1,GET,/api/work,200,25,,3
1788021018326,ui_round-robin_failure_1788021012331,round-robin,server-3,GET,/api/work,200,27,,3
1788021018327,ui_round-robin_failure_1788021012331,round-robin,server-2,GET,/api/work,200,26,,3
1788021018337,ui_round-robin_failure_1788021012331,round-robin,server-3,GET,/api/work,200,26,,4
1788021018337,ui_round-robin_failure_1788021012331,round-robin,server-1,GET,/api/work,200,26,,3
1788021018337,ui_round-robin_failure_1788021012331,round-robin,server-2,GET,/api/work,200,27,,3
1788021018341,ui_round-robin_failure_1788021012331,round-robin,server-3,GET,/api/work,200,28,,3
1788021018341,ui_round-robin_failure_1788021012331,round-robin,server-1,GET,/api/work,200,28,,2
1788021018346,ui_round-robin_failure_1788021012331,round-robin,server-2,GET,/api/work,200,26,,2
1788021018346,ui_round-robin_failure_1788021012331,round-robin,server-3,GET,/api/work,200,26,,2
1788021018351,ui_round-robin_failure_1788021012331,round-robin,server-1,GET,/api/work,200,27,,2
1788021018352,ui_round-robin_failure_1788021012331,round-robin,server-2,GET,/api/work,200,27,,2
1788021018356,ui_round-robin_failure_1788021012331,round-robin,server-3,GET,/api/work,200,25,,2
1788021018357,ui_round-robin_failure_1788021012331,round-robin,server-2,GET,/api/work,200,27,,2
1788021018357,ui_round-robin_failure_1788021012331,round-robin,server-1,GET,/api/work,200,27,,2
1788021018361,ui_round-robin_failure_1788021012331,round-robin,server-3,GET,/api/work,200,26,,2
1788021018371,ui_round-robin_failure_1788021012331,round-robin,server-1,GET,/api/work,200,26,,3
1788021018372,ui_round-robin_failure_1788021012331,round-robin,server-2,GET,/api/work,200,26,,2
1788021018374,ui_round-robin_failure_1788021012331,round-robin,server-3,GET,/api/work,200,27,,3
1788021018378,ui_round-robin_failure_1788021012331,round-robin,server-1,GET,/api/work,200,26,,3
1788021018381,ui_round-robin_failure_1788021012331,round-robin,server-2,GET,/api/work,200,26,,3
1788021018383,ui_round-robin_failure_1788021012331,round-robin,server-3,GET,/api/work,200,26,,3
1788021018384,ui_round-robin_failure_1788021012331,round-robin,server-1,GET,/api/work,200,26,,3
1788021018393,ui_round-robin_failure_1788021012331,round-robin,server-2,GET,/api/work,200,26,,4
1788021018394,ui_round-robin_failure_1788021012331,round-robin,server-3,GET,/api/work,200,26,,3
1788021018395,ui_round-robin_failure_1788021012331,round-robin,server-1,GET,/api/work,200,25,,3
1788021018399,ui_round-robin_failure_1788021012331,round-robin,server-2,GET,/api/work,200,27,,3
1788021018400,ui_round-robin_failure_1788021012331,round-robin,server-3,GET,/api/work,200,27,,2
1788021018404,ui_round-robin_failure_1788021012331,round-robin,server-2,GET,/api/work,200,26,,2
1788021018404,ui_round-robin_failure_1788021012331,round-robin,server-1,GET,/api/work,200,27,,3
1788021018407,ui_round-robin_failure_1788021012331,round-robin,server-3,GET,/api/work,200,26,,2
1788021018411,ui_round-robin_failure_1788021012331,round-robin,server-2,GET,/api/work,200,27,,2
1788021018409,ui_round-robin_failure_1788021012331,round-robin,server-1,GET,/api/work,200,29,,2
1788021018415,ui_round-robin_failure_1788021012331,round-robin,server-1,GET,/api/work,200,26,,2
1788021018415,ui_round-robin_failure_1788021012331,round-robin,server-3,GET,/api/work,200,27,,3
1788021018418,ui_round-robin_failure_1788021012331,round-robin,server-2,GET,/api/work,200,26,,2
1788021018427,ui_round-robin_failure_1788021012331,round-robin,server-3,GET,/api/work,200,27,,3
1788021018431,ui_round-robin_failure_1788021012331,round-robin,server-2,GET,/api/work,200,25,,2
1788021018429,ui_round-robin_failure_1788021012331,round-robin,server-1,GET,/api/work,200,30,,3
1788021018438,ui_round-robin_failure_1788021012331,round-robin,server-3,GET,/api/work,200,26,,3
1788021018439,ui_round-robin_failure_1788021012331,round-robin,server-1,GET,/api/work,200,27,,3
1788021018440,ui_round-robin_failure_1788021012331,round-robin,server-2,GET,/api/work,200,26,,3
1788021018441,ui_round-robin_failure_1788021012331,round-robin,server-3,GET,/api/work,200,26,,2
1788021018451,ui_round-robin_failure_1788021012331,round-robin,server-1,GET,/api/work,200,25,,4
1788021018451,ui_round-robin_failure_1788021012331,round-robin,server-2,GET,/api/work,200,28,,3
1788021018452,ui_round-robin_failure_1788021012331,round-robin,server-3,GET,/api/work,200,28,,3
1788021018457,ui_round-robin_failure_1788021012331,round-robin,server-2,GET,/api/work,200,27,,2
1788021018456,ui_round-robin_failure_1788021012331,round-robin,server-1,GET,/api/work,200,29,,3
1788021018461,ui_round-robin_failure_1788021012331,round-robin,server-3,GET,/api/work,200,27,,2
1788021018461,ui_round-robin_failure_1788021012331,round-robin,server-1,GET,/api/work,200,27,,2
1788021018463,ui_round-robin_failure_1788021012331,round-robin,server-2,GET,/api/work,200,26,,2
1788021018469,ui_round-robin_failure_1788021012331,round-robin,server-1,GET,/api/work,200,26,,2
1788021018469,ui_round-robin_failure_1788021012331,round-robin,server-3,GET,/api/work,200,27,,2
1788021018472,ui_round-robin_failure_1788021012331,round-robin,server-2,GET,/api/work,200,27,,3
1788021018473,ui_round-robin_failure_1788021012331,round-robin,server-3,GET,/api/work,200,27,,2
1788021018475,ui_round-robin_failure_1788021012331,round-robin,server-1,GET,/api/work,200,26,,2
1788021018485,ui_round-robin_failure_1788021012331,round-robin,server-2,GET,/api/work,200,26,,3
1788021018488,ui_round-robin_failure_1788021012331,round-robin,server-3,GET,/api/work,200,27,,2
1788021018490,ui_round-robin_failure_1788021012331,round-robin,server-1,GET,/api/work,200,26,,3
1788021018496,ui_round-robin_failure_1788021012331,round-robin,server-2,GET,/api/work,200,26,,3
1788021018497,ui_round-robin_failure_1788021012331,round-robin,server-1,GET,/api/work,200,27,,3
1788021018497,ui_round-robin_failure_1788021012331,round-robin,server-3,GET,/api/work,200,27,,3
1788021018498,ui_round-robin_failure_1788021012331,round-robin,server-2,GET,/api/work,200,28,,2
1788021018507,ui_round-robin_failure_1788021012331,round-robin,server-3,GET,/api/work,200,26,,4
1788021018510,ui_round-robin_failure_1788021012331,round-robin,server-2,GET,/api/work,200,27,,3
1788021018510,ui_round-robin_failure_1788021012331,round-robin,server-1,GET,/api/work,200,28,,3
1788021018515,ui_round-robin_failure_1788021012331,round-robin,server-3,GET,/api/work,200,27,,3
1788021018516,ui_round-robin_failure_1788021012331,round-robin,server-1,GET,/api/work,200,29,,3
1788021018520,ui_round-robin_failure_1788021012331,round-robin,server-3,GET,/api/work,200,26,,2
1788021018519,ui_round-robin_failure_1788021012331,round-robin,server-2,GET,/api/work,200,28,,3
1788021018521,ui_round-robin_failure_1788021012331,round-robin,server-1,GET,/api/work,200,27,,2
1788021018527,ui_round-robin_failure_1788021012331,round-robin,server-2,GET,/api/work,200,27,,2
1788021018527,ui_round-robin_failure_1788021012331,round-robin,server-3,GET,/api/work,200,27,,2
1788021018530,ui_round-robin_failure_1788021012331,round-robin,server-2,GET,/api/work,200,27,,2
1788021018530,ui_round-robin_failure_1788021012331,round-robin,server-1,GET,/api/work,200,27,,2
1788021018532,ui_round-robin_failure_1788021012331,round-robin,server-3,GET,/api/work,200,27,,2
1788021018542,ui_round-robin_failure_1788021012331,round-robin,server-1,GET,/api/work,200,25,,2
1788021018546,ui_round-robin_failure_1788021012331,round-robin,server-3,GET,/api/work,200,26,,2
1788021018546,ui_round-robin_failure_1788021012331,round-robin,server-2,GET,/api/work,200,27,,3
1788021018556,ui_round-robin_failure_1788021012331,round-robin,server-3,GET,/api/work,200,26,,3
1788021018555,ui_round-robin_failure_1788021012331,round-robin,server-1,GET,/api/work,200,28,,3
1788021018556,ui_round-robin_failure_1788021012331,round-robin,server-2,GET,/api/work,200,27,,3
1788021018558,ui_round-robin_failure_1788021012331,round-robin,server-1,GET,/api/work,200,29,,2
1788021018564,ui_round-robin_failure_1788021012331,round-robin,server-2,GET,/api/work,200,27,,4
1788021018568,ui_round-robin_failure_1788021012331,round-robin,server-3,GET,/api/work,200,26,,3
1788021018570,ui_round-robin_failure_1788021012331,round-robin,server-1,GET,/api/work,200,26,,3
1788021018572,ui_round-robin_failure_1788021012331,round-robin,server-2,GET,/api/work,200,27,,3
1788021018575,ui_round-robin_failure_1788021012331,round-robin,server-3,GET,/api/work,200,27,,3
1788021018576,ui_round-robin_failure_1788021012331,round-robin,server-1,GET,/api/work,200,27,,2
1788021018578,ui_round-robin_failure_1788021012331,round-robin,server-2,GET,/api/work,200,27,,2
1788021018579,ui_round-robin_failure_1788021012331,round-robin,server-3,GET,/api/work,200,27,,2
1788021018589,ui_round-robin_failure_1788021012331,round-robin,server-1,GET,/api/work,200,26,,3
1788021018589,ui_round-robin_failure_1788021012331,round-robin,server-3,GET,/api/work,200,27,,2
1788021018589,ui_round-robin_failure_1788021012331,round-robin,server-2,GET,/api/work,200,28,,3
1788021018589,ui_round-robin_failure_1788021012331,round-robin,server-1,GET,/api/work,200,29,,2
1788021018590,ui_round-robin_failure_1788021012331,round-robin,server-2,GET,/api/work,200,29,,2
1788021018598,ui_round-robin_failure_1788021012331,round-robin,server-3,GET,/api/work,200,27,,2
1788021018606,ui_round-robin_failure_1788021012331,round-robin,server-1,GET,/api/work,200,26,,3
1788021018606,ui_round-robin_failure_1788021012331,round-robin,server-2,GET,/api/work,200,26,,2
1788021018613,ui_round-robin_failure_1788021012331,round-robin,server-2,GET,/api/work,200,27,,3
1788021018613,ui_round-robin_failure_1788021012331,round-robin,server-3,GET,/api/work,200,27,,3
1788021018613,ui_round-robin_failure_1788021012331,round-robin,server-1,GET,/api/work,200,27,,3
1788021018620,ui_round-robin_failure_1788021012331,round-robin,server-3,GET,/api/work,200,26,,2
1788021018622,ui_round-robin_failure_1788021012331,round-robin,server-1,GET,/api/work,200,25,,2
1788021018625,ui_round-robin_failure_1788021012331,round-robin,server-2,GET,/api/work,200,26,,3
1788021018627,ui_round-robin_failure_1788021012331,round-robin,server-3,GET,/api/work,200,26,,3
1788021018631,ui_round-robin_failure_1788021012331,round-robin,server-1,GET,/api/work,200,26,,3
1788021018635,ui_round-robin_failure_1788021012331,round-robin,server-3,GET,/api/work,200,26,,2
1788021018635,ui_round-robin_failure_1788021012331,round-robin,server-2,GET,/api/work,200,27,,3
1788021018637,ui_round-robin_failure_1788021012331,round-robin,server-1,GET,/api/work,200,26,,2
1788021018638,ui_round-robin_failure_1788021012331,round-robin,server-2,GET,/api/work,200,26,,2
1788021018648,ui_round-robin_failure_1788021012331,round-robin,server-1,GET,/api/work,200,26,,3
1788021018648,ui_round-robin_failure_1788021012331,round-robin,server-3,GET,/api/work,200,26,,3
1788021018651,ui_round-robin_failure_1788021012331,round-robin,server-2,GET,/api/work,200,25,,2
1788021018651,ui_round-robin_failure_1788021012331,round-robin,server-1,GET,/api/work,200,26,,2
1788021018651,ui_round-robin_failure_1788021012331,round-robin,server-3,GET,/api/work,200,27,,2
1788021018656,ui_round-robin_failure_1788021012331,round-robin,server-2,GET,/api/work,200,26,,2
1788021018664,ui_round-robin_failure_1788021012331,round-robin,server-3,GET,/api/work,200,25,,3
1788021018664,ui_round-robin_failure_1788021012331,round-robin,server-1,GET,/api/work,200,27,,2
1788021018671,ui_round-robin_failure_1788021012331,round-robin,server-1,GET,/api/work,200,27,,3
1788021018671,ui_round-robin_failure_1788021012331,round-robin,server-2,GET,/api/work,200,27,,3
1788021018671,ui_round-robin_failure_1788021012331,round-robin,server-3,GET,/api/work,200,28,,3
1788021018676,ui_round-robin_failure_1788021012331,round-robin,server-2,GET,/api/work,200,26,,2
1788021018678,ui_round-robin_failure_1788021012331,round-robin,server-3,GET,/api/work,200,26,,2
1788021018682,ui_round-robin_failure_1788021012331,round-robin,server-1,GET,/api/work,200,25,,2
1788021018683,ui_round-robin_failure_1788021012331,round-robin,server-2,GET,/api/work,200,25,,3
1788021018688,ui_round-robin_failure_1788021012331,round-robin,server-3,GET,/api/work,200,26,,3
1788021018692,ui_round-robin_failure_1788021012331,round-robin,server-2,GET,/api/work,200,26,,2
1788021018692,ui_round-robin_failure_1788021012331,round-robin,server-1,GET,/api/work,200,27,,3
1788021018694,ui_round-robin_failure_1788021012331,round-robin,server-3,GET,/api/work,200,25,,2
1788021018695,ui_round-robin_failure_1788021012331,round-robin,server-1,GET,/api/work,200,26,,2
1788021018705,ui_round-robin_failure_1788021012331,round-robin,server-2,GET,/api/work,200,26,,3
1788021018705,ui_round-robin_failure_1788021012331,round-robin,server-3,GET,/api/work,200,26,,3
1788021018708,ui_round-robin_failure_1788021012331,round-robin,server-1,GET,/api/work,200,25,,3
1788021018708,ui_round-robin_failure_1788021012331,round-robin,server-2,GET,/api/work,200,26,,2
1788021018708,ui_round-robin_failure_1788021012331,round-robin,server-3,GET,/api/work,200,27,,2
1788021018713,ui_round-robin_failure_1788021012331,round-robin,server-1,GET,/api/work,200,26,,2
1788021018718,ui_round-robin_failure_1788021012331,round-robin,server-2,GET,/api/work,200,26,,3
1788021018721,ui_round-robin_failure_1788021012331,round-robin,server-3,GET,/api/work,200,26,,2
1788021018729,ui_round-robin_failure_1788021012331,round-robin,server-1,GET,/api/work,200,26,,3
1788021018729,ui_round-robin_failure_1788021012331,round-robin,server-2,GET,/api/work,200,27,,3
1788021018729,ui_round-robin_failure_1788021012331,round-robin,server-3,GET,/api/work,200,27,,3
1788021018733,ui_round-robin_failure_1788021012331,round-robin,server-1,GET,/api/work,200,25,,2
1788021018735,ui_round-robin_failure_1788021012331,round-robin,server-2,GET,/api/work,200,26,,2
1788021018738,ui_round-robin_failure_1788021012331,round-robin,server-3,GET,/api/work,200,25,,2
1788021018739,ui_round-robin_failure_1788021012331,round-robin,server-1,GET,/api/work,200,26,,2
1788021018744,ui_round-robin_failure_1788021012331,round-robin,server-2,GET,/api/work,200,26,,3
1788021018749,ui_round-robin_failure_1788021012331,round-robin,server-2,GET,/api/work,200,26,,2
1788021018749,ui_round-robin_failure_1788021012331,round-robin,server-3,GET,/api/work,200,26,,3
1788021018749,ui_round-robin_failure_1788021012331,round-robin,server-1,GET,/api/work,200,27,,3
1788021018752,ui_round-robin_failure_1788021012331,round-robin,server-3,GET,/api/work,200,26,,2
1788021018761,ui_round-robin_failure_1788021012331,round-robin,server-2,GET,/api/work,200,26,,2
1788021018761,ui_round-robin_failure_1788021012331,round-robin,server-1,GET,/api/work,200,27,,3
1788021018764,ui_round-robin_failure_1788021012331,round-robin,server-3,GET,/api/work,200,25,,3
1788021018765,ui_round-robin_failure_1788021012331,round-robin,server-1,GET,/api/work,200,26,,2
1788021018766,ui_round-robin_failure_1788021012331,round-robin,server-2,GET,/api/work,200,26,,2
1788021018769,ui_round-robin_failure_1788021012331,round-robin,server-3,GET,/api/work,200,26,,2
1788021018776,ui_round-robin_failure_1788021012331,round-robin,server-1,GET,/api/work,200,25,,3
1788021018778,ui_round-robin_failure_1788021012331,round-robin,server-2,GET,/api/work,200,27,,2
1788021018786,ui_round-robin_failure_1788021012331,round-robin,server-3,GET,/api/work,200,26,,3
1788021018788,ui_round-robin_failure_1788021012331,round-robin,server-1,GET,/api/work,200,25,,3
1788021018788,ui_round-robin_failure_1788021012331,round-robin,server-2,GET,/api/work,200,27,,3
1788021018789,ui_round-robin_failure_1788021012331,round-robin,server-3,GET,/api/work,200,27,,2
1788021018792,ui_round-robin_failure_1788021012331,round-robin,server-1,GET,/api/work,200,26,,2
1788021018794,ui_round-robin_failure_1788021012331,round-robin,server-2,GET,/api/work,200,25,,2
1788021018795,ui_round-robin_failure_1788021012331,round-robin,server-3,GET,/api/work,200,27,,3
1788021018801,ui_round-robin_failure_1788021012331,round-robin,server-1,GET,/api/work,200,26,,3
1788021018806,ui_round-robin_failure_1788021012331,round-robin,server-3,GET,/api/work,200,26,,3
1788021018806,ui_round-robin_failure_1788021012331,round-robin,server-1,GET,/api/work,200,27,,2
1788021018806,ui_round-robin_failure_1788021012331,round-robin,server-2,GET,/api/work,200,27,,3
1788021018808,ui_round-robin_failure_1788021012331,round-robin,server-2,GET,/api/work,200,26,,2
1788021018818,ui_round-robin_failure_1788021012331,round-robin,server-1,GET,/api/work,200,26,,2
1788021018818,ui_round-robin_failure_1788021012331,round-robin,server-3,GET,/api/work,200,26,,3
1788021018819,ui_round-robin_failure_1788021012331,round-robin,server-2,GET,/api/work,200,26,,2
1788021018821,ui_round-robin_failure_1788021012331,round-robin,server-3,GET,/api/work,200,25,,2
1788021018823,ui_round-robin_failure_1788021012331,round-robin,server-1,GET,/api/work,200,27,,2
1788021018826,ui_round-robin_failure_1788021012331,round-robin,server-2,GET,/api/work,200,26,,2
1788021018832,ui_round-robin_failure_1788021012331,round-robin,server-3,GET,/api/work,200,26,,2
1788021018835,ui_round-robin_failure_1788021012331,round-robin,server-1,GET,/api/work,200,26,,2
1788021018843,ui_round-robin_failure_1788021012331,round-robin,server-2,GET,/api/work,200,26,,3
1788021018845,ui_round-robin_failure_1788021012331,round-robin,server-1,GET,/api/work,200,25,,3
1788021018843,ui_round-robin_failure_1788021012331,round-robin,server-3,GET,/api/work,200,28,,3
1788021018846,ui_round-robin_failure_1788021012331,round-robin,server-2,GET,/api/work,200,25,,2
1788021018849,ui_round-robin_failure_1788021012331,round-robin,server-3,GET,/api/work,200,26,,3
1788021018850,ui_round-robin_failure_1788021012331,round-robin,server-1,GET,/api/work,200,27,,3
1788021018853,ui_round-robin_failure_1788021012331,round-robin,server-2,GET,/api/work,200,26,,3
1788021018858,ui_round-robin_failure_1788021012331,round-robin,server-3,GET,/api/work,200,27,,3
1788021018863,ui_round-robin_failure_1788021012331,round-robin,server-1,GET,/api/work,200,25,,3
1788021018864,ui_round-robin_failure_1788021012331,round-robin,server-3,GET,/api/work,200,25,,2
1788021018863,ui_round-robin_failure_1788021012331,round-robin,server-2,GET,/api/work,200,27,,3
1788021018865,ui_round-robin_failure_1788021012331,round-robin,server-1,GET,/api/work,200,27,,2
1788021018874,ui_round-robin_failure_1788021012331,round-robin,server-2,GET,/api/work,200,26,,2
1788021018876,ui_round-robin_failure_1788021012331,round-robin,server-1,GET,/api/work,200,26,,2
1788021018875,ui_round-robin_failure_1788021012331,round-robin,server-3,GET,/api/work,200,27,,3
1788021018877,ui_round-robin_failure_1788021012331,round-robin,server-2,GET,/api/work,200,26,,2
1788021018881,ui_round-robin_failure_1788021012331,round-robin,server-3,GET,/api/work,200,25,,2
1788021018883,ui_round-robin_failure_1788021012331,round-robin,server-1,GET,/api/work,200,27,,2
1788021018889,ui_round-robin_failure_1788021012331,round-robin,server-2,GET,/api/work,200,26,,2
1788021018891,ui_round-robin_failure_1788021012331,round-robin,server-3,GET,/api/work,200,27,,2
1788021018901,ui_round-robin_failure_1788021012331,round-robin,server-1,GET,/api/work,200,27,,3
1788021018901,ui_round-robin_failure_1788021012331,round-robin,server-2,GET,/api/work,200,27,,3
1788021018902,ui_round-robin_failure_1788021012331,round-robin,server-1,GET,/api/work,200,26,,2
1788021018902,ui_round-robin_failure_1788021012331,round-robin,server-3,GET,/api/work,200,27,,3
1788021018907,ui_round-robin_failure_1788021012331,round-robin,server-2,GET,/api/work,200,26,,2
1788021018907,ui_round-robin_failure_1788021012331,round-robin,server-3,GET,/api/work,200,27,,2
1788021018911,ui_round-robin_failure_1788021012331,round-robin,server-1,GET,/api/work,200,26,,3
1788021018916,ui_round-robin_failure_1788021012331,round-robin,server-2,GET,/api/work,200,26,,3
1788021018919,ui_round-robin_failure_1788021012331,round-robin,server-3,GET,/api/work,200,26,,3
1788021018921,ui_round-robin_failure_1788021012331,round-robin,server-2,GET,/api/work,200,25,,2
1788021018920,ui_round-robin_failure_1788021012331,round-robin,server-1,GET,/api/work,200,28,,3
1788021018922,ui_round-robin_failure_1788021012331,round-robin,server-3,GET,/api/work,200,26,,2
1788021018931,ui_round-robin_failure_1788021012331,round-robin,server-1,GET,/api/work,200,26,,2
1788021018935,ui_round-robin_failure_1788021012331,round-robin,server-2,GET,/api/work,200,25,,3
1788021018935,ui_round-robin_failure_1788021012331,round-robin,server-3,GET,/api/work,200,26,,3
1788021018935,ui_round-robin_failure_1788021012331,round-robin,server-1,GET,/api/work,200,26,,2
1788021018938,ui_round-robin_failure_1788021012331,round-robin,server-2,GET,/api/work,200,26,,2
1788021018941,ui_round-robin_failure_1788021012331,round-robin,server-3,GET,/api/work,200,27,,2
1788021018946,ui_round-robin_failure_1788021012331,round-robin,server-1,GET,/api/work,200,27,,3
1788021018949,ui_round-robin_failure_1788021012331,round-robin,server-2,GET,/api/work,200,26,,2
1788021018959,ui_round-robin_failure_1788021012331,round-robin,server-1,GET,/api/work,200,27,,3
1788021018959,ui_round-robin_failure_1788021012331,round-robin,server-3,GET,/api/work,200,27,,3
1788021018960,ui_round-robin_failure_1788021012331,round-robin,server-3,GET,/api/work,200,27,,2
1788021018959,ui_round-robin_failure_1788021012331,round-robin,server-2,GET,/api/work,200,28,,3
1788021018965,ui_round-robin_failure_1788021012331,round-robin,server-1,GET,/api/work,200,25,,2
1788021018966,ui_round-robin_failure_1788021012331,round-robin,server-2,GET,/api/work,200,27,,3
1788021018968,ui_round-robin_failure_1788021012331,round-robin,server-3,GET,/api/work,200,26,,3
1788021018972,ui_round-robin_failure_1788021012331,round-robin,server-1,GET,/api/work,200,26,,3
1788021018976,ui_round-robin_failure_1788021012331,round-robin,server-2,GET,/api/work,200,26,,3
1788021018978,ui_round-robin_failure_1788021012331,round-robin,server-3,GET,/api/work,200,26,,2
1788021018978,ui_round-robin_failure_1788021012331,round-robin,server-1,GET,/api/work,200,26,,2
1788021018983,ui_round-robin_failure_1788021012331,round-robin,server-2,GET,/api/work,200,27,,2
1788021018988,ui_round-robin_failure_1788021012331,round-robin,server-3,GET,/api/work,200,26,,2
1788021018991,ui_round-robin_failure_1788021012331,round-robin,server-1,GET,/api/work,200,25,,2
1788021018992,ui_round-robin_failure_1788021012331,round-robin,server-2,GET,/api/work,200,26,,3
1788021018993,ui_round-robin_failure_1788021012331,round-robin,server-3,GET,/api/work,200,26,,2
1788021018994,ui_round-robin_failure_1788021012331,round-robin,server-1,GET,/api/work,200,26,,2
1788021018998,ui_round-robin_failure_1788021012331,round-robin,server-2,GET,/api/work,200,26,,3
1788021019005,ui_round-robin_failure_1788021012331,round-robin,server-3,GET,/api/work,200,27,,3
1788021019006,ui_round-robin_failure_1788021012331,round-robin,server-1,GET,/api/work,200,26,,2
1788021019016,ui_round-robin_failure_1788021012331,round-robin,server-3,GET,/api/work,200,26,,3
1788021019016,ui_round-robin_failure_1788021012331,round-robin,server-2,GET,/api/work,200,27,,3
1788021019018,ui_round-robin_failure_1788021012331,round-robin,server-2,GET,/api/work,200,26,,2
1788021019018,ui_round-robin_failure_1788021012331,round-robin,server-1,GET,/api/work,200,27,,3
1788021019021,ui_round-robin_failure_1788021012331,round-robin,server-3,GET,/api/work,200,27,,2
1788021019024,ui_round-robin_failure_1788021012331,round-robin,server-2,GET,/api/work,200,25,,2
1788021019023,ui_round-robin_failure_1788021012331,round-robin,server-1,GET,/api/work,200,26,,2
1788021019029,ui_round-robin_failure_1788021012331,round-robin,server-3,GET,/api/work,200,25,,3
1788021019033,ui_round-robin_failure_1788021012331,round-robin,server-1,GET,/api/work,200,27,,3
1788021019036,ui_round-robin_failure_1788021012331,round-robin,server-2,GET,/api/work,200,25,,2
1788021019036,ui_round-robin_failure_1788021012331,round-robin,server-3,GET,/api/work,200,27,,2
1788021019040,ui_round-robin_failure_1788021012331,round-robin,server-1,GET,/api/work,200,26,,2
1788021019045,ui_round-robin_failure_1788021012331,round-robin,server-2,GET,/api/work,200,26,,2
1788021019048,ui_round-robin_failure_1788021012331,round-robin,server-3,GET,/api/work,200,26,,2
1788021019049,ui_round-robin_failure_1788021012331,round-robin,server-1,GET,/api/work,200,26,,2
1788021019050,ui_round-robin_failure_1788021012331,round-robin,server-2,GET,/api/work,200,25,,2
1788021019051,ui_round-robin_failure_1788021012331,round-robin,server-3,GET,/api/work,200,27,,2
1788021019055,ui_round-robin_failure_1788021012331,round-robin,server-1,GET,/api/work,200,26,,3
1788021019062,ui_round-robin_failure_1788021012331,round-robin,server-2,GET,/api/work,200,26,,3
1788021019063,ui_round-robin_failure_1788021012331,round-robin,server-3,GET,/api/work,200,26,,2
1788021019073,ui_round-robin_failure_1788021012331,round-robin,server-1,GET,/api/work,200,26,,3
1788021019073,ui_round-robin_failure_1788021012331,round-robin,server-2,GET,/api/work,200,27,,3
1788021019076,ui_round-robin_failure_1788021012331,round-robin,server-3,GET,/api/work,200,25,,3
1788021019076,ui_round-robin_failure_1788021012331,round-robin,server-1,GET,/api/work,200,26,,2
1788021019078,ui_round-robin_failure_1788021012331,round-robin,server-2,GET,/api/work,200,26,,2
1788021019081,ui_round-robin_failure_1788021012331,round-robin,server-1,GET,/api/work,200,25,,3
1788021019080,ui_round-robin_failure_1788021012331,round-robin,server-3,GET,/api/work,200,27,,3
1788021019085,ui_round-robin_failure_1788021012331,round-robin,server-2,GET,/api/work,200,26,,3
1788021019090,ui_round-robin_failure_1788021012331,round-robin,server-3,GET,/api/work,200,26,,3
1788021019091,ui_round-robin_failure_1788021012331,round-robin,server-1,GET,/api/work,200,26,,2
1788021019093,ui_round-robin_failure_1788021012331,round-robin,server-2,GET,/api/work,200,25,,2
1788021019097,ui_round-robin_failure_1788021012331,round-robin,server-3,GET,/api/work,200,26,,2
1788021019102,ui_round-robin_failure_1788021012331,round-robin,server-1,GET,/api/work,200,27,,2
1788021019104,ui_round-robin_failure_1788021012331,round-robin,server-2,GET,/api/work,200,27,,2
1788021019106,ui_round-robin_failure_1788021012331,round-robin,server-3,GET,/api/work,200,26,,3
1788021019106,ui_round-robin_failure_1788021012331,round-robin,server-1,GET,/api/work,200,27,,2
1788021019108,ui_round-robin_failure_1788021012331,round-robin,server-2,GET,/api/work,200,26,,2
1788021019111,ui_round-robin_failure_1788021012331,round-robin,server-3,GET,/api/work,200,25,,2
1788021019120,ui_round-robin_failure_1788021012331,round-robin,server-2,GET,/api/work,200,25,,2
1788021019119,ui_round-robin_failure_1788021012331,round-robin,server-1,GET,/api/work,200,26,,3
1788021019130,ui_round-robin_failure_1788021012331,round-robin,server-3,GET,/api/work,200,26,,3
1788021019131,ui_round-robin_failure_1788021012331,round-robin,server-3,GET,/api/work,200,26,,2
1788021019130,ui_round-robin_failure_1788021012331,round-robin,server-1,GET,/api/work,200,27,,3
1788021019131,ui_round-robin_failure_1788021012331,round-robin,server-2,GET,/api/work,200,27,,3
1788021019135,ui_round-robin_failure_1788021012331,round-robin,server-1,GET,/api/work,200,25,,2
1788021019137,ui_round-robin_failure_1788021012331,round-robin,server-3,GET,/api/work,200,26,,2
1788021019137,ui_round-robin_failure_1788021012331,round-robin,server-2,GET,/api/work,200,26,,3
1788021019142,ui_round-robin_failure_1788021012331,round-robin,server-1,GET,/api/work,200,26,,3
1788021019146,ui_round-robin_failure_1788021012331,round-robin,server-2,GET,/api/work,200,27,,3
1788021019149,ui_round-robin_failure_1788021012331,round-robin,server-1,GET,/api/work,200,25,,2
1788021019148,ui_round-robin_failure_1788021012331,round-robin,server-3,GET,/api/work,200,27,,2
1788021019154,ui_round-robin_failure_1788021012331,round-robin,server-2,GET,/api/work,200,26,,2
1788021019161,ui_round-robin_failure_1788021012331,round-robin,server-3,GET,/api/work,200,26,,2
1788021019162,ui_round-robin_failure_1788021012331,round-robin,server-2,GET,/api/work,200,27,,3
1788021019162,ui_round-robin_failure_1788021012331,round-robin,server-1,GET,/api/work,200,27,,3
1788021019164,ui_round-robin_failure_1788021012331,round-robin,server-3,GET,/api/work,200,25,,2
1788021019165,ui_round-robin_failure_1788021012331,round-robin,server-1,GET,/api/work,200,26,,2
1788021019167,ui_round-robin_failure_1788021012331,round-robin,server-2,GET,/api/work,200,25,,2
1788021019176,ui_round-robin_failure_1788021012331,round-robin,server-1,GET,/api/work,200,26,,2
1788021019176,ui_round-robin_failure_1788021012331,round-robin,server-3,GET,/api/work,200,26,,3
1788021019187,ui_round-robin_failure_1788021012331,round-robin,server-2,GET,/api/work,200,26,,3
1788021019188,ui_round-robin_failure_1788021012331,round-robin,server-1,GET,/api/work,200,26,,3
1788021019188,ui_round-robin_failure_1788021012331,round-robin,server-3,GET,/api/work,200,26,,3
1788021019188,ui_round-robin_failure_1788021012331,round-robin,server-2,GET,/api/work,200,27,,2
1788021019191,ui_round-robin_failure_1788021012331,round-robin,server-3,GET,/api/work,200,26,,2
1788021019194,ui_round-robin_failure_1788021012331,round-robin,server-1,GET,/api/work,200,27,,2
1788021019194,ui_round-robin_failure_1788021012331,round-robin,server-2,GET,/api/work,200,27,,3
1788021019199,ui_round-robin_failure_1788021012331,round-robin,server-3,GET,/api/work,200,25,,3
1788021019203,ui_round-robin_failure_1788021012331,round-robin,server-1,GET,/api/work,200,25,,3
1788021019205,ui_round-robin_failure_1788021012331,round-robin,server-2,GET,/api/work,200,26,,2
1788021019205,ui_round-robin_failure_1788021012331,round-robin,server-3,GET,/api/work,200,26,,2
1788021019211,ui_round-robin_failure_1788021012331,round-robin,server-1,GET,/api/work,200,27,,2
1788021019218,ui_round-robin_failure_1788021012331,round-robin,server-2,GET,/api/work,200,25,,2
1788021019220,ui_round-robin_failure_1788021012331,round-robin,server-3,GET,/api/work,200,26,,3
1788021019221,ui_round-robin_failure_1788021012331,round-robin,server-1,GET,/api/work,200,26,,3
1788021019221,ui_round-robin_failure_1788021012331,round-robin,server-2,GET,/api/work,200,26,,2
1788021019222,ui_round-robin_failure_1788021012331,round-robin,server-3,GET,/api/work,200,26,,2
1788021019223,ui_round-robin_failure_1788021012331,round-robin,server-1,GET,/api/work,200,26,,2
1788021019233,ui_round-robin_failure_1788021012331,round-robin,server-3,GET,/api/work,200,26,,2
1788021019233,ui_round-robin_failure_1788021012331,round-robin,server-2,GET,/api/work,200,27,,3
1788021019244,ui_round-robin_failure_1788021012331,round-robin,server-1,GET,/api/work,200,26,,3
1788021019244,ui_round-robin_failure_1788021012331,round-robin,server-2,GET,/api/work,200,26,,3
1788021019244,ui_round-robin_failure_1788021012331,round-robin,server-3,GET,/api/work,200,27,,3
1788021019246,ui_round-robin_failure_1788021012331,round-robin,server-1,GET,/api/work,200,26,,2
1788021019248,ui_round-robin_failure_1788021012331,round-robin,server-2,GET,/api/work,200,25,,2
1788021019252,ui_round-robin_failure_1788021012331,round-robin,server-3,GET,/api/work,200,26,,3
1788021019252,ui_round-robin_failure_1788021012331,round-robin,server-1,GET,/api/work,200,26,,2
1788021019254,ui_round-robin_failure_1788021012331,round-robin,server-2,GET,/api/work,200,26,,3
1788021019260,ui_round-robin_failure_1788021012331,round-robin,server-3,GET,/api/work,200,25,,3
1788021019262,ui_round-robin_failure_1788021012331,round-robin,server-1,GET,/api/work,200,26,,2
1788021019262,ui_round-robin_failure_1788021012331,round-robin,server-2,GET,/api/work,200,26,,2
1788021019269,ui_round-robin_failure_1788021012331,round-robin,server-3,GET,/api/work,200,26,,2
1788021019274,ui_round-robin_failure_1788021012331,round-robin,server-1,GET,/api/work,200,27,,2
1788021019278,ui_round-robin_failure_1788021012331,round-robin,server-3,GET,/api/work,200,25,,2
1788021019278,ui_round-robin_failure_1788021012331,round-robin,server-2,GET,/api/work,200,26,,3
1788021019279,ui_round-robin_failure_1788021012331,round-robin,server-2,GET,/api/work,200,26,,2
1788021019279,ui_round-robin_failure_1788021012331,round-robin,server-1,GET,/api/work,200,26,,3
1788021019280,ui_round-robin_failure_1788021012331,round-robin,server-3,GET,/api/work,200,26,,2
1788021019290,ui_round-robin_failure_1788021012331,round-robin,server-2,GET,/api/work,200,26,,2
1788021019290,ui_round-robin_failure_1788021012331,round-robin,server-1,GET,/api/work,200,27,,3
1788021019301,ui_round-robin_failure_1788021012331,round-robin,server-1,GET,/api/work,200,26,,3
1788021019301,ui_round-robin_failure_1788021012331,round-robin,server-2,GET,/api/work,200,26,,3
1788021019301,ui_round-robin_failure_1788021012331,round-robin,server-3,GET,/api/work,200,27,,3
1788021019304,ui_round-robin_failure_1788021012331,round-robin,server-3,GET,/api/work,200,26,,2
1788021019304,ui_round-robin_failure_1788021012331,round-robin,server-1,GET,/api/work,200,27,,2
1788021019309,ui_round-robin_failure_1788021012331,round-robin,server-3,GET,/api/work,200,26,,2
1788021019309,ui_round-robin_failure_1788021012331,round-robin,server-2,GET,/api/work,200,27,,3
1788021019311,ui_round-robin_failure_1788021012331,round-robin,server-1,GET,/api/work,200,27,,3
1788021019318,ui_round-robin_failure_1788021012331,round-robin,server-2,GET,/api/work,200,26,,3
1788021019320,ui_round-robin_failure_1788021012331,round-robin,server-3,GET,/api/work,200,26,,2
1788021019320,ui_round-robin_failure_1788021012331,round-robin,server-1,GET,/api/work,200,26,,2
1788021019326,ui_round-robin_failure_1788021012331,round-robin,server-2,GET,/api/work,200,27,,2
1788021019332,ui_round-robin_failure_1788021012331,round-robin,server-3,GET,/api/work,200,27,,3
1788021019336,ui_round-robin_failure_1788021012331,round-robin,server-3,GET,/api/work,200,25,,2
1788021019335,ui_round-robin_failure_1788021012331,round-robin,server-1,GET,/api/work,200,27,,3
1788021019335,ui_round-robin_failure_1788021012331,round-robin,server-2,GET,/api/work,200,28,,3
1788021019337,ui_round-robin_failure_1788021012331,round-robin,server-2,GET,/api/work,200,27,,2
1788021019336,ui_round-robin_failure_1788021012331,round-robin,server-1,GET,/api/work,200,28,,2
1788021019348,ui_round-robin_failure_1788021012331,round-robin,server-1,GET,/api/work,200,26,,2
1788021019348,ui_round-robin_failure_1788021012331,round-robin,server-3,GET,/api/work,200,27,,3
1788021019359,ui_round-robin_failure_1788021012331,round-robin,server-2,GET,/api/work,200,26,,3
1788021019359,ui_round-robin_failure_1788021012331,round-robin,server-1,GET,/api/work,200,26,,3
1788021019359,ui_round-robin_failure_1788021012331,round-robin,server-3,GET,/api/work,200,27,,3
1788021019362,ui_round-robin_failure_1788021012331,round-robin,server-2,GET,/api/work,200,27,,2
1788021019362,ui_round-robin_failure_1788021012331,round-robin,server-3,GET,/api/work,200,28,,2
1788021019368,ui_round-robin_failure_1788021012331,round-robin,server-1,GET,/api/work,200,27,,3
1788021019368,ui_round-robin_failure_1788021012331,round-robin,server-2,GET,/api/work,200,27,,2
1788021019370,ui_round-robin_failure_1788021012331,round-robin,server-3,GET,/api/work,200,27,,3
1788021019375,ui_round-robin_failure_1788021012331,round-robin,server-1,GET,/api/work,200,27,,3
1788021019375,ui_round-robin_failure_1788021012331,round-robin,server-2,GET,/api/work,200,28,,2
1788021019377,ui_round-robin_failure_1788021012331,round-robin,server-3,GET,/api/work,200,26,,2
1788021019383,ui_round-robin_failure_1788021012331,round-robin,server-1,GET,/api/work,200,27,,2
1788021019390,ui_round-robin_failure_1788021012331,round-robin,server-2,GET,/api/work,200,26,,2
1788021019393,ui_round-robin_failure_1788021012331,round-robin,server-3,GET,/api/work,200,26,,3
1788021019395,ui_round-robin_failure_1788021012331,round-robin,server-1,GET,/api/work,200,25,,3
1788021019396,ui_round-robin_failure_1788021012331,round-robin,server-1,GET,/api/work,200,26,,2
1788021019396,ui_round-robin_failure_1788021012331,round-robin,server-3,GET,/api/work,200,27,,2
1788021019396,ui_round-robin_failure_1788021012331,round-robin,server-2,GET,/api/work,200,27,,3
1788021019405,ui_round-robin_failure_1788021012331,round-robin,server-2,GET,/api/work,200,26,,3
1788021019406,ui_round-robin_failure_1788021012331,round-robin,server-3,GET,/api/work,200,26,,2
1788021019416,ui_round-robin_failure_1788021012331,round-robin,server-1,GET,/api/work,200,26,,3
1788021019417,ui_round-robin_failure_1788021012331,round-robin,server-2,GET,/api/work,200,27,,3
1788021019417,ui_round-robin_failure_1788021012331,round-robin,server-3,GET,/api/work,200,27,,3
1788021019420,ui_round-robin_failure_1788021012331,round-robin,server-2,GET,/api/work,200,26,,2
1788021019420,ui_round-robin_failure_1788021012331,round-robin,server-1,GET,/api/work,200,27,,3
1788021019427,ui_round-robin_failure_1788021012331,round-robin,server-2,GET,/api/work,200,26,,3
1788021019427,ui_round-robin_failure_1788021012331,round-robin,server-3,GET,/api/work,200,27,,3
1788021019427,ui_round-robin_failure_1788021012331,round-robin,server-1,GET,/api/work,200,27,,3
1788021019432,ui_round-robin_failure_1788021012331,round-robin,server-3,GET,/api/work,200,27,,3
1788021019433,ui_round-robin_failure_1788021012331,round-robin,server-1,GET,/api/work,200,26,,2
1788021019434,ui_round-robin_failure_1788021012331,round-robin,server-2,GET,/api/work,200,26,,2
1788021019441,ui_round-robin_failure_1788021012331,round-robin,server-3,GET,/api/work,200,25,,2
1788021019446,ui_round-robin_failure_1788021012331,round-robin,server-1,GET,/api/work,200,27,,2
1788021019451,ui_round-robin_failure_1788021012331,round-robin,server-2,GET,/api/work,200,26,,3
1788021019451,ui_round-robin_failure_1788021012331,round-robin,server-3,GET,/api/work,200,27,,2
1788021019453,ui_round-robin_failure_1788021012331,round-robin,server-1,GET,/api/work,200,26,,3
1788021019453,ui_round-robin_failure_1788021012331,round-robin,server-2,GET,/api/work,200,27,,2
1788021019454,ui_round-robin_failure_1788021012331,round-robin,server-3,GET,/api/work,200,27,,2
1788021019462,ui_round-robin_failure_1788021012331,round-robin,server-1,GET,/api/work,200,26,,3
1788021019463,ui_round-robin_failure_1788021012331,round-robin,server-2,GET,/api/work,200,26,,2
1788021019473,ui_round-robin_failure_1788021012331,round-robin,server-3,GET,/api/work,200,26,,3
1788021019475,ui_round-robin_failure_1788021012331,round-robin,server-2,GET,/api/work,200,26,,3
1788021019475,ui_round-robin_failure_1788021012331,round-robin,server-1,GET,/api/work,200,27,,3
1788021019478,ui_round-robin_failure_1788021012331,round-robin,server-1,GET,/api/work,200,26,,2
1788021019478,ui_round-robin_failure_1788021012331,round-robin,server-3,GET,/api/work,200,27,,3
1788021019484,ui_round-robin_failure_1788021012331,round-robin,server-2,GET,/api/work,200,26,,3
1788021019485,ui_round-robin_failure_1788021012331,round-robin,server-3,GET,/api/work,200,25,,2
1788021019485,ui_round-robin_failure_1788021012331,round-robin,server-1,GET,/api/work,200,26,,2
1788021019490,ui_round-robin_failure_1788021012331,round-robin,server-2,GET,/api/work,200,26,,3
1788021019490,ui_round-robin_failure_1788021012331,round-robin,server-3,GET,/api/work,200,26,,2
1788021019491,ui_round-robin_failure_1788021012331,round-robin,server-1,GET,/api/work,200,27,,2
1788021019497,ui_round-robin_failure_1788021012331,round-robin,server-2,GET,/api/work,200,26,,2
1788021019504,ui_round-robin_failure_1788021012331,round-robin,server-3,GET,/api/work,200,26,,2
1788021019509,ui_round-robin_failure_1788021012331,round-robin,server-1,GET,/api/work,200,25,,3
1788021019509,ui_round-robin_failure_1788021012331,round-robin,server-2,GET,/api/work,200,26,,2
1788021019512,ui_round-robin_failure_1788021012331,round-robin,server-1,GET,/api/work,200,25,,2
1788021019512,ui_round-robin_failure_1788021012331,round-robin,server-2,GET,/api/work,200,25,,2
1788021019511,ui_round-robin_failure_1788021012331,round-robin,server-3,GET,/api/work,200,27,,3
1788021019518,ui_round-robin_failure_1788021012331,round-robin,server-3,GET,/api/work,200,26,,3
1788021019520,ui_round-robin_failure_1788021012331,round-robin,server-1,GET,/api/work,200,25,,2
1788021019531,ui_round-robin_failure_1788021012331,round-robin,server-2,GET,/api/work,200,26,,3
1788021019534,ui_round-robin_failure_1788021012331,round-robin,server-1,GET,/api/work,200,25,,3
1788021019533,ui_round-robin_failure_1788021012331,round-robin,server-3,GET,/api/work,200,26,,3
1788021019535,ui_round-robin_failure_1788021012331,round-robin,server-3,GET,/api/work,200,26,,2
1788021019535,ui_round-robin_failure_1788021012331,round-robin,server-2,GET,/api/work,200,27,,3
1788021019541,ui_round-robin_failure_1788021012331,round-robin,server-2,GET,/api/work,200,25,,2
1788021019540,ui_round-robin_failure_1788021012331,round-robin,server-1,GET,/api/work,200,27,,3
1788021019542,ui_round-robin_failure_1788021012331,round-robin,server-3,GET,/api/work,200,26,,3
1788021019546,ui_round-robin_failure_1788021012331,round-robin,server-1,GET,/api/work,200,26,,3
1788021019547,ui_round-robin_failure_1788021012331,round-robin,server-2,GET,/api/work,200,26,,2
1788021019547,ui_round-robin_failure_1788021012331,round-robin,server-3,GET,/api/work,200,27,,2
1788021019554,ui_round-robin_failure_1788021012331,round-robin,server-1,GET,/api/work,200,26,,2
1788021019561,ui_round-robin_failure_1788021012331,round-robin,server-2,GET,/api/work,200,26,,2
1788021019565,ui_round-robin_failure_1788021012331,round-robin,server-1,GET,/api/work,200,26,,2
1788021019565,ui_round-robin_failure_1788021012331,round-robin,server-3,GET,/api/work,200,27,,3
1788021019568,ui_round-robin_failure_1788021012331,round-robin,server-1,GET,/api/work,200,25,,2
1788021019567,ui_round-robin_failure_1788021012331,round-robin,server-3,GET,/api/work,200,26,,2
1788021019567,ui_round-robin_failure_1788021012331,round-robin,server-2,GET,/api/work,200,27,,3
1788021019575,ui_round-robin_failure_1788021012331,round-robin,server-2,GET,/api/work,200,26,,3
1788021019576,ui_round-robin_failure_1788021012331,round-robin,server-3,GET,/api/work,200,26,,2
1788021019588,ui_round-robin_failure_1788021012331,round-robin,server-1,GET,/api/work,200,27,,3
1788021019590,ui_round-robin_failure_1788021012331,round-robin,server-2,GET,/api/work,200,26,,3
1788021019591,ui_round-robin_failure_1788021012331,round-robin,server-3,GET,/api/work,200,26,,3
1788021019592,ui_round-robin_failure_1788021012331,round-robin,server-1,GET,/api/work,200,26,,2
1788021019592,ui_round-robin_failure_1788021012331,round-robin,server-2,GET,/api/work,200,27,,2
1788021019598,ui_round-robin_failure_1788021012331,round-robin,server-3,GET,/api/work,200,25,,2
1788021019598,ui_round-robin_failure_1788021012331,round-robin,server-1,GET,/api/work,200,26,,3
1788021019599,ui_round-robin_failure_1788021012331,round-robin,server-2,GET,/api/work,200,26,,3
1788021019602,ui_round-robin_failure_1788021012331,round-robin,server-3,GET,/api/work,200,26,,3
1788021019604,ui_round-robin_failure_1788021012331,round-robin,server-1,GET,/api/work,200,25,,2
1788021019604,ui_round-robin_failure_1788021012331,round-robin,server-2,GET,/api/work,200,25,,2
1788021019611,ui_round-robin_failure_1788021012331,round-robin,server-3,GET,/api/work,200,27,,2
1788021019619,ui_round-robin_failure_1788021012331,round-robin,server-1,GET,/api/work,200,26,,2
1788021019622,ui_round-robin_failure_1788021012331,round-robin,server-2,GET,/api/work,200,27,,3
1788021019623,ui_round-robin_failure_1788021012331,round-robin,server-3,GET,/api/work,200,26,,2
1788021019624,ui_round-robin_failure_1788021012331,round-robin,server-2,GET,/api/work,200,26,,2
1788021019624,ui_round-robin_failure_1788021012331,round-robin,server-3,GET,/api/work,200,27,,2
1788021019624,ui_round-robin_failure_1788021012331,round-robin,server-1,GET,/api/work,200,27,,3
1788021019632,ui_round-robin_failure_1788021012331,round-robin,server-1,GET,/api/work,200,26,,3
1788021019632,ui_round-robin_failure_1788021012331,round-robin,server-2,GET,/api/work,200,27,,3
1788021019646,ui_round-robin_failure_1788021012331,round-robin,server-3,GET,/api/work,200,27,,3
1788021019647,ui_round-robin_failure_1788021012331,round-robin,server-1,GET,/api/work,200,26,,3
1788021019648,ui_round-robin_failure_1788021012331,round-robin,server-2,GET,/api/work,200,26,,3
1788021019650,ui_round-robin_failure_1788021012331,round-robin,server-3,GET,/api/work,200,26,,2
1788021019650,ui_round-robin_failure_1788021012331,round-robin,server-1,GET,/api/work,200,27,,2
1788021019655,ui_round-robin_failure_1788021012331,round-robin,server-3,GET,/api/work,200,25,,2
1788021019655,ui_round-robin_failure_1788021012331,round-robin,server-2,GET,/api/work,200,26,,3
1788021019655,ui_round-robin_failure_1788021012331,round-robin,server-1,GET,/api/work,200,27,,2
1788021019658,ui_round-robin_failure_1788021012331,round-robin,server-2,GET,/api/work,200,26,,3
1788021019660,ui_round-robin_failure_1788021012331,round-robin,server-3,GET,/api/work,200,26,,2
1788021019661,ui_round-robin_failure_1788021012331,round-robin,server-1,GET,/api/work,200,26,,2
1788021019668,ui_round-robin_failure_1788021012331,round-robin,server-2,GET,/api/work,200,26,,2
1788021019677,ui_round-robin_failure_1788021012331,round-robin,server-3,GET,/api/work,200,26,,2
1788021019680,ui_round-robin_failure_1788021012331,round-robin,server-1,GET,/api/work,200,26,,3
1788021019680,ui_round-robin_failure_1788021012331,round-robin,server-2,GET,/api/work,200,27,,2
1788021019680,ui_round-robin_failure_1788021012331,round-robin,server-3,GET,/api/work,200,27,,2
1788021019682,ui_round-robin_failure_1788021012331,round-robin,server-2,GET,/api/work,200,26,,2
1788021019682,ui_round-robin_failure_1788021012331,round-robin,server-1,GET,/api/work,200,27,,2
1788021019689,ui_round-robin_failure_1788021012331,round-robin,server-3,GET,/api/work,200,26,,3
1788021019689,ui_round-robin_failure_1788021012331,round-robin,server-1,GET,/api/work,200,26,,3
1788021019704,ui_round-robin_failure_1788021012331,round-robin,server-1,GET,/api/work,200,25,,3
1788021019703,ui_round-robin_failure_1788021012331,round-robin,server-2,GET,/api/work,200,26,,3
1788021019704,ui_round-robin_failure_1788021012331,round-robin,server-3,GET,/api/work,200,26,,3
1788021019708,ui_round-robin_failure_1788021012331,round-robin,server-3,GET,/api/work,200,26,,2
1788021019708,ui_round-robin_failure_1788021012331,round-robin,server-2,GET,/api/work,200,27,,3
1788021019711,ui_round-robin_failure_1788021012331,round-robin,server-2,GET,/api/work,200,25,,2
1788021019710,ui_round-robin_failure_1788021012331,round-robin,server-1,GET,/api/work,200,26,,2
1788021019713,ui_round-robin_failure_1788021012331,round-robin,server-3,GET,/api/work,200,27,,3
1788021019714,ui_round-robin_failure_1788021012331,round-robin,server-1,GET,/api/work,200,26,,3
1788021019717,ui_round-robin_failure_1788021012331,round-robin,server-2,GET,/api/work,200,27,,2
1788021019718,ui_round-robin_failure_1788021012331,round-robin,server-3,GET,/api/work,200,26,,2
1788021019724,ui_round-robin_failure_1788021012331,round-robin,server-1,GET,/api/work,200,26,,2
1788021019734,ui_round-robin_failure_1788021012331,round-robin,server-2,GET,/api/work,200,25,,2
1788021019737,ui_round-robin_failure_1788021012331,round-robin,server-3,GET,/api/work,200,25,,3
1788021019739,ui_round-robin_failure_1788021012331,round-robin,server-2,GET,/api/work,200,25,,2
1788021019738,ui_round-robin_failure_1788021012331,round-robin,server-1,GET,/api/work,200,26,,2
1788021019739,ui_round-robin_failure_1788021012331,round-robin,server-3,GET,/api/work,200,26,,2
1788021019740,ui_round-robin_failure_1788021012331,round-robin,server-1,GET,/api/work,200,27,,2
1788021019746,ui_round-robin_failure_1788021012331,round-robin,server-2,GET,/api/work,200,26,,3
1788021019746,ui_round-robin_failure_1788021012331,round-robin,server-3,GET,/api/work,200,28,,3
1788021019761,ui_round-robin_failure_1788021012331,round-robin,server-1,GET,/api/work,200,25,,3
1788021019761,ui_round-robin_failure_1788021012331,round-robin,server-2,GET,/api/work,200,26,,3
1788021019761,ui_round-robin_failure_1788021012331,round-robin,server-3,GET,/api/work,200,26,,3
1788021019765,ui_round-robin_failure_1788021012331,round-robin,server-1,GET,/api/work,200,28,,3
1788021019767,ui_round-robin_failure_1788021012331,round-robin,server-3,GET,/api/work,200,27,,2
1788021019767,ui_round-robin_failure_1788021012331,round-robin,server-1,GET,/api/work,200,27,,2
1788021019766,ui_round-robin_failure_1788021012331,round-robin,server-2,GET,/api/work,200,29,,2
1788021019770,ui_round-robin_failure_1788021012331,round-robin,server-2,GET,/api/work,200,27,,3
1788021019773,ui_round-robin_failure_1788021012331,round-robin,server-3,GET,/api/work,200,25,,3
1788021019774,ui_round-robin_failure_1788021012331,round-robin,server-1,GET,/api/work,200,26,,2
1788021019774,ui_round-robin_failure_1788021012331,round-robin,server-2,GET,/api/work,200,27,,2
1788021019781,ui_round-robin_failure_1788021012331,round-robin,server-3,GET,/api/work,200,26,,2
1788021019789,ui_round-robin_failure_1788021012331,round-robin,server-1,GET,/api/work,200,26,,2
1788021019795,ui_round-robin_failure_1788021012331,round-robin,server-2,GET,/api/work,200,26,,3
1788021019796,ui_round-robin_failure_1788021012331,round-robin,server-2,GET,/api/work,200,26,,2
1788021019796,ui_round-robin_failure_1788021012331,round-robin,server-3,GET,/api/work,200,27,,2
1788021019797,ui_round-robin_failure_1788021012331,round-robin,server-3,GET,/api/work,200,26,,1
1788021019796,ui_round-robin_failure_1788021012331,round-robin,server-1,GET,/api/work,200,27,,2
1788021019803,ui_round-robin_failure_1788021012331,round-robin,server-1,GET,/api/work,200,26,,3
1788021019803,ui_round-robin_failure_1788021012331,round-robin,server-2,GET,/api/work,200,27,,3
1788021019817,ui_round-robin_failure_1788021012331,round-robin,server-1,GET,/api/work,200,26,,3
1788021019818,ui_round-robin_failure_1788021012331,round-robin,server-2,GET,/api/work,200,26,,3
1788021019817,ui_round-robin_failure_1788021012331,round-robin,server-3,GET,/api/work,200,27,,3
1788021019824,ui_round-robin_failure_1788021012331,round-robin,server-3,GET,/api/work,200,26,,3
1788021019826,ui_round-robin_failure_1788021012331,round-robin,server-1,GET,/api/work,200,26,,3
1788021019826,ui_round-robin_failure_1788021012331,round-robin,server-2,GET,/api/work,200,26,,2
1788021019826,ui_round-robin_failure_1788021012331,round-robin,server-3,GET,/api/work,200,28,,2
1788021019828,ui_round-robin_failure_1788021012331,round-robin,server-2,GET,/api/work,200,26,,2
1788021019827,ui_round-robin_failure_1788021012331,round-robin,server-1,GET,/api/work,200,28,,2
1788021019830,ui_round-robin_failure_1788021012331,round-robin,server-3,GET,/api/work,200,26,,2
1788021019832,ui_round-robin_failure_1788021012331,round-robin,server-1,GET,/api/work,200,26,,2
1788021019838,ui_round-robin_failure_1788021012331,round-robin,server-2,GET,/api/work,200,26,,2
1788021019846,ui_round-robin_failure_1788021012331,round-robin,server-3,GET,/api/work,200,27,,2
1788021019851,ui_round-robin_failure_1788021012331,round-robin,server-1,GET,/api/work,200,26,,3
1788021019854,ui_round-robin_failure_1788021012331,round-robin,server-2,GET,/api/work,200,26,,2
1788021019856,ui_round-robin_failure_1788021012331,round-robin,server-2,GET,/api/work,200,26,,2
1788021019856,ui_round-robin_failure_1788021012331,round-robin,server-1,GET,/api/work,200,27,,2
1788021019855,ui_round-robin_failure_1788021012331,round-robin,server-3,GET,/api/work,200,28,,2
1788021019861,ui_round-robin_failure_1788021012331,round-robin,server-1,GET,/api/work,200,26,,2
1788021019860,ui_round-robin_failure_1788021012331,round-robin,server-3,GET,/api/work,200,28,,2
1788021019874,ui_round-robin_failure_1788021012331,round-robin,server-3,GET,/api/work,200,26,,3
1788021019874,ui_round-robin_failure_1788021012331,round-robin,server-2,GET,/api/work,200,27,,3
1788021019875,ui_round-robin_failure_1788021012331,round-robin,server-1,GET,/api/work,200,27,,3
1788021019881,ui_round-robin_failure_1788021012331,round-robin,server-2,GET,/api/work,200,26,,3
1788021019883,ui_round-robin_failure_1788021012331,round-robin,server-3,GET,/api/work,200,27,,3
1788021019884,ui_round-robin_failure_1788021012331,round-robin,server-1,GET,/api/work,200,26,,2
1788021019889,ui_round-robin_failure_1788021012331,round-robin,server-3,GET,/api/work,200,26,,3
1788021019889,ui_round-robin_failure_1788021012331,round-robin,server-1,GET,/api/work,200,26,,3
1788021019889,ui_round-robin_failure_1788021012331,round-robin,server-2,GET,/api/work,200,28,,3
1788021019890,ui_round-robin_failure_1788021012331,round-robin,server-3,GET,/api/work,200,27,,2
1788021019889,ui_round-robin_failure_1788021012331,round-robin,server-2,GET,/api/work,200,29,,2
1788021019895,ui_round-robin_failure_1788021012331,round-robin,server-1,GET,/api/work,200,26,,2
1788021019904,ui_round-robin_failure_1788021012331,round-robin,server-2,GET,/api/work,200,26,,2
1788021019908,ui_round-robin_failure_1788021012331,round-robin,server-3,GET,/api/work,200,25,,3
1788021019911,ui_round-robin_failure_1788021012331,round-robin,server-1,GET,/api/work,200,26,,2
1788021019913,ui_round-robin_failure_1788021012331,round-robin,server-2,GET,/api/work,200,25,,2
1788021019914,ui_round-robin_failure_1788021012331,round-robin,server-1,GET,/api/work,200,27,,2
1788021019914,ui_round-robin_failure_1788021012331,round-robin,server-3,GET,/api/work,200,27,,2
1788021019919,ui_round-robin_failure_1788021012331,round-robin,server-2,GET,/api/work,200,26,,2
1788021019920,ui_round-robin_failure_1788021012331,round-robin,server-3,GET,/api/work,200,26,,2
1788021019932,ui_round-robin_failure_1788021012331,round-robin,server-1,GET,/api/work,200,25,,3
1788021019932,ui_round-robin_failure_1788021012331,round-robin,server-2,GET,/api/work,200,27,,3
1788021019932,ui_round-robin_failure_1788021012331,round-robin,server-3,GET,/api/work,200,27,,3
1788021019937,ui_round-robin_failure_1788021012331,round-robin,server-1,GET,/api/work,200,26,,3
1788021019941,ui_round-robin_failure_1788021012331,round-robin,server-2,GET,/api/work,200,27,,3
1788021019942,ui_round-robin_failure_1788021012331,round-robin,server-3,GET,/api/work,200,26,,2
1788021019946,ui_round-robin_failure_1788021012331,round-robin,server-1,GET,/api/work,200,26,,3
1788021019947,ui_round-robin_failure_1788021012331,round-robin,server-2,GET,/api/work,200,26,,3
1788021019947,ui_round-robin_failure_1788021012331,round-robin,server-3,GET,/api/work,200,27,,3
1788021019949,ui_round-robin_failure_1788021012331,round-robin,server-2,GET,/api/work,200,26,,2
1788021019949,ui_round-robin_failure_1788021012331,round-robin,server-1,GET,/api/work,200,27,,2
1788021019952,ui_round-robin_failure_1788021012331,round-robin,server-3,GET,/api/work,200,28,,2
1788021019960,ui_round-robin_failure_1788021012331,round-robin,server-1,GET,/api/work,200,26,,2
1788021019963,ui_round-robin_failure_1788021012331,round-robin,server-2,GET,/api/work,200,26,,2
1788021019969,ui_round-robin_failure_1788021012331,round-robin,server-3,GET,/api/work,200,26,,3
1788021019969,ui_round-robin_failure_1788021012331,round-robin,server-1,GET,/api/work,200,26,,2
1788021019973,ui_round-robin_failure_1788021012331,round-robin,server-2,GET,/api/work,200,25,,2
1788021019973,ui_round-robin_failure_1788021012331,round-robin,server-3,GET,/api/work,200,27,,2
1788021019976,ui_round-robin_failure_1788021012331,round-robin,server-1,GET,/api/work,200,26,,2
1788021019978,ui_round-robin_failure_1788021012331,round-robin,server-2,GET,/api/work,200,27,,2
1788021019988,ui_round-robin_failure_1788021012331,round-robin,server-3,GET,/api/work,200,26,,3
1788021019990,ui_round-robin_failure_1788021012331,round-robin,server-1,GET,/api/work,200,26,,3
1788021019990,ui_round-robin_failure_1788021012331,round-robin,server-2,GET,/api/work,200,27,,3
1788021019995,ui_round-robin_failure_1788021012331,round-robin,server-3,GET,/api/work,200,25,,3
1788021019999,ui_round-robin_failure_1788021012331,round-robin,server-2,GET,/api/work,200,26,,2
1788021019999,ui_round-robin_failure_1788021012331,round-robin,server-1,GET,/api/work,200,27,,3
1788021020003,ui_round-robin_failure_1788021012331,round-robin,server-3,GET,/api/work,200,26,,3
1788021020005,ui_round-robin_failure_1788021012331,round-robin,server-2,GET,/api/work,200,26,,2
1788021020006,ui_round-robin_failure_1788021012331,round-robin,server-3,GET,/api/work,200,25,,2
1788021020005,ui_round-robin_failure_1788021012331,round-robin,server-1,GET,/api/work,200,27,,3
1788021020006,ui_round-robin_failure_1788021012331,round-robin,server-1,GET,/api/work,200,26,,2
1788021020011,ui_round-robin_failure_1788021012331,round-robin,server-2,GET,/api/work,200,27,,2
1788021020017,ui_round-robin_failure_1788021012331,round-robin,server-3,GET,/api/work,200,26,,2
1788021020020,ui_round-robin_failure_1788021012331,round-robin,server-1,GET,/api/work,200,26,,2
1788021020026,ui_round-robin_failure_1788021012331,round-robin,server-3,GET,/api/work,200,26,,2
1788021020026,ui_round-robin_failure_1788021012331,round-robin,server-2,GET,/api/work,200,27,,3
1788021020029,ui_round-robin_failure_1788021012331,round-robin,server-1,GET,/api/work,200,26,,2
1788021020032,ui_round-robin_failure_1788021012331,round-robin,server-2,GET,/api/work,200,25,,2
1788021020033,ui_round-robin_failure_1788021012331,round-robin,server-3,GET,/api/work,200,27,,2
1788021020036,ui_round-robin_failure_1788021012331,round-robin,server-1,GET,/api/work,200,26,,2
1788021020043,ui_round-robin_failure_1788021012331,round-robin,server-2,GET,/api/work,200,26,,3
1788021020047,ui_round-robin_failure_1788021012331,round-robin,server-3,GET,/api/work,200,26,,3
1788021020047,ui_round-robin_failure_1788021012331,round-robin,server-1,GET,/api/work,200,27,,3
1788021020051,ui_round-robin_failure_1788021012331,round-robin,server-2,GET,/api/work,200,26,,3
1788021020056,ui_round-robin_failure_1788021012331,round-robin,server-3,GET,/api/work,200,25,,3
1788021020056,ui_round-robin_failure_1788021012331,round-robin,server-1,GET,/api/work,200,26,,2
1788021020060,ui_round-robin_failure_1788021012331,round-robin,server-2,GET,/api/work,200,26,,3
1788021020063,ui_round-robin_failure_1788021012331,round-robin,server-3,GET,/api/work,200,26,,3
1788021020063,ui_round-robin_failure_1788021012331,round-robin,server-1,GET,/api/work,200,26,,3
1788021020063,ui_round-robin_failure_1788021012331,round-robin,server-3,GET,/api/work,200,26,,2
1788021020063,ui_round-robin_failure_1788021012331,round-robin,server-2,GET,/api/work,200,27,,2
1788021020068,ui_round-robin_failure_1788021012331,round-robin,server-1,GET,/api/work,200,26,,2
1788021020073,ui_round-robin_failure_1788021012331,round-robin,server-2,GET,/api/work,200,26,,2
1788021020077,ui_round-robin_failure_1788021012331,round-robin,server-3,GET,/api/work,200,26,,2
1788021020083,ui_round-robin_failure_1788021012331,round-robin,server-1,GET,/api/work,200,25,,3
1788021020083,ui_round-robin_failure_1788021012331,round-robin,server-2,GET,/api/work,200,26,,2
1788021020087,ui_round-robin_failure_1788021012331,round-robin,server-3,GET,/api/work,200,26,,2
1788021020088,ui_round-robin_failure_1788021012331,round-robin,server-1,GET,/api/work,200,26,,2
1788021020090,ui_round-robin_failure_1788021012331,round-robin,server-2,GET,/api/work,200,27,,2
1788021020093,ui_round-robin_failure_1788021012331,round-robin,server-3,GET,/api/work,200,26,,2
1788021020100,ui_round-robin_failure_1788021012331,round-robin,server-1,GET,/api/work,200,27,,3
1788021020104,ui_round-robin_failure_1788021012331,round-robin,server-3,GET,/api/work,200,25,,3
1788021020104,ui_round-robin_failure_1788021012331,round-robin,server-2,GET,/api/work,200,26,,3
1788021020107,ui_round-robin_failure_1788021012331,round-robin,server-1,GET,/api/work,200,26,,3
1788021020112,ui_round-robin_failure_1788021012331,round-robin,server-2,GET,/api/work,200,27,,3
1788021020113,ui_round-robin_failure_1788021012331,round-robin,server-3,GET,/api/work,200,27,,3
1788021020117,ui_round-robin_failure_1788021012331,round-robin,server-1,GET,/api/work,200,26,,3
1788021020120,ui_round-robin_failure_1788021012331,round-robin,server-1,GET,/api/work,200,26,,2
1788021020120,ui_round-robin_failure_1788021012331,round-robin,server-3,GET,/api/work,200,27,,3
1788021020120,ui_round-robin_failure_1788021012331,round-robin,server-2,GET,/api/work,200,27,,3
1788021020121,ui_round-robin_failure_1788021012331,round-robin,server-2,GET,/api/work,200,27,,2
1788021020124,ui_round-robin_failure_1788021012331,round-robin,server-3,GET,/api/work,200,26,,2
1788021020130,ui_round-robin_failure_1788021012331,round-robin,server-1,GET,/api/work,200,26,,2
1788021020134,ui_round-robin_failure_1788021012331,round-robin,server-2,GET,/api/work,200,26,,2
1788021020139,ui_round-robin_failure_1788021012331,round-robin,server-3,GET,/api/work,200,26,,3
1788021020140,ui_round-robin_failure_1788021012331,round-robin,server-1,GET,/api/work,200,26,,2
1788021020143,ui_round-robin_failure_1788021012331,round-robin,server-2,GET,/api/work,200,26,,2
1788021020145,ui_round-robin_failure_1788021012331,round-robin,server-3,GET,/api/work,200,25,,2
1788021020148,ui_round-robin_failure_1788021012331,round-robin,server-1,GET,/api/work,200,27,,2
1788021020150,ui_round-robin_failure_1788021012331,round-robin,server-2,GET,/api/work,200,25,,2
1788021020157,ui_round-robin_failure_1788021012331,round-robin,server-3,GET,/api/work,200,27,,3
1788021020160,ui_round-robin_failure_1788021012331,round-robin,server-1,GET,/api/work,200,26,,3
1788021020161,ui_round-robin_failure_1788021012331,round-robin,server-2,GET,/api/work,200,25,,3
1788021020164,ui_round-robin_failure_1788021012331,round-robin,server-3,GET,/api/work,200,27,,3
1788021020171,ui_round-robin_failure_1788021012331,round-robin,server-2,GET,/api/work,200,26,,3
1788021020171,ui_round-robin_failure_1788021012331,round-robin,server-1,GET,/api/work,200,27,,3
1788021020174,ui_round-robin_failure_1788021012331,round-robin,server-3,GET,/api/work,200,26,,3
1788021020179,ui_round-robin_failure_1788021012331,round-robin,server-2,GET,/api/work,200,26,,3
1788021020179,ui_round-robin_failure_1788021012331,round-robin,server-3,GET,/api/work,200,26,,2
1788021020178,ui_round-robin_failure_1788021012331,round-robin,server-1,GET,/api/work,200,27,,3
1788021020179,ui_round-robin_failure_1788021012331,round-robin,server-1,GET,/api/work,200,27,,2
1788021020181,ui_round-robin_failure_1788021012331,round-robin,server-2,GET,/api/work,200,26,,2
1788021020187,ui_round-robin_failure_1788021012331,round-robin,server-3,GET,/api/work,200,26,,2
1788021020191,ui_round-robin_failure_1788021012331,round-robin,server-1,GET,/api/work,200,26,,2
1788021020196,ui_round-robin_failure_1788021012331,round-robin,server-2,GET,/api/work,200,27,,3
1788021020198,ui_round-robin_failure_1788021012331,round-robin,server-3,GET,/api/work,200,27,,2
1788021020199,ui_round-robin_failure_1788021012331,round-robin,server-1,GET,/api/work,200,28,,2
1788021020200,ui_round-robin_failure_1788021012331,round-robin,server-2,GET,/api/work,200,27,,2
1788021020206,ui_round-robin_failure_1788021012331,round-robin,server-1,GET,/api/work,200,26,,2
1788021020206,ui_round-robin_failure_1788021012331,round-robin,server-3,GET,/api/work,200,27,,2
1788021020214,ui_round-robin_failure_1788021012331,round-robin,server-2,GET,/api/work,200,27,,3
1788021020218,ui_round-robin_failure_1788021012331,round-robin,server-3,GET,/api/work,200,27,,3
1788021020218,ui_round-robin_failure_1788021012331,round-robin,server-1,GET,/api/work,200,27,,3
1788021020223,ui_round-robin_failure_1788021012331,round-robin,server-2,GET,/api/work,200,25,,3
1788021020228,ui_round-robin_failure_1788021012331,round-robin,server-1,GET,/api/work,200,26,,2
1788021020228,ui_round-robin_failure_1788021012331,round-robin,server-3,GET,/api/work,200,27,,3
1788021020231,ui_round-robin_failure_1788021012331,round-robin,server-2,GET,/api/work,200,25,,3
1788021020237,ui_round-robin_failure_1788021012331,round-robin,server-3,GET,/api/work,200,25,,3
1788021020237,ui_round-robin_failure_1788021012331,round-robin,server-1,GET,/api/work,200,25,,3
1788021020238,ui_round-robin_failure_1788021012331,round-robin,server-2,GET,/api/work,200,26,,3
1788021020238,ui_round-robin_failure_1788021012331,round-robin,server-3,GET,/api/work,200,26,,3
1788021020239,ui_round-robin_failure_1788021012331,round-robin,server-1,GET,/api/work,200,26,,2
1788021020244,ui_round-robin_failure_1788021012331,round-robin,server-2,GET,/api/work,200,26,,2
1788021020248,ui_round-robin_failure_1788021012331,round-robin,server-3,GET,/api/work,200,27,,2
1788021020255,ui_round-robin_failure_1788021012331,round-robin,server-1,GET,/api/work,200,26,,3
1788021020256,ui_round-robin_failure_1788021012331,round-robin,server-2,GET,/api/work,200,26,,2
1788021020258,ui_round-robin_failure_1788021012331,round-robin,server-3,GET,/api/work,200,26,,2
1788021020258,ui_round-robin_failure_1788021012331,round-robin,server-1,GET,/api/work,200,27,,2
1788021020263,ui_round-robin_failure_1788021012331,round-robin,server-3,GET,/api/work,200,26,,2
1788021020263,ui_round-robin_failure_1788021012331,round-robin,server-2,GET,/api/work,200,28,,2
1788021020271,ui_round-robin_failure_1788021012331,round-robin,server-1,GET,/api/work,200,26,,3
1788021020276,ui_round-robin_failure_1788021012331,round-robin,server-2,GET,/api/work,200,27,,3
1788021020276,ui_round-robin_failure_1788021012331,round-robin,server-3,GET,/api/work,200,27,,3
1788021020279,ui_round-robin_failure_1788021012331,round-robin,server-1,GET,/api/work,200,26,,3
1788021020286,ui_round-robin_failure_1788021012331,round-robin,server-2,GET,/api/work,200,26,,3
1788021020287,ui_round-robin_failure_1788021012331,round-robin,server-3,GET,/api/work,200,26,,3
1788021020287,ui_round-robin_failure_1788021012331,round-robin,server-1,GET,/api/work,200,28,,3
1788021020293,ui_round-robin_failure_1788021012331,round-robin,server-2,GET,/api/work,200,26,,3
1788021020293,ui_round-robin_failure_1788021012331,round-robin,server-3,GET,/api/work,200,27,,3
1788021020295,ui_round-robin_failure_1788021012331,round-robin,server-2,GET,/api/work,200,25,,2
1788021020295,ui_round-robin_failure_1788021012331,round-robin,server-3,GET,/api/work,200,25,,2
1788021020294,ui_round-robin_failure_1788021012331,round-robin,server-1,GET,/api/work,200,27,,2
1788021020301,ui_round-robin_failure_1788021012331,round-robin,server-1,GET,/api/work,200,27,,2
1788021020305,ui_round-robin_failure_1788021012331,round-robin,server-2,GET,/api/work,200,26,,2
1788021020312,ui_round-robin_failure_1788021012331,round-robin,server-3,GET,/api/work,200,26,,3
1788021020313,ui_round-robin_failure_1788021012331,round-robin,server-1,GET,/api/work,200,25,,2
1788021020314,ui_round-robin_failure_1788021012331,round-robin,server-2,GET,/api/work,200,26,,2
1788021020316,ui_round-robin_failure_1788021012331,round-robin,server-3,GET,/api/work,200,26,,2
1788021020323,ui_round-robin_failure_1788021012331,round-robin,server-2,GET,/api/work,200,25,,2
1788021020322,ui_round-robin_failure_1788021012331,round-robin,server-1,GET,/api/work,200,27,,2
1788021020328,ui_round-robin_failure_1788021012331,round-robin,server-3,GET,/api/work,200,26,,3
1788021020333,ui_round-robin_failure_1788021012331,round-robin,server-1,GET,/api/work,200,26,,3
1788021020333,ui_round-robin_failure_1788021012331,round-robin,server-2,GET,/api/work,200,28,,3
1788021020336,ui_round-robin_failure_1788021012331,round-robin,server-3,GET,/api/work,200,26,,3
1788021020343,ui_round-robin_failure_1788021012331,round-robin,server-1,GET,/api/work,200,25,,3
1788021020344,ui_round-robin_failure_1788021012331,round-robin,server-2,GET,/api/work,200,26,,3
1788021020345,ui_round-robin_failure_1788021012331,round-robin,server-3,GET,/api/work,200,27,,3
1788021020351,ui_round-robin_failure_1788021012331,round-robin,server-1,GET,/api/work,200,26,,3
1788021020352,ui_round-robin_failure_1788021012331,round-robin,server-2,GET,/api/work,200,27,,3
1788021020353,ui_round-robin_failure_1788021012331,round-robin,server-3,GET,/api/work,200,26,,2
1788021020353,ui_round-robin_failure_1788021012331,round-robin,server-2,GET,/api/work,200,27,,2
1788021020353,ui_round-robin_failure_1788021012331,round-robin,server-1,GET,/api/work,200,27,,3
1788021020358,ui_round-robin_failure_1788021012331,round-robin,server-3,GET,/api/work,200,27,,2
1788021020362,ui_round-robin_failure_1788021012331,round-robin,server-1,GET,/api/work,200,27,,2
1788021020369,ui_round-robin_failure_1788021012331,round-robin,server-2,GET,/api/work,200,26,,3
1788021020369,ui_round-robin_failure_1788021012331,round-robin,server-3,GET,/api/work,200,26,,2
1788021020371,ui_round-robin_failure_1788021012331,round-robin,server-1,GET,/api/work,200,27,,2
1788021020372,ui_round-robin_failure_1788021012331,round-robin,server-2,GET,/api/work,200,27,,2
1788021020379,ui_round-robin_failure_1788021012331,round-robin,server-3,GET,/api/work,200,26,,2
1788021020380,ui_round-robin_failure_1788021012331,round-robin,server-1,GET,/api/work,200,25,,2
1788021020385,ui_round-robin_failure_1788021012331,round-robin,server-2,GET,/api/work,200,26,,2
1788021020389,ui_round-robin_failure_1788021012331,round-robin,server-3,GET,/api/work,200,26,,3
1788021020392,ui_round-robin_failure_1788021012331,round-robin,server-1,GET,/api/work,200,25,,3
1788021020393,ui_round-robin_failure_1788021012331,round-robin,server-2,GET,/api/work,200,26,,3
1788021020399,ui_round-robin_failure_1788021012331,round-robin,server-3,GET,/api/work,200,26,,3
1788021020400,ui_round-robin_failure_1788021012331,round-robin,server-1,GET,/api/work,200,26,,3
1788021020402,ui_round-robin_failure_1788021012331,round-robin,server-2,GET,/api/work,200,25,,3
1788021020408,ui_round-robin_failure_1788021012331,round-robin,server-3,GET,/api/work,200,26,,3
1788021020411,ui_round-robin_failure_1788021012331,round-robin,server-1,GET,/api/work,200,25,,3
1788021020411,ui_round-robin_failure_1788021012331,round-robin,server-1,GET,/api/work,200,26,,2
1788021020411,ui_round-robin_failure_1788021012331,round-robin,server-3,GET,/api/work,200,26,,3
1788021020411,ui_round-robin_failure_1788021012331,round-robin,server-2,GET,/api/work,200,27,,3
1788021020416,ui_round-robin_failure_1788021012331,round-robin,server-2,GET,/api/work,200,25,,2
1788021020419,ui_round-robin_failure_1788021012331,round-robin,server-3,GET,/api/work,200,26,,2
1788021020426,ui_round-robin_failure_1788021012331,round-robin,server-1,GET,/api/work,200,25,,3
1788021020426,ui_round-robin_failure_1788021012331,round-robin,server-2,GET,/api/work,200,26,,2
1788021020428,ui_round-robin_failure_1788021012331,round-robin,server-1,GET,/api/work,200,27,,2
1788021020428,ui_round-robin_failure_1788021012331,round-robin,server-3,GET,/api/work,200,27,,2
1788021020436,ui_round-robin_failure_1788021012331,round-robin,server-3,GET,/api/work,200,26,,2
1788021020436,ui_round-robin_failure_1788021012331,round-robin,server-2,GET,/api/work,200,27,,2
1788021020442,ui_round-robin_failure_1788021012331,round-robin,server-1,GET,/api/work,200,27,,3
1788021020445,ui_round-robin_failure_1788021012331,round-robin,server-2,GET,/api/work,200,26,,3
1788021020448,ui_round-robin_failure_1788021012331,round-robin,server-3,GET,/api/work,200,25,,3
1788021020450,ui_round-robin_failure_1788021012331,round-robin,server-1,GET,/api/work,200,27,,3
1788021020456,ui_round-robin_failure_1788021012331,round-robin,server-2,GET,/api/work,200,26,,3
1788021020457,ui_round-robin_failure_1788021012331,round-robin,server-1,GET,/api/work,200,26,,3
1788021020457,ui_round-robin_failure_1788021012331,round-robin,server-3,GET,/api/work,200,26,,3
1788021020465,ui_round-robin_failure_1788021012331,round-robin,server-2,GET,/api/work,200,25,,3
1788021020467,ui_round-robin_failure_1788021012331,round-robin,server-3,GET,/api/work,200,26,,3
1788021020467,ui_round-robin_failure_1788021012331,round-robin,server-1,GET,/api/work,200,27,,2
1788021020468,ui_round-robin_failure_1788021012331,round-robin,server-3,GET,/api/work,200,26,,2
1788021020468,ui_round-robin_failure_1788021012331,round-robin,server-2,GET,/api/work,200,27,,3
1788021020472,ui_round-robin_failure_1788021012331,round-robin,server-1,GET,/api/work,200,25,,2
1788021020476,ui_round-robin_failure_1788021012331,round-robin,server-2,GET,/api/work,200,25,,2
1788021020482,ui_round-robin_failure_1788021012331,round-robin,server-3,GET,/api/work,200,27,,3
1788021020482,ui_round-robin_failure_1788021012331,round-robin,server-1,GET,/api/work,200,27,,2
1788021020486,ui_round-robin_failure_1788021012331,round-robin,server-2,GET,/api/work,200,26,,2
1788021020486,ui_round-robin_failure_1788021012331,round-robin,server-3,GET,/api/work,200,26,,2
1788021020494,ui_round-robin_failure_1788021012331,round-robin,server-1,GET,/api/work,200,26,,2
1788021020494,ui_round-robin_failure_1788021012331,round-robin,server-2,GET,/api/work,200,26,,2
1788021020499,ui_round-robin_failure_1788021012331,round-robin,server-3,GET,/api/work,200,26,,2
1788021020502,ui_round-robin_failure_1788021012331,round-robin,server-1,GET,/api/work,200,26,,3
1788021020504,ui_round-robin_failure_1788021012331,round-robin,server-2,GET,/api/work,200,26,,3
1788021020507,ui_round-robin_failure_1788021012331,round-robin,server-3,GET,/api/work,200,26,,3
1788021020512,ui_round-robin_failure_1788021012331,round-robin,server-1,GET,/api/work,200,26,,3
1788021020514,ui_round-robin_failure_1788021012331,round-robin,server-2,GET,/api/work,200,26,,3
1788021020514,ui_round-robin_failure_1788021012331,round-robin,server-3,GET,/api/work,200,27,,3
1788021020521,ui_round-robin_failure_1788021012331,round-robin,server-1,GET,/api/work,200,26,,3
1788021020524,ui_round-robin_failure_1788021012331,round-robin,server-2,GET,/api/work,200,26,,3
1788021020525,ui_round-robin_failure_1788021012331,round-robin,server-3,GET,/api/work,200,26,,3
1788021020525,ui_round-robin_failure_1788021012331,round-robin,server-1,GET,/api/work,200,26,,3
1788021020526,ui_round-robin_failure_1788021012331,round-robin,server-2,GET,/api/work,200,26,,2
1788021020528,ui_round-robin_failure_1788021012331,round-robin,server-3,GET,/api/work,200,26,,2
1788021020532,ui_round-robin_failure_1788021012331,round-robin,server-1,GET,/api/work,200,26,,2
1788021020538,ui_round-robin_failure_1788021012331,round-robin,server-2,GET,/api/work,200,26,,3
1788021020540,ui_round-robin_failure_1788021012331,round-robin,server-3,GET,/api/work,200,25,,2
1788021020543,ui_round-robin_failure_1788021012331,round-robin,server-1,GET,/api/work,200,25,,2
1788021020543,ui_round-robin_failure_1788021012331,round-robin,server-2,GET,/api/work,200,26,,2
1788021020551,ui_round-robin_failure_1788021012331,round-robin,server-3,GET,/api/work,200,26,,2
1788021020551,ui_round-robin_failure_1788021012331,round-robin,server-1,GET,/api/work,200,27,,2
1788021020554,ui_round-robin_failure_1788021012331,round-robin,server-2,GET,/api/work,200,26,,2
1788021020559,ui_round-robin_failure_1788021012331,round-robin,server-3,GET,/api/work,200,26,,3
1788021020561,ui_round-robin_failure_1788021012331,round-robin,server-1,GET,/api/work,200,26,,3
1788021020562,ui_round-robin_failure_1788021012331,round-robin,server-2,GET,/api/work,200,26,,3
1788021020569,ui_round-robin_failure_1788021012331,round-robin,server-3,GET,/api/work,200,26,,3
1788021020571,ui_round-robin_failure_1788021012331,round-robin,server-1,GET,/api/work,200,25,,3
1788021020571,ui_round-robin_failure_1788021012331,round-robin,server-2,GET,/api/work,200,26,,3
1788021020578,ui_round-robin_failure_1788021012331,round-robin,server-3,GET,/api/work,200,26,,3
1788021020582,ui_round-robin_failure_1788021012331,round-robin,server-2,GET,/api/work,200,27,,3
1788021020582,ui_round-robin_failure_1788021012331,round-robin,server-1,GET,/api/work,200,27,,3
1788021020582,ui_round-robin_failure_1788021012331,round-robin,server-3,GET,/api/work,200,28,,2
1788021020583,ui_round-robin_failure_1788021012331,round-robin,server-1,GET,/api/work,200,27,,2
1788021020585,ui_round-robin_failure_1788021012331,round-robin,server-2,GET,/api/work,200,27,,2
1788021020588,ui_round-robin_failure_1788021012331,round-robin,server-3,GET,/api/work,200,26,,2
1788021020595,ui_round-robin_failure_1788021012331,round-robin,server-1,GET,/api/work,200,27,,3
1788021020596,ui_round-robin_failure_1788021012331,round-robin,server-2,GET,/api/work,200,27,,2
1788021020599,ui_round-robin_failure_1788021012331,round-robin,server-3,GET,/api/work,200,26,,2
1788021020599,ui_round-robin_failure_1788021012331,round-robin,server-1,GET,/api/work,200,28,,2
1788021020608,ui_round-robin_failure_1788021012331,round-robin,server-2,GET,/api/work,200,27,,2
1788021020610,ui_round-robin_failure_1788021012331,round-robin,server-3,GET,/api/work,200,27,,2
1788021020611,ui_round-robin_failure_1788021012331,round-robin,server-1,GET,/api/work,200,27,,2
1788021020615,ui_round-robin_failure_1788021012331,round-robin,server-2,GET,/api/work,200,27,,2
1788021020617,ui_round-robin_failure_1788021012331,round-robin,server-3,GET,/api/work,200,26,,3
1788021020621,ui_round-robin_failure_1788021012331,round-robin,server-1,GET,/api/work,200,27,,3
1788021020626,ui_round-robin_failure_1788021012331,round-robin,server-2,GET,/api/work,200,28,,3
1788021020627,ui_round-robin_failure_1788021012331,round-robin,server-3,GET,/api/work,200,28,,3
1788021020627,ui_round-robin_failure_1788021012331,round-robin,server-1,GET,/api/work,200,32,,2
1788021020636,ui_round-robin_failure_1788021012331,round-robin,server-2,GET,/api/work,200,32,,3
1788021020642,ui_round-robin_failure_1788021012331,round-robin,server-3,GET,/api/work,200,28,,3
1788021020642,ui_round-robin_failure_1788021012331,round-robin,server-1,GET,/api/work,200,28,,2
1788021020642,ui_round-robin_failure_1788021012331,round-robin,server-2,GET,/api/work,200,29,,2
1788021020643,ui_round-robin_failure_1788021012331,round-robin,server-3,GET,/api/work,200,28,,2
1788021020644,ui_round-robin_failure_1788021012331,round-robin,server-2,GET,/api/work,200,28,,1
1788021020643,ui_round-robin_failure_1788021012331,round-robin,server-1,GET,/api/work,200,30,,1
1788021020652,ui_round-robin_failure_1788021012331,round-robin,server-3,GET,/api/work,200,26,,2
1788021020659,ui_round-robin_failure_1788021012331,round-robin,server-1,GET,/api/work,200,26,,2
1788021020660,ui_round-robin_failure_1788021012331,round-robin,server-2,GET,/api/work,200,27,,2
1788021020660,ui_round-robin_failure_1788021012331,round-robin,server-3,GET,/api/work,200,27,,2
1788021020674,ui_round-robin_failure_1788021012331,round-robin,server-1,GET,/api/work,200,26,,2
1788021020674,ui_round-robin_failure_1788021012331,round-robin,server-2,GET,/api/work,200,28,,2
1788021020675,ui_round-robin_failure_1788021012331,round-robin,server-2,GET,/api/work,200,28,,1
1788021020674,ui_round-robin_failure_1788021012331,round-robin,server-3,GET,/api/work,200,29,,2
1788021020675,ui_round-robin_failure_1788021012331,round-robin,server-1,GET,/api/work,200,29,,2
1788021020679,ui_round-robin_failure_1788021012331,round-robin,server-3,GET,/api/work,200,30,,3
1788021020688,ui_round-robin_failure_1788021012331,round-robin,server-1,GET,/api/work,200,26,,3
1788021020690,ui_round-robin_failure_1788021012331,round-robin,server-2,GET,/api/work,200,27,,3
1788021020690,ui_round-robin_failure_1788021012331,round-robin,server-3,GET,/api/work,200,28,,3
1788021020703,ui_round-robin_failure_1788021012331,round-robin,server-1,GET,/api/work,200,26,,3
1788021020704,ui_round-robin_failure_1788021012331,round-robin,server-2,GET,/api/work,200,27,,3
1788021020705,ui_round-robin_failure_1788021012331,round-robin,server-3,GET,/api/work,200,28,,2
1788021020708,ui_round-robin_failure_1788021012331,round-robin,server-2,GET,/api/work,200,26,,2
1788021020707,ui_round-robin_failure_1788021012331,round-robin,server-1,GET,/api/work,200,29,,3
1788021020708,ui_round-robin_failure_1788021012331,round-robin,server-1,GET,/api/work,200,29,,2
1788021020711,ui_round-robin_failure_1788021012331,round-robin,server-2,GET,/api/work,200,29,,2
1788021020708,ui_round-robin_failure_1788021012331,round-robin,server-3,GET,/api/work,200,33,,3
1788021020717,ui_round-robin_failure_1788021012331,round-robin,server-3,GET,/api/work,200,26,,2
1788021020719,ui_round-robin_failure_1788021012331,round-robin,server-2,GET,/api/work,200,26,,2
1788021020719,ui_round-robin_failure_1788021012331,round-robin,server-1,GET,/api/work,200,28,,2
1788021020734,ui_round-robin_failure_1788021012331,round-robin,server-1,GET,/api/work,200,27,,2
1788021020733,ui_round-robin_failure_1788021012331,round-robin,server-3,GET,/api/work,200,28,,2
1788021020736,ui_round-robin_failure_1788021012331,round-robin,server-2,GET,/api/work,200,29,,3
1788021020739,ui_round-robin_failure_1788021012331,round-robin,server-3,GET,/api/work,200,28,,3
1788021020739,ui_round-robin_failure_1788021012331,round-robin,server-1,GET,/api/work,200,29,,2
1788021020742,ui_round-robin_failure_1788021012331,round-robin,server-2,GET,/api/work,200,27,,2
1788021020745,ui_round-robin_failure_1788021012331,round-robin,server-3,GET,/api/work,200,26,,3
1788021020747,ui_round-robin_failure_1788021012331,round-robin,server-1,GET,/api/work,200,27,,3
1788021020749,ui_round-robin_failure_1788021012331,round-robin,server-2,GET,/api/work,200,28,,3
1788021020763,ui_round-robin_failure_1788021012331,round-robin,server-2,GET,/api/work,200,26,,2
1788021020762,ui_round-robin_failure_1788021012331,round-robin,server-1,GET,/api/work,200,27,,3
1788021020762,ui_round-robin_failure_1788021012331,round-robin,server-3,GET,/api/work,200,29,,3
1788021020765,ui_round-robin_failure_1788021012331,round-robin,server-3,GET,/api/work,200,28,,3
1788021020769,ui_round-robin_failure_1788021012331,round-robin,server-1,GET,/api/work,200,26,,3
1788021020770,ui_round-robin_failure_1788021012331,round-robin,server-3,GET,/api/work,200,26,,2
1788021020769,ui_round-robin_failure_1788021012331,round-robin,server-2,GET,/api/work,200,28,,2
1788021020772,ui_round-robin_failure_1788021012331,round-robin,server-1,GET,/api/work,200,27,,2
1788021020775,ui_round-robin_failure_1788021012331,round-robin,server-2,GET,/api/work,200,27,,2
1788021020777,ui_round-robin_failure_1788021012331,round-robin,server-1,GET,/api/work,200,27,,2
1788021020777,ui_round-robin_failure_1788021012331,round-robin,server-3,GET,/api/work,200,28,,2
1788021020792,ui_round-robin_failure_1788021012331,round-robin,server-2,GET,/api/work,200,26,,2
1788021020792,ui_round-robin_failure_1788021012331,round-robin,server-3,GET,/api/work,200,26,,2
1788021020795,ui_round-robin_failure_1788021012331,round-robin,server-1,GET,/api/work,200,26,,2
1788021020799,ui_round-robin_failure_1788021012331,round-robin,server-2,GET,/api/work,200,26,,3
1788021020800,ui_round-robin_failure_1788021012331,round-robin,server-1,GET,/api/work,200,28,,3
1788021020799,ui_round-robin_failure_1788021012331,round-robin,server-3,GET,/api/work,200,30,,3
1788021020803,ui_round-robin_failure_1788021012331,round-robin,server-2,GET,/api/work,200,27,,3
1788021020806,ui_round-robin_failure_1788021012331,round-robin,server-3,GET,/api/work,200,27,,3
1788021020806,ui_round-robin_failure_1788021012331,round-robin,server-1,GET,/api/work,200,29,,3
1788021020820,ui_round-robin_failure_1788021012331,round-robin,server-2,GET,/api/work,200,26,,3
1788021020820,ui_round-robin_failure_1788021012331,round-robin,server-3,GET,/api/work,200,27,,3
1788021020822,ui_round-robin_failure_1788021012331,round-robin,server-1,GET,/api/work,200,26,,2
1788021020825,ui_round-robin_failure_1788021012331,round-robin,server-2,GET,/api/work,200,26,,3
1788021020826,ui_round-robin_failure_1788021012331,round-robin,server-3,GET,/api/work,200,27,,3
1788021020826,ui_round-robin_failure_1788021012331,round-robin,server-1,GET,/api/work,200,28,,2
1788021020829,ui_round-robin_failure_1788021012331,round-robin,server-2,GET,/api/work,200,26,,2
1788021020830,ui_round-robin_failure_1788021012331,round-robin,server-3,GET,/api/work,200,26,,2
1788021020834,ui_round-robin_failure_1788021012331,round-robin,server-1,GET,/api/work,200,27,,2
1788021020836,ui_round-robin_failure_1788021012331,round-robin,server-2,GET,/api/work,200,27,,2
1788021020836,ui_round-robin_failure_1788021012331,round-robin,server-3,GET,/api/work,200,28,,2
1788021020849,ui_round-robin_failure_1788021012331,round-robin,server-1,GET,/api/work,200,26,,2
1788021020849,ui_round-robin_failure_1788021012331,round-robin,server-2,GET,/api/work,200,26,,2
1788021020852,ui_round-robin_failure_1788021012331,round-robin,server-3,GET,/api/work,200,26,,2
1788021020855,ui_round-robin_failure_1788021012331,round-robin,server-1,GET,/api/work,200,26,,2
1788021020860,ui_round-robin_failure_1788021012331,round-robin,server-2,GET,/api/work,200,26,,4
1788021020861,ui_round-robin_failure_1788021012331,round-robin,server-3,GET,/api/work,200,27,,3
1788021020862,ui_round-robin_failure_1788021012331,round-robin,server-1,GET,/api/work,200,27,,3
1788021020864,ui_round-robin_failure_1788021012331,round-robin,server-2,GET,/api/work,200,26,,3
1788021020866,ui_round-robin_failure_1788021012331,round-robin,server-3,GET,/api/work,200,26,,3
1788021020877,ui_round-robin_failure_1788021012331,round-robin,server-2,GET,/api/work,200,26,,3
1788021020877,ui_round-robin_failure_1788021012331,round-robin,server-1,GET,/api/work,200,26,,3
1788021020878,ui_round-robin_failure_1788021012331,round-robin,server-3,GET,/api/work,200,26,,2
1788021020881,ui_round-robin_failure_1788021012331,round-robin,server-1,GET,/api/work,200,26,,3
1788021020884,ui_round-robin_failure_1788021012331,round-robin,server-2,GET,/api/work,200,26,,3
1788021020886,ui_round-robin_failure_1788021012331,round-robin,server-1,GET,/api/work,200,25,,2
1788021020885,ui_round-robin_failure_1788021012331,round-robin,server-3,GET,/api/work,200,27,,2
1788021020886,ui_round-robin_failure_1788021012331,round-robin,server-2,GET,/api/work,200,26,,2
1788021020891,ui_round-robin_failure_1788021012331,round-robin,server-3,GET,/api/work,200,27,,2
1788021020893,ui_round-robin_failure_1788021012331,round-robin,server-1,GET,/api/work,200,27,,2
1788021020895,ui_round-robin_failure_1788021012331,round-robin,server-2,GET,/api/work,200,27,,2
1788021020904,ui_round-robin_failure_1788021012331,round-robin,server-3,GET,/api/work,200,27,,2
1788021020906,ui_round-robin_failure_1788021012331,round-robin,server-1,GET,/api/work,200,26,,2
1788021020909,ui_round-robin_failure_1788021012331,round-robin,server-2,GET,/api/work,200,26,,3
1788021020912,ui_round-robin_failure_1788021012331,round-robin,server-3,GET,/api/work,200,26,,3
1788021020917,ui_round-robin_failure_1788021012331,round-robin,server-1,GET,/api/work,200,27,,4
1788021020918,ui_round-robin_failure_1788021012331,round-robin,server-2,GET,/api/work,200,26,,3
1788021020919,ui_round-robin_failure_1788021012331,round-robin,server-3,GET,/api/work,200,26,,3
1788021020922,ui_round-robin_failure_1788021012331,round-robin,server-2,GET,/api/work,200,26,,2
1788021020922,ui_round-robin_failure_1788021012331,round-robin,server-1,GET,/api/work,200,27,,3
1788021020934,ui_round-robin_failure_1788021012331,round-robin,server-3,GET,/api/work,200,26,,3
1788021020934,ui_round-robin_failure_1788021012331,round-robin,server-1,GET,/api/work,200,27,,3
1788021020935,ui_round-robin_failure_1788021012331,round-robin,server-2,GET,/api/work,200,26,,2
1788021020938,ui_round-robin_failure_1788021012331,round-robin,server-3,GET,/api/work,200,26,,3
1788021020940,ui_round-robin_failure_1788021012331,round-robin,server-1,GET,/api/work,200,26,,2
1788021020942,ui_round-robin_failure_1788021012331,round-robin,server-2,GET,/api/work,200,27,,2
1788021020944,ui_round-robin_failure_1788021012331,round-robin,server-1,GET,/api/work,200,26,,2
1788021020943,ui_round-robin_failure_1788021012331,round-robin,server-3,GET,/api/work,200,27,,2
1788021020949,ui_round-robin_failure_1788021012331,round-robin,server-3,GET,/api/work,200,26,,1
1788021020949,ui_round-robin_failure_1788021012331,round-robin,server-2,GET,/api/work,200,27,,2
1788021020953,ui_round-robin_failure_1788021012331,round-robin,server-1,GET,/api/work,200,27,,2
1788021020961,ui_round-robin_failure_1788021012331,round-robin,server-2,GET,/api/work,200,26,,2
1788021020963,ui_round-robin_failure_1788021012331,round-robin,server-3,GET,/api/work,200,27,,2
1788021020967,ui_round-robin_failure_1788021012331,round-robin,server-1,GET,/api/work,200,26,,3
1788021020970,ui_round-robin_failure_1788021012331,round-robin,server-2,GET,/api/work,200,26,,3
1788021020975,ui_round-robin_failure_1788021012331,round-robin,server-1,GET,/api/work,200,27,,3
1788021020975,ui_round-robin_failure_1788021012331,round-robin,server-3,GET,/api/work,200,27,,3
1788021020976,ui_round-robin_failure_1788021012331,round-robin,server-2,GET,/api/work,200,28,,3
1788021020979,ui_round-robin_failure_1788021012331,round-robin,server-3,GET,/api/work,200,25,,3
1788021020980,ui_round-robin_failure_1788021012331,round-robin,server-1,GET,/api/work,200,26,,2
1788021020990,ui_round-robin_failure_1788021012331,round-robin,server-2,GET,/api/work,200,27,,3
1788021020992,ui_round-robin_failure_1788021012331,round-robin,server-3,GET,/api/work,200,26,,3
1788021020992,ui_round-robin_failure_1788021012331,round-robin,server-1,GET,/api/work,200,27,,2
1788021020994,ui_round-robin_failure_1788021012331,round-robin,server-2,GET,/api/work,200,26,,3
1788021020997,ui_round-robin_failure_1788021012331,round-robin,server-3,GET,/api/work,200,27,,3
1788021021000,ui_round-robin_failure_1788021012331,round-robin,server-1,GET,/api/work,200,26,,2
1788021021003,ui_round-robin_failure_1788021012331,round-robin,server-2,GET,/api/work,200,26,,2
1788021021003,ui_round-robin_failure_1788021012331,round-robin,server-3,GET,/api/work,200,27,,2
1788021021006,ui_round-robin_failure_1788021012331,round-robin,server-1,GET,/api/work,200,26,,2
1788021021007,ui_round-robin_failure_1788021012331,round-robin,server-2,GET,/api/work,200,26,,2
1788021021010,ui_round-robin_failure_1788021012331,round-robin,server-3,GET,/api/work,200,26,,2
1788021021019,ui_round-robin_failure_1788021012331,round-robin,server-1,GET,/api/work,200,26,,2
1788021021020,ui_round-robin_failure_1788021012331,round-robin,server-2,GET,/api/work,200,26,,2
1788021021023,ui_round-robin_failure_1788021012331,round-robin,server-3,GET,/api/work,200,26,,2
1788021021027,ui_round-robin_failure_1788021012331,round-robin,server-1,GET,/api/work,200,27,,3
1788021021032,ui_round-robin_failure_1788021012331,round-robin,server-2,GET,/api/work,200,26,,3
1788021021034,ui_round-robin_failure_1788021012331,round-robin,server-3,GET,/api/work,200,26,,3
1788021021036,ui_round-robin_failure_1788021012331,round-robin,server-2,GET,/api/work,200,26,,3
1788021021036,ui_round-robin_failure_1788021012331,round-robin,server-1,GET,/api/work,200,26,,3
1788021021037,ui_round-robin_failure_1788021012331,round-robin,server-3,GET,/api/work,200,26,,3
1788021021047,ui_round-robin_failure_1788021012331,round-robin,server-1,GET,/api/work,200,27,,3
1788021021050,ui_round-robin_failure_1788021012331,round-robin,server-2,GET,/api/work,200,26,,3
1788021021050,ui_round-robin_failure_1788021012331,round-robin,server-3,GET,/api/work,200,28,,2
1788021021051,ui_round-robin_failure_1788021012331,round-robin,server-1,GET,/api/work,200,28,,3
1788021021055,ui_round-robin_failure_1788021012331,round-robin,server-2,GET,/api/work,200,26,,3
1788021021057,ui_round-robin_failure_1788021012331,round-robin,server-3,GET,/api/work,200,26,,2
1788021021061,ui_round-robin_failure_1788021012331,round-robin,server-1,GET,/api/work,200,26,,2
1788021021061,ui_round-robin_failure_1788021012331,round-robin,server-2,GET,/api/work,200,27,,2
1788021021063,ui_round-robin_failure_1788021012331,round-robin,server-3,GET,/api/work,200,25,,2
1788021021063,ui_round-robin_failure_1788021012331,round-robin,server-1,GET,/api/work,200,26,,2
1788021021067,ui_round-robin_failure_1788021012331,round-robin,server-2,GET,/api/work,200,26,,2
1788021021078,ui_round-robin_failure_1788021012331,round-robin,server-3,GET,/api/work,200,26,,3
1788021021078,ui_round-robin_failure_1788021012331,round-robin,server-1,GET,/api/work,200,27,,2
1788021021080,ui_round-robin_failure_1788021012331,round-robin,server-2,GET,/api/work,200,26,,2
1788021021084,ui_round-robin_failure_1788021012331,round-robin,server-3,GET,/api/work,200,26,,3
1788021021089,ui_round-robin_failure_1788021012331,round-robin,server-1,GET,/api/work,200,26,,3
1788021021091,ui_round-robin_failure_1788021012331,round-robin,server-2,GET,/api/work,200,27,,3
1788021021094,ui_round-robin_failure_1788021012331,round-robin,server-2,GET,/api/work,200,26,,3
1788021021094,ui_round-robin_failure_1788021012331,round-robin,server-3,GET,/api/work,200,26,,3
1788021021094,ui_round-robin_failure_1788021012331,round-robin,server-1,GET,/api/work,200,27,,3
1788021021104,ui_round-robin_failure_1788021012331,round-robin,server-3,GET,/api/work,200,26,,3
1788021021107,ui_round-robin_failure_1788021012331,round-robin,server-1,GET,/api/work,200,26,,3
1788021021110,ui_round-robin_failure_1788021012331,round-robin,server-3,GET,/api/work,200,25,,2
1788021021109,ui_round-robin_failure_1788021012331,round-robin,server-2,GET,/api/work,200,27,,3
1788021021112,ui_round-robin_failure_1788021012331,round-robin,server-1,GET,/api/work,200,25,,3
1788021021114,ui_round-robin_failure_1788021012331,round-robin,server-2,GET,/api/work,200,27,,2
1788021021120,ui_round-robin_failure_1788021012331,round-robin,server-1,GET,/api/work,200,25,,2
1788021021120,ui_round-robin_failure_1788021012331,round-robin,server-2,GET,/api/work,200,26,,2
1788021021119,ui_round-robin_failure_1788021012331,round-robin,server-3,GET,/api/work,200,27,,2
1788021021121,ui_round-robin_failure_1788021012331,round-robin,server-3,GET,/api/work,200,26,,2
1788021021124,ui_round-robin_failure_1788021012331,round-robin,server-1,GET,/api/work,200,26,,2
1788021021135,ui_round-robin_failure_1788021012331,round-robin,server-2,GET,/api/work,200,26,,3
1788021021135,ui_round-robin_failure_1788021012331,round-robin,server-3,GET,/api/work,200,27,,2
1788021021137,ui_round-robin_failure_1788021012331,round-robin,server-1,GET,/api/work,200,27,,2
1788021021141,ui_round-robin_failure_1788021012331,round-robin,server-2,GET,/api/work,200,26,,2
1788021021146,ui_round-robin_failure_1788021012331,round-robin,server-3,GET,/api/work,200,27,,3
1788021021147,ui_round-robin_failure_1788021012331,round-robin,server-1,GET,/api/work,200,26,,3
1788021021151,ui_round-robin_failure_1788021012331,round-robin,server-2,GET,/api/work,200,26,,3
1788021021151,ui_round-robin_failure_1788021012331,round-robin,server-3,GET,/api/work,200,26,,2
1788021021151,ui_round-robin_failure_1788021012331,round-robin,server-1,GET,/api/work,200,27,,3
1788021021161,ui_round-robin_failure_1788021012331,round-robin,server-2,GET,/api/work,200,26,,3
1788021021164,ui_round-robin_failure_1788021012331,round-robin,server-3,GET,/api/work,200,26,,3
1788021021165,ui_round-robin_failure_1788021012331,round-robin,server-1,GET,/api/work,200,27,,2
1788021021167,ui_round-robin_failure_1788021012331,round-robin,server-2,GET,/api/work,200,26,,3
1788021021168,ui_round-robin_failure_1788021012331,round-robin,server-3,GET,/api/work,200,26,,3
1788021021172,ui_round-robin_failure_1788021012331,round-robin,server-1,GET,/api/work,200,27,,3
1788021021176,ui_round-robin_failure_1788021012331,round-robin,server-2,GET,/api/work,200,27,,2
1788021021178,ui_round-robin_failure_1788021012331,round-robin,server-1,GET,/api/work,200,26,,2
1788021021178,ui_round-robin_failure_1788021012331,round-robin,server-3,GET,/api/work,200,26,,2
1788021021178,ui_round-robin_failure_1788021012331,round-robin,server-2,GET,/api/work,200,27,,2
1788021021181,ui_round-robin_failure_1788021012331,round-robin,server-3,GET,/api/work,200,26,,2
1788021021193,ui_round-robin_failure_1788021012331,round-robin,server-2,GET,/api/work,200,25,,2
1788021021192,ui_round-robin_failure_1788021012331,round-robin,server-1,GET,/api/work,200,27,,3
1788021021193,ui_round-robin_failure_1788021012331,round-robin,server-3,GET,/api/work,200,27,,2
1788021021199,ui_round-robin_failure_1788021012331,round-robin,server-1,GET,/api/work,200,26,,3
1788021021204,ui_round-robin_failure_1788021012331,round-robin,server-2,GET,/api/work,200,26,,3
1788021021205,ui_round-robin_failure_1788021012331,round-robin,server-3,GET,/api/work,200,26,,3
1788021021207,ui_round-robin_failure_1788021012331,round-robin,server-1,GET,/api/work,200,26,,2
1788021021208,ui_round-robin_failure_1788021012331,round-robin,server-2,GET,/api/work,200,26,,2
1788021021209,ui_round-robin_failure_1788021012331,round-robin,server-3,GET,/api/work,200,27,,2
1788021021218,ui_round-robin_failure_1788021012331,round-robin,server-1,GET,/api/work,200,27,,3
1788021021221,ui_round-robin_failure_1788021012331,round-robin,server-2,GET,/api/work,200,25,,3
1788021021223,ui_round-robin_failure_1788021012331,round-robin,server-3,GET,/api/work,200,26,,3
1788021021225,ui_round-robin_failure_1788021012331,round-robin,server-1,GET,/api/work,200,25,,3
1788021021225,ui_round-robin_failure_1788021012331,round-robin,server-2,GET,/api/work,200,27,,3
1788021021230,ui_round-robin_failure_1788021012331,round-robin,server-3,GET,/api/work,200,26,,2
1788021021234,ui_round-robin_failure_1788021012331,round-robin,server-1,GET,/api/work,200,26,,3
1788021021236,ui_round-robin_failure_1788021012331,round-robin,server-2,GET,/api/work,200,25,,2
1788021021236,ui_round-robin_failure_1788021012331,round-robin,server-1,GET,/api/work,200,26,,2
1788021021236,ui_round-robin_failure_1788021012331,round-robin,server-3,GET,/api/work,200,27,,2
1788021021238,ui_round-robin_failure_1788021012331,round-robin,server-2,GET,/api/work,200,27,,2
1788021021249,ui_round-robin_failure_1788021012331,round-robin,server-1,GET,/api/work,200,27,,2
1788021021249,ui_round-robin_failure_1788021012331,round-robin,server-3,GET,/api/work,200,27,,2
1788021021251,ui_round-robin_failure_1788021012331,round-robin,server-2,GET,/api/work,200,29,,2
1788021021256,ui_round-robin_failure_1788021012331,round-robin,server-3,GET,/api/work,200,27,,3
1788021021260,ui_round-robin_failure_1788021012331,round-robin,server-1,GET,/api/work,200,28,,3
1788021021261,ui_round-robin_failure_1788021012331,round-robin,server-2,GET,/api/work,200,27,,3
1788021021264,ui_round-robin_failure_1788021012331,round-robin,server-1,GET,/api/work,200,26,,2
1788021021264,ui_round-robin_failure_1788021012331,round-robin,server-3,GET,/api/work,200,27,,2
1788021021267,ui_round-robin_failure_1788021012331,round-robin,server-2,GET,/api/work,200,26,,3
1788021021276,ui_round-robin_failure_1788021012331,round-robin,server-3,GET,/api/work,200,27,,3
1788021021277,ui_round-robin_failure_1788021012331,round-robin,server-1,GET,/api/work,200,27,,3
1788021021280,ui_round-robin_failure_1788021012331,round-robin,server-2,GET,/api/work,200,26,,2
1788021021281,ui_round-robin_failure_1788021012331,round-robin,server-3,GET,/api/work,200,28,,3
1788021021282,ui_round-robin_failure_1788021012331,round-robin,server-1,GET,/api/work,200,28,,2
1788021021287,ui_round-robin_failure_1788021012331,round-robin,server-2,GET,/api/work,200,26,,2
1788021021291,ui_round-robin_failure_1788021012331,round-robin,server-3,GET,/api/work,200,27,,2
1788021021291,ui_round-robin_failure_1788021012331,round-robin,server-1,GET,/api/work,200,27,,2
1788021021293,ui_round-robin_failure_1788021012331,round-robin,server-3,GET,/api/work,200,26,,2
1788021021293,ui_round-robin_failure_1788021012331,round-robin,server-2,GET,/api/work,200,27,,2
1788021021295,ui_round-robin_failure_1788021012331,round-robin,server-1,GET,/api/work,200,26,,2
1788021021307,ui_round-robin_failure_1788021012331,round-robin,server-3,GET,/api/work,200,26,,2
1788021021307,ui_round-robin_failure_1788021012331,round-robin,server-2,GET,/api/work,200,27,,2
1788021021311,ui_round-robin_failure_1788021012331,round-robin,server-1,GET,/api/work,200,26,,2
1788021021313,ui_round-robin_failure_1788021012331,round-robin,server-2,GET,/api/work,200,28,,2
1788021021319,ui_round-robin_failure_1788021012331,round-robin,server-1,GET,/api/work,200,26,,3
1788021021319,ui_round-robin_failure_1788021012331,round-robin,server-3,GET,/api/work,200,27,,3
1788021021322,ui_round-robin_failure_1788021012331,round-robin,server-2,GET,/api/work,200,25,,2
1788021021322,ui_round-robin_failure_1788021012331,round-robin,server-3,GET,/api/work,200,26,,2
1788021021325,ui_round-robin_failure_1788021012331,round-robin,server-1,GET,/api/work,200,26,,3
1788021021335,ui_round-robin_failure_1788021012331,round-robin,server-2,GET,/api/work,200,25,,3
1788021021335,ui_round-robin_failure_1788021012331,round-robin,server-3,GET,/api/work,200,26,,3
1788021021337,ui_round-robin_failure_1788021012331,round-robin,server-1,GET,/api/work,200,27,,2
1788021021342,ui_round-robin_failure_1788021012331,round-robin,server-3,GET,/api/work,200,25,,2
1788021021341,ui_round-robin_failure_1788021012331,round-robin,server-2,GET,/api/work,200,27,,3
1788021021344,ui_round-robin_failure_1788021012331,round-robin,server-1,GET,/api/work,200,26,,2
1788021021348,ui_round-robin_failure_1788021012331,round-robin,server-2,GET,/api/work,200,26,,2
1788021021349,ui_round-robin_failure_1788021012331,round-robin,server-3,GET,/api/work,200,25,,2
1788021021350,ui_round-robin_failure_1788021012331,round-robin,server-1,GET,/api/work,200,26,,2
1788021021350,ui_round-robin_failure_1788021012331,round-robin,server-2,GET,/api/work,200,27,,1
1788021021352,ui_round-robin_failure_1788021012331,round-robin,server-3,GET,/api/work,200,25,,2
1788021021364,ui_round-robin_failure_1788021012331,round-robin,server-1,GET,/api/work,200,26,,2
1788021021364,ui_round-robin_failure_1788021012331,round-robin,server-2,GET,/api/work,200,26,,2
1788021021367,ui_round-robin_failure_1788021012331,round-robin,server-3,GET,/api/work,200,26,,2
1788021021372,ui_round-robin_failure_1788021012331,round-robin,server-1,GET,/api/work,200,26,,2
1788021021377,ui_round-robin_failure_1788021012331,round-robin,server-3,GET,/api/work,200,26,,3
1788021021377,ui_round-robin_failure_1788021012331,round-robin,server-2,GET,/api/work,200,27,,3
1788021021378,ui_round-robin_failure_1788021012331,round-robin,server-1,GET,/api/work,200,26,,2
1788021021379,ui_round-robin_failure_1788021012331,round-robin,server-2,GET,/api/work,200,26,,3
1788021021382,ui_round-robin_failure_1788021012331,round-robin,server-3,GET,/api/work,200,26,,3
1788021021391,ui_round-robin_failure_1788021012331,round-robin,server-1,GET,/api/work,200,25,,3
1788021021392,ui_round-robin_failure_1788021012331,round-robin,server-2,GET,/api/work,200,26,,3
1788021021394,ui_round-robin_failure_1788021012331,round-robin,server-3,GET,/api/work,200,26,,2
1788021021399,ui_round-robin_failure_1788021012331,round-robin,server-2,GET,/api/work,200,26,,3
1788021021398,ui_round-robin_failure_1788021012331,round-robin,server-1,GET,/api/work,200,27,,3
1788021021401,ui_round-robin_failure_1788021012331,round-robin,server-3,GET,/api/work,200,26,,2
1788021021405,ui_round-robin_failure_1788021012331,round-robin,server-1,GET,/api/work,200,26,,2
1788021021405,ui_round-robin_failure_1788021012331,round-robin,server-2,GET,/api/work,200,26,,2
1788021021407,ui_round-robin_failure_1788021012331,round-robin,server-3,GET,/api/work,200,27,,2
1788021021407,ui_round-robin_failure_1788021012331,round-robin,server-1,GET,/api/work,200,27,,1
1788021021408,ui_round-robin_failure_1788021012331,round-robin,server-2,GET,/api/work,200,26,,1
1788021021421,ui_round-robin_failure_1788021012331,round-robin,server-3,GET,/api/work,200,25,,2
1788021021421,ui_round-robin_failure_1788021012331,round-robin,server-1,GET,/api/work,200,26,,2
1788021021424,ui_round-robin_failure_1788021012331,round-robin,server-2,GET,/api/work,200,26,,2
1788021021429,ui_round-robin_failure_1788021012331,round-robin,server-3,GET,/api/work,200,26,,2
1788021021435,ui_round-robin_failure_1788021012331,round-robin,server-3,GET,/api/work,200,26,,2
1788021021435,ui_round-robin_failure_1788021012331,round-robin,server-1,GET,/api/work,200,26,,3
1788021021435,ui_round-robin_failure_1788021012331,round-robin,server-1,GET,/api/work,200,27,,2
1788021021435,ui_round-robin_failure_1788021012331,round-robin,server-2,GET,/api/work,200,27,,3
1788021021438,ui_round-robin_failure_1788021012331,round-robin,server-2,GET,/api/work,200,25,,2
1788021021447,ui_round-robin_failure_1788021012331,round-robin,server-3,GET,/api/work,200,26,,3
1788021021449,ui_round-robin_failure_1788021012331,round-robin,server-1,GET,/api/work,200,25,,3
1788021021451,ui_round-robin_failure_1788021012331,round-robin,server-2,GET,/api/work,200,26,,2
1788021021456,ui_round-robin_failure_1788021012331,round-robin,server-3,GET,/api/work,200,26,,3
1788021021456,ui_round-robin_failure_1788021012331,round-robin,server-1,GET,/api/work,200,27,,3
1788021021457,ui_round-robin_failure_1788021012331,round-robin,server-2,GET,/api/work,200,27,,2
1788021021463,ui_round-robin_failure_1788021012331,round-robin,server-1,GET,/api/work,200,26,,2
1788021021463,ui_round-robin_failure_1788021012331,round-robin,server-3,GET,/api/work,200,26,,2
1788021021466,ui_round-robin_failure_1788021012331,round-robin,server-1,GET,/api/work,200,25,,1
1788021021465,ui_round-robin_failure_1788021012331,round-robin,server-3,GET,/api/work,200,27,,1
1788021021465,ui_round-robin_failure_1788021012331,round-robin,server-2,GET,/api/work,200,27,,2
1788021021478,ui_round-robin_failure_1788021012331,round-robin,server-2,GET,/api/work,200,26,,2
1788021021478,ui_round-robin_failure_1788021012331,round-robin,server-3,GET,/api/work,200,26,,2
1788021021479,ui_round-robin_failure_1788021012331,round-robin,server-1,GET,/api/work,200,26,,2
1788021021486,ui_round-robin_failure_1788021012331,round-robin,server-2,GET,/api/work,200,27,,2
1788021021493,ui_round-robin_failure_1788021012331,round-robin,server-3,GET,/api/work,200,26,,3
1788021021493,ui_round-robin_failure_1788021012331,round-robin,server-1,GET,/api/work,200,26,,3
1788021021495,ui_round-robin_failure_1788021012331,round-robin,server-2,GET,/api/work,200,26,,3
1788021021495,ui_round-robin_failure_1788021012331,round-robin,server-3,GET,/api/work,200,26,,3
1788021021495,ui_round-robin_failure_1788021012331,round-robin,server-1,GET,/api/work,200,26,,2
1788021021504,ui_round-robin_failure_1788021012331,round-robin,server-2,GET,/api/work,200,26,,3
1788021021505,ui_round-robin_failure_1788021012331,round-robin,server-3,GET,/api/work,200,26,,3
1788021021508,ui_round-robin_failure_1788021012331,round-robin,server-1,GET,/api/work,200,26,,3
1788021021513,ui_round-robin_failure_1788021012331,round-robin,server-3,GET,/api/work,200,26,,3
1788021021513,ui_round-robin_failure_1788021012331,round-robin,server-2,GET,/api/work,200,27,,3
1788021021514,ui_round-robin_failure_1788021012331,round-robin,server-1,GET,/api/work,200,26,,2
1788021021520,ui_round-robin_failure_1788021012331,round-robin,server-2,GET,/api/work,200,25,,2
1788021021520,ui_round-robin_failure_1788021012331,round-robin,server-3,GET,/api/work,200,26,,2
1788021021523,ui_round-robin_failure_1788021012331,round-robin,server-1,GET,/api/work,200,26,,2
1788021021523,ui_round-robin_failure_1788021012331,round-robin,server-2,GET,/api/work,200,27,,2
1788021021523,ui_round-robin_failure_1788021012331,round-robin,server-3,GET,/api/work,200,27,,2
1788021021534,ui_round-robin_failure_1788021012331,round-robin,server-1,GET,/api/work,200,26,,2
1788021021535,ui_round-robin_failure_1788021012331,round-robin,server-2,GET,/api/work,200,26,,2
1788021021536,ui_round-robin_failure_1788021012331,round-robin,server-3,GET,/api/work,200,26,,2
1788021021544,ui_round-robin_failure_1788021012331,round-robin,server-1,GET,/api/work,200,26,,2
1788021021549,ui_round-robin_failure_1788021012331,round-robin,server-2,GET,/api/work,200,26,,3
1788021021550,ui_round-robin_failure_1788021012331,round-robin,server-3,GET,/api/work,200,26,,3
1788021021552,ui_round-robin_failure_1788021012331,round-robin,server-1,GET,/api/work,200,27,,3
1788021021552,ui_round-robin_failure_1788021012331,round-robin,server-3,GET,/api/work,200,27,,2
1788021021552,ui_round-robin_failure_1788021012331,round-robin,server-2,GET,/api/work,200,27,,3
1788021021561,ui_round-robin_failure_1788021012331,round-robin,server-1,GET,/api/work,200,27,,3
1788021021561,ui_round-robin_failure_1788021012331,round-robin,server-2,GET,/api/work,200,27,,3
1788021021565,ui_round-robin_failure_1788021012331,round-robin,server-3,GET,/api/work,200,26,,2
1788021021571,ui_round-robin_failure_1788021012331,round-robin,server-3,GET,/api/work,200,26,,2
1788021021571,ui_round-robin_failure_1788021012331,round-robin,server-1,GET,/api/work,200,26,,3
1788021021571,ui_round-robin_failure_1788021012331,round-robin,server-2,GET,/api/work,200,26,,3
1788021021576,ui_round-robin_failure_1788021012331,round-robin,server-1,GET,/api/work,200,25,,2
1788021021577,ui_round-robin_failure_1788021012331,round-robin,server-2,GET,/api/work,200,25,,2
1788021021581,ui_round-robin_failure_1788021012331,round-robin,server-2,GET,/api/work,200,25,,1
1788021021580,ui_round-robin_failure_1788021012331,round-robin,server-1,GET,/api/work,200,27,,2
1788021021580,ui_round-robin_failure_1788021012331,round-robin,server-3,GET,/api/work,200,27,,2
1788021021592,ui_round-robin_failure_1788021012331,round-robin,server-3,GET,/api/work,200,25,,2
1788021021592,ui_round-robin_failure_1788021012331,round-robin,server-1,GET,/api/work,200,26,,3
1788021021593,ui_round-robin_failure_1788021012331,round-robin,server-2,GET,/api/work,200,26,,2
1788021021602,ui_round-robin_failure_1788021012331,round-robin,server-3,GET,/api/work,200,25,,2
1788021021606,ui_round-robin_failure_1788021012331,round-robin,server-1,GET,/api/work,200,26,,3
1788021021607,ui_round-robin_failure_1788021012331,round-robin,server-2,GET,/api/work,200,26,,3
1788021021610,ui_round-robin_failure_1788021012331,round-robin,server-2,GET,/api/work,200,26,,2
1788021021610,ui_round-robin_failure_1788021012331,round-robin,server-1,GET,/api/work,200,27,,3
1788021021610,ui_round-robin_failure_1788021012331,round-robin,server-3,GET,/api/work,200,27,,3
1788021021617,ui_round-robin_failure_1788021012331,round-robin,server-3,GET,/api/work,200,26,,3
1788021021618,ui_round-robin_failure_1788021012331,round-robin,server-1,GET,/api/work,200,26,,3
1788021021622,ui_round-robin_failure_1788021012331,round-robin,server-2,GET,/api/work,200,27,,2
1788021021628,ui_round-robin_failure_1788021012331,round-robin,server-3,GET,/api/work,200,26,,3
1788021021628,ui_round-robin_failure_1788021012331,round-robin,server-1,GET,/api/work,200,27,,3
1788021021628,ui_round-robin_failure_1788021012331,round-robin,server-2,GET,/api/work,200,27,,2
1788021021632,ui_round-robin_failure_1788021012331,round-robin,server-3,GET,/api/work,200,26,,2
1788021021633,ui_round-robin_failure_1788021012331,round-robin,server-1,GET,/api/work,200,26,,2
1788021021637,ui_round-robin_failure_1788021012331,round-robin,server-2,GET,/api/work,200,27,,2
1788021021638,ui_round-robin_failure_1788021012331,round-robin,server-1,GET,/api/work,200,26,,2
1788021021638,ui_round-robin_failure_1788021012331,round-robin,server-3,GET,/api/work,200,27,,2
1788021021649,ui_round-robin_failure_1788021012331,round-robin,server-2,GET,/api/work,200,25,,2
1788021021649,ui_round-robin_failure_1788021012331,round-robin,server-3,GET,/api/work,200,27,,3
1788021021650,ui_round-robin_failure_1788021012331,round-robin,server-1,GET,/api/work,200,27,,2
1788021021658,ui_round-robin_failure_1788021012331,round-robin,server-2,GET,/api/work,200,26,,2
1788021021663,ui_round-robin_failure_1788021012331,round-robin,server-3,GET,/api/work,200,25,,3
1788021021664,ui_round-robin_failure_1788021012331,round-robin,server-1,GET,/api/work,200,26,,3
1788021021668,ui_round-robin_failure_1788021012331,round-robin,server-1,GET,/api/work,200,26,,2
1788021021667,ui_round-robin_failure_1788021012331,round-robin,server-2,GET,/api/work,200,27,,3
1788021021668,ui_round-robin_failure_1788021012331,round-robin,server-3,GET,/api/work,200,27,,3
1788021021675,ui_round-robin_failure_1788021012331,round-robin,server-2,GET,/api/work,200,26,,3
1788021021675,ui_round-robin_failure_1788021012331,round-robin,server-3,GET,/api/work,200,26,,3
1788021021679,ui_round-robin_failure_1788021012331,round-robin,server-1,GET,/api/work,200,27,,3
1788021021685,ui_round-robin_failure_1788021012331,round-robin,server-2,GET,/api/work,200,26,,3
1788021021685,ui_round-robin_failure_1788021012331,round-robin,server-3,GET,/api/work,200,27,,3
1788021021686,ui_round-robin_failure_1788021012331,round-robin,server-1,GET,/api/work,200,27,,2
1788021021690,ui_round-robin_failure_1788021012331,round-robin,server-3,GET,/api/work,200,25,,2
1788021021689,ui_round-robin_failure_1788021012331,round-robin,server-2,GET,/api/work,200,27,,2
1788021021695,ui_round-robin_failure_1788021012331,round-robin,server-2,GET,/api/work,200,27,,2
1788021021695,ui_round-robin_failure_1788021012331,round-robin,server-1,GET,/api/work,200,27,,2
1788021021696,ui_round-robin_failure_1788021012331,round-robin,server-3,GET,/api/work,200,27,,2
1788021021705,ui_round-robin_failure_1788021012331,round-robin,server-1,GET,/api/work,200,26,,2
1788021021706,ui_round-robin_failure_1788021012331,round-robin,server-3,GET,/api/work,200,26,,2
1788021021706,ui_round-robin_failure_1788021012331,round-robin,server-2,GET,/api/work,200,27,,3
1788021021715,ui_round-robin_failure_1788021012331,round-robin,server-1,GET,/api/work,200,27,,2
1788021021718,ui_round-robin_failure_1788021012331,round-robin,server-2,GET,/api/work,200,26,,3
1788021021721,ui_round-robin_failure_1788021012331,round-robin,server-3,GET,/api/work,200,26,,3
1788021021726,ui_round-robin_failure_1788021012331,round-robin,server-2,GET,/api/work,200,25,,3
1788021021725,ui_round-robin_failure_1788021012331,round-robin,server-1,GET,/api/work,200,27,,3
1788021021726,ui_round-robin_failure_1788021012331,round-robin,server-3,GET,/api/work,200,27,,2
1788021021732,ui_round-robin_failure_1788021012331,round-robin,server-2,GET,/api/work,200,26,,3
1788021021732,ui_round-robin_failure_1788021012331,round-robin,server-1,GET,/api/work,200,27,,3
1788021021737,ui_round-robin_failure_1788021012331,round-robin,server-3,GET,/api/work,200,26,,3
1788021021743,ui_round-robin_failure_1788021012331,round-robin,server-2,GET,/api/work,200,25,,3
1788021021742,ui_round-robin_failure_1788021012331,round-robin,server-1,GET,/api/work,200,27,,3
1788021021743,ui_round-robin_failure_1788021012331,round-robin,server-3,GET,/api/work,200,26,,2
1788021021746,ui_round-robin_failure_1788021012331,round-robin,server-1,GET,/api/work,200,26,,2
1788021021747,ui_round-robin_failure_1788021012331,round-robin,server-2,GET,/api/work,200,27,,2
1788021021753,ui_round-robin_failure_1788021012331,round-robin,server-1,GET,/api/work,200,26,,2
1788021021753,ui_round-robin_failure_1788021012331,round-robin,server-3,GET,/api/work,200,27,,2
1788021021754,ui_round-robin_failure_1788021012331,round-robin,server-2,GET,/api/work,200,27,,2
1788021021763,ui_round-robin_failure_1788021012331,round-robin,server-1,GET,/api/work,200,25,,2
1788021021763,ui_round-robin_failure_1788021012331,round-robin,server-3,GET,/api/work,200,26,,3
1788021021763,ui_round-robin_failure_1788021012331,round-robin,server-2,GET,/api/work,200,26,,2
1788021021774,ui_round-robin_failure_1788021012331,round-robin,server-3,GET,/api/work,200,26,,3
1788021021775,ui_round-robin_failure_1788021012331,round-robin,server-1,GET,/api/work,200,27,,3
1788021021778,ui_round-robin_failure_1788021012331,round-robin,server-2,GET,/api/work,200,26,,3
1788021021783,ui_round-robin_failure_1788021012331,round-robin,server-3,GET,/api/work,200,26,,3
1788021021783,ui_round-robin_failure_1788021012331,round-robin,server-1,GET,/api/work,200,26,,3
1788021021786,ui_round-robin_failure_1788021012331,round-robin,server-2,GET,/api/work,200,26,,3
1788021021788,ui_round-robin_failure_1788021012331,round-robin,server-1,GET,/api/work,200,27,,3
1788021021788,ui_round-robin_failure_1788021012331,round-robin,server-3,GET,/api/work,200,27,,3
1788021021794,ui_round-robin_failure_1788021012331,round-robin,server-2,GET,/api/work,200,26,,3
1788021021799,ui_round-robin_failure_1788021012331,round-robin,server-3,GET,/api/work,200,26,,3
1788021021800,ui_round-robin_failure_1788021012331,round-robin,server-2,GET,/api/work,200,26,,2
1788021021799,ui_round-robin_failure_1788021012331,round-robin,server-1,GET,/api/work,200,27,,3
1788021021803,ui_round-robin_failure_1788021012331,round-robin,server-3,GET,/api/work,200,26,,2
1788021021805,ui_round-robin_failure_1788021012331,round-robin,server-1,GET,/api/work,200,26,,2
1788021021810,ui_round-robin_failure_1788021012331,round-robin,server-2,GET,/api/work,200,27,,2
1788021021811,ui_round-robin_failure_1788021012331,round-robin,server-3,GET,/api/work,200,27,,2
1788021021812,ui_round-robin_failure_1788021012331,round-robin,server-1,GET,/api/work,200,26,,2
1788021021819,ui_round-robin_failure_1788021012331,round-robin,server-1,GET,/api/work,200,26,,2
1788021021819,ui_round-robin_failure_1788021012331,round-robin,server-2,GET,/api/work,200,26,,2
1788021021819,ui_round-robin_failure_1788021012331,round-robin,server-3,GET,/api/work,200,27,,2
1788021021832,ui_round-robin_failure_1788021012331,round-robin,server-2,GET,/api/work,200,25,,2
1788021021832,ui_round-robin_failure_1788021012331,round-robin,server-3,GET,/api/work,200,28,,3
1788021021834,ui_round-robin_failure_1788021012331,round-robin,server-1,GET,/api/work,200,27,,3
1788021021839,ui_round-robin_failure_1788021012331,round-robin,server-2,GET,/api/work,200,26,,3
1788021021840,ui_round-robin_failure_1788021012331,round-robin,server-3,GET,/api/work,200,26,,3
1788021021842,ui_round-robin_failure_1788021012331,round-robin,server-1,GET,/api/work,200,26,,3
1788021021846,ui_round-robin_failure_1788021012331,round-robin,server-3,GET,/api/work,200,26,,3
1788021021846,ui_round-robin_failure_1788021012331,round-robin,server-2,GET,/api/work,200,27,,3
1788021021851,ui_round-robin_failure_1788021012331,round-robin,server-1,GET,/api/work,200,26,,3
1788021021859,ui_round-robin_failure_1788021012331,round-robin,server-3,GET,/api/work,200,27,,3
1788021021859,ui_round-robin_failure_1788021012331,round-robin,server-2,GET,/api/work,200,27,,3
1788021021860,ui_round-robin_failure_1788021012331,round-robin,server-2,GET,/api/work,200,26,,2
1788021021859,ui_round-robin_failure_1788021012331,round-robin,server-1,GET,/api/work,200,28,,2
1788021021862,ui_round-robin_failure_1788021012331,round-robin,server-3,GET,/api/work,200,26,,2
1788021021869,ui_round-robin_failure_1788021012331,round-robin,server-3,GET,/api/work,200,25,,2
1788021021868,ui_round-robin_failure_1788021012331,round-robin,server-1,GET,/api/work,200,26,,2
1788021021868,ui_round-robin_failure_1788021012331,round-robin,server-2,GET,/api/work,200,27,,2
1788021021876,ui_round-robin_failure_1788021012331,round-robin,server-1,GET,/api/work,200,26,,2
1788021021876,ui_round-robin_failure_1788021012331,round-robin,server-2,GET,/api/work,200,27,,2
1788021021877,ui_round-robin_failure_1788021012331,round-robin,server-3,GET,/api/work,200,26,,2
1788021021889,ui_round-robin_failure_1788021012331,round-robin,server-1,GET,/api/work,200,27,,2
1788021021891,ui_round-robin_failure_1788021012331,round-robin,server-2,GET,/api/work,200,27,,2
1788021021892,ui_round-robin_failure_1788021012331,round-robin,server-3,GET,/api/work,200,27,,3
1788021021896,ui_round-robin_failure_1788021012331,round-robin,server-1,GET,/api/work,200,26,,3
1788021021897,ui_round-robin_failure_1788021012331,round-robin,server-2,GET,/api/work,200,26,,3
1788021021899,ui_round-robin_failure_1788021012331,round-robin,server-3,GET,/api/work,200,25,,2
1788021021904,ui_round-robin_failure_1788021012331,round-robin,server-2,GET,/api/work,200,25,,3
1788021021903,ui_round-robin_failure_1788021012331,round-robin,server-1,GET,/api/work,200,27,,3
1788021021908,ui_round-robin_failure_1788021012331,round-robin,server-3,GET,/api/work,200,27,,3
1788021021918,ui_round-robin_failure_1788021012331,round-robin,server-1,GET,/api/work,200,26,,3
1788021021919,ui_round-robin_failure_1788021012331,round-robin,server-2,GET,/api/work,200,25,,3
1788021021919,ui_round-robin_failure_1788021012331,round-robin,server-3,GET,/api/work,200,26,,2
1788021021919,ui_round-robin_failure_1788021012331,round-robin,server-1,GET,/api/work,200,26,,2
1788021021920,ui_round-robin_failure_1788021012331,round-robin,server-2,GET,/api/work,200,26,,2
1788021021926,ui_round-robin_failure_1788021012331,round-robin,server-1,GET,/api/work,200,25,,2
1788021021926,ui_round-robin_failure_1788021012331,round-robin,server-3,GET,/api/work,200,25,,2
1788021021926,ui_round-robin_failure_1788021012331,round-robin,server-2,GET,/api/work,200,27,,2
1788021021933,ui_round-robin_failure_1788021012331,round-robin,server-3,GET,/api/work,200,28,,2
1788021021934,ui_round-robin_failure_1788021012331,round-robin,server-2,GET,/api/work,200,27,,2
1788021021934,ui_round-robin_failure_1788021012331,round-robin,server-1,GET,/api/work,200,28,,2
1788021021947,ui_round-robin_failure_1788021012331,round-robin,server-3,GET,/api/work,200,25,,2
1788021021950,ui_round-robin_failure_1788021012331,round-robin,server-1,GET,/api/work,200,26,,3
1788021021951,ui_round-robin_failure_1788021012331,round-robin,server-2,GET,/api/work,200,25,,2
1788021021953,ui_round-robin_failure_1788021012331,round-robin,server-3,GET,/api/work,200,26,,3
1788021021954,ui_round-robin_failure_1788021012331,round-robin,server-1,GET,/api/work,200,25,,3
1788021021954,ui_round-robin_failure_1788021012331,round-robin,server-2,GET,/api/work,200,27,,2
1788021021962,ui_round-robin_failure_1788021012331,round-robin,server-1,GET,/api/work,200,26,,3
1788021021962,ui_round-robin_failure_1788021012331,round-robin,server-3,GET,/api/work,200,26,,3
1788021021965,ui_round-robin_failure_1788021012331,round-robin,server-2,GET,/api/work,200,26,,2
1788021021975,ui_round-robin_failure_1788021012331,round-robin,server-3,GET,/api/work,200,27,,3
1788021021975,ui_round-robin_failure_1788021012331,round-robin,server-1,GET,/api/work,200,27,,3
1788021021977,ui_round-robin_failure_1788021012331,round-robin,server-3,GET,/api/work,200,25,,2
1788021021977,ui_round-robin_failure_1788021012331,round-robin,server-2,GET,/api/work,200,26,,2
1788021021977,ui_round-robin_failure_1788021012331,round-robin,server-1,GET,/api/work,200,26,,2
1788021021982,ui_round-robin_failure_1788021012331,round-robin,server-3,GET,/api/work,200,26,,2
1788021021982,ui_round-robin_failure_1788021012331,round-robin,server-2,GET,/api/work,200,27,,2
1788021021984,ui_round-robin_failure_1788021012331,round-robin,server-1,GET,/api/work,200,26,,2
1788021021993,ui_round-robin_failure_1788021012331,round-robin,server-1,GET,/api/work,200,26,,2
1788021021993,ui_round-robin_failure_1788021012331,round-robin,server-2,GET,/api/work,200,27,,2
1788021021993,ui_round-robin_failure_1788021012331,round-robin,server-3,GET,/api/work,200,27,,2
1788021022003,ui_round-robin_failure_1788021012331,round-robin,server-2,GET,/api/work,200,26,,2
1788021022007,ui_round-robin_failure_1788021012331,round-robin,server-1,GET,/api/work,200,26,,2
1788021022007,ui_round-robin_failure_1788021012331,round-robin,server-3,GET,/api/work,200,27,,2
1788021022009,ui_round-robin_failure_1788021012331,round-robin,server-2,GET,/api/work,200,26,,3
1788021022009,ui_round-robin_failure_1788021012331,round-robin,server-3,GET,/api/work,200,26,,3
1788021022011,ui_round-robin_failure_1788021012331,round-robin,server-1,GET,/api/work,200,26,,2
1788021022020,ui_round-robin_failure_1788021012331,round-robin,server-2,GET,/api/work,200,26,,3
1788021022020,ui_round-robin_failure_1788021012331,round-robin,server-3,GET,/api/work,200,27,,3
1788021022022,ui_round-robin_failure_1788021012331,round-robin,server-1,GET,/api/work,200,26,,2
1788021022034,ui_round-robin_failure_1788021012331,round-robin,server-2,GET,/api/work,200,26,,3
1788021022034,ui_round-robin_failure_1788021012331,round-robin,server-3,GET,/api/work,200,26,,3
1788021022035,ui_round-robin_failure_1788021012331,round-robin,server-2,GET,/api/work,200,26,,2
1788021022035,ui_round-robin_failure_1788021012331,round-robin,server-3,GET,/api/work,200,26,,2
1788021022034,ui_round-robin_failure_1788021012331,round-robin,server-1,GET,/api/work,200,28,,3
1788021022039,ui_round-robin_failure_1788021012331,round-robin,server-1,GET,/api/work,200,27,,2
1788021022039,ui_round-robin_failure_1788021012331,round-robin,server-2,GET,/api/work,200,27,,3
1788021022040,ui_round-robin_failure_1788021012331,round-robin,server-3,GET,/api/work,200,27,,2
1788021022051,ui_round-robin_failure_1788021012331,round-robin,server-1,GET,/api/work,200,25,,2
1788021022051,ui_round-robin_failure_1788021012331,round-robin,server-2,GET,/api/work,200,26,,3
1788021022051,ui_round-robin_failure_1788021012331,round-robin,server-3,GET,/api/work,200,27,,2
1788021022061,ui_round-robin_failure_1788021012331,round-robin,server-1,GET,/api/work,200,27,,2
1788021022064,ui_round-robin_failure_1788021012331,round-robin,server-2,GET,/api/work,200,25,,2
1788021022065,ui_round-robin_failure_1788021012331,round-robin,server-3,GET,/api/work,200,27,,2
1788021022066,ui_round-robin_failure_1788021012331,round-robin,server-1,GET,/api/work,200,27,,2
1788021022066,ui_round-robin_failure_1788021012331,round-robin,server-2,GET,/api/work,200,28,,2
1788021022067,ui_round-robin_failure_1788021012331,round-robin,server-3,GET,/api/work,200,27,,2
1788021022078,ui_round-robin_failure_1788021012331,round-robin,server-3,GET,/api/work,200,27,,2
1788021022077,ui_round-robin_failure_1788021012331,round-robin,server-1,GET,/api/work,200,28,,3
1788021022077,ui_round-robin_failure_1788021012331,round-robin,server-2,GET,/api/work,200,29,,3
1788021022092,ui_round-robin_failure_1788021012331,round-robin,server-1,GET,/api/work,200,26,,3
1788021022093,ui_round-robin_failure_1788021012331,round-robin,server-3,GET,/api/work,200,26,,3
1788021022093,ui_round-robin_failure_1788021012331,round-robin,server-2,GET,/api/work,200,27,,3
1788021022093,ui_round-robin_failure_1788021012331,round-robin,server-1,GET,/api/work,200,27,,3
1788021022094,ui_round-robin_failure_1788021012331,round-robin,server-2,GET,/api/work,200,27,,2
1788021022098,ui_round-robin_failure_1788021012331,round-robin,server-2,GET,/api/work,200,25,,2
1788021022098,ui_round-robin_failure_1788021012331,round-robin,server-1,GET,/api/work,200,26,,2
1788021022097,ui_round-robin_failure_1788021012331,round-robin,server-3,GET,/api/work,200,27,,2
1788021022108,ui_round-robin_failure_1788021012331,round-robin,server-1,GET,/api/work,200,26,,2
1788021022108,ui_round-robin_failure_1788021012331,round-robin,server-3,GET,/api/work,200,27,,2
1788021022109,ui_round-robin_failure_1788021012331,round-robin,server-2,GET,/api/work,200,27,,2
1788021022119,ui_round-robin_failure_1788021012331,round-robin,server-3,GET,/api/work,200,25,,2
1788021022119,ui_round-robin_failure_1788021012331,round-robin,server-1,GET,/api/work,200,26,,2
1788021022123,ui_round-robin_failure_1788021012331,round-robin,server-2,GET,/api/work,200,26,,2
1788021022125,ui_round-robin_failure_1788021012331,round-robin,server-3,GET,/api/work,200,26,,2
1788021022125,ui_round-robin_failure_1788021012331,round-robin,server-2,GET,/api/work,200,27,,2
1788021022125,ui_round-robin_failure_1788021012331,round-robin,server-1,GET,/api/work,200,28,,2
1788021022137,ui_round-robin_failure_1788021012331,round-robin,server-2,GET,/api/work,200,27,,2
1788021022137,ui_round-robin_failure_1788021012331,round-robin,server-3,GET,/api/work,200,27,,3
1788021022137,ui_round-robin_failure_1788021012331,round-robin,server-1,GET,/api/work,200,27,,3
1788021022149,ui_round-robin_failure_1788021012331,round-robin,server-3,GET,/api/work,200,26,,3
1788021022150,ui_round-robin_failure_1788021012331,round-robin,server-1,GET,/api/work,200,26,,3
1788021022152,ui_round-robin_failure_1788021012331,round-robin,server-2,GET,/api/work,200,26,,3
1788021022154,ui_round-robin_failure_1788021012331,round-robin,server-3,GET,/api/work,200,25,,3
1788021022154,ui_round-robin_failure_1788021012331,round-robin,server-1,GET,/api/work,200,26,,2
1788021022156,ui_round-robin_failure_1788021012331,round-robin,server-1,GET,/api/work,200,25,,2
1788021022155,ui_round-robin_failure_1788021012331,round-robin,server-2,GET,/api/work,200,27,,3
1788021022156,ui_round-robin_failure_1788021012331,round-robin,server-3,GET,/api/work,200,26,,2
1788021022165,ui_round-robin_failure_1788021012331,round-robin,server-3,GET,/api/work,200,26,,2
1788021022165,ui_round-robin_failure_1788021012331,round-robin,server-2,GET,/api/work,200,27,,2
1788021022167,ui_round-robin_failure_1788021012331,round-robin,server-1,GET,/api/work,200,26,,2
1788021022177,ui_round-robin_failure_1788021012331,round-robin,server-3,GET,/api/work,200,26,,2
1788021022177,ui_round-robin_failure_1788021012331,round-robin,server-2,GET,/api/work,200,27,,2
1788021022180,ui_round-robin_failure_1788021012331,round-robin,server-1,GET,/api/work,200,26,,2
1788021022181,ui_round-robin_failure_1788021012331,round-robin,server-2,GET,/api/work,200,26,,2
1788021022184,ui_round-robin_failure_1788021012331,round-robin,server-1,GET,/api/work,200,26,,2
1788021022184,ui_round-robin_failure_1788021012331,round-robin,server-3,GET,/api/work,200,27,,2
1788021022195,ui_round-robin_failure_1788021012331,round-robin,server-2,GET,/api/work,200,26,,3
1788021022195,ui_round-robin_failure_1788021012331,round-robin,server-3,GET,/api/work,200,26,,3
1788021022195,ui_round-robin_failure_1788021012331,round-robin,server-1,GET,/api/work,200,27,,2
1788021022208,ui_round-robin_failure_1788021012331,round-robin,server-3,GET,/api/work,200,25,,3
1788021022207,ui_round-robin_failure_1788021012331,round-robin,server-2,GET,/api/work,200,27,,3
1788021022209,ui_round-robin_failure_1788021012331,round-robin,server-2,GET,/api/work,200,26,,3
1788021022209,ui_round-robin_failure_1788021012331,round-robin,server-1,GET,/api/work,200,28,,3
1788021022211,ui_round-robin_failure_1788021012331,round-robin,server-3,GET,/api/work,200,27,,2
1788021022212,ui_round-robin_failure_1788021012331,round-robin,server-1,GET,/api/work,200,26,,2
1788021022213,ui_round-robin_failure_1788021012331,round-robin,server-2,GET,/api/work,200,26,,2
1788021022213,ui_round-robin_failure_1788021012331,round-robin,server-3,GET,/api/work,200,27,,2
1788021022222,ui_round-robin_failure_1788021012331,round-robin,server-1,GET,/api/work,200,26,,2
1788021022223,ui_round-robin_failure_1788021012331,round-robin,server-2,GET,/api/work,200,26,,2
1788021022224,ui_round-robin_failure_1788021012331,round-robin,server-3,GET,/api/work,200,27,,2
1788021022235,ui_round-robin_failure_1788021012331,round-robin,server-2,GET,/api/work,200,27,,2
1788021022235,ui_round-robin_failure_1788021012331,round-robin,server-1,GET,/api/work,200,27,,2
1788021022238,ui_round-robin_failure_1788021012331,round-robin,server-3,GET,/api/work,200,26,,2
1788021022239,ui_round-robin_failure_1788021012331,round-robin,server-1,GET,/api/work,200,26,,2
1788021022242,ui_round-robin_failure_1788021012331,round-robin,server-2,GET,/api/work,200,26,,2
1788021022242,ui_round-robin_failure_1788021012331,round-robin,server-3,GET,/api/work,200,27,,2
1788021022251,ui_round-robin_failure_1788021012331,round-robin,server-2,GET,/api/work,200,26,,3
1788021022251,ui_round-robin_failure_1788021012331,round-robin,server-1,GET,/api/work,200,27,,3
1788021022253,ui_round-robin_failure_1788021012331,round-robin,server-3,GET,/api/work,200,26,,2
1788021022264,ui_round-robin_failure_1788021012331,round-robin,server-1,GET,/api/work,200,27,,3
1788021022266,ui_round-robin_failure_1788021012331,round-robin,server-2,GET,/api/work,200,26,,3
1788021022267,ui_round-robin_failure_1788021012331,round-robin,server-3,GET,/api/work,200,26,,3
1788021022269,ui_round-robin_failure_1788021012331,round-robin,server-1,GET,/api/work,200,27,,3
1788021022270,ui_round-robin_failure_1788021012331,round-robin,server-3,GET,/api/work,200,26,,3
1788021022270,ui_round-robin_failure_1788021012331,round-robin,server-2,GET,/api/work,200,27,,3
1788021022272,ui_round-robin_failure_1788021012331,round-robin,server-2,GET,/api/work,200,25,,2
1788021022271,ui_round-robin_failure_1788021012331,round-robin,server-1,GET,/api/work,200,27,,2
1788021022280,ui_round-robin_failure_1788021012331,round-robin,server-3,GET,/api/work,200,25,,2
1788021022280,ui_round-robin_failure_1788021012331,round-robin,server-1,GET,/api/work,200,25,,2
1788021022282,ui_round-robin_failure_1788021012331,round-robin,server-2,GET,/api/work,200,26,,2
1788021022292,ui_round-robin_failure_1788021012331,round-robin,server-3,GET,/api/work,200,25,,2
1788021022293,ui_round-robin_failure_1788021012331,round-robin,server-1,GET,/api/work,200,25,,2
1788021022295,ui_round-robin_failure_1788021012331,round-robin,server-2,GET,/api/work,200,26,,2
1788021022296,ui_round-robin_failure_1788021012331,round-robin,server-3,GET,/api/work,200,26,,2
1788021022298,ui_round-robin_failure_1788021012331,round-robin,server-1,GET,/api/work,200,26,,2
1788021022300,ui_round-robin_failure_1788021012331,round-robin,server-2,GET,/api/work,200,27,,2
1788021022307,ui_round-robin_failure_1788021012331,round-robin,server-1,GET,/api/work,200,27,,3
1788021022307,ui_round-robin_failure_1788021012331,round-robin,server-3,GET,/api/work,200,27,,3
1788021022310,ui_round-robin_failure_1788021012331,round-robin,server-2,GET,/api/work,200,27,,3
1788021022321,ui_round-robin_failure_1788021012331,round-robin,server-3,GET,/api/work,200,26,,3
1788021022323,ui_round-robin_failure_1788021012331,round-robin,server-2,GET,/api/work,200,26,,3
1788021022323,ui_round-robin_failure_1788021012331,round-robin,server-1,GET,/api/work,200,27,,3
1788021022327,ui_round-robin_failure_1788021012331,round-robin,server-1,GET,/api/work,200,26,,3
1788021022327,ui_round-robin_failure_1788021012331,round-robin,server-3,GET,/api/work,200,27,,3
1788021022329,ui_round-robin_failure_1788021012331,round-robin,server-1,GET,/api/work,200,26,,2
1788021022329,ui_round-robin_failure_1788021012331,round-robin,server-3,GET,/api/work,200,26,,2
1788021022328,ui_round-robin_failure_1788021012331,round-robin,server-2,GET,/api/work,200,28,,3
1788021022336,ui_round-robin_failure_1788021012331,round-robin,server-3,GET,/api/work,200,26,,2
1788021022336,ui_round-robin_failure_1788021012331,round-robin,server-2,GET,/api/work,200,27,,2
1788021022339,ui_round-robin_failure_1788021012331,round-robin,server-1,GET,/api/work,200,27,,2
1788021022348,ui_round-robin_failure_1788021012331,round-robin,server-2,GET,/api/work,200,26,,2
1788021022350,ui_round-robin_failure_1788021012331,round-robin,server-3,GET,/api/work,200,27,,2
1788021022352,ui_round-robin_failure_1788021012331,round-robin,server-1,GET,/api/work,200,26,,2
1788021022352,ui_round-robin_failure_1788021012331,round-robin,server-2,GET,/api/work,200,26,,1
1788021022356,ui_round-robin_failure_1788021012331,round-robin,server-3,GET,/api/work,200,26,,2
1788021022357,ui_round-robin_failure_1788021012331,round-robin,server-1,GET,/api/work,200,25,,2
1788021022366,ui_round-robin_failure_1788021012331,round-robin,server-2,GET,/api/work,200,25,,3
1788021022366,ui_round-robin_failure_1788021012331,round-robin,server-3,GET,/api/work,200,26,,3
1788021022367,ui_round-robin_failure_1788021012331,round-robin,server-1,GET,/api/work,200,26,,3
1788021022379,ui_round-robin_failure_1788021012331,round-robin,server-2,GET,/api/work,200,25,,3
1788021022380,ui_round-robin_failure_1788021012331,round-robin,server-1,GET,/api/work,200,26,,3
1788021022380,ui_round-robin_failure_1788021012331,round-robin,server-3,GET,/api/work,200,26,,3
1788021022384,ui_round-robin_failure_1788021012331,round-robin,server-2,GET,/api/work,200,27,,3
1788021022386,ui_round-robin_failure_1788021012331,round-robin,server-3,GET,/api/work,200,25,,3
1788021022387,ui_round-robin_failure_1788021012331,round-robin,server-1,GET,/api/work,200,26,,3
1788021022387,ui_round-robin_failure_1788021012331,round-robin,server-2,GET,/api/work,200,27,,3
1788021022387,ui_round-robin_failure_1788021012331,round-robin,server-3,GET,/api/work,200,27,,3
1788021022393,ui_round-robin_failure_1788021012331,round-robin,server-2,GET,/api/work,200,26,,2
1788021022393,ui_round-robin_failure_1788021012331,round-robin,server-1,GET,/api/work,200,27,,2
1788021022397,ui_round-robin_failure_1788021012331,round-robin,server-3,GET,/api/work,200,26,,2
1788021022405,ui_round-robin_failure_1788021012331,round-robin,server-1,GET,/api/work,200,26,,2
1788021022406,ui_round-robin_failure_1788021012331,round-robin,server-2,GET,/api/work,200,27,,2
1788021022409,ui_round-robin_failure_1788021012331,round-robin,server-1,GET,/api/work,200,26,,1
1788021022409,ui_round-robin_failure_1788021012331,round-robin,server-3,GET,/api/work,200,27,,2
1788021022413,ui_round-robin_failure_1788021012331,round-robin,server-2,GET,/api/work,200,26,,2
1788021022413,ui_round-robin_failure_1788021012331,round-robin,server-3,GET,/api/work,200,27,,2
1788021022423,ui_round-robin_failure_1788021012331,round-robin,server-2,GET,/api/work,200,25,,3
1788021022422,ui_round-robin_failure_1788021012331,round-robin,server-1,GET,/api/work,200,26,,3
1788021022424,ui_round-robin_failure_1788021012331,round-robin,server-3,GET,/api/work,200,25,,2
1788021022436,ui_round-robin_failure_1788021012331,round-robin,server-1,GET,/api/work,200,25,,3
1788021022437,ui_round-robin_failure_1788021012331,round-robin,server-3,GET,/api/work,200,25,,3
1788021022436,ui_round-robin_failure_1788021012331,round-robin,server-2,GET,/api/work,200,26,,3
1788021022442,ui_round-robin_failure_1788021012331,round-robin,server-1,GET,/api/work,200,26,,3
1788021022442,ui_round-robin_failure_1788021012331,round-robin,server-2,GET,/api/work,200,27,,3
1788021022445,ui_round-robin_failure_1788021012331,round-robin,server-2,GET,/api/work,200,26,,3
1788021022445,ui_round-robin_failure_1788021012331,round-robin,server-3,GET,/api/work,200,27,,3
1788021022445,ui_round-robin_failure_1788021012331,round-robin,server-1,GET,/api/work,200,27,,3
1788021022451,ui_round-robin_failure_1788021012331,round-robin,server-3,GET,/api/work,200,25,,2
1788021022451,ui_round-robin_failure_1788021012331,round-robin,server-1,GET,/api/work,200,27,,2
1788021022454,ui_round-robin_failure_1788021012331,round-robin,server-2,GET,/api/work,200,27,,3
1788021022461,ui_round-robin_failure_1788021012331,round-robin,server-3,GET,/api/work,200,27,,2
1788021022463,ui_round-robin_failure_1788021012331,round-robin,server-1,GET,/api/work,200,27,,2
1788021022466,ui_round-robin_failure_1788021012331,round-robin,server-2,GET,/api/work,200,26,,2
1788021022467,ui_round-robin_failure_1788021012331,round-robin,server-3,GET,/api/work,200,25,,1
1788021022470,ui_round-robin_failure_1788021012331,round-robin,server-2,GET,/api/work,200,26,,2
1788021022470,ui_round-robin_failure_1788021012331,round-robin,server-1,GET,/api/work,200,27,,2
1788021022480,ui_round-robin_failure_1788021012331,round-robin,server-1,GET,/api/work,200,25,,3
1788021022480,ui_round-robin_failure_1788021012331,round-robin,server-2,GET,/api/work,200,25,,2
1788021022479,ui_round-robin_failure_1788021012331,round-robin,server-3,GET,/api/work,200,27,,3
1788021022493,ui_round-robin_failure_1788021012331,round-robin,server-3,GET,/api/work,200,26,,3
1788021022493,ui_round-robin_failure_1788021012331,round-robin,server-1,GET,/api/work,200,26,,3
1788021022493,ui_round-robin_failure_1788021012331,round-robin,server-2,GET,/api/work,200,27,,3
1788021022499,ui_round-robin_failure_1788021012331,round-robin,server-3,GET,/api/work,200,25,,3
1788021022499,ui_round-robin_failure_1788021012331,round-robin,server-1,GET,/api/work,200,26,,3
1788021022502,ui_round-robin_failure_1788021012331,round-robin,server-2,GET,/api/work,200,26,,3
1788021022503,ui_round-robin_failure_1788021012331,round-robin,server-3,GET,/api/work,200,26,,3
1788021022504,ui_round-robin_failure_1788021012331,round-robin,server-1,GET,/api/work,200,26,,3
1788021022507,ui_round-robin_failure_1788021012331,round-robin,server-2,GET,/api/work,200,26,,2
1788021022508,ui_round-robin_failure_1788021012331,round-robin,server-3,GET,/api/work,200,25,,2
1788021022511,ui_round-robin_failure_1788021012331,round-robin,server-1,GET,/api/work,200,27,,3
1788021022518,ui_round-robin_failure_1788021012331,round-robin,server-2,GET,/api/work,200,26,,2
1788021022520,ui_round-robin_failure_1788021012331,round-robin,server-3,GET,/api/work,200,27,,2
1788021022523,ui_round-robin_failure_1788021012331,round-robin,server-1,GET,/api/work,200,26,,2
1788021022523,ui_round-robin_failure_1788021012331,round-robin,server-2,GET,/api/work,200,27,,1
1788021022527,ui_round-robin_failure_1788021012331,round-robin,server-3,GET,/api/work,200,25,,2
1788021022528,ui_round-robin_failure_1788021012331,round-robin,server-1,GET,/api/work,200,26,,2
1788021022537,ui_round-robin_failure_1788021012331,round-robin,server-1,GET,/api/work,200,25,,2
1788021022536,ui_round-robin_failure_1788021012331,round-robin,server-2,GET,/api/work,200,26,,3
1788021022537,ui_round-robin_failure_1788021012331,round-robin,server-3,GET,/api/work,200,26,,3
1788021022550,ui_round-robin_failure_1788021012331,round-robin,server-2,GET,/api/work,200,26,,3
1788021022550,ui_round-robin_failure_1788021012331,round-robin,server-3,GET,/api/work,200,26,,3
1788021022550,ui_round-robin_failure_1788021012331,round-robin,server-1,GET,/api/work,200,27,,3
1788021022555,ui_round-robin_failure_1788021012331,round-robin,server-3,GET,/api/work,200,26,,3
1788021022555,ui_round-robin_failure_1788021012331,round-robin,server-2,GET,/api/work,200,26,,3
1788021022560,ui_round-robin_failure_1788021012331,round-robin,server-2,GET,/api/work,200,26,,3
1788021022560,ui_round-robin_failure_1788021012331,round-robin,server-1,GET,/api/work,200,27,,3
1788021022560,ui_round-robin_failure_1788021012331,round-robin,server-3,GET,/api/work,200,27,,3
1788021022564,ui_round-robin_failure_1788021012331,round-robin,server-1,GET,/api/work,200,26,,2
1788021022565,ui_round-robin_failure_1788021012331,round-robin,server-2,GET,/api/work,200,26,,2
1788021022568,ui_round-robin_failure_1788021012331,round-robin,server-3,GET,/api/work,200,26,,3
1788021022574,ui_round-robin_failure_1788021012331,round-robin,server-1,GET,/api/work,200,25,,2
1788021022577,ui_round-robin_failure_1788021012331,round-robin,server-2,GET,/api/work,200,27,,2
1788021022580,ui_round-robin_failure_1788021012331,round-robin,server-3,GET,/api/work,200,27,,2
1788021022581,ui_round-robin_failure_1788021012331,round-robin,server-1,GET,/api/work,200,27,,2
1788021022583,ui_round-robin_failure_1788021012331,round-robin,server-2,GET,/api/work,200,26,,2
1788021022585,ui_round-robin_failure_1788021012331,round-robin,server-3,GET,/api/work,200,25,,2
1788021022594,ui_round-robin_failure_1788021012331,round-robin,server-3,GET,/api/work,200,25,,2
1788021022593,ui_round-robin_failure_1788021012331,round-robin,server-1,GET,/api/work,200,26,,3
1788021022593,ui_round-robin_failure_1788021012331,round-robin,server-2,GET,/api/work,200,26,,3
1788021022608,ui_round-robin_failure_1788021012331,round-robin,server-2,GET,/api/work,200,25,,3
1788021022607,ui_round-robin_failure_1788021012331,round-robin,server-1,GET,/api/work,200,27,,3
1788021022608,ui_round-robin_failure_1788021012331,round-robin,server-3,GET,/api/work,200,26,,3
1788021022611,ui_round-robin_failure_1788021012331,round-robin,server-1,GET,/api/work,200,27,,3
1788021022612,ui_round-robin_failure_1788021012331,round-robin,server-2,GET,/api/work,200,27,,3
1788021022617,ui_round-robin_failure_1788021012331,round-robin,server-3,GET,/api/work,200,26,,3
1788021022618,ui_round-robin_failure_1788021012331,round-robin,server-2,GET,/api/work,200,26,,3
1788021022618,ui_round-robin_failure_1788021012331,round-robin,server-1,GET,/api/work,200,27,,3
1788021022621,ui_round-robin_failure_1788021012331,round-robin,server-1,GET,/api/work,200,26,,2
1788021022621,ui_round-robin_failure_1788021012331,round-robin,server-3,GET,/api/work,200,27,,2
1788021022625,ui_round-robin_failure_1788021012331,round-robin,server-2,GET,/api/work,200,26,,3
1788021022630,ui_round-robin_failure_1788021012331,round-robin,server-3,GET,/api/work,200,27,,2
1788021022635,ui_round-robin_failure_1788021012331,round-robin,server-1,GET,/api/work,200,25,,2
1788021022638,ui_round-robin_failure_1788021012331,round-robin,server-2,GET,/api/work,200,26,,2
1788021022639,ui_round-robin_failure_1788021012331,round-robin,server-3,GET,/api/work,200,26,,2
1788021022640,ui_round-robin_failure_1788021012331,round-robin,server-1,GET,/api/work,200,25,,2
1788021022641,ui_round-robin_failure_1788021012331,round-robin,server-2,GET,/api/work,200,27,,2
1788021022648,ui_round-robin_failure_1788021012331,round-robin,server-3,GET,/api/work,200,27,,2
1788021022650,ui_round-robin_failure_1788021012331,round-robin,server-1,GET,/api/work,200,26,,3
1788021022650,ui_round-robin_failure_1788021012331,round-robin,server-2,GET,/api/work,200,26,,2
1788021022664,ui_round-robin_failure_1788021012331,round-robin,server-1,GET,/api/work,200,26,,3
1788021022664,ui_round-robin_failure_1788021012331,round-robin,server-3,GET,/api/work,200,27,,4
1788021022666,ui_round-robin_failure_1788021012331,round-robin,server-2,GET,/api/work,200,26,,3
1788021022669,ui_round-robin_failure_1788021012331,round-robin,server-3,GET,/api/work,200,26,,3
1788021022670,ui_round-robin_failure_1788021012331,round-robin,server-1,GET,/api/work,200,26,,3
1788021022674,ui_round-robin_failure_1788021012331,round-robin,server-2,GET,/api/work,200,26,,3
1788021022675,ui_round-robin_failure_1788021012331,round-robin,server-1,GET,/api/work,200,26,,3
1788021022675,ui_round-robin_failure_1788021012331,round-robin,server-3,GET,/api/work,200,27,,3
1788021022678,ui_round-robin_failure_1788021012331,round-robin,server-3,GET,/api/work,200,26,,2
1788021022678,ui_round-robin_failure_1788021012331,round-robin,server-2,GET,/api/work,200,26,,2
1788021022682,ui_round-robin_failure_1788021012331,round-robin,server-1,GET,/api/work,200,26,,3
1788021022687,ui_round-robin_failure_1788021012331,round-robin,server-2,GET,/api/work,200,26,,2
1788021022690,ui_round-robin_failure_1788021012331,round-robin,server-3,GET,/api/work,200,28,,2
1788021022695,ui_round-robin_failure_1788021012331,round-robin,server-1,GET,/api/work,200,25,,2
1788021022696,ui_round-robin_failure_1788021012331,round-robin,server-3,GET,/api/work,200,26,,1
1788021022696,ui_round-robin_failure_1788021012331,round-robin,server-2,GET,/api/work,200,27,,2
1788021022698,ui_round-robin_failure_1788021012331,round-robin,server-1,GET,/api/work,200,26,,2
1788021022706,ui_round-robin_failure_1788021012331,round-robin,server-2,GET,/api/work,200,27,,3
1788021022707,ui_round-robin_failure_1788021012331,round-robin,server-3,GET,/api/work,200,26,,3
1788021022707,ui_round-robin_failure_1788021012331,round-robin,server-1,GET,/api/work,200,30,,3
1788021022721,ui_round-robin_failure_1788021012331,round-robin,server-2,GET,/api/work,200,26,,3
1788021022723,ui_round-robin_failure_1788021012331,round-robin,server-1,GET,/api/work,200,27,,3
1788021022722,ui_round-robin_failure_1788021012331,round-robin,server-3,GET,/api/work,200,28,,3
1788021022726,ui_round-robin_failure_1788021012331,round-robin,server-2,GET,/api/work,200,26,,3
1788021022727,ui_round-robin_failure_1788021012331,round-robin,server-3,GET,/api/work,200,26,,3
1788021022731,ui_round-robin_failure_1788021012331,round-robin,server-1,GET,/api/work,200,28,,3
1788021022732,ui_round-robin_failure_1788021012331,round-robin,server-3,GET,/api/work,200,27,,3
1788021022732,ui_round-robin_failure_1788021012331,round-robin,server-2,GET,/api/work,200,28,,3
1788021022735,ui_round-robin_failure_1788021012331,round-robin,server-2,GET,/api/work,200,27,,2
1788021022734,ui_round-robin_failure_1788021012331,round-robin,server-1,GET,/api/work,200,29,,2
1788021022738,ui_round-robin_failure_1788021012331,round-robin,server-3,GET,/api/work,200,26,,2
1788021022744,ui_round-robin_failure_1788021012331,round-robin,server-1,GET,/api/work,200,27,,2
1788021022748,ui_round-robin_failure_1788021012331,round-robin,server-2,GET,/api/work,200,27,,2
1788021022751,ui_round-robin_failure_1788021012331,round-robin,server-3,GET,/api/work,200,26,,2
1788021022754,ui_round-robin_failure_1788021012331,round-robin,server-1,GET,/api/work,200,25,,2
1788021022754,ui_round-robin_failure_1788021012331,round-robin,server-2,GET,/api/work,200,27,,1
1788021022754,ui_round-robin_failure_1788021012331,round-robin,server-3,GET,/api/work,200,27,,1
1788021022765,ui_round-robin_failure_1788021012331,round-robin,server-1,GET,/api/work,200,29,,3
1788021022765,ui_round-robin_failure_1788021012331,round-robin,server-2,GET,/api/work,200,29,,3
1788021022768,ui_round-robin_failure_1788021012331,round-robin,server-3,GET,/api/work,200,27,,2
1788021022778,ui_round-robin_failure_1788021012331,round-robin,server-1,GET,/api/work,200,26,,3
1788021022782,ui_round-robin_failure_1788021012331,round-robin,server-3,GET,/api/work,200,26,,3
1788021022781,ui_round-robin_failure_1788021012331,round-robin,server-2,GET,/api/work,200,29,,4
1788021022784,ui_round-robin_failure_1788021012331,round-robin,server-1,GET,/api/work,200,29,,3
1788021022784,ui_round-robin_failure_1788021012331,round-robin,server-2,GET,/api/work,200,31,,3
1788021022790,ui_round-robin_failure_1788021012331,round-robin,server-2,GET,/api/work,200,26,,3
1788021022789,ui_round-robin_failure_1788021012331,round-robin,server-3,GET,/api/work,200,28,,3
1788021022789,ui_round-robin_failure_1788021012331,round-robin,server-1,GET,/api/work,200,28,,3
1788021022796,ui_round-robin_failure_1788021012331,round-robin,server-3,GET,/api/work,200,26,,2
1788021022796,ui_round-robin_failure_1788021012331,round-robin,server-2,GET,/api/work,200,27,,2
1788021022796,ui_round-robin_failure_1788021012331,round-robin,server-1,GET,/api/work,200,29,,2
1788021022802,ui_round-robin_failure_1788021012331,round-robin,server-3,GET,/api/work,200,28,,2
1788021022807,ui_round-robin_failure_1788021012331,round-robin,server-1,GET,/api/work,200,28,,2
1788021022809,ui_round-robin_failure_1788021012331,round-robin,server-2,GET,/api/work,200,27,,2
1788021022811,ui_round-robin_failure_1788021012331,round-robin,server-3,GET,/api/work,200,27,,2
1788021022815,ui_round-robin_failure_1788021012331,round-robin,server-1,GET,/api/work,200,27,,2
1788021022815,ui_round-robin_failure_1788021012331,round-robin,server-2,GET,/api/work,200,29,,2
1788021022826,ui_round-robin_failure_1788021012331,round-robin,server-3,GET,/api/work,200,26,,3
1788021022826,ui_round-robin_failure_1788021012331,round-robin,server-1,GET,/api/work,200,28,,3
1788021022826,ui_round-robin_failure_1788021012331,round-robin,server-2,GET,/api/work,200,29,,3
1788021022836,ui_round-robin_failure_1788021012331,round-robin,server-3,GET,/api/work,200,27,,3
1788021022839,ui_round-robin_failure_1788021012331,round-robin,server-1,GET,/api/work,200,27,,3
1788021022843,ui_round-robin_failure_1788021012331,round-robin,server-2,GET,/api/work,200,25,,3
1788021022845,ui_round-robin_failure_1788021012331,round-robin,server-3,GET,/api/work,200,26,,3
1788021022845,ui_round-robin_failure_1788021012331,round-robin,server-1,GET,/api/work,200,27,,3
1788021022848,ui_round-robin_failure_1788021012331,round-robin,server-2,GET,/api/work,200,26,,3
1788021022849,ui_round-robin_failure_1788021012331,round-robin,server-1,GET,/api/work,200,26,,3
1788021022848,ui_round-robin_failure_1788021012331,round-robin,server-3,GET,/api/work,200,28,,3
1788021022854,ui_round-robin_failure_1788021012331,round-robin,server-3,GET,/api/work,200,26,,2
1788021022853,ui_round-robin_failure_1788021012331,round-robin,server-2,GET,/api/work,200,28,,2
1788021022856,ui_round-robin_failure_1788021012331,round-robin,server-1,GET,/api/work,200,27,,2
1788021022860,ui_round-robin_failure_1788021012331,round-robin,server-2,GET,/api/work,200,26,,2
1788021022867,ui_round-robin_failure_1788021012331,round-robin,server-1,GET,/api/work,200,26,,2
1788021022867,ui_round-robin_failure_1788021012331,round-robin,server-3,GET,/api/work,200,28,,2
1788021022869,ui_round-robin_failure_1788021012331,round-robin,server-2,GET,/api/work,200,27,,2
1788021022872,ui_round-robin_failure_1788021012331,round-robin,server-3,GET,/api/work,200,26,,2
1788021022874,ui_round-robin_failure_1788021012331,round-robin,server-1,GET,/api/work,200,27,,2
1788021022883,ui_round-robin_failure_1788021012331,round-robin,server-2,GET,/api/work,200,28,,4
1788021022884,ui_round-robin_failure_1788021012331,round-robin,server-3,GET,/api/work,200,28,,3
1788021022886,ui_round-robin_failure_1788021012331,round-robin,server-1,GET,/api/work,200,28,,3
1788021022894,ui_round-robin_failure_1788021012331,round-robin,server-2,GET,/api/work,200,26,,3
1788021022897,ui_round-robin_failure_1788021012331,round-robin,server-3,GET,/api/work,200,26,,3
1788021022899,ui_round-robin_failure_1788021012331,round-robin,server-1,GET,/api/work,200,25,,3
1788021022901,ui_round-robin_failure_1788021012331,round-robin,server-2,GET,/api/work,200,27,,3
1788021022903,ui_round-robin_failure_1788021012331,round-robin,server-3,GET,/api/work,200,27,,3
1788021022904,ui_round-robin_failure_1788021012331,round-robin,server-1,GET,/api/work,200,26,,3
1788021022906,ui_round-robin_failure_1788021012331,round-robin,server-3,GET,/api/work,200,26,,2
1788021022906,ui_round-robin_failure_1788021012331,round-robin,server-2,GET,/api/work,200,28,,3
1788021022911,ui_round-robin_failure_1788021012331,round-robin,server-2,GET,/api/work,200,26,,2
1788021022911,ui_round-robin_failure_1788021012331,round-robin,server-1,GET,/api/work,200,27,,2
1788021022914,ui_round-robin_failure_1788021012331,round-robin,server-3,GET,/api/work,200,27,,2
1788021022917,ui_round-robin_failure_1788021012331,round-robin,server-1,GET,/api/work,200,28,,2
1788021022924,ui_round-robin_failure_1788021012331,round-robin,server-2,GET,/api/work,200,27,,2
1788021022926,ui_round-robin_failure_1788021012331,round-robin,server-3,GET,/api/work,200,26,,2
1788021022928,ui_round-robin_failure_1788021012331,round-robin,server-1,GET,/api/work,200,27,,2
1788021022932,ui_round-robin_failure_1788021012331,round-robin,server-3,GET,/api/work,200,27,,2
1788021022930,ui_round-robin_failure_1788021012331,round-robin,server-2,GET,/api/work,200,29,,2
1788021022943,ui_round-robin_failure_1788021012331,round-robin,server-2,GET,/api/work,200,26,,3
1788021022942,ui_round-robin_failure_1788021012331,round-robin,server-1,GET,/api/work,200,27,,3
1788021022945,ui_round-robin_failure_1788021012331,round-robin,server-3,GET,/api/work,200,27,,3
1788021022951,ui_round-robin_failure_1788021012331,round-robin,server-1,GET,/api/work,200,26,,3
1788021022952,ui_round-robin_failure_1788021012331,round-robin,server-2,GET,/api/work,200,26,,3
1788021022955,ui_round-robin_failure_1788021012331,round-robin,server-3,GET,/api/work,200,27,,3
1788021022958,ui_round-robin_failure_1788021012331,round-robin,server-1,GET,/api/work,200,27,,3
1788021022959,ui_round-robin_failure_1788021012331,round-robin,server-2,GET,/api/work,200,27,,3
1788021022961,ui_round-robin_failure_1788021012331,round-robin,server-3,GET,/api/work,200,26,,3
1788021022963,ui_round-robin_failure_1788021012331,round-robin,server-1,GET,/api/work,200,26,,3
1788021022965,ui_round-robin_failure_1788021012331,round-robin,server-2,GET,/api/work,200,25,,3
1788021022968,ui_round-robin_failure_1788021012331,round-robin,server-3,GET,/api/work,200,26,,2
1788021022969,ui_round-robin_failure_1788021012331,round-robin,server-1,GET,/api/work,200,26,,2
1788021022971,ui_round-robin_failure_1788021012331,round-robin,server-2,GET,/api/work,200,26,,2
1788021022975,ui_round-robin_failure_1788021012331,round-robin,server-3,GET,/api/work,200,26,,2
1788021022982,ui_round-robin_failure_1788021012331,round-robin,server-1,GET,/api/work,200,26,,2
1788021022982,ui_round-robin_failure_1788021012331,round-robin,server-2,GET,/api/work,200,27,,2
1788021022986,ui_round-robin_failure_1788021012331,round-robin,server-3,GET,/api/work,200,26,,2
1788021022989,ui_round-robin_failure_1788021012331,round-robin,server-1,GET,/api/work,200,27,,2
1788021022990,ui_round-robin_failure_1788021012331,round-robin,server-2,GET,/api/work,200,27,,2
1788021023000,ui_round-robin_failure_1788021012331,round-robin,server-3,GET,/api/work,200,26,,3
1788021023000,ui_round-robin_failure_1788021012331,round-robin,server-1,GET,/api/work,200,27,,3
1788021023001,ui_round-robin_failure_1788021012331,round-robin,server-2,GET,/api/work,200,27,,3
1788021023008,ui_round-robin_failure_1788021012331,round-robin,server-3,GET,/api/work,200,26,,3
1788021023009,ui_round-robin_failure_1788021012331,round-robin,server-1,GET,/api/work,200,26,,3
1788021023012,ui_round-robin_failure_1788021012331,round-robin,server-2,GET,/api/work,200,26,,3
1788021023015,ui_round-robin_failure_1788021012331,round-robin,server-3,GET,/api/work,200,27,,3
1788021023016,ui_round-robin_failure_1788021012331,round-robin,server-1,GET,/api/work,200,27,,3
1788021023017,ui_round-robin_failure_1788021012331,round-robin,server-2,GET,/api/work,200,26,,2
1788021023020,ui_round-robin_failure_1788021012331,round-robin,server-3,GET,/api/work,200,26,,2
1788021023020,ui_round-robin_failure_1788021012331,round-robin,server-1,GET,/api/work,200,27,,2
1788021023025,ui_round-robin_failure_1788021012331,round-robin,server-2,GET,/api/work,200,26,,2
1788021023026,ui_round-robin_failure_1788021012331,round-robin,server-3,GET,/api/work,200,26,,2
1788021023028,ui_round-robin_failure_1788021012331,round-robin,server-1,GET,/api/work,200,27,,2
1788021023032,ui_round-robin_failure_1788021012331,round-robin,server-2,GET,/api/work,200,25,,1
1788021023039,ui_round-robin_failure_1788021012331,round-robin,server-3,GET,/api/work,200,26,,2
1788021023040,ui_round-robin_failure_1788021012331,round-robin,server-1,GET,/api/work,200,26,,2
1788021023043,ui_round-robin_failure_1788021012331,round-robin,server-2,GET,/api/work,200,26,,2
1788021023047,ui_round-robin_failure_1788021012331,round-robin,server-3,GET,/api/work,200,26,,3
1788021023047,ui_round-robin_failure_1788021012331,round-robin,server-1,GET,/api/work,200,27,,2
1788021023058,ui_round-robin_failure_1788021012331,round-robin,server-2,GET,/api/work,200,25,,3
1788021023058,ui_round-robin_failure_1788021012331,round-robin,server-3,GET,/api/work,200,26,,3
1788021023059,ui_round-robin_failure_1788021012331,round-robin,server-1,GET,/api/work,200,27,,3
1788021023064,ui_round-robin_failure_1788021012331,round-robin,server-2,GET,/api/work,200,26,,3
1788021023066,ui_round-robin_failure_1788021012331,round-robin,server-3,GET,/api/work,200,26,,3
1788021023068,ui_round-robin_failure_1788021012331,round-robin,server-1,GET,/api/work,200,27,,3
1788021023071,ui_round-robin_failure_1788021012331,round-robin,server-2,GET,/api/work,200,26,,3
1788021023073,ui_round-robin_failure_1788021012331,round-robin,server-3,GET,/api/work,200,27,,3
1788021023074,ui_round-robin_failure_1788021012331,round-robin,server-1,GET,/api/work,200,26,,3
1788021023078,ui_round-robin_failure_1788021012331,round-robin,server-3,GET,/api/work,200,26,,3
1788021023078,ui_round-robin_failure_1788021012331,round-robin,server-2,GET,/api/work,200,27,,3
1788021023081,ui_round-robin_failure_1788021012331,round-robin,server-1,GET,/api/work,200,26,,2
1788021023083,ui_round-robin_failure_1788021012331,round-robin,server-2,GET,/api/work,200,26,,2
1788021023086,ui_round-robin_failure_1788021012331,round-robin,server-3,GET,/api/work,200,26,,2
1788021023088,ui_round-robin_failure_1788021012331,round-robin,server-1,GET,/api/work,200,25,,1
1788021023096,ui_round-robin_failure_1788021012331,round-robin,server-2,GET,/api/work,200,26,,2
1788021023097,ui_round-robin_failure_1788021012331,round-robin,server-3,GET,/api/work,200,26,,2
1788021023099,ui_round-robin_failure_1788021012331,round-robin,server-1,GET,/api/work,200,27,,2
1788021023104,ui_round-robin_failure_1788021012331,round-robin,server-2,GET,/api/work,200,26,,2
1788021023104,ui_round-robin_failure_1788021012331,round-robin,server-3,GET,/api/work,200,27,,3
1788021023113,ui_round-robin_failure_1788021012331,round-robin,server-1,GET,/api/work,200,26,,3
1788021023115,ui_round-robin_failure_1788021012331,round-robin,server-2,GET,/api/work,200,26,,3
1788021023116,ui_round-robin_failure_1788021012331,round-robin,server-3,GET,/api/work,200,27,,3
1788021023121,ui_round-robin_failure_1788021012331,round-robin,server-1,GET,/api/work,200,26,,3
1788021023123,ui_round-robin_failure_1788021012331,round-robin,server-2,GET,/api/work,200,26,,3
1788021023125,ui_round-robin_failure_1788021012331,round-robin,server-3,GET,/api/work,200,27,,3
1788021023127,ui_round-robin_failure_1788021012331,round-robin,server-1,GET,/api/work,200,26,,3
1788021023130,ui_round-robin_failure_1788021012331,round-robin,server-2,GET,/api/work,200,26,,3
1788021023130,ui_round-robin_failure_1788021012331,round-robin,server-3,GET,/api/work,200,26,,3
1788021023135,ui_round-robin_failure_1788021012331,round-robin,server-1,GET,/api/work,200,27,,3
1788021023136,ui_round-robin_failure_1788021012331,round-robin,server-2,GET,/api/work,200,26,,3
1788021023137,ui_round-robin_failure_1788021012331,round-robin,server-3,GET,/api/work,200,26,,2
1788021023140,ui_round-robin_failure_1788021012331,round-robin,server-1,GET,/api/work,200,26,,2
1788021023143,ui_round-robin_failure_1788021012331,round-robin,server-2,GET,/api/work,200,26,,2
1788021023143,ui_round-robin_failure_1788021012331,round-robin,server-3,GET,/api/work,200,27,,1
1788021023152,ui_round-robin_failure_1788021012331,round-robin,server-1,GET,/api/work,200,26,,2
1788021023153,ui_round-robin_failure_1788021012331,round-robin,server-2,GET,/api/work,200,26,,2
1788021023156,ui_round-robin_failure_1788021012331,round-robin,server-3,GET,/api/work,200,26,,2
1788021023162,ui_round-robin_failure_1788021012331,round-robin,server-2,GET,/api/work,200,25,,2
1788021023161,ui_round-robin_failure_1788021012331,round-robin,server-1,GET,/api/work,200,26,,2
1788021023170,ui_round-robin_failure_1788021012331,round-robin,server-3,GET,/api/work,200,26,,4
1788021023171,ui_round-robin_failure_1788021012331,round-robin,server-1,GET,/api/work,200,26,,3
1788021023173,ui_round-robin_failure_1788021012331,round-robin,server-2,GET,/api/work,200,27,,3
1788021023177,ui_round-robin_failure_1788021012331,round-robin,server-3,GET,/api/work,200,26,,3
1788021023179,ui_round-robin_failure_1788021012331,round-robin,server-1,GET,/api/work,200,26,,3
1788021023183,ui_round-robin_failure_1788021012331,round-robin,server-3,GET,/api/work,200,26,,2
1788021023182,ui_round-robin_failure_1788021012331,round-robin,server-2,GET,/api/work,200,27,,3
1788021023188,ui_round-robin_failure_1788021012331,round-robin,server-2,GET,/api/work,200,25,,2
1788021023188,ui_round-robin_failure_1788021012331,round-robin,server-1,GET,/api/work,200,26,,3
1788021023194,ui_round-robin_failure_1788021012331,round-robin,server-1,GET,/api/work,200,25,,3
1788021023193,ui_round-robin_failure_1788021012331,round-robin,server-3,GET,/api/work,200,27,,3
1788021023194,ui_round-robin_failure_1788021012331,round-robin,server-2,GET,/api/work,200,26,,2
1788021023196,ui_round-robin_failure_1788021012331,round-robin,server-3,GET,/api/work,200,26,,2
1788021023201,ui_round-robin_failure_1788021012331,round-robin,server-2,GET,/api/work,200,25,,1
1788021023200,ui_round-robin_failure_1788021012331,round-robin,server-1,GET,/api/work,200,27,,2
1788021023209,ui_round-robin_failure_1788021012331,round-robin,server-3,GET,/api/work,200,26,,2
1788021023210,ui_round-robin_failure_1788021012331,round-robin,server-1,GET,/api/work,200,26,,2
1788021023213,ui_round-robin_failure_1788021012331,round-robin,server-2,GET,/api/work,200,26,,2
1788021023218,ui_round-robin_failure_1788021012331,round-robin,server-3,GET,/api/work,200,26,,2
1788021023219,ui_round-robin_failure_1788021012331,round-robin,server-1,GET,/api/work,200,27,,3
1788021023228,ui_round-robin_failure_1788021012331,round-robin,server-2,GET,/api/work,200,26,,4
1788021023228,ui_round-robin_failure_1788021012331,round-robin,server-3,GET,/api/work,200,26,,3
1788021023231,ui_round-robin_failure_1788021012331,round-robin,server-1,GET,/api/work,200,26,,3
1788021023234,ui_round-robin_failure_1788021012331,round-robin,server-2,GET,/api/work,200,26,,3
1788021023236,ui_round-robin_failure_1788021012331,round-robin,server-3,GET,/api/work,200,27,,3
1788021023240,ui_round-robin_failure_1788021012331,round-robin,server-1,GET,/api/work,200,26,,3
1788021023240,ui_round-robin_failure_1788021012331,round-robin,server-2,GET,/api/work,200,27,,3
1788021023245,ui_round-robin_failure_1788021012331,round-robin,server-1,GET,/api/work,200,25,,3
1788021023245,ui_round-robin_failure_1788021012331,round-robin,server-3,GET,/api/work,200,26,,3
1788021023251,ui_round-robin_failure_1788021012331,round-robin,server-1,GET,/api/work,200,25,,2
1788021023250,ui_round-robin_failure_1788021012331,round-robin,server-2,GET,/api/work,200,26,,3
1788021023251,ui_round-robin_failure_1788021012331,round-robin,server-3,GET,/api/work,200,26,,3
1788021023253,ui_round-robin_failure_1788021012331,round-robin,server-2,GET,/api/work,200,27,,2
1788021023258,ui_round-robin_failure_1788021012331,round-robin,server-3,GET,/api/work,200,26,,2
1788021023259,ui_round-robin_failure_1788021012331,round-robin,server-1,GET,/api/work,200,27,,2
1788021023266,ui_round-robin_failure_1788021012331,round-robin,server-2,GET,/api/work,200,26,,2
1788021023267,ui_round-robin_failure_1788021012331,round-robin,server-3,GET,/api/work,200,26,,2
1788021023270,ui_round-robin_failure_1788021012331,round-robin,server-1,GET,/api/work,200,27,,2
1788021023276,ui_round-robin_failure_1788021012331,round-robin,server-3,GET,/api/work,200,25,,2
1788021023275,ui_round-robin_failure_1788021012331,round-robin,server-2,GET,/api/work,200,27,,3
1788021023286,ui_round-robin_failure_1788021012331,round-robin,server-1,GET,/api/work,200,25,,4
1788021023286,ui_round-robin_failure_1788021012331,round-robin,server-2,GET,/api/work,200,27,,3
1788021023286,ui_round-robin_failure_1788021012331,round-robin,server-3,GET,/api/work,200,27,,3
1788021023291,ui_round-robin_failure_1788021012331,round-robin,server-1,GET,/api/work,200,25,,3
1788021023292,ui_round-robin_failure_1788021012331,round-robin,server-2,GET,/api/work,200,26,,3
1788021023296,ui_round-robin_failure_1788021012331,round-robin,server-3,GET,/api/work,200,26,,3
1788021023298,ui_round-robin_failure_1788021012331,round-robin,server-1,GET,/api/work,200,27,,3
1788021023301,ui_round-robin_failure_1788021012331,round-robin,server-2,GET,/api/work,200,26,,3
1788021023301,ui_round-robin_failure_1788021012331,round-robin,server-3,GET,/api/work,200,27,,2
1788021023308,ui_round-robin_failure_1788021012331,round-robin,server-2,GET,/api/work,200,25,,3
1788021023308,ui_round-robin_failure_1788021012331,round-robin,server-3,GET,/api/work,200,25,,2
1788021023307,ui_round-robin_failure_1788021012331,round-robin,server-1,GET,/api/work,200,27,,3
1788021023311,ui_round-robin_failure_1788021012331,round-robin,server-1,GET,/api/work,200,26,,2
1788021023316,ui_round-robin_failure_1788021012331,round-robin,server-2,GET,/api/work,200,26,,2
1788021023317,ui_round-robin_failure_1788021012331,round-robin,server-3,GET,/api/work,200,27,,2
1788021023323,ui_round-robin_failure_1788021012331,round-robin,server-1,GET,/api/work,200,25,,2
1788021023324,ui_round-robin_failure_1788021012331,round-robin,server-2,GET,/api/work,200,27,,2
1788021023328,ui_round-robin_failure_1788021012331,round-robin,server-3,GET,/api/work,200,26,,2
1788021023332,ui_round-robin_failure_1788021012331,round-robin,server-1,GET,/api/work,200,25,,2
1788021023332,ui_round-robin_failure_1788021012331,round-robin,server-2,GET,/api/work,200,25,,2
1788021023343,ui_round-robin_failure_1788021012331,round-robin,server-3,GET,/api/work,200,25,,4
1788021023344,ui_round-robin_failure_1788021012331,round-robin,server-2,GET,/api/work,200,26,,3
1788021023344,ui_round-robin_failure_1788021012331,round-robin,server-1,GET,/api/work,200,26,,3
1788021023347,ui_round-robin_failure_1788021012331,round-robin,server-3,GET,/api/work,200,26,,3
1788021023349,ui_round-robin_failure_1788021012331,round-robin,server-1,GET,/api/work,200,27,,3
1788021023353,ui_round-robin_failure_1788021012331,round-robin,server-2,GET,/api/work,200,26,,3
1788021023354,ui_round-robin_failure_1788021012331,round-robin,server-3,GET,/api/work,200,26,,3
1788021023358,ui_round-robin_failure_1788021012331,round-robin,server-1,GET,/api/work,200,26,,3
1788021023359,ui_round-robin_failure_1788021012331,round-robin,server-2,GET,/api/work,200,26,,2
1788021023363,ui_round-robin_failure_1788021012331,round-robin,server-3,GET,/api/work,200,26,,3
1788021023364,ui_round-robin_failure_1788021012331,round-robin,server-1,GET,/api/work,200,26,,3
1788021023365,ui_round-robin_failure_1788021012331,round-robin,server-2,GET,/api/work,200,25,,2
1788021023368,ui_round-robin_failure_1788021012331,round-robin,server-3,GET,/api/work,200,27,,2
1788021023373,ui_round-robin_failure_1788021012331,round-robin,server-1,GET,/api/work,200,26,,2
1788021023375,ui_round-robin_failure_1788021012331,round-robin,server-2,GET,/api/work,200,26,,2
1788021023379,ui_round-robin_failure_1788021012331,round-robin,server-3,GET,/api/work,200,27,,2
1788021023382,ui_round-robin_failure_1788021012331,round-robin,server-1,GET,/api/work,200,26,,2
1788021023386,ui_round-robin_failure_1788021012331,round-robin,server-2,GET,/api/work,200,27,,3
1788021023388,ui_round-robin_failure_1788021012331,round-robin,server-3,GET,/api/work,200,26,,2
1788021023389,ui_round-robin_failure_1788021012331,round-robin,server-1,GET,/api/work,200,26,,2
1788021023400,ui_round-robin_failure_1788021012331,round-robin,server-3,GET,/api/work,200,25,,3
1788021023399,ui_round-robin_failure_1788021012331,round-robin,server-2,GET,/api/work,200,27,,3
1788021023402,ui_round-robin_failure_1788021012331,round-robin,server-1,GET,/api/work,200,25,,3
1788021023404,ui_round-robin_failure_1788021012331,round-robin,server-2,GET,/api/work,200,26,,3
1788021023406,ui_round-robin_failure_1788021012331,round-robin,server-3,GET,/api/work,200,26,,3
1788021023411,ui_round-robin_failure_1788021012331,round-robin,server-2,GET,/api/work,200,26,,3
1788021023410,ui_round-robin_failure_1788021012331,round-robin,server-1,GET,/api/work,200,27,,3
1788021023414,ui_round-robin_failure_1788021012331,round-robin,server-3,GET,/api/work,200,26,,3
1788021023416,ui_round-robin_failure_1788021012331,round-robin,server-1,GET,/api/work,200,26,,2
1788021023421,ui_round-robin_failure_1788021012331,round-robin,server-3,GET,/api/work,200,25,,3
1788021023421,ui_round-robin_failure_1788021012331,round-robin,server-2,GET,/api/work,200,25,,3
1788021023421,ui_round-robin_failure_1788021012331,round-robin,server-1,GET,/api/work,200,27,,2
1788021023426,ui_round-robin_failure_1788021012331,round-robin,server-2,GET,/api/work,200,27,,2
1788021023430,ui_round-robin_failure_1788021012331,round-robin,server-3,GET,/api/work,200,27,,2
1788021023432,ui_round-robin_failure_1788021012331,round-robin,server-1,GET,/api/work,200,26,,2
1788021023436,ui_round-robin_failure_1788021012331,round-robin,server-2,GET,/api/work,200,26,,2
1788021023437,ui_round-robin_failure_1788021012331,round-robin,server-3,GET,/api/work,200,26,,2
1788021023443,ui_round-robin_failure_1788021012331,round-robin,server-1,GET,/api/work,200,25,,3
1788021023445,ui_round-robin_failure_1788021012331,round-robin,server-3,GET,/api/work,200,26,,2
1788021023445,ui_round-robin_failure_1788021012331,round-robin,server-2,GET,/api/work,200,27,,3
1788021023455,ui_round-robin_failure_1788021012331,round-robin,server-2,GET,/api/work,200,27,,3
1788021023455,ui_round-robin_failure_1788021012331,round-robin,server-1,GET,/api/work,200,27,,3
1788021023458,ui_round-robin_failure_1788021012331,round-robin,server-3,GET,/api/work,200,26,,3
1788021023461,ui_round-robin_failure_1788021012331,round-robin,server-1,GET,/api/work,200,27,,3
1788021023464,ui_round-robin_failure_1788021012331,round-robin,server-2,GET,/api/work,200,25,,3
1788021023468,ui_round-robin_failure_1788021012331,round-robin,server-3,GET,/api/work,200,26,,3
1788021023468,ui_round-robin_failure_1788021012331,round-robin,server-1,GET,/api/work,200,27,,3
1788021023471,ui_round-robin_failure_1788021012331,round-robin,server-2,GET,/api/work,200,27,,3
1788021023473,ui_round-robin_failure_1788021012331,round-robin,server-3,GET,/api/work,200,26,,3
1788021023477,ui_round-robin_failure_1788021012331,round-robin,server-2,GET,/api/work,200,25,,3
1788021023477,ui_round-robin_failure_1788021012331,round-robin,server-1,GET,/api/work,200,26,,3
1788021023478,ui_round-robin_failure_1788021012331,round-robin,server-3,GET,/api/work,200,26,,2
1788021023482,ui_round-robin_failure_1788021012331,round-robin,server-1,GET,/api/work,200,26,,2
1788021023487,ui_round-robin_failure_1788021012331,round-robin,server-2,GET,/api/work,200,27,,2
1788021023488,ui_round-robin_failure_1788021012331,round-robin,server-3,GET,/api/work,200,26,,2
1788021023492,ui_round-robin_failure_1788021012331,round-robin,server-1,GET,/api/work,200,25,,2
1788021023494,ui_round-robin_failure_1788021012331,round-robin,server-2,GET,/api/work,200,26,,2
1788021023499,ui_round-robin_failure_1788021012331,round-robin,server-3,GET,/api/work,200,25,,2
1788021023502,ui_round-robin_failure_1788021012331,round-robin,server-1,GET,/api/work,200,27,,2
1788021023502,ui_round-robin_failure_1788021012331,round-robin,server-2,GET,/api/work,200,27,,2
1788021023513,ui_round-robin_failure_1788021012331,round-robin,server-3,GET,/api/work,200,26,,4
1788021023513,ui_round-robin_failure_1788021012331,round-robin,server-1,GET,/api/work,200,26,,3
1788021023515,ui_round-robin_failure_1788021012331,round-robin,server-2,GET,/api/work,200,25,,3
1788021023518,ui_round-robin_failure_1788021012331,round-robin,server-3,GET,/api/work,200,26,,3
1788021023519,ui_round-robin_failure_1788021012331,round-robin,server-1,GET,/api/work,200,27,,3
1788021023525,ui_round-robin_failure_1788021012331,round-robin,server-2,GET,/api/work,200,26,,3
1788021023525,ui_round-robin_failure_1788021012331,round-robin,server-3,GET,/api/work,200,26,,3
1788021023530,ui_round-robin_failure_1788021012331,round-robin,server-2,GET,/api/work,200,25,,2
1788021023529,ui_round-robin_failure_1788021012331,round-robin,server-1,GET,/api/work,200,27,,3
1788021023533,ui_round-robin_failure_1788021012331,round-robin,server-3,GET,/api/work,200,27,,2
1788021023534,ui_round-robin_failure_1788021012331,round-robin,server-1,GET,/api/work,200,27,,3
1788021023534,ui_round-robin_failure_1788021012331,round-robin,server-2,GET,/api/work,200,27,,2
1788021023539,ui_round-robin_failure_1788021012331,round-robin,server-3,GET,/api/work,200,27,,2
1788021023544,ui_round-robin_failure_1788021012331,round-robin,server-1,GET,/api/work,200,25,,2
1788021023544,ui_round-robin_failure_1788021012331,round-robin,server-2,GET,/api/work,200,27,,2
1788021023548,ui_round-robin_failure_1788021012331,round-robin,server-3,GET,/api/work,200,27,,2
1788021023551,ui_round-robin_failure_1788021012331,round-robin,server-1,GET,/api/work,200,26,,2
1788021023555,ui_round-robin_failure_1788021012331,round-robin,server-2,GET,/api/work,200,27,,3
1788021023560,ui_round-robin_failure_1788021012331,round-robin,server-3,GET,/api/work,200,26,,2
1788021023561,ui_round-robin_failure_1788021012331,round-robin,server-1,GET,/api/work,200,25,,2
1788021023570,ui_round-robin_failure_1788021012331,round-robin,server-2,GET,/api/work,200,26,,3
1788021023571,ui_round-robin_failure_1788021012331,round-robin,server-3,GET,/api/work,200,26,,3
1788021023571,ui_round-robin_failure_1788021012331,round-robin,server-1,GET,/api/work,200,27,,3
1788021023576,ui_round-robin_failure_1788021012331,round-robin,server-2,GET,/api/work,200,25,,3
1788021023576,ui_round-robin_failure_1788021012331,round-robin,server-3,GET,/api/work,200,27,,3
1788021023581,ui_round-robin_failure_1788021012331,round-robin,server-1,GET,/api/work,200,27,,3
1788021023581,ui_round-robin_failure_1788021012331,round-robin,server-2,GET,/api/work,200,27,,3
1788021023587,ui_round-robin_failure_1788021012331,round-robin,server-3,GET,/api/work,200,25,,3
1788021023587,ui_round-robin_failure_1788021012331,round-robin,server-1,GET,/api/work,200,27,,3
1788021023591,ui_round-robin_failure_1788021012331,round-robin,server-2,GET,/api/work,200,26,,2
1788021023592,ui_round-robin_failure_1788021012331,round-robin,server-1,GET,/api/work,200,25,,2
1788021023592,ui_round-robin_failure_1788021012331,round-robin,server-3,GET,/api/work,200,26,,3
1788021023597,ui_round-robin_failure_1788021012331,round-robin,server-2,GET,/api/work,200,26,,2
1788021023602,ui_round-robin_failure_1788021012331,round-robin,server-3,GET,/api/work,200,26,,2
1788021023602,ui_round-robin_failure_1788021012331,round-robin,server-1,GET,/api/work,200,27,,2
1788021023608,ui_round-robin_failure_1788021012331,round-robin,server-2,GET,/api/work,200,25,,2
1788021023608,ui_round-robin_failure_1788021012331,round-robin,server-3,GET,/api/work,200,26,,2
1788021023613,ui_round-robin_failure_1788021012331,round-robin,server-1,GET,/api/work,200,25,,2
1788021023618,ui_round-robin_failure_1788021012331,round-robin,server-2,GET,/api/work,200,26,,3
1788021023618,ui_round-robin_failure_1788021012331,round-robin,server-3,GET,/api/work,200,27,,3
1788021023627,ui_round-robin_failure_1788021012331,round-robin,server-1,GET,/api/work,200,25,,3
1788021023629,ui_round-robin_failure_1788021012331,round-robin,server-3,GET,/api/work,200,27,,3
1788021023629,ui_round-robin_failure_1788021012331,round-robin,server-2,GET,/api/work,200,27,,3
1788021023632,ui_round-robin_failure_1788021012331,round-robin,server-1,GET,/api/work,200,26,,3
1788021023634,ui_round-robin_failure_1788021012331,round-robin,server-2,GET,/api/work,200,27,,3
1788021023639,ui_round-robin_failure_1788021012331,round-robin,server-3,GET,/api/work,200,26,,3
1788021023639,ui_round-robin_failure_1788021012331,round-robin,server-1,GET,/api/work,200,27,,3
1788021023643,ui_round-robin_failure_1788021012331,round-robin,server-2,GET,/api/work,200,27,,3
1788021023644,ui_round-robin_failure_1788021012331,round-robin,server-3,GET,/api/work,200,26,,3
1788021023648,ui_round-robin_failure_1788021012331,round-robin,server-1,GET,/api/work,200,26,,2
1788021023649,ui_round-robin_failure_1788021012331,round-robin,server-2,GET,/api/work,200,25,,2
1788021023649,ui_round-robin_failure_1788021012331,round-robin,server-3,GET,/api/work,200,26,,2
1788021023654,ui_round-robin_failure_1788021012331,round-robin,server-1,GET,/api/work,200,26,,2
1788021023659,ui_round-robin_failure_1788021012331,round-robin,server-2,GET,/api/work,200,26,,2
1788021023660,ui_round-robin_failure_1788021012331,round-robin,server-3,GET,/api/work,200,26,,2
1788021023664,ui_round-robin_failure_1788021012331,round-robin,server-1,GET,/api/work,200,26,,2
1788021023665,ui_round-robin_failure_1788021012331,round-robin,server-2,GET,/api/work,200,26,,2
1788021023669,ui_round-robin_failure_1788021012331,round-robin,server-3,GET,/api/work,200,26,,2
1788021023676,ui_round-robin_failure_1788021012331,round-robin,server-2,GET,/api/work,200,25,,3
1788021023675,ui_round-robin_failure_1788021012331,round-robin,server-1,GET,/api/work,200,27,,3
1788021023683,ui_round-robin_failure_1788021012331,round-robin,server-3,GET,/api/work,200,26,,3
1788021023687,ui_round-robin_failure_1788021012331,round-robin,server-1,GET,/api/work,200,26,,3
1788021023688,ui_round-robin_failure_1788021012331,round-robin,server-2,GET,/api/work,200,26,,3
1788021023689,ui_round-robin_failure_1788021012331,round-robin,server-3,GET,/api/work,200,26,,3
1788021023691,ui_round-robin_failure_1788021012331,round-robin,server-1,GET,/api/work,200,27,,3
1788021023696,ui_round-robin_failure_1788021012331,round-robin,server-2,GET,/api/work,200,26,,3
1788021023696,ui_round-robin_failure_1788021012331,round-robin,server-3,GET,/api/work,200,27,,3
1788021023701,ui_round-robin_failure_1788021012331,round-robin,server-1,GET,/api/work,200,25,,3
1788021023701,ui_round-robin_failure_1788021012331,round-robin,server-2,GET,/api/work,200,26,,3
1788021023705,ui_round-robin_failure_1788021012331,round-robin,server-3,GET,/api/work,200,26,,2
1788021023705,ui_round-robin_failure_1788021012331,round-robin,server-1,GET,/api/work,200,27,,2
1788021023706,ui_round-robin_failure_1788021012331,round-robin,server-2,GET,/api/work,200,26,,2
1788021023711,ui_round-robin_failure_1788021012331,round-robin,server-3,GET,/api/work,200,26,,2
1788021023715,ui_round-robin_failure_1788021012331,round-robin,server-1,GET,/api/work,200,27,,2
1788021023718,ui_round-robin_failure_1788021012331,round-robin,server-2,GET,/api/work,200,26,,2
1788021023722,ui_round-robin_failure_1788021012331,round-robin,server-3,GET,/api/work,200,26,,2
1788021023722,ui_round-robin_failure_1788021012331,round-robin,server-1,GET,/api/work,200,27,,2
1788021023726,ui_round-robin_failure_1788021012331,round-robin,server-2,GET,/api/work,200,26,,2
1788021023732,ui_round-robin_failure_1788021012331,round-robin,server-3,GET,/api/work,200,26,,3
1788021023733,ui_round-robin_failure_1788021012331,round-robin,server-1,GET,/api/work,200,25,,3
1788021023740,ui_round-robin_failure_1788021012331,round-robin,server-2,GET,/api/work,200,27,,3
1788021023745,ui_round-robin_failure_1788021012331,round-robin,server-1,GET,/api/work,200,26,,3
1788021023745,ui_round-robin_failure_1788021012331,round-robin,server-2,GET,/api/work,200,27,,3
1788021023745,ui_round-robin_failure_1788021012331,round-robin,server-3,GET,/api/work,200,27,,4
1788021023748,ui_round-robin_failure_1788021012331,round-robin,server-3,GET,/api/work,200,26,,3
1788021023753,ui_round-robin_failure_1788021012331,round-robin,server-2,GET,/api/work,200,27,,3
1788021023753,ui_round-robin_failure_1788021012331,round-robin,server-1,GET,/api/work,200,28,,3
1788021023757,ui_round-robin_failure_1788021012331,round-robin,server-3,GET,/api/work,200,26,,3
1788021023757,ui_round-robin_failure_1788021012331,round-robin,server-1,GET,/api/work,200,27,,2
1788021023762,ui_round-robin_failure_1788021012331,round-robin,server-2,GET,/api/work,200,27,,2
1788021023763,ui_round-robin_failure_1788021012331,round-robin,server-3,GET,/api/work,200,26,,2
1788021023763,ui_round-robin_failure_1788021012331,round-robin,server-1,GET,/api/work,200,27,,2
1788021023768,ui_round-robin_failure_1788021012331,round-robin,server-2,GET,/api/work,200,27,,2
1788021023772,ui_round-robin_failure_1788021012331,round-robin,server-3,GET,/api/work,200,26,,2
1788021023775,ui_round-robin_failure_1788021012331,round-robin,server-1,GET,/api/work,200,26,,2
1788021023779,ui_round-robin_failure_1788021012331,round-robin,server-2,GET,/api/work,200,26,,2
1788021023780,ui_round-robin_failure_1788021012331,round-robin,server-3,GET,/api/work,200,26,,2
1788021023784,ui_round-robin_failure_1788021012331,round-robin,server-1,GET,/api/work,200,26,,2
1788021023789,ui_round-robin_failure_1788021012331,round-robin,server-2,GET,/api/work,200,27,,3
1788021023790,ui_round-robin_failure_1788021012331,round-robin,server-3,GET,/api/work,200,26,,3
1788021023797,ui_round-robin_failure_1788021012331,round-robin,server-1,GET,/api/work,200,27,,3
1788021023803,ui_round-robin_failure_1788021012331,round-robin,server-2,GET,/api/work,200,25,,3
1788021023803,ui_round-robin_failure_1788021012331,round-robin,server-3,GET,/api/work,200,26,,3
1788021023803,ui_round-robin_failure_1788021012331,round-robin,server-1,GET,/api/work,200,27,,3
1788021023805,ui_round-robin_failure_1788021012331,round-robin,server-2,GET,/api/work,200,26,,3
1788021023811,ui_round-robin_failure_1788021012331,round-robin,server-1,GET,/api/work,200,25,,3
1788021023810,ui_round-robin_failure_1788021012331,round-robin,server-3,GET,/api/work,200,26,,3
1788021023815,ui_round-robin_failure_1788021012331,round-robin,server-2,GET,/api/work,200,27,,3
1788021023815,ui_round-robin_failure_1788021012331,round-robin,server-3,GET,/api/work,200,27,,3
1788021023820,ui_round-robin_failure_1788021012331,round-robin,server-1,GET,/api/work,200,25,,2
1788021023820,ui_round-robin_failure_1788021012331,round-robin,server-2,GET,/api/work,200,26,,2
1788021023820,ui_round-robin_failure_1788021012331,round-robin,server-3,GET,/api/work,200,27,,2
1788021023825,ui_round-robin_failure_1788021012331,round-robin,server-1,GET,/api/work,200,27,,2
1788021023830,ui_round-robin_failure_1788021012331,round-robin,server-2,GET,/api/work,200,27,,2
1788021023831,ui_round-robin_failure_1788021012331,round-robin,server-3,GET,/api/work,200,26,,2
1788021023836,ui_round-robin_failure_1788021012331,round-robin,server-2,GET,/api/work,200,25,,2
1788021023836,ui_round-robin_failure_1788021012331,round-robin,server-1,GET,/api/work,200,27,,3
1788021023841,ui_round-robin_failure_1788021012331,round-robin,server-3,GET,/api/work,200,27,,2
1788021023847,ui_round-robin_failure_1788021012331,round-robin,server-1,GET,/api/work,200,26,,3
1788021023847,ui_round-robin_failure_1788021012331,round-robin,server-2,GET,/api/work,200,26,,2
1788021023854,ui_round-robin_failure_1788021012331,round-robin,server-3,GET,/api/work,200,26,,3
1788021023858,ui_round-robin_failure_1788021012331,round-robin,server-1,GET,/api/work,200,26,,3
1788021023860,ui_round-robin_failure_1788021012331,round-robin,server-2,GET,/api/work,200,26,,3
1788021023860,ui_round-robin_failure_1788021012331,round-robin,server-3,GET,/api/work,200,26,,3
1788021023861,ui_round-robin_failure_1788021012331,round-robin,server-1,GET,/api/work,200,26,,2
1788021023868,ui_round-robin_failure_1788021012331,round-robin,server-3,GET,/api/work,200,26,,3
1788021023868,ui_round-robin_failure_1788021012331,round-robin,server-2,GET,/api/work,200,26,,3
1788021023872,ui_round-robin_failure_1788021012331,round-robin,server-1,GET,/api/work,200,27,,3
1788021023874,ui_round-robin_failure_1788021012331,round-robin,server-2,GET,/api/work,200,26,,3
1788021023876,ui_round-robin_failure_1788021012331,round-robin,server-3,GET,/api/work,200,26,,2
1788021023878,ui_round-robin_failure_1788021012331,round-robin,server-1,GET,/api/work,200,25,,2
1788021023878,ui_round-robin_failure_1788021012331,round-robin,server-2,GET,/api/work,200,26,,2
1788021023882,ui_round-robin_failure_1788021012331,round-robin,server-3,GET,/api/work,200,27,,2
1788021023887,ui_round-robin_failure_1788021012331,round-robin,server-1,GET,/api/work,200,26,,2
1788021023887,ui_round-robin_failure_1788021012331,round-robin,server-2,GET,/api/work,200,26,,2
1788021023892,ui_round-robin_failure_1788021012331,round-robin,server-3,GET,/api/work,200,26,,2
1788021023893,ui_round-robin_failure_1788021012331,round-robin,server-1,GET,/api/work,200,26,,2
1788021023899,ui_round-robin_failure_1788021012331,round-robin,server-2,GET,/api/work,200,26,,2
1788021023904,ui_round-robin_failure_1788021012331,round-robin,server-1,GET,/api/work,200,25,,2
1788021023904,ui_round-robin_failure_1788021012331,round-robin,server-3,GET,/api/work,200,25,,2
1788021023911,ui_round-robin_failure_1788021012331,round-robin,server-2,GET,/api/work,200,26,,3
1788021023915,ui_round-robin_failure_1788021012331,round-robin,server-3,GET,/api/work,200,26,,3
1788021023919,ui_round-robin_failure_1788021012331,round-robin,server-1,GET,/api/work,200,25,,3
1788021023919,ui_round-robin_failure_1788021012331,round-robin,server-3,GET,/api/work,200,26,,3
1788021023919,ui_round-robin_failure_1788021012331,round-robin,server-2,GET,/api/work,200,27,,3
1788021023924,ui_round-robin_failure_1788021012331,round-robin,server-1,GET,/api/work,200,27,,3
1788021023925,ui_round-robin_failure_1788021012331,round-robin,server-2,GET,/api/work,200,26,,3
1788021023930,ui_round-robin_failure_1788021012331,round-robin,server-3,GET,/api/work,200,26,,3
1788021023931,ui_round-robin_failure_1788021012331,round-robin,server-1,GET,/api/work,200,28,,3
1788021023934,ui_round-robin_failure_1788021012331,round-robin,server-2,GET,/api/work,200,27,,2
1788021023934,ui_round-robin_failure_1788021012331,round-robin,server-3,GET,/api/work,200,27,,2
1788021023935,ui_round-robin_failure_1788021012331,round-robin,server-1,GET,/api/work,200,27,,2
1788021023939,ui_round-robin_failure_1788021012331,round-robin,server-2,GET,/api/work,200,26,,2
1788021023943,ui_round-robin_failure_1788021012331,round-robin,server-3,GET,/api/work,200,27,,2
1788021023945,ui_round-robin_failure_1788021012331,round-robin,server-1,GET,/api/work,200,25,,2
1788021023949,ui_round-robin_failure_1788021012331,round-robin,server-2,GET,/api/work,200,26,,2
1788021023950,ui_round-robin_failure_1788021012331,round-robin,server-3,GET,/api/work,200,26,,2
1788021023955,ui_round-robin_failure_1788021012331,round-robin,server-1,GET,/api/work,200,26,,2
1788021023961,ui_round-robin_failure_1788021012331,round-robin,server-2,GET,/api/work,200,27,,3
1788021023962,ui_round-robin_failure_1788021012331,round-robin,server-3,GET,/api/work,200,26,,2
1788021023967,ui_round-robin_failure_1788021012331,round-robin,server-1,GET,/api/work,200,26,,3
1788021023972,ui_round-robin_failure_1788021012331,round-robin,server-2,GET,/api/work,200,26,,3
1788021023976,ui_round-robin_failure_1788021012331,round-robin,server-1,GET,/api/work,200,25,,3
1788021023976,ui_round-robin_failure_1788021012331,round-robin,server-3,GET,/api/work,200,26,,4
1788021023976,ui_round-robin_failure_1788021012331,round-robin,server-2,GET,/api/work,200,27,,3
1788021023983,ui_round-robin_failure_1788021012331,round-robin,server-1,GET,/api/work,200,25,,3
1788021023982,ui_round-robin_failure_1788021012331,round-robin,server-3,GET,/api/work,200,27,,3
1788021023987,ui_round-robin_failure_1788021012331,round-robin,server-2,GET,/api/work,200,27,,3
1788021023991,ui_round-robin_failure_1788021012331,round-robin,server-3,GET,/api/work,200,25,,3
1788021023992,ui_round-robin_failure_1788021012331,round-robin,server-1,GET,/api/work,200,27,,3
1788021023993,ui_round-robin_failure_1788021012331,round-robin,server-2,GET,/api/work,200,26,,2
1788021023993,ui_round-robin_failure_1788021012331,round-robin,server-3,GET,/api/work,200,27,,2
1788021023996,ui_round-robin_failure_1788021012331,round-robin,server-1,GET,/api/work,200,25,,2
1788021024000,ui_round-robin_failure_1788021012331,round-robin,server-2,GET,/api/work,200,27,,2
1788021024001,ui_round-robin_failure_1788021012331,round-robin,server-3,GET,/api/work,200,26,,2
1788021024006,ui_round-robin_failure_1788021012331,round-robin,server-2,GET,/api/work,200,26,,1
1788021024006,ui_round-robin_failure_1788021012331,round-robin,server-1,GET,/api/work,200,27,,2
1788021024011,ui_round-robin_failure_1788021012331,round-robin,server-3,GET,/api/work,200,26,,2
1788021024018,ui_round-robin_failure_1788021012331,round-robin,server-1,GET,/api/work,200,27,,3
1788021024020,ui_round-robin_failure_1788021012331,round-robin,server-2,GET,/api/work,200,25,,2
1788021024023,ui_round-robin_failure_1788021012331,round-robin,server-3,GET,/api/work,200,27,,2
1788021024029,ui_round-robin_failure_1788021012331,round-robin,server-1,GET,/api/work,200,26,,3
1788021024033,ui_round-robin_failure_1788021012331,round-robin,server-3,GET,/api/work,200,26,,3
1788021024034,ui_round-robin_failure_1788021012331,round-robin,server-1,GET,/api/work,200,26,,3
1788021024033,ui_round-robin_failure_1788021012331,round-robin,server-2,GET,/api/work,200,27,,4
1788021024040,ui_round-robin_failure_1788021012331,round-robin,server-3,GET,/api/work,200,25,,3
1788021024039,ui_round-robin_failure_1788021012331,round-robin,server-2,GET,/api/work,200,26,,3
1788021024044,ui_round-robin_failure_1788021012331,round-robin,server-1,GET,/api/work,200,26,,3
1788021024047,ui_round-robin_failure_1788021012331,round-robin,server-2,GET,/api/work,200,25,,3
1788021024050,ui_round-robin_failure_1788021012331,round-robin,server-3,GET,/api/work,200,26,,3
1788021024051,ui_round-robin_failure_1788021012331,round-robin,server-2,GET,/api/work,200,26,,2
1788021024051,ui_round-robin_failure_1788021012331,round-robin,server-1,GET,/api/work,200,26,,3
1788021024052,ui_round-robin_failure_1788021012331,round-robin,server-3,GET,/api/work,200,26,,2
1788021024058,ui_round-robin_failure_1788021012331,round-robin,server-2,GET,/api/work,200,25,,2
1788021024058,ui_round-robin_failure_1788021012331,round-robin,server-1,GET,/api/work,200,25,,2
1788021024063,ui_round-robin_failure_1788021012331,round-robin,server-3,GET,/api/work,200,25,,2
1788021024064,ui_round-robin_failure_1788021012331,round-robin,server-1,GET,/api/work,200,26,,2
1788021024067,ui_round-robin_failure_1788021012331,round-robin,server-2,GET,/api/work,200,27,,2
1788021024075,ui_round-robin_failure_1788021012331,round-robin,server-3,GET,/api/work,200,25,,2
1788021024076,ui_round-robin_failure_1788021012331,round-robin,server-1,GET,/api/work,200,26,,2
1788021024082,ui_round-robin_failure_1788021012331,round-robin,server-2,GET,/api/work,200,25,,3
1788021024085,ui_round-robin_failure_1788021012331,round-robin,server-3,GET,/api/work,200,27,,3
1788021024090,ui_round-robin_failure_1788021012331,round-robin,server-1,GET,/api/work,200,26,,4
1788021024091,ui_round-robin_failure_1788021012331,round-robin,server-2,GET,/api/work,200,26,,3
1788021024091,ui_round-robin_failure_1788021012331,round-robin,server-3,GET,/api/work,200,27,,3
1788021024095,ui_round-robin_failure_1788021012331,round-robin,server-1,GET,/api/work,200,26,,3
1788021024095,ui_round-robin_failure_1788021012331,round-robin,server-2,GET,/api/work,200,27,,3
1788021024101,ui_round-robin_failure_1788021012331,round-robin,server-3,GET,/api/work,200,25,,3
1788021024103,ui_round-robin_failure_1788021012331,round-robin,server-1,GET,/api/work,200,27,,3
1788021024106,ui_round-robin_failure_1788021012331,round-robin,server-2,GET,/api/work,200,26,,3
1788021024108,ui_round-robin_failure_1788021012331,round-robin,server-1,GET,/api/work,200,26,,2
1788021024108,ui_round-robin_failure_1788021012331,round-robin,server-3,GET,/api/work,200,26,,3
1788021024109,ui_round-robin_failure_1788021012331,round-robin,server-2,GET,/api/work,200,26,,2
1788021024113,ui_round-robin_failure_1788021012331,round-robin,server-3,GET,/api/work,200,26,,2
1788021024114,ui_round-robin_failure_1788021012331,round-robin,server-1,GET,/api/work,200,26,,2
1788021024119,ui_round-robin_failure_1788021012331,round-robin,server-2,GET,/api/work,200,26,,2
1788021024121,ui_round-robin_failure_1788021012331,round-robin,server-3,GET,/api/work,200,28,,2
1788021024124,ui_round-robin_failure_1788021012331,round-robin,server-1,GET,/api/work,200,26,,2
1788021024130,ui_round-robin_failure_1788021012331,round-robin,server-2,GET,/api/work,200,27,,2
1788021024133,ui_round-robin_failure_1788021012331,round-robin,server-3,GET,/api/work,200,27,,2
1788021024138,ui_round-robin_failure_1788021012331,round-robin,server-1,GET,/api/work,200,26,,3
1788021024142,ui_round-robin_failure_1788021012331,round-robin,server-2,GET,/api/work,200,26,,3
1788021024147,ui_round-robin_failure_1788021012331,round-robin,server-3,GET,/api/work,200,26,,4
1788021024148,ui_round-robin_failure_1788021012331,round-robin,server-1,GET,/api/work,200,27,,3
1788021024150,ui_round-robin_failure_1788021012331,round-robin,server-2,GET,/api/work,200,26,,3
1788021024152,ui_round-robin_failure_1788021012331,round-robin,server-3,GET,/api/work,200,26,,3
1788021024153,ui_round-robin_failure_1788021012331,round-robin,server-1,GET,/api/work,200,26,,3
1788021024157,ui_round-robin_failure_1788021012331,round-robin,server-2,GET,/api/work,200,27,,3
1788021024161,ui_round-robin_failure_1788021012331,round-robin,server-3,GET,/api/work,200,27,,3
1788021024163,ui_round-robin_failure_1788021012331,round-robin,server-1,GET,/api/work,200,26,,3
1788021024166,ui_round-robin_failure_1788021012331,round-robin,server-2,GET,/api/work,200,25,,3
1788021024166,ui_round-robin_failure_1788021012331,round-robin,server-3,GET,/api/work,200,26,,2
1788021024166,ui_round-robin_failure_1788021012331,round-robin,server-1,GET,/api/work,200,26,,2
1788021024170,ui_round-robin_failure_1788021012331,round-robin,server-2,GET,/api/work,200,25,,2
1788021024171,ui_round-robin_failure_1788021012331,round-robin,server-3,GET,/api/work,200,26,,2
1788021024176,ui_round-robin_failure_1788021012331,round-robin,server-1,GET,/api/work,200,26,,2
1788021024180,ui_round-robin_failure_1788021012331,round-robin,server-2,GET,/api/work,200,26,,2
1788021024180,ui_round-robin_failure_1788021012331,round-robin,server-3,GET,/api/work,200,27,,1
1788021024187,ui_round-robin_failure_1788021012331,round-robin,server-1,GET,/api/work,200,26,,2
1788021024190,ui_round-robin_failure_1788021012331,round-robin,server-2,GET,/api/work,200,26,,2
1788021024194,ui_round-robin_failure_1788021012331,round-robin,server-3,GET,/api/work,200,26,,3
1788021024199,ui_round-robin_failure_1788021012331,round-robin,server-1,GET,/api/work,200,26,,3
1788021024204,ui_round-robin_failure_1788021012331,round-robin,server-2,GET,/api/work,200,26,,4
1788021024207,ui_round-robin_failure_1788021012331,round-robin,server-3,GET,/api/work,200,26,,3
1788021024207,ui_round-robin_failure_1788021012331,round-robin,server-1,GET,/api/work,200,27,,3
1788021024209,ui_round-robin_failure_1788021012331,round-robin,server-2,GET,/api/work,200,26,,3
1788021024209,ui_round-robin_failure_1788021012331,round-robin,server-3,GET,/api/work,200,27,,3
1788021024214,ui_round-robin_failure_1788021012331,round-robin,server-1,GET,/api/work,200,27,,3
1788021024219,ui_round-robin_failure_1788021012331,round-robin,server-2,GET,/api/work,200,27,,3
1788021024219,ui_round-robin_failure_1788021012331,round-robin,server-3,GET,/api/work,200,27,,3
1788021024223,ui_round-robin_failure_1788021012331,round-robin,server-1,GET,/api/work,200,25,,3
1788021024223,ui_round-robin_failure_1788021012331,round-robin,server-2,GET,/api/work,200,26,,2
1788021024223,ui_round-robin_failure_1788021012331,round-robin,server-3,GET,/api/work,200,27,,2
1788021024226,ui_round-robin_failure_1788021012331,round-robin,server-1,GET,/api/work,200,26,,2
1788021024228,ui_round-robin_failure_1788021012331,round-robin,server-2,GET,/api/work,200,26,,2
1788021024234,ui_round-robin_failure_1788021012331,round-robin,server-3,GET,/api/work,200,27,,2
1788021024237,ui_round-robin_failure_1788021012331,round-robin,server-1,GET,/api/work,200,26,,2
1788021024238,ui_round-robin_failure_1788021012331,round-robin,server-2,GET,/api/work,200,26,,1
1788021024244,ui_round-robin_failure_1788021012331,round-robin,server-3,GET,/api/work,200,25,,2
1788021024247,ui_round-robin_failure_1788021012331,round-robin,server-1,GET,/api/work,200,26,,2
1788021024250,ui_round-robin_failure_1788021012331,round-robin,server-2,GET,/api/work,200,27,,2
1788021024255,ui_round-robin_failure_1788021012331,round-robin,server-3,GET,/api/work,200,25,,3
1788021024260,ui_round-robin_failure_1788021012331,round-robin,server-1,GET,/api/work,200,26,,4
1788021024264,ui_round-robin_failure_1788021012331,round-robin,server-2,GET,/api/work,200,27,,3
1788021024265,ui_round-robin_failure_1788021012331,round-robin,server-3,GET,/api/work,200,27,,3
1788021024266,ui_round-robin_failure_1788021012331,round-robin,server-2,GET,/api/work,200,26,,3
1788021024266,ui_round-robin_failure_1788021012331,round-robin,server-1,GET,/api/work,200,27,,3
1788021024270,ui_round-robin_failure_1788021012331,round-robin,server-3,GET,/api/work,200,26,,3
1788021024278,ui_round-robin_failure_1788021012331,round-robin,server-2,GET,/api/work,200,25,,3
1788021024277,ui_round-robin_failure_1788021012331,round-robin,server-1,GET,/api/work,200,26,,3
1788021024278,ui_round-robin_failure_1788021012331,round-robin,server-3,GET,/api/work,200,26,,3
1788021024281,ui_round-robin_failure_1788021012331,round-robin,server-1,GET,/api/work,200,26,,2
1788021024281,ui_round-robin_failure_1788021012331,round-robin,server-2,GET,/api/work,200,26,,2
1788021024283,ui_round-robin_failure_1788021012331,round-robin,server-3,GET,/api/work,200,26,,2
1788021024285,ui_round-robin_failure_1788021012331,round-robin,server-1,GET,/api/work,200,27,,2
1788021024292,ui_round-robin_failure_1788021012331,round-robin,server-2,GET,/api/work,200,26,,2
1788021024295,ui_round-robin_failure_1788021012331,round-robin,server-1,GET,/api/work,200,26,,1
1788021024295,ui_round-robin_failure_1788021012331,round-robin,server-3,GET,/api/work,200,27,,2
1788021024300,ui_round-robin_failure_1788021012331,round-robin,server-2,GET,/api/work,200,27,,3
1788021024304,ui_round-robin_failure_1788021012331,round-robin,server-3,GET,/api/work,200,27,,2
1788021024308,ui_round-robin_failure_1788021012331,round-robin,server-1,GET,/api/work,200,25,,2
1788021024311,ui_round-robin_failure_1788021012331,round-robin,server-2,GET,/api/work,200,27,,3
1788021024316,ui_round-robin_failure_1788021012331,round-robin,server-3,GET,/api/work,200,31,,4
1788021024323,ui_round-robin_failure_1788021012331,round-robin,server-3,GET,/api/work,200,25,,3
1788021024323,ui_round-robin_failure_1788021012331,round-robin,server-2,GET,/api/work,200,26,,3
1788021024322,ui_round-robin_failure_1788021012331,round-robin,server-1,GET,/api/work,200,28,,3
1788021024324,ui_round-robin_failure_1788021012331,round-robin,server-1,GET,/api/work,200,27,,3
1788021024326,ui_round-robin_failure_1788021012331,round-robin,server-2,GET,/api/work,200,26,,3
1788021024334,ui_round-robin_failure_1788021012331,round-robin,server-3,GET,/api/work,200,26,,3
1788021024334,ui_round-robin_failure_1788021012331,round-robin,server-2,GET,/api/work,200,27,,2
1788021024334,ui_round-robin_failure_1788021012331,round-robin,server-1,GET,/api/work,200,28,,3
1788021024337,ui_round-robin_failure_1788021012331,round-robin,server-3,GET,/api/work,200,26,,2
1788021024338,ui_round-robin_failure_1788021012331,round-robin,server-1,GET,/api/work,200,27,,2
1788021024340,ui_round-robin_failure_1788021012331,round-robin,server-2,GET,/api/work,200,29,,2
1788021024342,ui_round-robin_failure_1788021012331,round-robin,server-3,GET,/api/work,200,28,,2
1788021024350,ui_round-robin_failure_1788021012331,round-robin,server-1,GET,/api/work,200,27,,2
1788021024351,ui_round-robin_failure_1788021012331,round-robin,server-2,GET,/api/work,200,27,,1
1788021024353,ui_round-robin_failure_1788021012331,round-robin,server-3,GET,/api/work,200,27,,2
1788021024357,ui_round-robin_failure_1788021012331,round-robin,server-1,GET,/api/work,200,26,,2
1788021024362,ui_round-robin_failure_1788021012331,round-robin,server-2,GET,/api/work,200,26,,2
1788021024364,ui_round-robin_failure_1788021012331,round-robin,server-3,GET,/api/work,200,25,,2
1788021024370,ui_round-robin_failure_1788021012331,round-robin,server-1,GET,/api/work,200,26,,3
1788021024378,ui_round-robin_failure_1788021012331,round-robin,server-3,GET,/api/work,200,27,,3
1788021024378,ui_round-robin_failure_1788021012331,round-robin,server-2,GET,/api/work,200,27,,4
1788021024381,ui_round-robin_failure_1788021012331,round-robin,server-3,GET,/api/work,200,26,,3
1788021024381,ui_round-robin_failure_1788021012331,round-robin,server-2,GET,/api/work,200,26,,3
1788021024381,ui_round-robin_failure_1788021012331,round-robin,server-1,GET,/api/work,200,27,,3
1788021024384,ui_round-robin_failure_1788021012331,round-robin,server-1,GET,/api/work,200,26,,3
1788021024391,ui_round-robin_failure_1788021012331,round-robin,server-3,GET,/api/work,200,26,,3
1788021024391,ui_round-robin_failure_1788021012331,round-robin,server-2,GET,/api/work,200,27,,3
1788021024393,ui_round-robin_failure_1788021012331,round-robin,server-1,GET,/api/work,200,27,,2
1788021024394,ui_round-robin_failure_1788021012331,round-robin,server-2,GET,/api/work,200,26,,3
1788021024394,ui_round-robin_failure_1788021012331,round-robin,server-3,GET,/api/work,200,27,,2
1788021024400,ui_round-robin_failure_1788021012331,round-robin,server-1,GET,/api/work,200,26,,2
1788021024401,ui_round-robin_failure_1788021012331,round-robin,server-2,GET,/api/work,200,25,,2
1788021024407,ui_round-robin_failure_1788021012331,round-robin,server-3,GET,/api/work,200,26,,2
1788021024408,ui_round-robin_failure_1788021012331,round-robin,server-1,GET,/api/work,200,26,,1
1788021024411,ui_round-robin_failure_1788021012331,round-robin,server-2,GET,/api/work,200,26,,2
1788021024414,ui_round-robin_failure_1788021012331,round-robin,server-3,GET,/api/work,200,26,,2
1788021024420,ui_round-robin_failure_1788021012331,round-robin,server-1,GET,/api/work,200,26,,2
1788021024420,ui_round-robin_failure_1788021012331,round-robin,server-2,GET,/api/work,200,27,,2
1788021024426,ui_round-robin_failure_1788021012331,round-robin,server-3,GET,/api/work,200,26,,3
1788021024436,ui_round-robin_failure_1788021012331,round-robin,server-1,GET,/api/work,200,26,,4
1788021024436,ui_round-robin_failure_1788021012331,round-robin,server-2,GET,/api/work,200,27,,3
1788021024438,ui_round-robin_failure_1788021012331,round-robin,server-2,GET,/api/work,200,26,,2
1788021024438,ui_round-robin_failure_1788021012331,round-robin,server-3,GET,/api/work,200,27,,3
1788021024438,ui_round-robin_failure_1788021012331,round-robin,server-1,GET,/api/work,200,27,,3
1788021024441,ui_round-robin_failure_1788021012331,round-robin,server-3,GET,/api/work,200,25,,3
1788021024448,ui_round-robin_failure_1788021012331,round-robin,server-2,GET,/api/work,200,25,,3
1788021024447,ui_round-robin_failure_1788021012331,round-robin,server-1,GET,/api/work,200,26,,3
1788021024452,ui_round-robin_failure_1788021012331,round-robin,server-1,GET,/api/work,200,26,,2
1788021024451,ui_round-robin_failure_1788021012331,round-robin,server-3,GET,/api/work,200,28,,3
1788021024453,ui_round-robin_failure_1788021012331,round-robin,server-2,GET,/api/work,200,27,,2
1788021024457,ui_round-robin_failure_1788021012331,round-robin,server-3,GET,/api/work,200,27,,2
1788021024457,ui_round-robin_failure_1788021012331,round-robin,server-1,GET,/api/work,200,27,,2
1788021024465,ui_round-robin_failure_1788021012331,round-robin,server-3,GET,/api/work,200,26,,1
1788021024465,ui_round-robin_failure_1788021012331,round-robin,server-2,GET,/api/work,200,26,,2
1788021024466,ui_round-robin_failure_1788021012331,round-robin,server-1,GET,/api/work,200,27,,1
1788021024471,ui_round-robin_failure_1788021012331,round-robin,server-2,GET,/api/work,200,26,,2
1788021024477,ui_round-robin_failure_1788021012331,round-robin,server-3,GET,/api/work,200,27,,3
1788021024480,ui_round-robin_failure_1788021012331,round-robin,server-1,GET,/api/work,200,26,,3
1788021024483,ui_round-robin_failure_1788021012331,round-robin,server-2,GET,/api/work,200,27,,2
1788021024493,ui_round-robin_failure_1788021012331,round-robin,server-1,GET,/api/work,200,26,,3
1788021024493,ui_round-robin_failure_1788021012331,round-robin,server-3,GET,/api/work,200,26,,4
1788021024495,ui_round-robin_failure_1788021012331,round-robin,server-2,GET,/api/work,200,26,,3
1788021024496,ui_round-robin_failure_1788021012331,round-robin,server-3,GET,/api/work,200,26,,3
1788021024497,ui_round-robin_failure_1788021012331,round-robin,server-1,GET,/api/work,200,26,,3
1788021024498,ui_round-robin_failure_1788021012331,round-robin,server-2,GET,/api/work,200,26,,3
1788021024503,ui_round-robin_failure_1788021012331,round-robin,server-3,GET,/api/work,200,26,,3
1788021024504,ui_round-robin_failure_1788021012331,round-robin,server-1,GET,/api/work,200,26,,3
1788021024510,ui_round-robin_failure_1788021012331,round-robin,server-2,GET,/api/work,200,26,,3
1788021024511,ui_round-robin_failure_1788021012331,round-robin,server-3,GET,/api/work,200,26,,2
1788021024511,ui_round-robin_failure_1788021012331,round-robin,server-1,GET,/api/work,200,27,,2
1788021024514,ui_round-robin_failure_1788021012331,round-robin,server-3,GET,/api/work,200,26,,2
1788021024514,ui_round-robin_failure_1788021012331,round-robin,server-2,GET,/api/work,200,27,,2
1788021024523,ui_round-robin_failure_1788021012331,round-robin,server-2,GET,/api/work,200,25,,1
1788021024522,ui_round-robin_failure_1788021012331,round-robin,server-1,GET,/api/work,200,26,,2
1788021024524,ui_round-robin_failure_1788021012331,round-robin,server-3,GET,/api/work,200,27,,2
1788021024528,ui_round-robin_failure_1788021012331,round-robin,server-1,GET,/api/work,200,27,,3
1788021024534,ui_round-robin_failure_1788021012331,round-robin,server-2,GET,/api/work,200,26,,3
1788021024537,ui_round-robin_failure_1788021012331,round-robin,server-3,GET,/api/work,200,26,,3
1788021024541,ui_round-robin_failure_1788021012331,round-robin,server-1,GET,/api/work,200,27,,3
1788021024549,ui_round-robin_failure_1788021012331,round-robin,server-2,GET,/api/work,200,26,,4
1788021024550,ui_round-robin_failure_1788021012331,round-robin,server-3,GET,/api/work,200,26,,3
1788021024551,ui_round-robin_failure_1788021012331,round-robin,server-1,GET,/api/work,200,26,,3
1788021024554,ui_round-robin_failure_1788021012331,round-robin,server-1,GET,/api/work,200,26,,3
1788021024554,ui_round-robin_failure_1788021012331,round-robin,server-2,GET,/api/work,200,26,,3
1788021024554,ui_round-robin_failure_1788021012331,round-robin,server-3,GET,/api/work,200,27,,3
1788021024559,ui_round-robin_failure_1788021012331,round-robin,server-2,GET,/api/work,200,26,,3
1788021024561,ui_round-robin_failure_1788021012331,round-robin,server-3,GET,/api/work,200,26,,3
1788021024567,ui_round-robin_failure_1788021012331,round-robin,server-2,GET,/api/work,200,26,,2
1788021024567,ui_round-robin_failure_1788021012331,round-robin,server-1,GET,/api/work,200,26,,3
1788021024568,ui_round-robin_failure_1788021012331,round-robin,server-3,GET,/api/work,200,26,,2
1788021024571,ui_round-robin_failure_1788021012331,round-robin,server-1,GET,/api/work,200,26,,2
1788021024572,ui_round-robin_failure_1788021012331,round-robin,server-2,GET,/api/work,200,26,,2
1788021024579,ui_round-robin_failure_1788021012331,round-robin,server-1,GET,/api/work,200,26,,2
1788021024579,ui_round-robin_failure_1788021012331,round-robin,server-3,GET,/api/work,200,27,,2
1788021024582,ui_round-robin_failure_1788021012331,round-robin,server-2,GET,/api/work,200,27,,2
1788021024586,ui_round-robin_failure_1788021012331,round-robin,server-3,GET,/api/work,200,26,,3
1788021024590,ui_round-robin_failure_1788021012331,round-robin,server-1,GET,/api/work,200,26,,2
1788021024594,ui_round-robin_failure_1788021012331,round-robin,server-2,GET,/api/work,200,25,,3
1788021024598,ui_round-robin_failure_1788021012331,round-robin,server-3,GET,/api/work,200,27,,3
1788021024605,ui_round-robin_failure_1788021012331,round-robin,server-1,GET,/api/work,200,26,,4
1788021024607,ui_round-robin_failure_1788021012331,round-robin,server-2,GET,/api/work,200,27,,3
1788021024608,ui_round-robin_failure_1788021012331,round-robin,server-3,GET,/api/work,200,26,,3
1788021024612,ui_round-robin_failure_1788021012331,round-robin,server-3,GET,/api/work,200,25,,3
1788021024611,ui_round-robin_failure_1788021012331,round-robin,server-2,GET,/api/work,200,27,,3
1788021024611,ui_round-robin_failure_1788021012331,round-robin,server-1,GET,/api/work,200,27,,3
1788021024617,ui_round-robin_failure_1788021012331,round-robin,server-2,GET,/api/work,200,26,,3
1788021024617,ui_round-robin_failure_1788021012331,round-robin,server-1,GET,/api/work,200,27,,3
1788021024624,ui_round-robin_failure_1788021012331,round-robin,server-1,GET,/api/work,200,27,,2
1788021024625,ui_round-robin_failure_1788021012331,round-robin,server-2,GET,/api/work,200,27,,2
1788021024624,ui_round-robin_failure_1788021012331,round-robin,server-3,GET,/api/work,200,29,,3
1788021024627,ui_round-robin_failure_1788021012331,round-robin,server-3,GET,/api/work,200,26,,2
1788021024629,ui_round-robin_failure_1788021012331,round-robin,server-1,GET,/api/work,200,28,,2
1788021024636,ui_round-robin_failure_1788021012331,round-robin,server-2,GET,/api/work,200,26,,2
1788021024636,ui_round-robin_failure_1788021012331,round-robin,server-3,GET,/api/work,200,27,,1
1788021024638,ui_round-robin_failure_1788021012331,round-robin,server-1,GET,/api/work,200,26,,1
1788021024642,ui_round-robin_failure_1788021012331,round-robin,server-2,GET,/api/work,200,27,,2
1788021024647,ui_round-robin_failure_1788021012331,round-robin,server-3,GET,/api/work,200,26,,3
1788021024652,ui_round-robin_failure_1788021012331,round-robin,server-1,GET,/api/work,200,27,,3
1788021024656,ui_round-robin_failure_1788021012331,round-robin,server-2,GET,/api/work,200,27,,2
1788021024663,ui_round-robin_failure_1788021012331,round-robin,server-3,GET,/api/work,200,26,,4
1788021024665,ui_round-robin_failure_1788021012331,round-robin,server-1,GET,/api/work,200,26,,3
1788021024665,ui_round-robin_failure_1788021012331,round-robin,server-2,GET,/api/work,200,27,,3
1788021024668,ui_round-robin_failure_1788021012331,round-robin,server-3,GET,/api/work,200,27,,3
1788021024669,ui_round-robin_failure_1788021012331,round-robin,server-2,GET,/api/work,200,26,,3
1788021024669,ui_round-robin_failure_1788021012331,round-robin,server-1,GET,/api/work,200,27,,3
1788021024673,ui_round-robin_failure_1788021012331,round-robin,server-3,GET,/api/work,200,29,,3
1788021024674,ui_round-robin_failure_1788021012331,round-robin,server-1,GET,/api/work,200,29,,2
1788021024683,ui_round-robin_failure_1788021012331,round-robin,server-2,GET,/api/work,200,27,,3
1788021024684,ui_round-robin_failure_1788021012331,round-robin,server-2,GET,/api/work,200,27,,2
1788021024684,ui_round-robin_failure_1788021012331,round-robin,server-3,GET,/api/work,200,27,,3
1788021024684,ui_round-robin_failure_1788021012331,round-robin,server-1,GET,/api/work,200,28,,2
1788021024688,ui_round-robin_failure_1788021012331,round-robin,server-3,GET,/api/work,200,28,,2
1788021024693,ui_round-robin_failure_1788021012331,round-robin,server-1,GET,/api/work,200,27,,2
1788021024693,ui_round-robin_failure_1788021012331,round-robin,server-2,GET,/api/work,200,27,,1
1788021024695,ui_round-robin_failure_1788021012331,round-robin,server-3,GET,/api/work,200,26,,1
1788021024704,ui_round-robin_failure_1788021012331,round-robin,server-1,GET,/api/work,200,26,,3
1788021024704,ui_round-robin_failure_1788021012331,round-robin,server-2,GET,/api/work,200,27,,2
1788021024709,ui_round-robin_failure_1788021012331,round-robin,server-3,GET,/api/work,200,28,,3
1788021024714,ui_round-robin_failure_1788021012331,round-robin,server-1,GET,/api/work,200,26,,2
1788021024721,ui_round-robin_failure_1788021012331,round-robin,server-2,GET,/api/work,200,26,,4
1788021024721,ui_round-robin_failure_1788021012331,round-robin,server-3,GET,/api/work,200,26,,3
1788021024723,ui_round-robin_failure_1788021012331,round-robin,server-1,GET,/api/work,200,27,,3
1788021024725,ui_round-robin_failure_1788021012331,round-robin,server-2,GET,/api/work,200,25,,3
1788021024726,ui_round-robin_failure_1788021012331,round-robin,server-3,GET,/api/work,200,26,,3
1788021024726,ui_round-robin_failure_1788021012331,round-robin,server-1,GET,/api/work,200,26,,3
1788021024735,ui_round-robin_failure_1788021012331,round-robin,server-3,GET,/api/work,200,25,,2
1788021024734,ui_round-robin_failure_1788021012331,round-robin,server-2,GET,/api/work,200,27,,3
1788021024741,ui_round-robin_failure_1788021012331,round-robin,server-2,GET,/api/work,200,26,,3
1788021024741,ui_round-robin_failure_1788021012331,round-robin,server-1,GET,/api/work,200,26,,3
1788021024742,ui_round-robin_failure_1788021012331,round-robin,server-3,GET,/api/work,200,27,,2
1788021024743,ui_round-robin_failure_1788021012331,round-robin,server-1,GET,/api/work,200,26,,2
1788021024746,ui_round-robin_failure_1788021012331,round-robin,server-2,GET,/api/work,200,26,,2
1788021024751,ui_round-robin_failure_1788021012331,round-robin,server-1,GET,/api/work,200,26,,2
1788021024751,ui_round-robin_failure_1788021012331,round-robin,server-3,GET,/api/work,200,26,,2
1788021024753,ui_round-robin_failure_1788021012331,round-robin,server-2,GET,/api/work,200,26,,2
1788021024761,ui_round-robin_failure_1788021012331,round-robin,server-3,GET,/api/work,200,25,,3
1788021024761,ui_round-robin_failure_1788021012331,round-robin,server-1,GET,/api/work,200,26,,2
1788021024767,ui_round-robin_failure_1788021012331,round-robin,server-2,GET,/api/work,200,27,,3
1788021024771,ui_round-robin_failure_1788021012331,round-robin,server-3,GET,/api/work,200,27,,2
1788021024777,ui_round-robin_failure_1788021012331,round-robin,server-1,GET,/api/work,200,26,,3
1788021024778,ui_round-robin_failure_1788021012331,round-robin,server-2,GET,/api/work,200,26,,3
1788021024780,ui_round-robin_failure_1788021012331,round-robin,server-1,GET,/api/work,200,26,,3
1788021024780,ui_round-robin_failure_1788021012331,round-robin,server-3,GET,/api/work,200,26,,3
1788021024783,ui_round-robin_failure_1788021012331,round-robin,server-2,GET,/api/work,200,26,,3
1788021024783,ui_round-robin_failure_1788021012331,round-robin,server-3,GET,/api/work,200,26,,3
1788021024791,ui_round-robin_failure_1788021012331,round-robin,server-1,GET,/api/work,200,26,,3
1788021024792,ui_round-robin_failure_1788021012331,round-robin,server-2,GET,/api/work,200,26,,2
1788021024798,ui_round-robin_failure_1788021012331,round-robin,server-3,GET,/api/work,200,26,,3
1788021024798,ui_round-robin_failure_1788021012331,round-robin,server-1,GET,/api/work,200,27,,3
1788021024800,ui_round-robin_failure_1788021012331,round-robin,server-3,GET,/api/work,200,26,,2
1788021024800,ui_round-robin_failure_1788021012331,round-robin,server-2,GET,/api/work,200,26,,2
1788021024804,ui_round-robin_failure_1788021012331,round-robin,server-1,GET,/api/work,200,25,,2
1788021024808,ui_round-robin_failure_1788021012331,round-robin,server-2,GET,/api/work,200,26,,2
1788021024808,ui_round-robin_failure_1788021012331,round-robin,server-3,GET,/api/work,200,27,,2
1788021024808,ui_round-robin_failure_1788021012331,round-robin,server-1,GET,/api/work,200,28,,2
1788021024818,ui_round-robin_failure_1788021012331,round-robin,server-3,GET,/api/work,200,26,,2
1788021024818,ui_round-robin_failure_1788021012331,round-robin,server-2,GET,/api/work,200,26,,3
1788021024824,ui_round-robin_failure_1788021012331,round-robin,server-1,GET,/api/work,200,26,,3
1788021024829,ui_round-robin_failure_1788021012331,round-robin,server-2,GET,/api/work,200,26,,2
1788021024834,ui_round-robin_failure_1788021012331,round-robin,server-3,GET,/api/work,200,26,,4
1788021024835,ui_round-robin_failure_1788021012331,round-robin,server-1,GET,/api/work,200,26,,3
1788021024838,ui_round-robin_failure_1788021012331,round-robin,server-2,GET,/api/work,200,25,,3
1788021024838,ui_round-robin_failure_1788021012331,round-robin,server-3,GET,/api/work,200,26,,3
1788021024840,ui_round-robin_failure_1788021012331,round-robin,server-1,GET,/api/work,200,26,,3
1788021024840,ui_round-robin_failure_1788021012331,round-robin,server-2,GET,/api/work,200,27,,3
1788021024848,ui_round-robin_failure_1788021012331,round-robin,server-3,GET,/api/work,200,26,,3
1788021024848,ui_round-robin_failure_1788021012331,round-robin,server-1,GET,/api/work,200,26,,2
1788021024856,ui_round-robin_failure_1788021012331,round-robin,server-1,GET,/api/work,200,25,,2
1788021024856,ui_round-robin_failure_1788021012331,round-robin,server-2,GET,/api/work,200,25,,3
1788021024856,ui_round-robin_failure_1788021012331,round-robin,server-3,GET,/api/work,200,26,,3
1788021024857,ui_round-robin_failure_1788021012331,round-robin,server-2,GET,/api/work,200,27,,2
1788021024860,ui_round-robin_failure_1788021012331,round-robin,server-3,GET,/api/work,200,25,,2
1788021024866,ui_round-robin_failure_1788021012331,round-robin,server-2,GET,/api/work,200,26,,2
1788021024866,ui_round-robin_failure_1788021012331,round-robin,server-3,GET,/api/work,200,26,,2
1788021024866,ui_round-robin_failure_1788021012331,round-robin,server-1,GET,/api/work,200,27,,2
1788021024875,ui_round-robin_failure_1788021012331,round-robin,server-1,GET,/api/work,200,26,,3
1788021024875,ui_round-robin_failure_1788021012331,round-robin,server-2,GET,/api/work,200,28,,2
1788021024881,ui_round-robin_failure_1788021012331,round-robin,server-3,GET,/api/work,200,25,,3
1788021024886,ui_round-robin_failure_1788021012331,round-robin,server-1,GET,/api/work,200,26,,2
1788021024891,ui_round-robin_failure_1788021012331,round-robin,server-3,GET,/api/work,200,26,,3
1788021024891,ui_round-robin_failure_1788021012331,round-robin,server-2,GET,/api/work,200,28,,4
1788021024894,ui_round-robin_failure_1788021012331,round-robin,server-1,GET,/api/work,200,26,,3
1788021024895,ui_round-robin_failure_1788021012331,round-robin,server-2,GET,/api/work,200,27,,3
1788021024898,ui_round-robin_failure_1788021012331,round-robin,server-1,GET,/api/work,200,27,,3
1788021024898,ui_round-robin_failure_1788021012331,round-robin,server-3,GET,/api/work,200,27,,3
1788021024905,ui_round-robin_failure_1788021012331,round-robin,server-3,GET,/api/work,200,26,,2
1788021024905,ui_round-robin_failure_1788021012331,round-robin,server-2,GET,/api/work,200,27,,3
1788021024912,ui_round-robin_failure_1788021012331,round-robin,server-1,GET,/api/work,200,26,,3
1788021024912,ui_round-robin_failure_1788021012331,round-robin,server-2,GET,/api/work,200,27,,3
1788021024913,ui_round-robin_failure_1788021012331,round-robin,server-3,GET,/api/work,200,28,,2
1788021024914,ui_round-robin_failure_1788021012331,round-robin,server-1,GET,/api/work,200,27,,2
1788021024917,ui_round-robin_failure_1788021012331,round-robin,server-2,GET,/api/work,200,27,,2
1788021024924,ui_round-robin_failure_1788021012331,round-robin,server-3,GET,/api/work,200,26,,2
1788021024924,ui_round-robin_failure_1788021012331,round-robin,server-1,GET,/api/work,200,27,,2
1788021024924,ui_round-robin_failure_1788021012331,round-robin,server-2,GET,/api/work,200,29,,2
1788021024933,ui_round-robin_failure_1788021012331,round-robin,server-3,GET,/api/work,200,26,,3
1788021024934,ui_round-robin_failure_1788021012331,round-robin,server-1,GET,/api/work,200,27,,2
1788021024938,ui_round-robin_failure_1788021012331,round-robin,server-2,GET,/api/work,200,27,,3
1788021024943,ui_round-robin_failure_1788021012331,round-robin,server-3,GET,/api/work,200,27,,3
1788021024948,ui_round-robin_failure_1788021012331,round-robin,server-1,GET,/api/work,200,27,,3
1788021024950,ui_round-robin_failure_1788021012331,round-robin,server-2,GET,/api/work,200,29,,3
1788021024954,ui_round-robin_failure_1788021012331,round-robin,server-3,GET,/api/work,200,26,,3
1788021024954,ui_round-robin_failure_1788021012331,round-robin,server-1,GET,/api/work,200,32,,3
1788021024956,ui_round-robin_failure_1788021012331,round-robin,server-2,GET,/api/work,200,31,,3
1788021024956,ui_round-robin_failure_1788021012331,round-robin,server-3,GET,/api/work,200,32,,3
1788021024963,ui_round-robin_failure_1788021012331,round-robin,server-2,GET,/api/work,200,28,,2
1788021024962,ui_round-robin_failure_1788021012331,round-robin,server-1,GET,/api/work,200,30,,3
1788021024970,ui_round-robin_failure_1788021012331,round-robin,server-3,GET,/api/work,200,27,,3
1788021024973,ui_round-robin_failure_1788021012331,round-robin,server-3,GET,/api/work,200,27,,2
1788021024973,ui_round-robin_failure_1788021012331,round-robin,server-2,GET,/api/work,200,30,,2
1788021024972,ui_round-robin_failure_1788021012331,round-robin,server-1,GET,/api/work,200,33,,3
1788021024979,ui_round-robin_failure_1788021012331,round-robin,server-1,GET,/api/work,200,27,,2
1788021024986,ui_round-robin_failure_1788021012331,round-robin,server-2,GET,/api/work,200,29,,3
1788021024987,ui_round-robin_failure_1788021012331,round-robin,server-3,GET,/api/work,200,31,,2
1788021024991,ui_round-robin_failure_1788021012331,round-robin,server-2,GET,/api/work,200,28,,2
1788021024992,ui_round-robin_failure_1788021012331,round-robin,server-3,GET,/api/work,200,28,,1
1788021024987,ui_round-robin_failure_1788021012331,round-robin,server-1,GET,/api/work,200,38,,4
1788021024998,ui_round-robin_failure_1788021012331,round-robin,server-1,GET,/api/work,200,28,,3
1788021025009,ui_round-robin_failure_1788021012331,round-robin,server-3,GET,/api/work,200,27,,3
1788021025004,ui_round-robin_failure_1788021012331,round-robin,server-2,GET,/api/work,200,34,,4
1788021025014,ui_round-robin_failure_1788021012331,round-robin,server-2,GET,/api/work,200,27,,3
1788021025021,ui_round-robin_failure_1788021012331,round-robin,server-3,GET,/api/work,200,26,,3
1788021025021,ui_round-robin_failure_1788021012331,round-robin,server-2,GET,/api/work,200,27,,2
1788021025023,ui_round-robin_failure_1788021012331,round-robin,server-3,GET,/api/work,200,26,,2
1788021025009,ui_round-robin_failure_1788021012331,round-robin,server-1,GET,/api/work,200,40,,4
1788021025021,ui_round-robin_failure_1788021012331,round-robin,server-1,GET,/api/work,200,29,,3
1788021025023,ui_round-robin_failure_1788021012331,round-robin,server-1,GET,/api/work,200,28,,2
1788021025028,ui_round-robin_failure_1788021012331,round-robin,server-2,GET,/api/work,200,27,,2
1788021025033,ui_round-robin_failure_1788021012331,round-robin,server-3,GET,/api/work,200,26,,3
1788021025034,ui_round-robin_failure_1788021012331,round-robin,server-1,GET,/api/work,200,26,,2
1788021025036,ui_round-robin_failure_1788021012331,round-robin,server-2,GET,/api/work,200,27,,2
1788021025037,ui_round-robin_failure_1788021012331,round-robin,server-3,GET,/api/work,200,26,,2
1788021025049,ui_round-robin_failure_1788021012331,round-robin,server-2,GET,/api/work,200,25,,2
1788021025048,ui_round-robin_failure_1788021012331,round-robin,server-1,GET,/api/work,200,27,,2
1788021025050,ui_round-robin_failure_1788021012331,round-robin,server-3,GET,/api/work,200,27,,2
1788021025051,ui_round-robin_failure_1788021012331,round-robin,server-1,GET,/api/work,200,26,,1
1788021025057,ui_round-robin_failure_1788021012331,round-robin,server-2,GET,/api/work,200,25,,3
1788021025057,ui_round-robin_failure_1788021012331,round-robin,server-3,GET,/api/work,200,26,,3
1788021025066,ui_round-robin_failure_1788021012331,round-robin,server-1,GET,/api/work,200,26,,3
1788021025069,ui_round-robin_failure_1788021012331,round-robin,server-2,GET,/api/work,200,26,,4
1788021025071,ui_round-robin_failure_1788021012331,round-robin,server-3,GET,/api/work,200,26,,3
1788021025078,ui_round-robin_failure_1788021012331,round-robin,server-1,GET,/api/work,200,25,,3
1788021025079,ui_round-robin_failure_1788021012331,round-robin,server-2,GET,/api/work,200,26,,3
1788021025080,ui_round-robin_failure_1788021012331,round-robin,server-3,GET,/api/work,200,26,,3
1788021025080,ui_round-robin_failure_1788021012331,round-robin,server-1,GET,/api/work,200,27,,3
1788021025081,ui_round-robin_failure_1788021012331,round-robin,server-2,GET,/api/work,200,26,,3
1788021025082,ui_round-robin_failure_1788021012331,round-robin,server-3,GET,/api/work,200,27,,3
1788021025085,ui_round-robin_failure_1788021012331,round-robin,server-1,GET,/api/work,200,26,,2
1788021025090,ui_round-robin_failure_1788021012331,round-robin,server-2,GET,/api/work,200,25,,3
1788021025091,ui_round-robin_failure_1788021012331,round-robin,server-3,GET,/api/work,200,26,,2
1788021025094,ui_round-robin_failure_1788021012331,round-robin,server-2,GET,/api/work,200,26,,2
1788021025094,ui_round-robin_failure_1788021012331,round-robin,server-1,GET,/api/work,200,27,,2
1788021025105,ui_round-robin_failure_1788021012331,round-robin,server-3,GET,/api/work,200,27,,2
1788021025106,ui_round-robin_failure_1788021012331,round-robin,server-1,GET,/api/work,200,26,,2
1788021025107,ui_round-robin_failure_1788021012331,round-robin,server-2,GET,/api/work,200,26,,2
1788021025108,ui_round-robin_failure_1788021012331,round-robin,server-3,GET,/api/work,200,26,,2
1788021025113,ui_round-robin_failure_1788021012331,round-robin,server-1,GET,/api/work,200,27,,3
1788021025114,ui_round-robin_failure_1788021012331,round-robin,server-2,GET,/api/work,200,27,,3
1788021025123,ui_round-robin_failure_1788021012331,round-robin,server-3,GET,/api/work,200,26,,3
1788021025126,ui_round-robin_failure_1788021012331,round-robin,server-2,GET,/api/work,200,26,,3
1788021025126,ui_round-robin_failure_1788021012331,round-robin,server-1,GET,/api/work,200,27,,4
1788021025134,ui_round-robin_failure_1788021012331,round-robin,server-3,GET,/api/work,200,26,,3
1788021025136,ui_round-robin_failure_1788021012331,round-robin,server-1,GET,/api/work,200,26,,3
1788021025137,ui_round-robin_failure_1788021012331,round-robin,server-3,GET,/api/work,200,26,,3
1788021025137,ui_round-robin_failure_1788021012331,round-robin,server-2,GET,/api/work,200,26,,3
1788021025138,ui_round-robin_failure_1788021012331,round-robin,server-1,GET,/api/work,200,27,,3
1788021025140,ui_round-robin_failure_1788021012331,round-robin,server-2,GET,/api/work,200,26,,3
1788021025142,ui_round-robin_failure_1788021012331,round-robin,server-3,GET,/api/work,200,27,,2
1788021025145,ui_round-robin_failure_1788021012331,round-robin,server-1,GET,/api/work,200,25,,2
1788021025148,ui_round-robin_failure_1788021012331,round-robin,server-2,GET,/api/work,200,27,,2
1788021025151,ui_round-robin_failure_1788021012331,round-robin,server-3,GET,/api/work,200,26,,2
1788021025151,ui_round-robin_failure_1788021012331,round-robin,server-1,GET,/api/work,200,26,,2
1788021025163,ui_round-robin_failure_1788021012331,round-robin,server-3,GET,/api/work,200,25,,2
1788021025162,ui_round-robin_failure_1788021012331,round-robin,server-2,GET,/api/work,200,27,,2
1788021025164,ui_round-robin_failure_1788021012331,round-robin,server-1,GET,/api/work,200,26,,2
1788021025165,ui_round-robin_failure_1788021012331,round-robin,server-2,GET,/api/work,200,27,,1
1788021025171,ui_round-robin_failure_1788021012331,round-robin,server-3,GET,/api/work,200,26,,3
1788021025171,ui_round-robin_failure_1788021012331,round-robin,server-1,GET,/api/work,200,27,,3
1788021025180,ui_round-robin_failure_1788021012331,round-robin,server-2,GET,/api/work,200,27,,3
1788021025183,ui_round-robin_failure_1788021012331,round-robin,server-3,GET,/api/work,200,26,,4
1788021025183,ui_round-robin_failure_1788021012331,round-robin,server-1,GET,/api/work,200,27,,3
1788021025193,ui_round-robin_failure_1788021012331,round-robin,server-1,GET,/api/work,200,25,,2
1788021025192,ui_round-robin_failure_1788021012331,round-robin,server-2,GET,/api/work,200,26,,3
1788021025192,ui_round-robin_failure_1788021012331,round-robin,server-3,GET,/api/work,200,27,,3
1788021025194,ui_round-robin_failure_1788021012331,round-robin,server-2,GET,/api/work,200,27,,3
1788021025196,ui_round-robin_failure_1788021012331,round-robin,server-3,GET,/api/work,200,26,,2
1788021025197,ui_round-robin_failure_1788021012331,round-robin,server-1,GET,/api/work,200,26,,2
1788021025200,ui_round-robin_failure_1788021012331,round-robin,server-2,GET,/api/work,200,25,,2
1788021025201,ui_round-robin_failure_1788021012331,round-robin,server-3,GET,/api/work,200,26,,2
1788021025205,ui_round-robin_failure_1788021012331,round-robin,server-1,GET,/api/work,200,25,,2
1788021025208,ui_round-robin_failure_1788021012331,round-robin,server-2,GET,/api/work,200,26,,2
1788021025208,ui_round-robin_failure_1788021012331,round-robin,server-3,GET,/api/work,200,26,,2
1788021025219,ui_round-robin_failure_1788021012331,round-robin,server-1,GET,/api/work,200,26,,2
1788021025220,ui_round-robin_failure_1788021012331,round-robin,server-2,GET,/api/work,200,26,,2
1788021025223,ui_round-robin_failure_1788021012331,round-robin,server-1,GET,/api/work,200,27,,2
1788021025223,ui_round-robin_failure_1788021012331,round-robin,server-3,GET,/api/work,200,27,,2
1788021025229,ui_round-robin_failure_1788021012331,round-robin,server-2,GET,/api/work,200,26,,3
1788021025229,ui_round-robin_failure_1788021012331,round-robin,server-3,GET,/api/work,200,26,,3
1788021025237,ui_round-robin_failure_1788021012331,round-robin,server-1,GET,/api/work,200,27,,3
1788021025239,ui_round-robin_failure_1788021012331,round-robin,server-2,GET,/api/work,200,26,,3
1788021025240,ui_round-robin_failure_1788021012331,round-robin,server-3,GET,/api/work,200,26,,3
1788021025249,ui_round-robin_failure_1788021012331,round-robin,server-2,GET,/api/work,200,25,,3
1788021025248,ui_round-robin_failure_1788021012331,round-robin,server-1,GET,/api/work,200,27,,3
1788021025251,ui_round-robin_failure_1788021012331,round-robin,server-3,GET,/api/work,200,25,,2
1788021025251,ui_round-robin_failure_1788021012331,round-robin,server-1,GET,/api/work,200,26,,3
1788021025253,ui_round-robin_failure_1788021012331,round-robin,server-2,GET,/api/work,200,26,,2
1788021025254,ui_round-robin_failure_1788021012331,round-robin,server-3,GET,/api/work,200,27,,2
1788021025256,ui_round-robin_failure_1788021012331,round-robin,server-1,GET,/api/work,200,25,,2
1788021025258,ui_round-robin_failure_1788021012331,round-robin,server-2,GET,/api/work,200,26,,2
1788021025261,ui_round-robin_failure_1788021012331,round-robin,server-3,GET,/api/work,200,26,,2
1788021025266,ui_round-robin_failure_1788021012331,round-robin,server-1,GET,/api/work,200,26,,2
1788021025266,ui_round-robin_failure_1788021012331,round-robin,server-2,GET,/api/work,200,26,,2
1788021025276,ui_round-robin_failure_1788021012331,round-robin,server-3,GET,/api/work,200,26,,2
1788021025277,ui_round-robin_failure_1788021012331,round-robin,server-1,GET,/api/work,200,26,,2
1788021025280,ui_round-robin_failure_1788021012331,round-robin,server-2,GET,/api/work,200,27,,2
1788021025281,ui_round-robin_failure_1788021012331,round-robin,server-3,GET,/api/work,200,27,,2
1788021025285,ui_round-robin_failure_1788021012331,round-robin,server-1,GET,/api/work,200,27,,3
1788021025286,ui_round-robin_failure_1788021012331,round-robin,server-2,GET,/api/work,200,26,,2
1788021025294,ui_round-robin_failure_1788021012331,round-robin,server-3,GET,/api/work,200,26,,3
1788021025296,ui_round-robin_failure_1788021012331,round-robin,server-1,GET,/api/work,200,26,,3
1788021025297,ui_round-robin_failure_1788021012331,round-robin,server-2,GET,/api/work,200,26,,3
1788021025305,ui_round-robin_failure_1788021012331,round-robin,server-1,GET,/api/work,200,26,,3
1788021025305,ui_round-robin_failure_1788021012331,round-robin,server-3,GET,/api/work,200,27,,3
1788021025308,ui_round-robin_failure_1788021012331,round-robin,server-2,GET,/api/work,200,26,,3
1788021025308,ui_round-robin_failure_1788021012331,round-robin,server-3,GET,/api/work,200,27,,3
1788021025308,ui_round-robin_failure_1788021012331,round-robin,server-1,GET,/api/work,200,27,,2
1788021025313,ui_round-robin_failure_1788021012331,round-robin,server-2,GET,/api/work,200,25,,2
1788021025313,ui_round-robin_failure_1788021012331,round-robin,server-3,GET,/api/work,200,26,,2
1788021025315,ui_round-robin_failure_1788021012331,round-robin,server-1,GET,/api/work,200,26,,2
1788021025318,ui_round-robin_failure_1788021012331,round-robin,server-2,GET,/api/work,200,26,,2
1788021025323,ui_round-robin_failure_1788021012331,round-robin,server-1,GET,/api/work,200,26,,2
1788021025323,ui_round-robin_failure_1788021012331,round-robin,server-3,GET,/api/work,200,26,,2
1788021025333,ui_round-robin_failure_1788021012331,round-robin,server-2,GET,/api/work,200,26,,2
1788021025334,ui_round-robin_failure_1788021012331,round-robin,server-3,GET,/api/work,200,26,,2
1788021025339,ui_round-robin_failure_1788021012331,round-robin,server-2,GET,/api/work,200,26,,2
1788021025338,ui_round-robin_failure_1788021012331,round-robin,server-1,GET,/api/work,200,27,,2
1788021025343,ui_round-robin_failure_1788021012331,round-robin,server-1,GET,/api/work,200,27,,2
1788021025343,ui_round-robin_failure_1788021012331,round-robin,server-3,GET,/api/work,200,27,,3
1788021025350,ui_round-robin_failure_1788021012331,round-robin,server-2,GET,/api/work,200,26,,3
1788021025353,ui_round-robin_failure_1788021012331,round-robin,server-3,GET,/api/work,200,26,,3
1788021025354,ui_round-robin_failure_1788021012331,round-robin,server-1,GET,/api/work,200,26,,3
1788021025362,ui_round-robin_failure_1788021012331,round-robin,server-2,GET,/api/work,200,27,,3
1788021025363,ui_round-robin_failure_1788021012331,round-robin,server-3,GET,/api/work,200,26,,3
1788021025366,ui_round-robin_failure_1788021012331,round-robin,server-1,GET,/api/work,200,27,,3
1788021025367,ui_round-robin_failure_1788021012331,round-robin,server-3,GET,/api/work,200,27,,2
1788021025367,ui_round-robin_failure_1788021012331,round-robin,server-2,GET,/api/work,200,27,,3
1788021025371,ui_round-robin_failure_1788021012331,round-robin,server-1,GET,/api/work,200,26,,2
1788021025372,ui_round-robin_failure_1788021012331,round-robin,server-2,GET,/api/work,200,26,,2
1788021025372,ui_round-robin_failure_1788021012331,round-robin,server-3,GET,/api/work,200,27,,2
1788021025374,ui_round-robin_failure_1788021012331,round-robin,server-1,GET,/api/work,200,27,,2
1788021025380,ui_round-robin_failure_1788021012331,round-robin,server-2,GET,/api/work,200,26,,2
1788021025380,ui_round-robin_failure_1788021012331,round-robin,server-3,GET,/api/work,200,27,,2
1788021025390,ui_round-robin_failure_1788021012331,round-robin,server-1,GET,/api/work,200,26,,2
1788021025390,ui_round-robin_failure_1788021012331,round-robin,server-2,GET,/api/work,200,27,,2
1788021025396,ui_round-robin_failure_1788021012331,round-robin,server-3,GET,/api/work,200,25,,2
1788021025397,ui_round-robin_failure_1788021012331,round-robin,server-1,GET,/api/work,200,26,,2
1788021025403,ui_round-robin_failure_1788021012331,round-robin,server-2,GET,/api/work,200,26,,3
1788021025403,ui_round-robin_failure_1788021012331,round-robin,server-3,GET,/api/work,200,27,,3
1788021025407,ui_round-robin_failure_1788021012331,round-robin,server-1,GET,/api/work,200,26,,3
1788021025410,ui_round-robin_failure_1788021012331,round-robin,server-2,GET,/api/work,200,25,,3
1788021025411,ui_round-robin_failure_1788021012331,round-robin,server-3,GET,/api/work,200,27,,3
1788021025420,ui_round-robin_failure_1788021012331,round-robin,server-1,GET,/api/work,200,27,,3
1788021025421,ui_round-robin_failure_1788021012331,round-robin,server-2,GET,/api/work,200,27,,3
1788021025424,ui_round-robin_failure_1788021012331,round-robin,server-3,GET,/api/work,200,26,,3
1788021025424,ui_round-robin_failure_1788021012331,round-robin,server-2,GET,/api/work,200,27,,2
1788021025424,ui_round-robin_failure_1788021012331,round-robin,server-1,GET,/api/work,200,27,,3
1788021025428,ui_round-robin_failure_1788021012331,round-robin,server-3,GET,/api/work,200,25,,2
1788021025430,ui_round-robin_failure_1788021012331,round-robin,server-2,GET,/api/work,200,25,,2
1788021025429,ui_round-robin_failure_1788021012331,round-robin,server-1,GET,/api/work,200,27,,2
1788021025430,ui_round-robin_failure_1788021012331,round-robin,server-3,GET,/api/work,200,26,,2
1788021025437,ui_round-robin_failure_1788021012331,round-robin,server-1,GET,/api/work,200,27,,2
1788021025437,ui_round-robin_failure_1788021012331,round-robin,server-2,GET,/api/work,200,27,,2
1788021025448,ui_round-robin_failure_1788021012331,round-robin,server-3,GET,/api/work,200,27,,2
1788021025448,ui_round-robin_failure_1788021012331,round-robin,server-1,GET,/api/work,200,27,,2
1788021025452,ui_round-robin_failure_1788021012331,round-robin,server-2,GET,/api/work,200,26,,2
1788021025454,ui_round-robin_failure_1788021012331,round-robin,server-3,GET,/api/work,200,26,,2
1788021025461,ui_round-robin_failure_1788021012331,round-robin,server-1,GET,/api/work,200,25,,3
1788021025461,ui_round-robin_failure_1788021012331,round-robin,server-2,GET,/api/work,200,26,,3
1788021025464,ui_round-robin_failure_1788021012331,round-robin,server-3,GET,/api/work,200,26,,3
1788021025466,ui_round-robin_failure_1788021012331,round-robin,server-1,GET,/api/work,200,25,,3
1788021025468,ui_round-robin_failure_1788021012331,round-robin,server-2,GET,/api/work,200,26,,3
1788021025478,ui_round-robin_failure_1788021012331,round-robin,server-1,GET,/api/work,200,27,,3
1788021025478,ui_round-robin_failure_1788021012331,round-robin,server-3,GET,/api/work,200,27,,3
1788021025482,ui_round-robin_failure_1788021012331,round-robin,server-2,GET,/api/work,200,25,,3
1788021025482,ui_round-robin_failure_1788021012331,round-robin,server-3,GET,/api/work,200,26,,3
1788021025482,ui_round-robin_failure_1788021012331,round-robin,server-1,GET,/api/work,200,26,,2
1788021025484,ui_round-robin_failure_1788021012331,round-robin,server-2,GET,/api/work,200,26,,2
1788021025486,ui_round-robin_failure_1788021012331,round-robin,server-3,GET,/api/work,200,26,,2
1788021025486,ui_round-robin_failure_1788021012331,round-robin,server-1,GET,/api/work,200,27,,2
1788021025487,ui_round-robin_failure_1788021012331,round-robin,server-2,GET,/api/work,200,26,,2
1788021025495,ui_round-robin_failure_1788021012331,round-robin,server-3,GET,/api/work,200,26,,2
1788021025496,ui_round-robin_failure_1788021012331,round-robin,server-1,GET,/api/work,200,25,,2
1788021025506,ui_round-robin_failure_1788021012331,round-robin,server-2,GET,/api/work,200,26,,2
1788021025506,ui_round-robin_failure_1788021012331,round-robin,server-3,GET,/api/work,200,27,,2
1788021025509,ui_round-robin_failure_1788021012331,round-robin,server-1,GET,/api/work,200,25,,2
1788021025510,ui_round-robin_failure_1788021012331,round-robin,server-2,GET,/api/work,200,26,,1
1788021025517,ui_round-robin_failure_1788021012331,round-robin,server-3,GET,/api/work,200,27,,4
1788021025517,ui_round-robin_failure_1788021012331,round-robin,server-1,GET,/api/work,200,27,,4
1788021025521,ui_round-robin_failure_1788021012331,round-robin,server-2,GET,/api/work,200,26,,3
1788021025522,ui_round-robin_failure_1788021012331,round-robin,server-3,GET,/api/work,200,25,,3
1788021025524,ui_round-robin_failure_1788021012331,round-robin,server-1,GET,/api/work,200,26,,3
1788021025537,ui_round-robin_failure_1788021012331,round-robin,server-3,GET,/api/work,200,27,,3
1788021025537,ui_round-robin_failure_1788021012331,round-robin,server-1,GET,/api/work,200,27,,3
1788021025539,ui_round-robin_failure_1788021012331,round-robin,server-3,GET,/api/work,200,26,,3
1788021025537,ui_round-robin_failure_1788021012331,round-robin,server-2,GET,/api/work,200,29,,4
1788021025539,ui_round-robin_failure_1788021012331,round-robin,server-2,GET,/api/work,200,27,,3
1788021025541,ui_round-robin_failure_1788021012331,round-robin,server-1,GET,/api/work,200,27,,3
1788021025543,ui_round-robin_failure_1788021012331,round-robin,server-3,GET,/api/work,200,26,,2
1788021025543,ui_round-robin_failure_1788021012331,round-robin,server-2,GET,/api/work,200,27,,2
1788021025544,ui_round-robin_failure_1788021012331,round-robin,server-1,GET,/api/work,200,27,,2
1788021025552,ui_round-robin_failure_1788021012331,round-robin,server-3,GET,/api/work,200,26,,2
1788021025552,ui_round-robin_failure_1788021012331,round-robin,server-2,GET,/api/work,200,26,,3
1788021025562,ui_round-robin_failure_1788021012331,round-robin,server-1,GET,/api/work,200,28,,2
1788021025563,ui_round-robin_failure_1788021012331,round-robin,server-2,GET,/api/work,200,27,,2
1788021025565,ui_round-robin_failure_1788021012331,round-robin,server-3,GET,/api/work,200,26,,2
1788021025567,ui_round-robin_failure_1788021012331,round-robin,server-1,GET,/api/work,200,26,,1
1788021025575,ui_round-robin_failure_1788021012331,round-robin,server-2,GET,/api/work,200,25,,3
1788021025575,ui_round-robin_failure_1788021012331,round-robin,server-3,GET,/api/work,200,26,,3
1788021025578,ui_round-robin_failure_1788021012331,round-robin,server-2,GET,/api/work,200,25,,3
1788021025577,ui_round-robin_failure_1788021012331,round-robin,server-1,GET,/api/work,200,27,,3
1788021025581,ui_round-robin_failure_1788021012331,round-robin,server-3,GET,/api/work,200,26,,3
1788021025594,ui_round-robin_failure_1788021012331,round-robin,server-1,GET,/api/work,200,25,,3
1788021025595,ui_round-robin_failure_1788021012331,round-robin,server-2,GET,/api/work,200,26,,3
1788021025595,ui_round-robin_failure_1788021012331,round-robin,server-3,GET,/api/work,200,27,,2
1788021025597,ui_round-robin_failure_1788021012331,round-robin,server-3,GET,/api/work,200,26,,2
1788021025597,ui_round-robin_failure_1788021012331,round-robin,server-1,GET,/api/work,200,26,,3
1788021025597,ui_round-robin_failure_1788021012331,round-robin,server-2,GET,/api/work,200,27,,3
1788021025601,ui_round-robin_failure_1788021012331,round-robin,server-1,GET,/api/work,200,25,,2
1788021025602,ui_round-robin_failure_1788021012331,round-robin,server-3,GET,/api/work,200,25,,2
1788021025601,ui_round-robin_failure_1788021012331,round-robin,server-2,GET,/api/work,200,27,,2
1788021025607,ui_round-robin_failure_1788021012331,round-robin,server-1,GET,/api/work,200,26,,2
1788021025609,ui_round-robin_failure_1788021012331,round-robin,server-2,GET,/api/work,200,26,,2
1788021025622,ui_round-robin_failure_1788021012331,round-robin,server-2,GET,/api/work,200,26,,2
1788021025622,ui_round-robin_failure_1788021012331,round-robin,server-3,GET,/api/work,200,27,,2
1788021025622,ui_round-robin_failure_1788021012331,round-robin,server-1,GET,/api/work,200,27,,2
1788021025624,ui_round-robin_failure_1788021012331,round-robin,server-3,GET,/api/work,200,26,,2
1788021025631,ui_round-robin_failure_1788021012331,round-robin,server-1,GET,/api/work,200,27,,3
1788021025631,ui_round-robin_failure_1788021012331,round-robin,server-2,GET,/api/work,200,27,,3
1788021025634,ui_round-robin_failure_1788021012331,round-robin,server-1,GET,/api/work,200,25,,3
1788021025634,ui_round-robin_failure_1788021012331,round-robin,server-3,GET,/api/work,200,25,,3
1788021025638,ui_round-robin_failure_1788021012331,round-robin,server-2,GET,/api/work,200,26,,3
1788021025650,ui_round-robin_failure_1788021012331,round-robin,server-3,GET,/api/work,200,26,,3
1788021025652,ui_round-robin_failure_1788021012331,round-robin,server-1,GET,/api/work,200,26,,3
1788021025654,ui_round-robin_failure_1788021012331,round-robin,server-1,GET,/api/work,200,25,,2
1788021025653,ui_round-robin_failure_1788021012331,round-robin,server-3,GET,/api/work,200,27,,2
1788021025653,ui_round-robin_failure_1788021012331,round-robin,server-2,GET,/api/work,200,28,,3
1788021025654,ui_round-robin_failure_1788021012331,round-robin,server-2,GET,/api/work,200,27,,2
1788021025657,ui_round-robin_failure_1788021012331,round-robin,server-3,GET,/api/work,200,26,,2
1788021025658,ui_round-robin_failure_1788021012331,round-robin,server-2,GET,/api/work,200,26,,2
1788021025658,ui_round-robin_failure_1788021012331,round-robin,server-1,GET,/api/work,200,27,,2
1788021025664,ui_round-robin_failure_1788021012331,round-robin,server-3,GET,/api/work,200,26,,2
1788021025666,ui_round-robin_failure_1788021012331,round-robin,server-1,GET,/api/work,200,26,,2
1788021025680,ui_round-robin_failure_1788021012331,round-robin,server-1,GET,/api/work,200,26,,2
1788021025680,ui_round-robin_failure_1788021012331,round-robin,server-2,GET,/api/work,200,27,,3
1788021025680,ui_round-robin_failure_1788021012331,round-robin,server-3,GET,/api/work,200,27,,2
1788021025681,ui_round-robin_failure_1788021012331,round-robin,server-2,GET,/api/work,200,27,,2
1788021025690,ui_round-robin_failure_1788021012331,round-robin,server-1,GET,/api/work,200,25,,4
1788021025690,ui_round-robin_failure_1788021012331,round-robin,server-2,GET,/api/work,200,25,,3
1788021025689,ui_round-robin_failure_1788021012331,round-robin,server-3,GET,/api/work,200,26,,4
1788021025691,ui_round-robin_failure_1788021012331,round-robin,server-3,GET,/api/work,200,26,,3
1788021025695,ui_round-robin_failure_1788021012331,round-robin,server-1,GET,/api/work,200,27,,3
1788021025707,ui_round-robin_failure_1788021012331,round-robin,server-2,GET,/api/work,200,26,,3
1788021025708,ui_round-robin_failure_1788021012331,round-robin,server-3,GET,/api/work,200,27,,3
1788021025710,ui_round-robin_failure_1788021012331,round-robin,server-1,GET,/api/work,200,26,,2
1788021025711,ui_round-robin_failure_1788021012331,round-robin,server-2,GET,/api/work,200,26,,2
1788021025712,ui_round-robin_failure_1788021012331,round-robin,server-3,GET,/api/work,200,25,,2
1788021025712,ui_round-robin_failure_1788021012331,round-robin,server-1,GET,/api/work,200,26,,2
1788021025714,ui_round-robin_failure_1788021012331,round-robin,server-2,GET,/api/work,200,26,,2
1788021025714,ui_round-robin_failure_1788021012331,round-robin,server-3,GET,/api/work,200,27,,2
1788021025715,ui_round-robin_failure_1788021012331,round-robin,server-1,GET,/api/work,200,26,,2
1788021025722,ui_round-robin_failure_1788021012331,round-robin,server-3,GET,/api/work,200,25,,2
1788021025721,ui_round-robin_failure_1788021012331,round-robin,server-2,GET,/api/work,200,26,,3
1788021025737,ui_round-robin_failure_1788021012331,round-robin,server-1,GET,/api/work,200,26,,2
1788021025738,ui_round-robin_failure_1788021012331,round-robin,server-3,GET,/api/work,200,26,,2
1788021025739,ui_round-robin_failure_1788021012331,round-robin,server-1,GET,/api/work,200,25,,2
1788021025738,ui_round-robin_failure_1788021012331,round-robin,server-2,GET,/api/work,200,27,,2
1788021025745,ui_round-robin_failure_1788021012331,round-robin,server-2,GET,/api/work,200,26,,3
1788021025746,ui_round-robin_failure_1788021012331,round-robin,server-1,GET,/api/work,200,26,,3
1788021025746,ui_round-robin_failure_1788021012331,round-robin,server-3,GET,/api/work,200,27,,4
1788021025747,ui_round-robin_failure_1788021012331,round-robin,server-2,GET,/api/work,200,26,,3
1788021025752,ui_round-robin_failure_1788021012331,round-robin,server-3,GET,/api/work,200,26,,3
1788021025763,ui_round-robin_failure_1788021012331,round-robin,server-1,GET,/api/work,200,27,,3
1788021025765,ui_round-robin_failure_1788021012331,round-robin,server-2,GET,/api/work,200,26,,3
1788021025766,ui_round-robin_failure_1788021012331,round-robin,server-3,GET,/api/work,200,27,,2
1788021025768,ui_round-robin_failure_1788021012331,round-robin,server-1,GET,/api/work,200,26,,2
1788021025770,ui_round-robin_failure_1788021012331,round-robin,server-3,GET,/api/work,200,26,,2
1788021025769,ui_round-robin_failure_1788021012331,round-robin,server-2,GET,/api/work,200,27,,3
1788021025771,ui_round-robin_failure_1788021012331,round-robin,server-1,GET,/api/work,200,26,,2
1788021025772,ui_round-robin_failure_1788021012331,round-robin,server-2,GET,/api/work,200,26,,2
1788021025772,ui_round-robin_failure_1788021012331,round-robin,server-3,GET,/api/work,200,26,,2
1788021025778,ui_round-robin_failure_1788021012331,round-robin,server-1,GET,/api/work,200,25,,2
1788021025778,ui_round-robin_failure_1788021012331,round-robin,server-2,GET,/api/work,200,26,,2
1788021025795,ui_round-robin_failure_1788021012331,round-robin,server-3,GET,/api/work,200,26,,2
1788021025796,ui_round-robin_failure_1788021012331,round-robin,server-3,GET,/api/work,200,26,,2
1788021025795,ui_round-robin_failure_1788021012331,round-robin,server-1,GET,/api/work,200,27,,2
1788021025795,ui_round-robin_failure_1788021012331,round-robin,server-2,GET,/api/work,200,28,,2
1788021025802,ui_round-robin_failure_1788021012331,round-robin,server-1,GET,/api/work,200,26,,3
1788021025803,ui_round-robin_failure_1788021012331,round-robin,server-2,GET,/api/work,200,26,,4
1788021025803,ui_round-robin_failure_1788021012331,round-robin,server-1,GET,/api/work,200,26,,3
1788021025803,ui_round-robin_failure_1788021012331,round-robin,server-3,GET,/api/work,200,27,,3
1788021025809,ui_round-robin_failure_1788021012331,round-robin,server-2,GET,/api/work,200,25,,3
1788021025822,ui_round-robin_failure_1788021012331,round-robin,server-3,GET,/api/work,200,25,,3
1788021025823,ui_round-robin_failure_1788021012331,round-robin,server-1,GET,/api/work,200,26,,3
1788021025824,ui_round-robin_failure_1788021012331,round-robin,server-2,GET,/api/work,200,26,,2
1788021025825,ui_round-robin_failure_1788021012331,round-robin,server-3,GET,/api/work,200,26,,2
1788021025827,ui_round-robin_failure_1788021012331,round-robin,server-2,GET,/api/work,200,26,,2
1788021025828,ui_round-robin_failure_1788021012331,round-robin,server-2,GET,/api/work,200,26,,1
1788021025827,ui_round-robin_failure_1788021012331,round-robin,server-1,GET,/api/work,200,27,,2
1788021025828,ui_round-robin_failure_1788021012331,round-robin,server-1,GET,/api/work,200,27,,1
1788021025828,ui_round-robin_failure_1788021012331,round-robin,server-3,GET,/api/work,200,28,,2
1788021025833,ui_round-robin_failure_1788021012331,round-robin,server-3,GET,/api/work,200,26,,2
1788021025835,ui_round-robin_failure_1788021012331,round-robin,server-1,GET,/api/work,200,27,,2
1788021025853,ui_round-robin_failure_1788021012331,round-robin,server-2,GET,/api/work,200,25,,2
1788021025855,ui_round-robin_failure_1788021012331,round-robin,server-3,GET,/api/work,200,26,,3
1788021025855,ui_round-robin_failure_1788021012331,round-robin,server-1,GET,/api/work,200,27,,3
1788021025856,ui_round-robin_failure_1788021012331,round-robin,server-2,GET,/api/work,200,26,,2
1788021025858,ui_round-robin_failure_1788021012331,round-robin,server-3,GET,/api/work,200,26,,2
1788021025860,ui_round-robin_failure_1788021012331,round-robin,server-1,GET,/api/work,200,25,,2
1788021025860,ui_round-robin_failure_1788021012331,round-robin,server-2,GET,/api/work,200,26,,2
1788021025860,ui_round-robin_failure_1788021012331,round-robin,server-3,GET,/api/work,200,27,,2
1788021025864,ui_round-robin_failure_1788021012331,round-robin,server-1,GET,/api/work,200,26,,3
1788021025879,ui_round-robin_failure_1788021012331,round-robin,server-2,GET,/api/work,200,25,,3
1788021025880,ui_round-robin_failure_1788021012331,round-robin,server-3,GET,/api/work,200,26,,3
1788021025881,ui_round-robin_failure_1788021012331,round-robin,server-1,GET,/api/work,200,26,,2
1788021025882,ui_round-robin_failure_1788021012331,round-robin,server-2,GET,/api/work,200,27,,2
1788021025885,ui_round-robin_failure_1788021012331,round-robin,server-3,GET,/api/work,200,25,,2
1788021025886,ui_round-robin_failure_1788021012331,round-robin,server-1,GET,/api/work,200,25,,2
1788021025887,ui_round-robin_failure_1788021012331,round-robin,server-3,GET,/api/work,200,26,,1
1788021025887,ui_round-robin_failure_1788021012331,round-robin,server-1,GET,/api/work,200,27,,2
1788021025887,ui_round-robin_failure_1788021012331,round-robin,server-2,GET,/api/work,200,27,,2
1788021025890,ui_round-robin_failure_1788021012331,round-robin,server-2,GET,/api/work,200,26,,2
1788021025892,ui_round-robin_failure_1788021012331,round-robin,server-3,GET,/api/work,200,26,,2
1788021025909,ui_round-robin_failure_1788021012331,round-robin,server-1,GET,/api/work,200,26,,3
1788021025911,ui_round-robin_failure_1788021012331,round-robin,server-2,GET,/api/work,200,27,,3
1788021025913,ui_round-robin_failure_1788021012331,round-robin,server-3,GET,/api/work,200,26,,3
1788021025913,ui_round-robin_failure_1788021012331,round-robin,server-1,GET,/api/work,200,27,,3
1788021025915,ui_round-robin_failure_1788021012331,round-robin,server-2,GET,/api/work,200,26,,2
1788021025916,ui_round-robin_failure_1788021012331,round-robin,server-3,GET,/api/work,200,26,,3
1788021025917,ui_round-robin_failure_1788021012331,round-robin,server-1,GET,/api/work,200,26,,2
1788021025918,ui_round-robin_failure_1788021012331,round-robin,server-2,GET,/api/work,200,26,,2
1788021025921,ui_round-robin_failure_1788021012331,round-robin,server-3,GET,/api/work,200,26,,3
1788021025935,ui_round-robin_failure_1788021012331,round-robin,server-1,GET,/api/work,200,25,,3
1788021025937,ui_round-robin_failure_1788021012331,round-robin,server-2,GET,/api/work,200,26,,3
1788021025937,ui_round-robin_failure_1788021012331,round-robin,server-3,GET,/api/work,200,26,,2
1788021025939,ui_round-robin_failure_1788021012331,round-robin,server-1,GET,/api/work,200,26,,2
1788021025942,ui_round-robin_failure_1788021012331,round-robin,server-2,GET,/api/work,200,25,,2
1788021025942,ui_round-robin_failure_1788021012331,round-robin,server-3,GET,/api/work,200,26,,2
1788021025944,ui_round-robin_failure_1788021012331,round-robin,server-2,GET,/api/work,200,26,,1
1788021025944,ui_round-robin_failure_1788021012331,round-robin,server-1,GET,/api/work,200,27,,2
1788021025945,ui_round-robin_failure_1788021012331,round-robin,server-3,GET,/api/work,200,26,,2
1788021025947,ui_round-robin_failure_1788021012331,round-robin,server-1,GET,/api/work,200,26,,2
1788021025949,ui_round-robin_failure_1788021012331,round-robin,server-2,GET,/api/work,200,26,,2
1788021025965,ui_round-robin_failure_1788021012331,round-robin,server-3,GET,/api/work,200,26,,3
1788021025968,ui_round-robin_failure_1788021012331,round-robin,server-1,GET,/api/work,200,26,,2
1788021025971,ui_round-robin_failure_1788021012331,round-robin,server-2,GET,/api/work,200,26,,3
1788021025971,ui_round-robin_failure_1788021012331,round-robin,server-3,GET,/api/work,200,26,,3
1788021025972,ui_round-robin_failure_1788021012331,round-robin,server-1,GET,/api/work,200,27,,3
1788021025973,ui_round-robin_failure_1788021012331,round-robin,server-2,GET,/api/work,200,28,,2
1788021025974,ui_round-robin_failure_1788021012331,round-robin,server-3,GET,/api/work,200,28,,2
1788021025975,ui_round-robin_failure_1788021012331,round-robin,server-1,GET,/api/work,200,29,,2
1788021025978,ui_round-robin_failure_1788021012331,round-robin,server-2,GET,/api/work,200,27,,3
1788021025991,ui_round-robin_failure_1788021012331,round-robin,server-3,GET,/api/work,200,25,,3
1788021025994,ui_round-robin_failure_1788021012331,round-robin,server-1,GET,/api/work,200,26,,3
1788021025995,ui_round-robin_failure_1788021012331,round-robin,server-2,GET,/api/work,200,26,,2
1788021025996,ui_round-robin_failure_1788021012331,round-robin,server-3,GET,/api/work,200,26,,2
1788021025998,ui_round-robin_failure_1788021012331,round-robin,server-1,GET,/api/work,200,26,,2
1788021026003,ui_round-robin_failure_1788021012331,round-robin,server-2,GET,/api/work,200,26,,3
1788021026003,ui_round-robin_failure_1788021012331,round-robin,server-3,GET,/api/work,200,26,,2
1788021026004,ui_round-robin_failure_1788021012331,round-robin,server-1,GET,/api/work,200,26,,2
1788021026004,ui_round-robin_failure_1788021012331,round-robin,server-2,GET,/api/work,200,26,,2
1788021026005,ui_round-robin_failure_1788021012331,round-robin,server-3,GET,/api/work,200,26,,1
1788021026006,ui_round-robin_failure_1788021012331,round-robin,server-1,GET,/api/work,200,25,,1
1788021026023,ui_round-robin_failure_1788021012331,round-robin,server-2,GET,/api/work,200,25,,3
1788021026025,ui_round-robin_failure_1788021012331,round-robin,server-3,GET,/api/work,200,26,,3
1788021026028,ui_round-robin_failure_1788021012331,round-robin,server-1,GET,/api/work,200,26,,3
1788021026028,ui_round-robin_failure_1788021012331,round-robin,server-2,GET,/api/work,200,27,,3
1788021026033,ui_round-robin_failure_1788021012331,round-robin,server-3,GET,/api/work,200,26,,3
1788021026034,ui_round-robin_failure_1788021012331,round-robin,server-1,GET,/api/work,200,26,,3
1788021026034,ui_round-robin_failure_1788021012331,round-robin,server-2,GET,/api/work,200,27,,3
1788021026036,ui_round-robin_failure_1788021012331,round-robin,server-3,GET,/api/work,200,25,,3
1788021026036,ui_round-robin_failure_1788021012331,round-robin,server-1,GET,/api/work,200,27,,3
1788021026046,ui_round-robin_failure_1788021012331,round-robin,server-2,GET,/api/work,200,26,,3
1788021026050,ui_round-robin_failure_1788021012331,round-robin,server-3,GET,/api/work,200,25,,3
1788021026051,ui_round-robin_failure_1788021012331,round-robin,server-1,GET,/api/work,200,26,,2
1788021026053,ui_round-robin_failure_1788021012331,round-robin,server-2,GET,/api/work,200,25,,2
1788021026055,ui_round-robin_failure_1788021012331,round-robin,server-3,GET,/api/work,200,27,,2
1788021026060,ui_round-robin_failure_1788021012331,round-robin,server-2,GET,/api/work,200,25,,2
1788021026059,ui_round-robin_failure_1788021012331,round-robin,server-1,GET,/api/work,200,27,,2
1788021026060,ui_round-robin_failure_1788021012331,round-robin,server-3,GET,/api/work,200,27,,2
1788021026062,ui_round-robin_failure_1788021012331,round-robin,server-3,GET,/api/work,200,26,,1
1788021026062,ui_round-robin_failure_1788021012331,round-robin,server-1,GET,/api/work,200,26,,2
1788021026062,ui_round-robin_failure_1788021012331,round-robin,server-2,GET,/api/work,200,27,,1
1788021026079,ui_round-robin_failure_1788021012331,round-robin,server-1,GET,/api/work,200,25,,3
1788021026081,ui_round-robin_failure_1788021012331,round-robin,server-2,GET,/api/work,200,26,,3
1788021026086,ui_round-robin_failure_1788021012331,round-robin,server-1,GET,/api/work,200,26,,3
1788021026086,ui_round-robin_failure_1788021012331,round-robin,server-3,GET,/api/work,200,27,,3
1788021026089,ui_round-robin_failure_1788021012331,round-robin,server-2,GET,/api/work,200,26,,3
1788021026091,ui_round-robin_failure_1788021012331,round-robin,server-3,GET,/api/work,200,26,,3
1788021026092,ui_round-robin_failure_1788021012331,round-robin,server-1,GET,/api/work,200,26,,3
1788021026093,ui_round-robin_failure_1788021012331,round-robin,server-2,GET,/api/work,200,26,,3
1788021026094,ui_round-robin_failure_1788021012331,round-robin,server-3,GET,/api/work,200,26,,3
1788021026102,ui_round-robin_failure_1788021012331,round-robin,server-1,GET,/api/work,200,26,,3
1788021026106,ui_round-robin_failure_1788021012331,round-robin,server-2,GET,/api/work,200,27,,3
1788021026107,ui_round-robin_failure_1788021012331,round-robin,server-3,GET,/api/work,200,26,,2
1788021026109,ui_round-robin_failure_1788021012331,round-robin,server-1,GET,/api/work,200,26,,2
1788021026112,ui_round-robin_failure_1788021012331,round-robin,server-2,GET,/api/work,200,26,,2
1788021026116,ui_round-robin_failure_1788021012331,round-robin,server-3,GET,/api/work,200,26,,2
1788021026117,ui_round-robin_failure_1788021012331,round-robin,server-1,GET,/api/work,200,26,,2
1788021026117,ui_round-robin_failure_1788021012331,round-robin,server-2,GET,/api/work,200,27,,2
1788021026120,ui_round-robin_failure_1788021012331,round-robin,server-2,GET,/api/work,200,25,,1
1788021026119,ui_round-robin_failure_1788021012331,round-robin,server-1,GET,/api/work,200,27,,1
1788021026119,ui_round-robin_failure_1788021012331,round-robin,server-3,GET,/api/work,200,27,,2
1788021026135,ui_round-robin_failure_1788021012331,round-robin,server-3,GET,/api/work,200,26,,3
1788021026138,ui_round-robin_failure_1788021012331,round-robin,server-1,GET,/api/work,200,26,,3
1788021026143,ui_round-robin_failure_1788021012331,round-robin,server-3,GET,/api/work,200,26,,3
1788021026143,ui_round-robin_failure_1788021012331,round-robin,server-2,GET,/api/work,200,27,,3
1788021026146,ui_round-robin_failure_1788021012331,round-robin,server-1,GET,/api/work,200,27,,3
1788021026148,ui_round-robin_failure_1788021012331,round-robin,server-2,GET,/api/work,200,25,,2
1788021026149,ui_round-robin_failure_1788021012331,round-robin,server-3,GET,/api/work,200,26,,3
1788021026149,ui_round-robin_failure_1788021012331,round-robin,server-1,GET,/api/work,200,26,,3
1788021026151,ui_round-robin_failure_1788021012331,round-robin,server-2,GET,/api/work,200,27,,3
1788021026159,ui_round-robin_failure_1788021012331,round-robin,server-3,GET,/api/work,200,26,,3
1788021026163,ui_round-robin_failure_1788021012331,round-robin,server-1,GET,/api/work,200,26,,3
1788021026164,ui_round-robin_failure_1788021012331,round-robin,server-2,GET,/api/work,200,26,,2
1788021026166,ui_round-robin_failure_1788021012331,round-robin,server-3,GET,/api/work,200,26,,2
1788021026169,ui_round-robin_failure_1788021012331,round-robin,server-1,GET,/api/work,200,27,,2
1788021026173,ui_round-robin_failure_1788021012331,round-robin,server-2,GET,/api/work,200,26,,2
1788021026174,ui_round-robin_failure_1788021012331,round-robin,server-1,GET,/api/work,200,26,,2
1788021026174,ui_round-robin_failure_1788021012331,round-robin,server-3,GET,/api/work,200,27,,2
1788021026176,ui_round-robin_failure_1788021012331,round-robin,server-2,GET,/api/work,200,25,,2
1788021026177,ui_round-robin_failure_1788021012331,round-robin,server-3,GET,/api/work,200,26,,1
1788021026177,ui_round-robin_failure_1788021012331,round-robin,server-1,GET,/api/work,200,26,,1
1788021026192,ui_round-robin_failure_1788021012331,round-robin,server-2,GET,/api/work,200,26,,3
1788021026195,ui_round-robin_failure_1788021012331,round-robin,server-3,GET,/api/work,200,25,,2
1788021026200,ui_round-robin_failure_1788021012331,round-robin,server-1,GET,/api/work,200,26,,3
1788021026200,ui_round-robin_failure_1788021012331,round-robin,server-2,GET,/api/work,200,27,,3
1788021026204,ui_round-robin_failure_1788021012331,round-robin,server-3,GET,/api/work,200,26,,3
1788021026204,ui_round-robin_failure_1788021012331,round-robin,server-1,GET,/api/work,200,27,,2
1788021026206,ui_round-robin_failure_1788021012331,round-robin,server-2,GET,/api/work,200,25,,2
1788021026206,ui_round-robin_failure_1788021012331,round-robin,server-3,GET,/api/work,200,27,,3
1788021026208,ui_round-robin_failure_1788021012331,round-robin,server-1,GET,/api/work,200,26,,3
1788021026216,ui_round-robin_failure_1788021012331,round-robin,server-2,GET,/api/work,200,26,,3
1788021026221,ui_round-robin_failure_1788021012331,round-robin,server-3,GET,/api/work,200,26,,3
1788021026221,ui_round-robin_failure_1788021012331,round-robin,server-1,GET,/api/work,200,26,,2
1788021026222,ui_round-robin_failure_1788021012331,round-robin,server-2,GET,/api/work,200,26,,2
1788021026226,ui_round-robin_failure_1788021012331,round-robin,server-3,GET,/api/work,200,27,,2
1788021026232,ui_round-robin_failure_1788021012331,round-robin,server-3,GET,/api/work,200,26,,2
1788021026232,ui_round-robin_failure_1788021012331,round-robin,server-2,GET,/api/work,200,26,,2
1788021026232,ui_round-robin_failure_1788021012331,round-robin,server-1,GET,/api/work,200,26,,3
1788021026233,ui_round-robin_failure_1788021012331,round-robin,server-1,GET,/api/work,200,26,,2
1788021026234,ui_round-robin_failure_1788021012331,round-robin,server-3,GET,/api/work,200,25,,1
1788021026233,ui_round-robin_failure_1788021012331,round-robin,server-2,GET,/api/work,200,27,,1
1788021026248,ui_round-robin_failure_1788021012331,round-robin,server-1,GET,/api/work,200,26,,2
1788021026251,ui_round-robin_failure_1788021012331,round-robin,server-2,GET,/api/work,200,28,,3
1788021026257,ui_round-robin_failure_1788021012331,round-robin,server-3,GET,/api/work,200,26,,3
1788021026257,ui_round-robin_failure_1788021012331,round-robin,server-1,GET,/api/work,200,26,,3
1788021026262,ui_round-robin_failure_1788021012331,round-robin,server-2,GET,/api/work,200,26,,3
1788021026263,ui_round-robin_failure_1788021012331,round-robin,server-2,GET,/api/work,200,26,,2
1788021026263,ui_round-robin_failure_1788021012331,round-robin,server-3,GET,/api/work,200,27,,2
1788021026263,ui_round-robin_failure_1788021012331,round-robin,server-1,GET,/api/work,200,27,,2
1788021026265,ui_round-robin_failure_1788021012331,round-robin,server-3,GET,/api/work,200,27,,3
1788021026274,ui_round-robin_failure_1788021012331,round-robin,server-1,GET,/api/work,200,26,,3
1788021026279,ui_round-robin_failure_1788021012331,round-robin,server-2,GET,/api/work,200,25,,3
1788021026281,ui_round-robin_failure_1788021012331,round-robin,server-3,GET,/api/work,200,26,,3
1788021026281,ui_round-robin_failure_1788021012331,round-robin,server-1,GET,/api/work,200,27,,2
1788021026285,ui_round-robin_failure_1788021012331,round-robin,server-2,GET,/api/work,200,26,,2
1788021026291,ui_round-robin_failure_1788021012331,round-robin,server-1,GET,/api/work,200,25,,2
1788021026290,ui_round-robin_failure_1788021012331,round-robin,server-3,GET,/api/work,200,27,,3
1788021026291,ui_round-robin_failure_1788021012331,round-robin,server-3,GET,/api/work,200,26,,2
1788021026291,ui_round-robin_failure_1788021012331,round-robin,server-2,GET,/api/work,200,27,,2
1788021026292,ui_round-robin_failure_1788021012331,round-robin,server-2,GET,/api/work,200,26,,1
1788021026292,ui_round-robin_failure_1788021012331,round-robin,server-1,GET,/api/work,200,26,,2
1788021026304,ui_round-robin_failure_1788021012331,round-robin,server-3,GET,/api/work,200,26,,2
1788021026311,ui_round-robin_failure_1788021012331,round-robin,server-1,GET,/api/work,200,26,,3
1788021026315,ui_round-robin_failure_1788021012331,round-robin,server-2,GET,/api/work,200,25,,3
1788021026315,ui_round-robin_failure_1788021012331,round-robin,server-3,GET,/api/work,200,26,,3
1788021026318,ui_round-robin_failure_1788021012331,round-robin,server-1,GET,/api/work,200,26,,3
1788021026320,ui_round-robin_failure_1788021012331,round-robin,server-2,GET,/api/work,200,26,,2
1788021026322,ui_round-robin_failure_1788021012331,round-robin,server-3,GET,/api/work,200,25,,2
1788021026322,ui_round-robin_failure_1788021012331,round-robin,server-1,GET,/api/work,200,26,,2
1788021026323,ui_round-robin_failure_1788021012331,round-robin,server-2,GET,/api/work,200,26,,2
1788021026331,ui_round-robin_failure_1788021012331,round-robin,server-3,GET,/api/work,200,26,,3
1788021026335,ui_round-robin_failure_1788021012331,round-robin,server-1,GET,/api/work,200,26,,3
1788021026338,ui_round-robin_failure_1788021012331,round-robin,server-3,GET,/api/work,200,25,,2
1788021026337,ui_round-robin_failure_1788021012331,round-robin,server-2,GET,/api/work,200,27,,3
1788021026341,ui_round-robin_failure_1788021012331,round-robin,server-1,GET,/api/work,200,26,,2
1788021026347,ui_round-robin_failure_1788021012331,round-robin,server-2,GET,/api/work,200,26,,3
1788021026348,ui_round-robin_failure_1788021012331,round-robin,server-3,GET,/api/work,200,26,,2
1788021026348,ui_round-robin_failure_1788021012331,round-robin,server-1,GET,/api/work,200,26,,2
1788021026350,ui_round-robin_failure_1788021012331,round-robin,server-3,GET,/api/work,200,25,,2
1788021026350,ui_round-robin_failure_1788021012331,round-robin,server-2,GET,/api/work,200,26,,2
1788021026350,ui_round-robin_failure_1788021012331,round-robin,server-1,GET,/api/work,200,27,,2
1788021026360,ui_round-robin_failure_1788021012331,round-robin,server-2,GET,/api/work,200,27,,2
1788021026368,ui_round-robin_failure_1788021012331,round-robin,server-3,GET,/api/work,200,26,,3
1788021026371,ui_round-robin_failure_1788021012331,round-robin,server-2,GET,/api/work,200,26,,3
1788021026371,ui_round-robin_failure_1788021012331,round-robin,server-1,GET,/api/work,200,26,,3
1788021026375,ui_round-robin_failure_1788021012331,round-robin,server-3,GET,/api/work,200,27,,3
1788021026376,ui_round-robin_failure_1788021012331,round-robin,server-1,GET,/api/work,200,26,,2
1788021026378,ui_round-robin_failure_1788021012331,round-robin,server-3,GET,/api/work,200,25,,2
1788021026377,ui_round-robin_failure_1788021012331,round-robin,server-2,GET,/api/work,200,26,,2
1788021026380,ui_round-robin_failure_1788021012331,round-robin,server-1,GET,/api/work,200,26,,3
1788021026387,ui_round-robin_failure_1788021012331,round-robin,server-2,GET,/api/work,200,27,,3
1788021026392,ui_round-robin_failure_1788021012331,round-robin,server-3,GET,/api/work,200,26,,3
1788021026394,ui_round-robin_failure_1788021012331,round-robin,server-2,GET,/api/work,200,26,,2
1788021026394,ui_round-robin_failure_1788021012331,round-robin,server-1,GET,/api/work,200,26,,3
1788021026398,ui_round-robin_failure_1788021012331,round-robin,server-3,GET,/api/work,200,25,,2
1788021026404,ui_round-robin_failure_1788021012331,round-robin,server-1,GET,/api/work,200,25,,3
1788021026405,ui_round-robin_failure_1788021012331,round-robin,server-3,GET,/api/work,200,26,,2
1788021026405,ui_round-robin_failure_1788021012331,round-robin,server-1,GET,/api/work,200,27,,2
1788021026405,ui_round-robin_failure_1788021012331,round-robin,server-2,GET,/api/work,200,27,,3
1788021026407,ui_round-robin_failure_1788021012331,round-robin,server-2,GET,/api/work,200,25,,2
1788021026408,ui_round-robin_failure_1788021012331,round-robin,server-3,GET,/api/work,200,27,,2
1788021026417,ui_round-robin_failure_1788021012331,round-robin,server-1,GET,/api/work,200,26,,2
1788021026425,ui_round-robin_failure_1788021012331,round-robin,server-2,GET,/api/work,200,25,,3
1788021026428,ui_round-robin_failure_1788021012331,round-robin,server-3,GET,/api/work,200,26,,3
1788021026428,ui_round-robin_failure_1788021012331,round-robin,server-1,GET,/api/work,200,27,,3
1788021026433,ui_round-robin_failure_1788021012331,round-robin,server-3,GET,/api/work,200,25,,2
1788021026432,ui_round-robin_failure_1788021012331,round-robin,server-2,GET,/api/work,200,26,,3
1788021026434,ui_round-robin_failure_1788021012331,round-robin,server-1,GET,/api/work,200,26,,2
1788021026434,ui_round-robin_failure_1788021012331,round-robin,server-2,GET,/api/work,200,26,,2
1788021026437,ui_round-robin_failure_1788021012331,round-robin,server-3,GET,/api/work,200,27,,3
1788021026444,ui_round-robin_failure_1788021012331,round-robin,server-1,GET,/api/work,200,26,,3
1788021026448,ui_round-robin_failure_1788021012331,round-robin,server-2,GET,/api/work,200,26,,3
1788021026451,ui_round-robin_failure_1788021012331,round-robin,server-1,GET,/api/work,200,25,,2
1788021026451,ui_round-robin_failure_1788021012331,round-robin,server-3,GET,/api/work,200,25,,3
1788021026454,ui_round-robin_failure_1788021012331,round-robin,server-2,GET,/api/work,200,27,,2
1788021026460,ui_round-robin_failure_1788021012331,round-robin,server-3,GET,/api/work,200,25,,3
1788021026462,ui_round-robin_failure_1788021012331,round-robin,server-1,GET,/api/work,200,26,,2
1788021026464,ui_round-robin_failure_1788021012331,round-robin,server-1,GET,/api/work,200,25,,2
1788021026464,ui_round-robin_failure_1788021012331,round-robin,server-3,GET,/api/work,200,26,,2
1788021026463,ui_round-robin_failure_1788021012331,round-robin,server-2,GET,/api/work,200,27,,3
1788021026464,ui_round-robin_failure_1788021012331,round-robin,server-2,GET,/api/work,200,27,,2
1788021026474,ui_round-robin_failure_1788021012331,round-robin,server-3,GET,/api/work,200,26,,2
1788021026481,ui_round-robin_failure_1788021012331,round-robin,server-1,GET,/api/work,200,26,,3
1788021026485,ui_round-robin_failure_1788021012331,round-robin,server-2,GET,/api/work,200,25,,3
1788021026485,ui_round-robin_failure_1788021012331,round-robin,server-3,GET,/api/work,200,25,,3
1788021026489,ui_round-robin_failure_1788021012331,round-robin,server-1,GET,/api/work,200,26,,3
1788021026489,ui_round-robin_failure_1788021012331,round-robin,server-2,GET,/api/work,200,26,,2
1788021026491,ui_round-robin_failure_1788021012331,round-robin,server-1,GET,/api/work,200,26,,2
1788021026491,ui_round-robin_failure_1788021012331,round-robin,server-3,GET,/api/work,200,27,,2
1788021026495,ui_round-robin_failure_1788021012331,round-robin,server-2,GET,/api/work,200,26,,2
1788021026500,ui_round-robin_failure_1788021012331,round-robin,server-3,GET,/api/work,200,26,,3
1788021026505,ui_round-robin_failure_1788021012331,round-robin,server-1,GET,/api/work,200,26,,3
1788021026507,ui_round-robin_failure_1788021012331,round-robin,server-2,GET,/api/work,200,27,,3
1788021026507,ui_round-robin_failure_1788021012331,round-robin,server-3,GET,/api/work,200,27,,2
1788021026511,ui_round-robin_failure_1788021012331,round-robin,server-1,GET,/api/work,200,26,,2
1788021026516,ui_round-robin_failure_1788021012331,round-robin,server-2,GET,/api/work,200,25,,2
1788021026519,ui_round-robin_failure_1788021012331,round-robin,server-3,GET,/api/work,200,26,,3
1788021026521,ui_round-robin_failure_1788021012331,round-robin,server-1,GET,/api/work,200,26,,3
1788021026521,ui_round-robin_failure_1788021012331,round-robin,server-1,GET,/api/work,200,26,,2
1788021026521,ui_round-robin_failure_1788021012331,round-robin,server-3,GET,/api/work,200,26,,2
1788021026521,ui_round-robin_failure_1788021012331,round-robin,server-2,GET,/api/work,200,27,,2
1788021026531,ui_round-robin_failure_1788021012331,round-robin,server-2,GET,/api/work,200,25,,2
1788021026536,ui_round-robin_failure_1788021012331,round-robin,server-3,GET,/api/work,200,26,,3
1788021026541,ui_round-robin_failure_1788021012331,round-robin,server-1,GET,/api/work,200,26,,3
1788021026542,ui_round-robin_failure_1788021012331,round-robin,server-2,GET,/api/work,200,25,,3
1788021026545,ui_round-robin_failure_1788021012331,round-robin,server-3,GET,/api/work,200,26,,3
1788021026546,ui_round-robin_failure_1788021012331,round-robin,server-1,GET,/api/work,200,26,,3
1788021026548,ui_round-robin_failure_1788021012331,round-robin,server-3,GET,/api/work,200,26,,2
1788021026548,ui_round-robin_failure_1788021012331,round-robin,server-2,GET,/api/work,200,26,,2
1788021026552,ui_round-robin_failure_1788021012331,round-robin,server-1,GET,/api/work,200,25,,2
1788021026557,ui_round-robin_failure_1788021012331,round-robin,server-2,GET,/api/work,200,26,,3
1788021026562,ui_round-robin_failure_1788021012331,round-robin,server-3,GET,/api/work,200,26,,3
1788021026564,ui_round-robin_failure_1788021012331,round-robin,server-2,GET,/api/work,200,26,,2
1788021026564,ui_round-robin_failure_1788021012331,round-robin,server-1,GET,/api/work,200,27,,3
1788021026568,ui_round-robin_failure_1788021012331,round-robin,server-3,GET,/api/work,200,26,,2
1788021026572,ui_round-robin_failure_1788021012331,round-robin,server-1,GET,/api/work,200,27,,3
1788021026576,ui_round-robin_failure_1788021012331,round-robin,server-2,GET,/api/work,200,25,,2
1788021026578,ui_round-robin_failure_1788021012331,round-robin,server-2,GET,/api/work,200,25,,2
1788021026577,ui_round-robin_failure_1788021012331,round-robin,server-3,GET,/api/work,200,26,,3
1788021026578,ui_round-robin_failure_1788021012331,round-robin,server-1,GET,/api/work,200,26,,2
1788021026579,ui_round-robin_failure_1788021012331,round-robin,server-3,GET,/api/work,200,26,,2
1788021026587,ui_round-robin_failure_1788021012331,round-robin,server-1,GET,/api/work,200,26,,3
1788021026593,ui_round-robin_failure_1788021012331,round-robin,server-2,GET,/api/work,200,26,,3
1788021026598,ui_round-robin_failure_1788021012331,round-robin,server-1,GET,/api/work,200,26,,3
1788021026598,ui_round-robin_failure_1788021012331,round-robin,server-3,GET,/api/work,200,26,,3
1788021026602,ui_round-robin_failure_1788021012331,round-robin,server-2,GET,/api/work,200,26,,3
1788021026603,ui_round-robin_failure_1788021012331,round-robin,server-3,GET,/api/work,200,26,,3
1788021026605,ui_round-robin_failure_1788021012331,round-robin,server-2,GET,/api/work,200,25,,2
1788021026604,ui_round-robin_failure_1788021012331,round-robin,server-1,GET,/api/work,200,26,,2
1788021026608,ui_round-robin_failure_1788021012331,round-robin,server-3,GET,/api/work,200,26,,2
1788021026613,ui_round-robin_failure_1788021012331,round-robin,server-1,GET,/api/work,200,26,,3
1788021026618,ui_round-robin_failure_1788021012331,round-robin,server-2,GET,/api/work,200,26,,3
1788021026621,ui_round-robin_failure_1788021012331,round-robin,server-3,GET,/api/work,200,26,,3
1788021026621,ui_round-robin_failure_1788021012331,round-robin,server-1,GET,/api/work,200,27,,2
1788021026624,ui_round-robin_failure_1788021012331,round-robin,server-2,GET,/api/work,200,26,,2
1788021026629,ui_round-robin_failure_1788021012331,round-robin,server-3,GET,/api/work,200,27,,3
1788021026632,ui_round-robin_failure_1788021012331,round-robin,server-1,GET,/api/work,200,26,,2
1788021026633,ui_round-robin_failure_1788021012331,round-robin,server-2,GET,/api/work,200,26,,2
1788021026635,ui_round-robin_failure_1788021012331,round-robin,server-2,GET,/api/work,200,25,,2
1788021026635,ui_round-robin_failure_1788021012331,round-robin,server-3,GET,/api/work,200,25,,2
1788021026635,ui_round-robin_failure_1788021012331,round-robin,server-1,GET,/api/work,200,26,,2
1788021026643,ui_round-robin_failure_1788021012331,round-robin,server-3,GET,/api/work,200,26,,2
1788021026651,ui_round-robin_failure_1788021012331,round-robin,server-1,GET,/api/work,200,26,,3
1788021026655,ui_round-robin_failure_1788021012331,round-robin,server-2,GET,/api/work,200,26,,3
1788021026655,ui_round-robin_failure_1788021012331,round-robin,server-3,GET,/api/work,200,27,,3
1788021026659,ui_round-robin_failure_1788021012331,round-robin,server-1,GET,/api/work,200,25,,3
1788021026659,ui_round-robin_failure_1788021012331,round-robin,server-2,GET,/api/work,200,26,,2
1788021026661,ui_round-robin_failure_1788021012331,round-robin,server-3,GET,/api/work,200,26,,2
1788021026661,ui_round-robin_failure_1788021012331,round-robin,server-1,GET,/api/work,200,26,,2
1788021026665,ui_round-robin_failure_1788021012331,round-robin,server-2,GET,/api/work,200,25,,2
1788021026669,ui_round-robin_failure_1788021012331,round-robin,server-3,GET,/api/work,200,26,,3
1788021026674,ui_round-robin_failure_1788021012331,round-robin,server-1,GET,/api/work,200,27,,3
1788021026678,ui_round-robin_failure_1788021012331,round-robin,server-2,GET,/api/work,200,26,,3
1788021026679,ui_round-robin_failure_1788021012331,round-robin,server-3,GET,/api/work,200,26,,2
1788021026681,ui_round-robin_failure_1788021012331,round-robin,server-1,GET,/api/work,200,26,,2
1788021026686,ui_round-robin_failure_1788021012331,round-robin,server-2,GET,/api/work,200,26,,3
1788021026689,ui_round-robin_failure_1788021012331,round-robin,server-3,GET,/api/work,200,26,,3
1788021026691,ui_round-robin_failure_1788021012331,round-robin,server-2,GET,/api/work,200,26,,2
1788021026691,ui_round-robin_failure_1788021012331,round-robin,server-1,GET,/api/work,200,27,,3
1788021026691,ui_round-robin_failure_1788021012331,round-robin,server-3,GET,/api/work,200,27,,2
1788021026691,ui_round-robin_failure_1788021012331,round-robin,server-1,GET,/api/work,200,27,,2
1788021026700,ui_round-robin_failure_1788021012331,round-robin,server-2,GET,/api/work,200,26,,3
1788021026707,ui_round-robin_failure_1788021012331,round-robin,server-3,GET,/api/work,200,27,,3
1788021026712,ui_round-robin_failure_1788021012331,round-robin,server-1,GET,/api/work,200,26,,3
1788021026712,ui_round-robin_failure_1788021012331,round-robin,server-2,GET,/api/work,200,26,,3
1788021026715,ui_round-robin_failure_1788021012331,round-robin,server-1,GET,/api/work,200,27,,2
1788021026715,ui_round-robin_failure_1788021012331,round-robin,server-3,GET,/api/work,200,27,,3
1788021026717,ui_round-robin_failure_1788021012331,round-robin,server-2,GET,/api/work,200,26,,2
1788021026719,ui_round-robin_failure_1788021012331,round-robin,server-3,GET,/api/work,200,25,,2
1788021026721,ui_round-robin_failure_1788021012331,round-robin,server-1,GET,/api/work,200,26,,2
1788021026726,ui_round-robin_failure_1788021012331,round-robin,server-2,GET,/api/work,200,26,,3
1788021026731,ui_round-robin_failure_1788021012331,round-robin,server-3,GET,/api/work,200,25,,3
1788021026734,ui_round-robin_failure_1788021012331,round-robin,server-1,GET,/api/work,200,27,,3
1788021026735,ui_round-robin_failure_1788021012331,round-robin,server-2,GET,/api/work,200,26,,2
1788021026738,ui_round-robin_failure_1788021012331,round-robin,server-3,GET,/api/work,200,26,,2
1788021026742,ui_round-robin_failure_1788021012331,round-robin,server-1,GET,/api/work,200,26,,2
1788021026746,ui_round-robin_failure_1788021012331,round-robin,server-2,GET,/api/work,200,26,,3
1788021026748,ui_round-robin_failure_1788021012331,round-robin,server-3,GET,/api/work,200,27,,3
1788021026749,ui_round-robin_failure_1788021012331,round-robin,server-1,GET,/api/work,200,26,,3
1788021026750,ui_round-robin_failure_1788021012331,round-robin,server-2,GET,/api/work,200,25,,2
1788021026750,ui_round-robin_failure_1788021012331,round-robin,server-3,GET,/api/work,200,26,,2
1788021026756,ui_round-robin_failure_1788021012331,round-robin,server-1,GET,/api/work,200,26,,2
1788021026764,ui_round-robin_failure_1788021012331,round-robin,server-2,GET,/api/work,200,26,,3
1788021026769,ui_round-robin_failure_1788021012331,round-robin,server-1,GET,/api/work,200,26,,3
1788021026768,ui_round-robin_failure_1788021012331,round-robin,server-3,GET,/api/work,200,27,,3
1788021026773,ui_round-robin_failure_1788021012331,round-robin,server-1,GET,/api/work,200,25,,2
1788021026772,ui_round-robin_failure_1788021012331,round-robin,server-2,GET,/api/work,200,26,,3
1788021026773,ui_round-robin_failure_1788021012331,round-robin,server-3,GET,/api/work,200,26,,2
1788021026776,ui_round-robin_failure_1788021012331,round-robin,server-2,GET,/api/work,200,27,,2
1788021026778,ui_round-robin_failure_1788021012331,round-robin,server-3,GET,/api/work,200,26,,2
1788021026782,ui_round-robin_failure_1788021012331,round-robin,server-1,GET,/api/work,200,26,,3
1788021026787,ui_round-robin_failure_1788021012331,round-robin,server-2,GET,/api/work,200,26,,3
1788021026791,ui_round-robin_failure_1788021012331,round-robin,server-3,GET,/api/work,200,26,,3
1788021026792,ui_round-robin_failure_1788021012331,round-robin,server-1,GET,/api/work,200,26,,2
1788021026794,ui_round-robin_failure_1788021012331,round-robin,server-2,GET,/api/work,200,27,,2
1788021026799,ui_round-robin_failure_1788021012331,round-robin,server-3,GET,/api/work,200,26,,2
1788021026803,ui_round-robin_failure_1788021012331,round-robin,server-1,GET,/api/work,200,26,,2
1788021026806,ui_round-robin_failure_1788021012331,round-robin,server-2,GET,/api/work,200,25,,3
1788021026807,ui_round-robin_failure_1788021012331,round-robin,server-1,GET,/api/work,200,26,,2
1788021026807,ui_round-robin_failure_1788021012331,round-robin,server-2,GET,/api/work,200,26,,2
1788021026807,ui_round-robin_failure_1788021012331,round-robin,server-3,GET,/api/work,200,27,,3
1788021026813,ui_round-robin_failure_1788021012331,round-robin,server-3,GET,/api/work,200,26,,3
1788021026820,ui_round-robin_failure_1788021012331,round-robin,server-1,GET,/api/work,200,27,,3
1788021026826,ui_round-robin_failure_1788021012331,round-robin,server-2,GET,/api/work,200,26,,3
1788021026826,ui_round-robin_failure_1788021012331,round-robin,server-3,GET,/api/work,200,26,,3
1788021026830,ui_round-robin_failure_1788021012331,round-robin,server-2,GET,/api/work,200,26,,3
1788021026830,ui_round-robin_failure_1788021012331,round-robin,server-1,GET,/api/work,200,27,,3
1788021026830,ui_round-robin_failure_1788021012331,round-robin,server-3,GET,/api/work,200,27,,2
1788021026834,ui_round-robin_failure_1788021012331,round-robin,server-2,GET,/api/work,200,26,,2
1788021026834,ui_round-robin_failure_1788021012331,round-robin,server-1,GET,/api/work,200,27,,3
1788021026839,ui_round-robin_failure_1788021012331,round-robin,server-3,GET,/api/work,200,25,,2
1788021026844,ui_round-robin_failure_1788021012331,round-robin,server-1,GET,/api/work,200,26,,3
1788021026848,ui_round-robin_failure_1788021012331,round-robin,server-2,GET,/api/work,200,27,,3
1788021026849,ui_round-robin_failure_1788021012331,round-robin,server-3,GET,/api/work,200,26,,2
1788021026851,ui_round-robin_failure_1788021012331,round-robin,server-1,GET,/api/work,200,27,,2
1788021026856,ui_round-robin_failure_1788021012331,round-robin,server-2,GET,/api/work,200,26,,2
1788021026860,ui_round-robin_failure_1788021012331,round-robin,server-3,GET,/api/work,200,27,,2
1788021026861,ui_round-robin_failure_1788021012331,round-robin,server-1,GET,/api/work,200,26,,2
1788021026865,ui_round-robin_failure_1788021012331,round-robin,server-2,GET,/api/work,200,25,,3
1788021026865,ui_round-robin_failure_1788021012331,round-robin,server-3,GET,/api/work,200,26,,3
1788021026866,ui_round-robin_failure_1788021012331,round-robin,server-1,GET,/api/work,200,27,,3
1788021026870,ui_round-robin_failure_1788021012331,round-robin,server-2,GET,/api/work,200,25,,2
1788021026876,ui_round-robin_failure_1788021012331,round-robin,server-3,GET,/api/work,200,26,,3
1788021026883,ui_round-robin_failure_1788021012331,round-robin,server-2,GET,/api/work,200,25,,3
1788021026882,ui_round-robin_failure_1788021012331,round-robin,server-1,GET,/api/work,200,26,,3
1788021026888,ui_round-robin_failure_1788021012331,round-robin,server-1,GET,/api/work,200,25,,2
1788021026888,ui_round-robin_failure_1788021012331,round-robin,server-3,GET,/api/work,200,26,,3
1788021026888,ui_round-robin_failure_1788021012331,round-robin,server-2,GET,/api/work,200,27,,2
1788021026890,ui_round-robin_failure_1788021012331,round-robin,server-3,GET,/api/work,200,26,,2
1788021026891,ui_round-robin_failure_1788021012331,round-robin,server-1,GET,/api/work,200,26,,2
1788021026896,ui_round-robin_failure_1788021012331,round-robin,server-2,GET,/api/work,200,25,,2
1788021026901,ui_round-robin_failure_1788021012331,round-robin,server-3,GET,/api/work,200,26,,3
1788021026906,ui_round-robin_failure_1788021012331,round-robin,server-2,GET,/api/work,200,25,,2
1788021026905,ui_round-robin_failure_1788021012331,round-robin,server-1,GET,/api/work,200,26,,3
1788021026908,ui_round-robin_failure_1788021012331,round-robin,server-3,GET,/api/work,200,25,,2
1788021026913,ui_round-robin_failure_1788021012331,round-robin,server-1,GET,/api/work,200,26,,2
1788021026917,ui_round-robin_failure_1788021012331,round-robin,server-2,GET,/api/work,200,27,,3
1788021026918,ui_round-robin_failure_1788021012331,round-robin,server-3,GET,/api/work,200,26,,3
1788021026922,ui_round-robin_failure_1788021012331,round-robin,server-2,GET,/api/work,200,25,,2
1788021026921,ui_round-robin_failure_1788021012331,round-robin,server-1,GET,/api/work,200,27,,3
1788021026923,ui_round-robin_failure_1788021012331,round-robin,server-3,GET,/api/work,200,27,,3
1788021026926,ui_round-robin_failure_1788021012331,round-robin,server-1,GET,/api/work,200,25,,2
1788021026932,ui_round-robin_failure_1788021012331,round-robin,server-2,GET,/api/work,200,25,,2
1788021026939,ui_round-robin_failure_1788021012331,round-robin,server-3,GET,/api/work,200,26,,3
1788021026939,ui_round-robin_failure_1788021012331,round-robin,server-1,GET,/api/work,200,27,,3
1788021026943,ui_round-robin_failure_1788021012331,round-robin,server-2,GET,/api/work,200,25,,3
1788021026945,ui_round-robin_failure_1788021012331,round-robin,server-1,GET,/api/work,200,25,,2
1788021026944,ui_round-robin_failure_1788021012331,round-robin,server-3,GET,/api/work,200,26,,3
1788021026947,ui_round-robin_failure_1788021012331,round-robin,server-2,GET,/api/work,200,26,,2
1788021026948,ui_round-robin_failure_1788021012331,round-robin,server-3,GET,/api/work,200,26,,2
1788021026951,ui_round-robin_failure_1788021012331,round-robin,server-1,GET,/api/work,200,26,,2
1788021026958,ui_round-robin_failure_1788021012331,round-robin,server-2,GET,/api/work,200,26,,3
1788021026961,ui_round-robin_failure_1788021012331,round-robin,server-3,GET,/api/work,200,27,,3
1788021026962,ui_round-robin_failure_1788021012331,round-robin,server-1,GET,/api/work,200,26,,2
1788021026964,ui_round-robin_failure_1788021012331,round-robin,server-2,GET,/api/work,200,27,,2
1788021026970,ui_round-robin_failure_1788021012331,round-robin,server-3,GET,/api/work,200,25,,2
1788021026974,ui_round-robin_failure_1788021012331,round-robin,server-1,GET,/api/work,200,26,,3
1788021026974,ui_round-robin_failure_1788021012331,round-robin,server-2,GET,/api/work,200,26,,2
1788021026978,ui_round-robin_failure_1788021012331,round-robin,server-3,GET,/api/work,200,25,,3
1788021026978,ui_round-robin_failure_1788021012331,round-robin,server-1,GET,/api/work,200,26,,2
1788021026980,ui_round-robin_failure_1788021012331,round-robin,server-2,GET,/api/work,200,26,,3
1788021026982,ui_round-robin_failure_1788021012331,round-robin,server-3,GET,/api/work,200,26,,2
1788021026988,ui_round-robin_failure_1788021012331,round-robin,server-1,GET,/api/work,200,26,,2
1788021026995,ui_round-robin_failure_1788021012331,round-robin,server-2,GET,/api/work,200,26,,3
1788021026996,ui_round-robin_failure_1788021012331,round-robin,server-3,GET,/api/work,200,25,,3
1788021026999,ui_round-robin_failure_1788021012331,round-robin,server-1,GET,/api/work,200,27,,3
1788021027001,ui_round-robin_failure_1788021012331,round-robin,server-3,GET,/api/work,200,26,,2
1788021027001,ui_round-robin_failure_1788021012331,round-robin,server-2,GET,/api/work,200,26,,3
1788021027004,ui_round-robin_failure_1788021012331,round-robin,server-1,GET,/api/work,200,26,,2
1788021027004,ui_round-robin_failure_1788021012331,round-robin,server-2,GET,/api/work,200,27,,2
1788021027008,ui_round-robin_failure_1788021012331,round-robin,server-3,GET,/api/work,200,27,,2
1788021027015,ui_round-robin_failure_1788021012331,round-robin,server-1,GET,/api/work,200,27,,3
1788021027019,ui_round-robin_failure_1788021012331,round-robin,server-3,GET,/api/work,200,26,,3
1788021027019,ui_round-robin_failure_1788021012331,round-robin,server-2,GET,/api/work,200,27,,3
1788021027021,ui_round-robin_failure_1788021012331,round-robin,server-1,GET,/api/work,200,26,,2
1788021027026,ui_round-robin_failure_1788021012331,round-robin,server-2,GET,/api/work,200,26,,3
1788021027030,ui_round-robin_failure_1788021012331,round-robin,server-3,GET,/api/work,200,26,,2
1788021027031,ui_round-robin_failure_1788021012331,round-robin,server-1,GET,/api/work,200,29,,3
1788021027034,ui_round-robin_failure_1788021012331,round-robin,server-2,GET,/api/work,200,27,,3
1788021027036,ui_round-robin_failure_1788021012331,round-robin,server-3,GET,/api/work,200,27,,3
1788021027037,ui_round-robin_failure_1788021012331,round-robin,server-1,GET,/api/work,200,27,,3
1788021027038,ui_round-robin_failure_1788021012331,round-robin,server-2,GET,/api/work,200,27,,2
1788021027045,ui_round-robin_failure_1788021012331,round-robin,server-3,GET,/api/work,200,26,,2
1788021027052,ui_round-robin_failure_1788021012331,round-robin,server-2,GET,/api/work,200,26,,2
1788021027052,ui_round-robin_failure_1788021012331,round-robin,server-1,GET,/api/work,200,27,,3
1788021027057,ui_round-robin_failure_1788021012331,round-robin,server-3,GET,/api/work,200,27,,3
1788021027058,ui_round-robin_failure_1788021012331,round-robin,server-2,GET,/api/work,200,26,,2
1788021027057,ui_round-robin_failure_1788021012331,round-robin,server-1,GET,/api/work,200,28,,3
1788021027062,ui_round-robin_failure_1788021012331,round-robin,server-3,GET,/api/work,200,26,,2
1788021027064,ui_round-robin_failure_1788021012331,round-robin,server-1,GET,/api/work,200,26,,2
1788021027066,ui_round-robin_failure_1788021012331,round-robin,server-2,GET,/api/work,200,28,,2
1788021027073,ui_round-robin_failure_1788021012331,round-robin,server-3,GET,/api/work,200,26,,3
1788021027076,ui_round-robin_failure_1788021012331,round-robin,server-1,GET,/api/work,200,27,,3
1788021027078,ui_round-robin_failure_1788021012331,round-robin,server-2,GET,/api/work,200,28,,3
1788021027078,ui_round-robin_failure_1788021012331,round-robin,server-3,GET,/api/work,200,29,,2
1788021027083,ui_round-robin_failure_1788021012331,round-robin,server-1,GET,/api/work,200,27,,2
1788021027088,ui_round-robin_failure_1788021012331,round-robin,server-2,GET,/api/work,200,26,,2
1788021027090,ui_round-robin_failure_1788021012331,round-robin,server-3,GET,/api/work,200,27,,3
1788021027092,ui_round-robin_failure_1788021012331,round-robin,server-1,GET,/api/work,200,26,,3
1788021027095,ui_round-robin_failure_1788021012331,round-robin,server-2,GET,/api/work,200,27,,3
1788021027096,ui_round-robin_failure_1788021012331,round-robin,server-1,GET,/api/work,200,28,,2
1788021027096,ui_round-robin_failure_1788021012331,round-robin,server-3,GET,/api/work,200,29,,3
1788021027104,ui_round-robin_failure_1788021012331,round-robin,server-2,GET,/api/work,200,29,,3
1788021027111,ui_round-robin_failure_1788021012331,round-robin,server-3,GET,/api/work,200,27,,3
1788021027115,ui_round-robin_failure_1788021012331,round-robin,server-2,GET,/api/work,200,27,,3
1788021027115,ui_round-robin_failure_1788021012331,round-robin,server-3,GET,/api/work,200,29,,3
1788021027120,ui_round-robin_failure_1788021012331,round-robin,server-2,GET,/api/work,200,26,,2
1788021027120,ui_round-robin_failure_1788021012331,round-robin,server-3,GET,/api/work,200,27,,2
1788021027111,ui_round-robin_failure_1788021012331,round-robin,server-1,GET,/api/work,200,42,,4
1788021027116,ui_round-robin_failure_1788021012331,round-robin,server-1,GET,/api/work,200,38,,3
1788021027126,ui_round-robin_failure_1788021012331,round-robin,server-1,GET,/api/work,200,29,,2
1788021027130,ui_round-robin_failure_1788021012331,round-robin,server-2,GET,/api/work,200,29,,3
1788021027134,ui_round-robin_failure_1788021012331,round-robin,server-3,GET,/api/work,200,26,,3
1788021027138,ui_round-robin_failure_1788021012331,round-robin,server-2,GET,/api/work,200,27,,2
1788021027141,ui_round-robin_failure_1788021012331,round-robin,server-3,GET,/api/work,200,28,,2
1788021027148,ui_round-robin_failure_1788021012331,round-robin,server-2,GET,/api/work,200,26,,2
1788021027137,ui_round-robin_failure_1788021012331,round-robin,server-1,GET,/api/work,200,40,,4
1788021027145,ui_round-robin_failure_1788021012331,round-robin,server-1,GET,/api/work,200,34,,3
1788021027156,ui_round-robin_failure_1788021012331,round-robin,server-1,GET,/api/work,200,26,,2
1788021027155,ui_round-robin_failure_1788021012331,round-robin,server-3,GET,/api/work,200,27,,3
1788021027156,ui_round-robin_failure_1788021012331,round-robin,server-2,GET,/api/work,200,27,,2
1788021027156,ui_round-robin_failure_1788021012331,round-robin,server-3,GET,/api/work,200,27,,2
1788021027165,ui_round-robin_failure_1788021012331,round-robin,server-1,GET,/api/work,200,26,,3
1788021027170,ui_round-robin_failure_1788021012331,round-robin,server-2,GET,/api/work,200,26,,3
1788021027173,ui_round-robin_failure_1788021012331,round-robin,server-3,GET,/api/work,200,26,,3
1788021027175,ui_round-robin_failure_1788021012331,round-robin,server-1,GET,/api/work,200,27,,3
1788021027178,ui_round-robin_failure_1788021012331,round-robin,server-3,GET,/api/work,200,25,,2
1788021027177,ui_round-robin_failure_1788021012331,round-robin,server-2,GET,/api/work,200,27,,2
1788021027186,ui_round-robin_failure_1788021012331,round-robin,server-3,GET,/api/work,200,26,,2
1788021027186,ui_round-robin_failure_1788021012331,round-robin,server-1,GET,/api/work,200,26,,3
1788021027186,ui_round-robin_failure_1788021012331,round-robin,server-2,GET,/api/work,200,27,,3
1788021027190,ui_round-robin_failure_1788021012331,round-robin,server-2,GET,/api/work,200,26,,3
1788021027190,ui_round-robin_failure_1788021012331,round-robin,server-1,GET,/api/work,200,27,,3
1788021027197,ui_round-robin_failure_1788021012331,round-robin,server-3,GET,/api/work,200,26,,3
1788021027200,ui_round-robin_failure_1788021012331,round-robin,server-1,GET,/api/work,200,25,,2
1788021027204,ui_round-robin_failure_1788021012331,round-robin,server-2,GET,/api/work,200,26,,2
1788021027208,ui_round-robin_failure_1788021012331,round-robin,server-3,GET,/api/work,200,26,,3
1788021027210,ui_round-robin_failure_1788021012331,round-robin,server-1,GET,/api/work,200,27,,3
1788021027211,ui_round-robin_failure_1788021012331,round-robin,server-2,GET,/api/work,200,27,,3
1788021027213,ui_round-robin_failure_1788021012331,round-robin,server-3,GET,/api/work,200,26,,2
1788021027214,ui_round-robin_failure_1788021012331,round-robin,server-1,GET,/api/work,200,26,,2
1788021027215,ui_round-robin_failure_1788021012331,round-robin,server-2,GET,/api/work,200,25,,2
1788021027221,ui_round-robin_failure_1788021012331,round-robin,server-3,GET,/api/work,200,26,,3
1788021027227,ui_round-robin_failure_1788021012331,round-robin,server-1,GET,/api/work,200,26,,3
1788021027231,ui_round-robin_failure_1788021012331,round-robin,server-2,GET,/api/work,200,26,,3
1788021027233,ui_round-robin_failure_1788021012331,round-robin,server-3,GET,/api/work,200,26,,3
1788021027233,ui_round-robin_failure_1788021012331,round-robin,server-1,GET,/api/work,200,27,,2
1788021027235,ui_round-robin_failure_1788021012331,round-robin,server-2,GET,/api/work,200,26,,2
1788021027243,ui_round-robin_failure_1788021012331,round-robin,server-3,GET,/api/work,200,26,,3
1788021027244,ui_round-robin_failure_1788021012331,round-robin,server-1,GET,/api/work,200,25,,3
1788021027244,ui_round-robin_failure_1788021012331,round-robin,server-2,GET,/api/work,200,27,,3
1788021027246,ui_round-robin_failure_1788021012331,round-robin,server-3,GET,/api/work,200,26,,3
1788021027246,ui_round-robin_failure_1788021012331,round-robin,server-1,GET,/api/work,200,26,,3
1788021027254,ui_round-robin_failure_1788021012331,round-robin,server-2,GET,/api/work,200,26,,3
1788021027256,ui_round-robin_failure_1788021012331,round-robin,server-3,GET,/api/work,200,26,,2
1788021027260,ui_round-robin_failure_1788021012331,round-robin,server-1,GET,/api/work,200,27,,3
1788021027265,ui_round-robin_failure_1788021012331,round-robin,server-2,GET,/api/work,200,25,,2
1788021027268,ui_round-robin_failure_1788021012331,round-robin,server-3,GET,/api/work,200,26,,3
1788021027268,ui_round-robin_failure_1788021012331,round-robin,server-1,GET,/api/work,200,26,,3
1788021027270,ui_round-robin_failure_1788021012331,round-robin,server-2,GET,/api/work,200,26,,2
1788021027270,ui_round-robin_failure_1788021012331,round-robin,server-3,GET,/api/work,200,26,,2
1788021027271,ui_round-robin_failure_1788021012331,round-robin,server-1,GET,/api/work,200,26,,2
1788021027278,ui_round-robin_failure_1788021012331,round-robin,server-2,GET,/api/work,200,25,,3
1788021027284,ui_round-robin_failure_1788021012331,round-robin,server-3,GET,/api/work,200,27,,3
1788021027286,ui_round-robin_failure_1788021012331,round-robin,server-1,GET,/api/work,200,26,,3
1788021027291,ui_round-robin_failure_1788021012331,round-robin,server-2,GET,/api/work,200,26,,3
1788021027291,ui_round-robin_failure_1788021012331,round-robin,server-3,GET,/api/work,200,27,,3
1788021027292,ui_round-robin_failure_1788021012331,round-robin,server-1,GET,/api/work,200,27,,2
1788021027300,ui_round-robin_failure_1788021012331,round-robin,server-3,GET,/api/work,200,26,,3
1788021027301,ui_round-robin_failure_1788021012331,round-robin,server-1,GET,/api/work,200,25,,2
1788021027300,ui_round-robin_failure_1788021012331,round-robin,server-2,GET,/api/work,200,27,,3
1788021027302,ui_round-robin_failure_1788021012331,round-robin,server-2,GET,/api/work,200,26,,3
1788021027303,ui_round-robin_failure_1788021012331,round-robin,server-3,GET,/api/work,200,27,,3
1788021027310,ui_round-robin_failure_1788021012331,round-robin,server-1,GET,/api/work,200,26,,3
1788021027312,ui_round-robin_failure_1788021012331,round-robin,server-2,GET,/api/work,200,26,,2
1788021027318,ui_round-robin_failure_1788021012331,round-robin,server-3,GET,/api/work,200,26,,3
1788021027321,ui_round-robin_failure_1788021012331,round-robin,server-1,GET,/api/work,200,27,,2
1788021027324,ui_round-robin_failure_1788021012331,round-robin,server-2,GET,/api/work,200,25,,3
1788021027325,ui_round-robin_failure_1788021012331,round-robin,server-3,GET,/api/work,200,26,,3
1788021027327,ui_round-robin_failure_1788021012331,round-robin,server-3,GET,/api/work,200,26,,2
1788021027327,ui_round-robin_failure_1788021012331,round-robin,server-1,GET,/api/work,200,26,,2
1788021027327,ui_round-robin_failure_1788021012331,round-robin,server-2,GET,/api/work,200,27,,2
1788021027334,ui_round-robin_failure_1788021012331,round-robin,server-1,GET,/api/work,200,27,,3
1788021027341,ui_round-robin_failure_1788021012331,round-robin,server-2,GET,/api/work,200,26,,3
1788021027343,ui_round-robin_failure_1788021012331,round-robin,server-3,GET,/api/work,200,27,,3
1788021027349,ui_round-robin_failure_1788021012331,round-robin,server-3,GET,/api/work,200,25,,2
1788021027348,ui_round-robin_failure_1788021012331,round-robin,server-1,GET,/api/work,200,26,,3
1788021027348,ui_round-robin_failure_1788021012331,round-robin,server-2,GET,/api/work,200,27,,2
1788021027356,ui_round-robin_failure_1788021012331,round-robin,server-1,GET,/api/work,200,26,,3
1788021027357,ui_round-robin_failure_1788021012331,round-robin,server-2,GET,/api/work,200,25,,3
1788021027358,ui_round-robin_failure_1788021012331,round-robin,server-3,GET,/api/work,200,26,,2
1788021027359,ui_round-robin_failure_1788021012331,round-robin,server-1,GET,/api/work,200,26,,3
1788021027360,ui_round-robin_failure_1788021012331,round-robin,server-2,GET,/api/work,200,27,,3
1788021027367,ui_round-robin_failure_1788021012331,round-robin,server-3,GET,/api/work,200,26,,3
1788021027369,ui_round-robin_failure_1788021012331,round-robin,server-1,GET,/api/work,200,27,,2
1788021027375,ui_round-robin_failure_1788021012331,round-robin,server-2,GET,/api/work,200,26,,3
1788021027378,ui_round-robin_failure_1788021012331,round-robin,server-3,GET,/api/work,200,27,,2
1788021027380,ui_round-robin_failure_1788021012331,round-robin,server-2,GET,/api/work,200,26,,2
1788021027380,ui_round-robin_failure_1788021012331,round-robin,server-1,GET,/api/work,200,27,,2
1788021027384,ui_round-robin_failure_1788021012331,round-robin,server-3,GET,/api/work,200,26,,2
1788021027385,ui_round-robin_failure_1788021012331,round-robin,server-2,GET,/api/work,200,26,,2
1788021027385,ui_round-robin_failure_1788021012331,round-robin,server-1,GET,/api/work,200,26,,2
1788021027391,ui_round-robin_failure_1788021012331,round-robin,server-3,GET,/api/work,200,26,,3
1788021027399,ui_round-robin_failure_1788021012331,round-robin,server-1,GET,/api/work,200,25,,3
1788021027400,ui_round-robin_failure_1788021012331,round-robin,server-2,GET,/api/work,200,27,,3
1788021027405,ui_round-robin_failure_1788021012331,round-robin,server-3,GET,/api/work,200,26,,3
1788021027407,ui_round-robin_failure_1788021012331,round-robin,server-2,GET,/api/work,200,26,,2
1788021027407,ui_round-robin_failure_1788021012331,round-robin,server-1,GET,/api/work,200,26,,3
1788021027413,ui_round-robin_failure_1788021012331,round-robin,server-3,GET,/api/work,200,26,,3
1788021027413,ui_round-robin_failure_1788021012331,round-robin,server-1,GET,/api/work,200,26,,3
1788021027415,ui_round-robin_failure_1788021012331,round-robin,server-2,GET,/api/work,200,26,,3
1788021027416,ui_round-robin_failure_1788021012331,round-robin,server-3,GET,/api/work,200,26,,3
1788021027416,ui_round-robin_failure_1788021012331,round-robin,server-1,GET,/api/work,200,27,,3
1788021027424,ui_round-robin_failure_1788021012331,round-robin,server-2,GET,/api/work,200,25,,3
1788021027426,ui_round-robin_failure_1788021012331,round-robin,server-3,GET,/api/work,200,26,,2
1788021027431,ui_round-robin_failure_1788021012331,round-robin,server-1,GET,/api/work,200,26,,2
1788021027435,ui_round-robin_failure_1788021012331,round-robin,server-2,GET,/api/work,200,27,,2
1788021027437,ui_round-robin_failure_1788021012331,round-robin,server-3,GET,/api/work,200,25,,2
1788021027438,ui_round-robin_failure_1788021012331,round-robin,server-1,GET,/api/work,200,26,,3
1788021027440,ui_round-robin_failure_1788021012331,round-robin,server-2,GET,/api/work,200,26,,2
1788021027442,ui_round-robin_failure_1788021012331,round-robin,server-3,GET,/api/work,200,26,,2
1788021027442,ui_round-robin_failure_1788021012331,round-robin,server-1,GET,/api/work,200,27,,2
1788021027447,ui_round-robin_failure_1788021012331,round-robin,server-2,GET,/api/work,200,27,,3
1788021027455,ui_round-robin_failure_1788021012331,round-robin,server-3,GET,/api/work,200,26,,3
1788021027458,ui_round-robin_failure_1788021012331,round-robin,server-1,GET,/api/work,200,26,,3
1788021027462,ui_round-robin_failure_1788021012331,round-robin,server-2,GET,/api/work,200,26,,3
1788021027464,ui_round-robin_failure_1788021012331,round-robin,server-3,GET,/api/work,200,26,,3
1788021027464,ui_round-robin_failure_1788021012331,round-robin,server-1,GET,/api/work,200,26,,2
1788021027469,ui_round-robin_failure_1788021012331,round-robin,server-2,GET,/api/work,200,26,,3
1788021027470,ui_round-robin_failure_1788021012331,round-robin,server-3,GET,/api/work,200,26,,3
1788021027472,ui_round-robin_failure_1788021012331,round-robin,server-1,GET,/api/work,200,25,,2
1788021027473,ui_round-robin_failure_1788021012331,round-robin,server-2,GET,/api/work,200,26,,2
1788021027474,ui_round-robin_failure_1788021012331,round-robin,server-3,GET,/api/work,200,26,,3
1788021027480,ui_round-robin_failure_1788021012331,round-robin,server-1,GET,/api/work,200,27,,3
1788021027483,ui_round-robin_failure_1788021012331,round-robin,server-2,GET,/api/work,200,27,,2
1788021027489,ui_round-robin_failure_1788021012331,round-robin,server-3,GET,/api/work,200,27,,3
1788021027493,ui_round-robin_failure_1788021012331,round-robin,server-1,GET,/api/work,200,26,,2
1788021027493,ui_round-robin_failure_1788021012331,round-robin,server-2,GET,/api/work,200,26,,2
1788021027495,ui_round-robin_failure_1788021012331,round-robin,server-3,GET,/api/work,200,26,,2
1788021027498,ui_round-robin_failure_1788021012331,round-robin,server-1,GET,/api/work,200,27,,2
1788021027500,ui_round-robin_failure_1788021012331,round-robin,server-2,GET,/api/work,200,26,,2
1788021027500,ui_round-robin_failure_1788021012331,round-robin,server-3,GET,/api/work,200,27,,2
1788021027504,ui_round-robin_failure_1788021012331,round-robin,server-1,GET,/api/work,200,25,,2
1788021027511,ui_round-robin_failure_1788021012331,round-robin,server-2,GET,/api/work,200,26,,3
1788021027514,ui_round-robin_failure_1788021012331,round-robin,server-3,GET,/api/work,200,26,,3
1788021027520,ui_round-robin_failure_1788021012331,round-robin,server-1,GET,/api/work,200,25,,3
1788021027522,ui_round-robin_failure_1788021012331,round-robin,server-3,GET,/api/work,200,25,,2
1788021027521,ui_round-robin_failure_1788021012331,round-robin,server-2,GET,/api/work,200,27,,3
1788021027526,ui_round-robin_failure_1788021012331,round-robin,server-2,GET,/api/work,200,26,,3
1788021027526,ui_round-robin_failure_1788021012331,round-robin,server-1,GET,/api/work,200,27,,3
1788021027528,ui_round-robin_failure_1788021012331,round-robin,server-3,GET,/api/work,200,26,,2
1788021027530,ui_round-robin_failure_1788021012331,round-robin,server-1,GET,/api/work,200,25,,2
1788021027531,ui_round-robin_failure_1788021012331,round-robin,server-2,GET,/api/work,200,26,,2
1788021027537,ui_round-robin_failure_1788021012331,round-robin,server-3,GET,/api/work,200,25,,3
1788021027540,ui_round-robin_failure_1788021012331,round-robin,server-1,GET,/api/work,200,26,,2
1788021027546,ui_round-robin_failure_1788021012331,round-robin,server-2,GET,/api/work,200,25,,3
1788021027550,ui_round-robin_failure_1788021012331,round-robin,server-3,GET,/api/work,200,26,,3
1788021027550,ui_round-robin_failure_1788021012331,round-robin,server-1,GET,/api/work,200,26,,2
1788021027552,ui_round-robin_failure_1788021012331,round-robin,server-2,GET,/api/work,200,26,,2
1788021027555,ui_round-robin_failure_1788021012331,round-robin,server-3,GET,/api/work,200,26,,2
1788021027557,ui_round-robin_failure_1788021012331,round-robin,server-1,GET,/api/work,200,26,,3
1788021027557,ui_round-robin_failure_1788021012331,round-robin,server-2,GET,/api/work,200,27,,2
1788021027560,ui_round-robin_failure_1788021012331,round-robin,server-3,GET,/api/work,200,27,,3
1788021027568,ui_round-robin_failure_1788021012331,round-robin,server-1,GET,/api/work,200,26,,3
1788021027571,ui_round-robin_failure_1788021012331,round-robin,server-2,GET,/api/work,200,26,,3
1788021027576,ui_round-robin_failure_1788021012331,round-robin,server-3,GET,/api/work,200,26,,3
1788021027579,ui_round-robin_failure_1788021012331,round-robin,server-2,GET,/api/work,200,25,,2
1788021027578,ui_round-robin_failure_1788021012331,round-robin,server-1,GET,/api/work,200,26,,3
1788021027582,ui_round-robin_failure_1788021012331,round-robin,server-3,GET,/api/work,200,26,,3
1788021027583,ui_round-robin_failure_1788021012331,round-robin,server-1,GET,/api/work,200,25,,2
1788021027584,ui_round-robin_failure_1788021012331,round-robin,server-2,GET,/api/work,200,26,,2
1788021027586,ui_round-robin_failure_1788021012331,round-robin,server-3,GET,/api/work,200,25,,2
1788021027588,ui_round-robin_failure_1788021012331,round-robin,server-1,GET,/api/work,200,26,,2
1788021027591,ui_round-robin_failure_1788021012331,round-robin,server-2,GET,/api/work,200,26,,2
1788021027596,ui_round-robin_failure_1788021012331,round-robin,server-3,GET,/api/work,200,26,,2
1788021027602,ui_round-robin_failure_1788021012331,round-robin,server-1,GET,/api/work,200,26,,3
1788021027607,ui_round-robin_failure_1788021012331,round-robin,server-3,GET,/api/work,200,26,,2
1788021027607,ui_round-robin_failure_1788021012331,round-robin,server-2,GET,/api/work,200,27,,3
1788021027609,ui_round-robin_failure_1788021012331,round-robin,server-1,GET,/api/work,200,26,,2
1788021027612,ui_round-robin_failure_1788021012331,round-robin,server-2,GET,/api/work,200,26,,2
1788021027614,ui_round-robin_failure_1788021012331,round-robin,server-3,GET,/api/work,200,26,,3
1788021027615,ui_round-robin_failure_1788021012331,round-robin,server-1,GET,/api/work,200,25,,2
1788021027617,ui_round-robin_failure_1788021012331,round-robin,server-2,GET,/api/work,200,26,,3
1788021027624,ui_round-robin_failure_1788021012331,round-robin,server-3,GET,/api/work,200,27,,3
1788021027627,ui_round-robin_failure_1788021012331,round-robin,server-1,GET,/api/work,200,26,,3
1788021027633,ui_round-robin_failure_1788021012331,round-robin,server-2,GET,/api/work,200,26,,3
1788021027635,ui_round-robin_failure_1788021012331,round-robin,server-3,GET,/api/work,200,26,,3
1788021027635,ui_round-robin_failure_1788021012331,round-robin,server-1,GET,/api/work,200,26,,2
1788021027639,ui_round-robin_failure_1788021012331,round-robin,server-2,GET,/api/work,200,26,,3
1788021027639,ui_round-robin_failure_1788021012331,round-robin,server-3,GET,/api/work,200,26,,3
1788021027641,ui_round-robin_failure_1788021012331,round-robin,server-1,GET,/api/work,200,25,,2
1788021027642,ui_round-robin_failure_1788021012331,round-robin,server-2,GET,/api/work,200,27,,2
1788021027645,ui_round-robin_failure_1788021012331,round-robin,server-3,GET,/api/work,200,26,,2
1788021027648,ui_round-robin_failure_1788021012331,round-robin,server-1,GET,/api/work,200,26,,3
1788021027653,ui_round-robin_failure_1788021012331,round-robin,server-2,GET,/api/work,200,26,,2
1788021027659,ui_round-robin_failure_1788021012331,round-robin,server-3,GET,/api/work,200,26,,3
1788021027664,ui_round-robin_failure_1788021012331,round-robin,server-1,GET,/api/work,200,26,,3
1788021027665,ui_round-robin_failure_1788021012331,round-robin,server-3,GET,/api/work,200,25,,2
1788021027664,ui_round-robin_failure_1788021012331,round-robin,server-2,GET,/api/work,200,27,,2
1788021027669,ui_round-robin_failure_1788021012331,round-robin,server-1,GET,/api/work,200,27,,3
1788021027671,ui_round-robin_failure_1788021012331,round-robin,server-2,GET,/api/work,200,26,,3
1788021027671,ui_round-robin_failure_1788021012331,round-robin,server-3,GET,/api/work,200,26,,2
1788021027673,ui_round-robin_failure_1788021012331,round-robin,server-1,GET,/api/work,200,26,,2
1788021027681,ui_round-robin_failure_1788021012331,round-robin,server-2,GET,/api/work,200,26,,3
1788021027684,ui_round-robin_failure_1788021012331,round-robin,server-3,GET,/api/work,200,26,,3
1788021027689,ui_round-robin_failure_1788021012331,round-robin,server-1,GET,/api/work,200,27,,3
1788021027692,ui_round-robin_failure_1788021012331,round-robin,server-2,GET,/api/work,200,26,,3
1788021027692,ui_round-robin_failure_1788021012331,round-robin,server-3,GET,/api/work,200,27,,2
1788021027695,ui_round-robin_failure_1788021012331,round-robin,server-1,GET,/api/work,200,26,,2
1788021027696,ui_round-robin_failure_1788021012331,round-robin,server-2,GET,/api/work,200,26,,3
1788021027697,ui_round-robin_failure_1788021012331,round-robin,server-3,GET,/api/work,200,26,,2
1788021027699,ui_round-robin_failure_1788021012331,round-robin,server-1,GET,/api/work,200,27,,2
1788021027702,ui_round-robin_failure_1788021012331,round-robin,server-2,GET,/api/work,200,26,,2
1788021027705,ui_round-robin_failure_1788021012331,round-robin,server-3,GET,/api/work,200,27,,3
1788021027709,ui_round-robin_failure_1788021012331,round-robin,server-1,GET,/api/work,200,26,,2
1788021027715,ui_round-robin_failure_1788021012331,round-robin,server-2,GET,/api/work,200,26,,2
1788021027722,ui_round-robin_failure_1788021012331,round-robin,server-1,GET,/api/work,200,25,,2
1788021027721,ui_round-robin_failure_1788021012331,round-robin,server-3,GET,/api/work,200,26,,3
1788021027722,ui_round-robin_failure_1788021012331,round-robin,server-2,GET,/api/work,200,27,,2
1788021027726,ui_round-robin_failure_1788021012331,round-robin,server-1,GET,/api/work,200,26,,2
1788021027726,ui_round-robin_failure_1788021012331,round-robin,server-3,GET,/api/work,200,27,,3
1788021027728,ui_round-robin_failure_1788021012331,round-robin,server-2,GET,/api/work,200,27,,3
1788021027730,ui_round-robin_failure_1788021012331,round-robin,server-3,GET,/api/work,200,25,,2
1788021027737,ui_round-robin_failure_1788021012331,round-robin,server-1,GET,/api/work,200,26,,3
1788021027742,ui_round-robin_failure_1788021012331,round-robin,server-2,GET,/api/work,200,25,,3
1788021027746,ui_round-robin_failure_1788021012331,round-robin,server-3,GET,/api/work,200,26,,3
1788021027749,ui_round-robin_failure_1788021012331,round-robin,server-2,GET,/api/work,200,27,,2
1788021027749,ui_round-robin_failure_1788021012331,round-robin,server-1,GET,/api/work,200,27,,3
1788021027752,ui_round-robin_failure_1788021012331,round-robin,server-3,GET,/api/work,200,26,,3
1788021027753,ui_round-robin_failure_1788021012331,round-robin,server-1,GET,/api/work,200,26,,2
1788021027753,ui_round-robin_failure_1788021012331,round-robin,server-2,GET,/api/work,200,27,,2
1788021027756,ui_round-robin_failure_1788021012331,round-robin,server-3,GET,/api/work,200,26,,2
1788021027759,ui_round-robin_failure_1788021012331,round-robin,server-1,GET,/api/work,200,26,,3
1788021027762,ui_round-robin_failure_1788021012331,round-robin,server-2,GET,/api/work,200,27,,3
1788021027766,ui_round-robin_failure_1788021012331,round-robin,server-3,GET,/api/work,200,26,,2
1788021027772,ui_round-robin_failure_1788021012331,round-robin,server-1,GET,/api/work,200,25,,2
1788021027778,ui_round-robin_failure_1788021012331,round-robin,server-3,GET,/api/work,200,25,,2
1788021027777,ui_round-robin_failure_1788021012331,round-robin,server-2,GET,/api/work,200,26,,3
1788021027779,ui_round-robin_failure_1788021012331,round-robin,server-1,GET,/api/work,200,26,,2
1788021027783,ui_round-robin_failure_1788021012331,round-robin,server-3,GET,/api/work,200,26,,2
1788021027783,ui_round-robin_failure_1788021012331,round-robin,server-2,GET,/api/work,200,26,,3
1788021027786,ui_round-robin_failure_1788021012331,round-robin,server-2,GET,/api/work,200,25,,2
1788021027785,ui_round-robin_failure_1788021012331,round-robin,server-1,GET,/api/work,200,27,,3
1788021027793,ui_round-robin_failure_1788021012331,round-robin,server-3,GET,/api/work,200,26,,3
1788021027797,ui_round-robin_failure_1788021012331,round-robin,server-1,GET,/api/work,200,26,,3
1788021027803,ui_round-robin_failure_1788021012331,round-robin,server-2,GET,/api/work,200,26,,3
1788021027806,ui_round-robin_failure_1788021012331,round-robin,server-1,GET,/api/work,200,25,,2
1788021027806,ui_round-robin_failure_1788021012331,round-robin,server-3,GET,/api/work,200,26,,3
1788021027808,ui_round-robin_failure_1788021012331,round-robin,server-2,GET,/api/work,200,27,,3
1788021027810,ui_round-robin_failure_1788021012331,round-robin,server-1,GET,/api/work,200,25,,2
1788021027810,ui_round-robin_failure_1788021012331,round-robin,server-3,GET,/api/work,200,25,,2
1788021027812,ui_round-robin_failure_1788021012331,round-robin,server-2,GET,/api/work,200,27,,2
1788021027816,ui_round-robin_failure_1788021012331,round-robin,server-3,GET,/api/work,200,27,,3
1788021027819,ui_round-robin_failure_1788021012331,round-robin,server-1,GET,/api/work,200,26,,3
1788021027823,ui_round-robin_failure_1788021012331,round-robin,server-2,GET,/api/work,200,27,,2
1788021027828,ui_round-robin_failure_1788021012331,round-robin,server-3,GET,/api/work,200,26,,2
1788021027835,ui_round-robin_failure_1788021012331,round-robin,server-2,GET,/api/work,200,25,,2
1788021027835,ui_round-robin_failure_1788021012331,round-robin,server-1,GET,/api/work,200,26,,2
1788021027836,ui_round-robin_failure_1788021012331,round-robin,server-3,GET,/api/work,200,26,,2
1788021027839,ui_round-robin_failure_1788021012331,round-robin,server-1,GET,/api/work,200,26,,2
1788021027840,ui_round-robin_failure_1788021012331,round-robin,server-2,GET,/api/work,200,25,,2
1788021027843,ui_round-robin_failure_1788021012331,round-robin,server-3,GET,/api/work,200,25,,3
1788021027843,ui_round-robin_failure_1788021012331,round-robin,server-1,GET,/api/work,200,26,,2
1788021027850,ui_round-robin_failure_1788021012331,round-robin,server-2,GET,/api/work,200,26,,3
1788021027854,ui_round-robin_failure_1788021012331,round-robin,server-3,GET,/api/work,200,27,,3
1788021027861,ui_round-robin_failure_1788021012331,round-robin,server-1,GET,/api/work,200,26,,3
1788021027862,ui_round-robin_failure_1788021012331,round-robin,server-3,GET,/api/work,200,26,,2
1788021027862,ui_round-robin_failure_1788021012331,round-robin,server-2,GET,/api/work,200,26,,3
1788021027866,ui_round-robin_failure_1788021012331,round-robin,server-3,GET,/api/work,200,26,,2
1788021027866,ui_round-robin_failure_1788021012331,round-robin,server-1,GET,/api/work,200,26,,3
1788021027866,ui_round-robin_failure_1788021012331,round-robin,server-2,GET,/api/work,200,27,,3
1788021027869,ui_round-robin_failure_1788021012331,round-robin,server-1,GET,/api/work,200,27,,2
1788021027874,ui_round-robin_failure_1788021012331,round-robin,server-2,GET,/api/work,200,26,,3
1788021027876,ui_round-robin_failure_1788021012331,round-robin,server-3,GET,/api/work,200,26,,3
1788021027880,ui_round-robin_failure_1788021012331,round-robin,server-1,GET,/api/work,200,26,,2
1788021027884,ui_round-robin_failure_1788021012331,round-robin,server-2,GET,/api/work,200,27,,2
1788021027891,ui_round-robin_failure_1788021012331,round-robin,server-1,GET,/api/work,200,26,,2
1788021027891,ui_round-robin_failure_1788021012331,round-robin,server-2,GET,/api/work,200,26,,2
1788021027891,ui_round-robin_failure_1788021012331,round-robin,server-3,GET,/api/work,200,27,,2
1788021027896,ui_round-robin_failure_1788021012331,round-robin,server-3,GET,/api/work,200,26,,2
1788021027896,ui_round-robin_failure_1788021012331,round-robin,server-1,GET,/api/work,200,27,,2
1788021027899,ui_round-robin_failure_1788021012331,round-robin,server-2,GET,/api/work,200,26,,3
1788021027900,ui_round-robin_failure_1788021012331,round-robin,server-3,GET,/api/work,200,26,,2
1788021027907,ui_round-robin_failure_1788021012331,round-robin,server-1,GET,/api/work,200,26,,3
1788021027911,ui_round-robin_failure_1788021012331,round-robin,server-2,GET,/api/work,200,26,,3
1788021027918,ui_round-robin_failure_1788021012331,round-robin,server-3,GET,/api/work,200,26,,3
1788021027919,ui_round-robin_failure_1788021012331,round-robin,server-1,GET,/api/work,200,25,,3
1788021027919,ui_round-robin_failure_1788021012331,round-robin,server-2,GET,/api/work,200,26,,2
1788021027923,ui_round-robin_failure_1788021012331,round-robin,server-2,GET,/api/work,200,26,,2
1788021027923,ui_round-robin_failure_1788021012331,round-robin,server-3,GET,/api/work,200,27,,3
1788021027923,ui_round-robin_failure_1788021012331,round-robin,server-1,GET,/api/work,200,27,,3
1788021027926,ui_round-robin_failure_1788021012331,round-robin,server-3,GET,/api/work,200,26,,2
1788021027931,ui_round-robin_failure_1788021012331,round-robin,server-1,GET,/api/work,200,27,,3
1788021027933,ui_round-robin_failure_1788021012331,round-robin,server-2,GET,/api/work,200,26,,3
1788021027937,ui_round-robin_failure_1788021012331,round-robin,server-3,GET,/api/work,200,26,,3
1788021027941,ui_round-robin_failure_1788021012331,round-robin,server-1,GET,/api/work,200,26,,2
1788021027949,ui_round-robin_failure_1788021012331,round-robin,server-3,GET,/api/work,200,25,,2
1788021027949,ui_round-robin_failure_1788021012331,round-robin,server-2,GET,/api/work,200,26,,2
1788021027949,ui_round-robin_failure_1788021012331,round-robin,server-1,GET,/api/work,200,27,,2
1788021027953,ui_round-robin_failure_1788021012331,round-robin,server-2,GET,/api/work,200,26,,2
1788021027954,ui_round-robin_failure_1788021012331,round-robin,server-3,GET,/api/work,200,26,,2
1788021027956,ui_round-robin_failure_1788021012331,round-robin,server-1,GET,/api/work,200,26,,3
1788021027957,ui_round-robin_failure_1788021012331,round-robin,server-2,GET,/api/work,200,27,,3
1788021027963,ui_round-robin_failure_1788021012331,round-robin,server-3,GET,/api/work,200,26,,3
1788021027968,ui_round-robin_failure_1788021012331,round-robin,server-1,GET,/api/work,200,27,,3
1788021027976,ui_round-robin_failure_1788021012331,round-robin,server-2,GET,/api/work,200,25,,3
1788021027977,ui_round-robin_failure_1788021012331,round-robin,server-1,GET,/api/work,200,25,,2
1788021027976,ui_round-robin_failure_1788021012331,round-robin,server-3,GET,/api/work,200,27,,3
1788021027979,ui_round-robin_failure_1788021012331,round-robin,server-2,GET,/api/work,200,27,,2
1788021027981,ui_round-robin_failure_1788021012331,round-robin,server-3,GET,/api/work,200,26,,3
1788021027982,ui_round-robin_failure_1788021012331,round-robin,server-1,GET,/api/work,200,25,,2
1788021027983,ui_round-robin_failure_1788021012331,round-robin,server-2,GET,/api/work,200,27,,2
1788021027988,ui_round-robin_failure_1788021012331,round-robin,server-3,GET,/api/work,200,26,,3
1788021027990,ui_round-robin_failure_1788021012331,round-robin,server-1,GET,/api/work,200,26,,3
1788021027994,ui_round-robin_failure_1788021012331,round-robin,server-2,GET,/api/work,200,26,,3
1788021027998,ui_round-robin_failure_1788021012331,round-robin,server-3,GET,/api/work,200,27,,2
1788021028007,ui_round-robin_failure_1788021012331,round-robin,server-2,GET,/api/work,200,25,,2
1788021028006,ui_round-robin_failure_1788021012331,round-robin,server-1,GET,/api/work,200,27,,2
1788021028007,ui_round-robin_failure_1788021012331,round-robin,server-3,GET,/api/work,200,27,,2
1788021028011,ui_round-robin_failure_1788021012331,round-robin,server-1,GET,/api/work,200,25,,3
1788021028011,ui_round-robin_failure_1788021012331,round-robin,server-2,GET,/api/work,200,27,,2
1788021028014,ui_round-robin_failure_1788021012331,round-robin,server-1,GET,/api/work,200,25,,2
1788021028013,ui_round-robin_failure_1788021012331,round-robin,server-3,GET,/api/work,200,26,,3
1788021028020,ui_round-robin_failure_1788021012331,round-robin,server-2,GET,/api/work,200,26,,3
1788021028026,ui_round-robin_failure_1788021012331,round-robin,server-3,GET,/api/work,200,25,,3
1788021028033,ui_round-robin_failure_1788021012331,round-robin,server-1,GET,/api/work,200,26,,3
1788021028033,ui_round-robin_failure_1788021012331,round-robin,server-2,GET,/api/work,200,26,,3
1788021028034,ui_round-robin_failure_1788021012331,round-robin,server-3,GET,/api/work,200,26,,2
1788021028036,ui_round-robin_failure_1788021012331,round-robin,server-1,GET,/api/work,200,26,,2
1788021028038,ui_round-robin_failure_1788021012331,round-robin,server-3,GET,/api/work,200,26,,2
1788021028038,ui_round-robin_failure_1788021012331,round-robin,server-2,GET,/api/work,200,27,,2
1788021028041,ui_round-robin_failure_1788021012331,round-robin,server-1,GET,/api/work,200,26,,2
1788021028045,ui_round-robin_failure_1788021012331,round-robin,server-2,GET,/api/work,200,27,,3
1788021028046,ui_round-robin_failure_1788021012331,round-robin,server-3,GET,/api/work,200,27,,3
1788021028051,ui_round-robin_failure_1788021012331,round-robin,server-1,GET,/api/work,200,26,,2
1788021028056,ui_round-robin_failure_1788021012331,round-robin,server-2,GET,/api/work,200,26,,2
1788021028063,ui_round-robin_failure_1788021012331,round-robin,server-3,GET,/api/work,200,26,,2
1788021028064,ui_round-robin_failure_1788021012331,round-robin,server-1,GET,/api/work,200,26,,3
1788021028065,ui_round-robin_failure_1788021012331,round-robin,server-2,GET,/api/work,200,26,,3
1788021028067,ui_round-robin_failure_1788021012331,round-robin,server-3,GET,/api/work,200,26,,2
1788021028068,ui_round-robin_failure_1788021012331,round-robin,server-1,GET,/api/work,200,26,,3
1788021028070,ui_round-robin_failure_1788021012331,round-robin,server-3,GET,/api/work,200,25,,2
1788021028069,ui_round-robin_failure_1788021012331,round-robin,server-2,GET,/api/work,200,27,,2
1788021028078,ui_round-robin_failure_1788021012331,round-robin,server-1,GET,/api/work,200,25,,3
1788021028082,ui_round-robin_failure_1788021012331,round-robin,server-2,GET,/api/work,200,26,,3
1788021028090,ui_round-robin_failure_1788021012331,round-robin,server-2,GET,/api/work,200,26,,2
1788021028090,ui_round-robin_failure_1788021012331,round-robin,server-3,GET,/api/work,200,26,,3
1788021028090,ui_round-robin_failure_1788021012331,round-robin,server-1,GET,/api/work,200,26,,3
1788021028094,ui_round-robin_failure_1788021012331,round-robin,server-1,GET,/api/work,200,25,,2
1788021028093,ui_round-robin_failure_1788021012331,round-robin,server-3,GET,/api/work,200,26,,2
1788021028096,ui_round-robin_failure_1788021012331,round-robin,server-2,GET,/api/work,200,26,,2
1788021028098,ui_round-robin_failure_1788021012331,round-robin,server-3,GET,/api/work,200,25,,2
1788021028102,ui_round-robin_failure_1788021012331,round-robin,server-1,GET,/api/work,200,26,,3
1788021028102,ui_round-robin_failure_1788021012331,round-robin,server-2,GET,/api/work,200,27,,3
1788021028109,ui_round-robin_failure_1788021012331,round-robin,server-3,GET,/api/work,200,26,,3
1788021028113,ui_round-robin_failure_1788021012331,round-robin,server-1,GET,/api/work,200,26,,3
1788021028120,ui_round-robin_failure_1788021012331,round-robin,server-2,GET,/api/work,200,26,,2
1788021028121,ui_round-robin_failure_1788021012331,round-robin,server-3,GET,/api/work,200,26,,3
1788021028121,ui_round-robin_failure_1788021012331,round-robin,server-1,GET,/api/work,200,27,,3
1788021028124,ui_round-robin_failure_1788021012331,round-robin,server-2,GET,/api/work,200,25,,2
1788021028125,ui_round-robin_failure_1788021012331,round-robin,server-3,GET,/api/work,200,26,,3
1788021028125,ui_round-robin_failure_1788021012331,round-robin,server-1,GET,/api/work,200,27,,2
1788021028127,ui_round-robin_failure_1788021012331,round-robin,server-2,GET,/api/work,200,25,,2
1788021028133,ui_round-robin_failure_1788021012331,round-robin,server-3,GET,/api/work,200,26,,2
1788021028139,ui_round-robin_failure_1788021012331,round-robin,server-1,GET,/api/work,200,25,,3
1788021028147,ui_round-robin_failure_1788021012331,round-robin,server-2,GET,/api/work,200,26,,3
1788021028147,ui_round-robin_failure_1788021012331,round-robin,server-3,GET,/api/work,200,26,,3
1788021028147,ui_round-robin_failure_1788021012331,round-robin,server-1,GET,/api/work,200,27,,2
1788021028150,ui_round-robin_failure_1788021012331,round-robin,server-2,GET,/api/work,200,25,,2
1788021028150,ui_round-robin_failure_1788021012331,round-robin,server-3,GET,/api/work,200,26,,2
1788021028152,ui_round-robin_failure_1788021012331,round-robin,server-1,GET,/api/work,200,25,,1
1788021028154,ui_round-robin_failure_1788021012331,round-robin,server-2,GET,/api/work,200,26,,2
1788021028160,ui_round-robin_failure_1788021012331,round-robin,server-3,GET,/api/work,200,25,,3
1788021028160,ui_round-robin_failure_1788021012331,round-robin,server-1,GET,/api/work,200,26,,3
1788021028166,ui_round-robin_failure_1788021012331,round-robin,server-2,GET,/api/work,200,25,,2
1788021028170,ui_round-robin_failure_1788021012331,round-robin,server-3,GET,/api/work,200,27,,3
1788021028177,ui_round-robin_failure_1788021012331,round-robin,server-1,GET,/api/work,200,26,,2
1788021028179,ui_round-robin_failure_1788021012331,round-robin,server-3,GET,/api/work,200,26,,3
1788021028179,ui_round-robin_failure_1788021012331,round-robin,server-1,GET,/api/work,200,27,,3
1788021028179,ui_round-robin_failure_1788021012331,round-robin,server-2,GET,/api/work,200,27,,3
1788021028183,ui_round-robin_failure_1788021012331,round-robin,server-3,GET,/api/work,200,26,,3
1788021028183,ui_round-robin_failure_1788021012331,round-robin,server-2,GET,/api/work,200,26,,3
1788021028183,ui_round-robin_failure_1788021012331,round-robin,server-1,GET,/api/work,200,27,,2
1788021028191,ui_round-robin_failure_1788021012331,round-robin,server-2,GET,/api/work,200,26,,3
1788021028195,ui_round-robin_failure_1788021012331,round-robin,server-3,GET,/api/work,200,26,,3
1788021028204,ui_round-robin_failure_1788021012331,round-robin,server-1,GET,/api/work,200,25,,3
1788021028204,ui_round-robin_failure_1788021012331,round-robin,server-2,GET,/api/work,200,26,,3
1788021028204,ui_round-robin_failure_1788021012331,round-robin,server-3,GET,/api/work,200,27,,2
1788021028205,ui_round-robin_failure_1788021012331,round-robin,server-1,GET,/api/work,200,26,,2
1788021028206,ui_round-robin_failure_1788021012331,round-robin,server-2,GET,/api/work,200,27,,2
1788021028208,ui_round-robin_failure_1788021012331,round-robin,server-3,GET,/api/work,200,26,,2
1788021028210,ui_round-robin_failure_1788021012331,round-robin,server-1,GET,/api/work,200,26,,1
1788021028216,ui_round-robin_failure_1788021012331,round-robin,server-2,GET,/api/work,200,26,,3
1788021028217,ui_round-robin_failure_1788021012331,round-robin,server-3,GET,/api/work,200,26,,3
1788021028223,ui_round-robin_failure_1788021012331,round-robin,server-1,GET,/api/work,200,26,,3
1788021028227,ui_round-robin_failure_1788021012331,round-robin,server-2,GET,/api/work,200,26,,3
1788021028233,ui_round-robin_failure_1788021012331,round-robin,server-3,GET,/api/work,200,26,,2
1788021028238,ui_round-robin_failure_1788021012331,round-robin,server-1,GET,/api/work,200,27,,4
1788021028238,ui_round-robin_failure_1788021012331,round-robin,server-2,GET,/api/work,200,27,,4
1788021028238,ui_round-robin_failure_1788021012331,round-robin,server-3,GET,/api/work,200,27,,3
1788021028238,ui_round-robin_failure_1788021012331,round-robin,server-1,GET,/api/work,200,28,,3
1788021028240,ui_round-robin_failure_1788021012331,round-robin,server-3,GET,/api/work,200,27,,2
1788021028240,ui_round-robin_failure_1788021012331,round-robin,server-2,GET,/api/work,200,28,,3
1788021028249,ui_round-robin_failure_1788021012331,round-robin,server-1,GET,/api/work,200,25,,3
1788021028251,ui_round-robin_failure_1788021012331,round-robin,server-2,GET,/api/work,200,26,,3
1788021028261,ui_round-robin_failure_1788021012331,round-robin,server-1,GET,/api/work,200,26,,3
1788021028261,ui_round-robin_failure_1788021012331,round-robin,server-3,GET,/api/work,200,27,,3
1788021028261,ui_round-robin_failure_1788021012331,round-robin,server-3,GET,/api/work,200,27,,2
1788021028261,ui_round-robin_failure_1788021012331,round-robin,server-2,GET,/api/work,200,28,,2
1788021028264,ui_round-robin_failure_1788021012331,round-robin,server-2,GET,/api/work,200,26,,1
1788021028264,ui_round-robin_failure_1788021012331,round-robin,server-1,GET,/api/work,200,27,,2
1788021028268,ui_round-robin_failure_1788021012331,round-robin,server-3,GET,/api/work,200,26,,1
1788021028273,ui_round-robin_failure_1788021012331,round-robin,server-1,GET,/api/work,200,26,,3
1788021028273,ui_round-robin_failure_1788021012331,round-robin,server-2,GET,/api/work,200,28,,3
1788021028280,ui_round-robin_failure_1788021012331,round-robin,server-3,GET,/api/work,200,26,,3
1788021028284,ui_round-robin_failure_1788021012331,round-robin,server-1,GET,/api/work,200,27,,3
1788021028291,ui_round-robin_failure_1788021012331,round-robin,server-2,GET,/api/work,200,26,,2
1788021028298,ui_round-robin_failure_1788021012331,round-robin,server-2,GET,/api/work,200,26,,3
1788021028298,ui_round-robin_failure_1788021012331,round-robin,server-3,GET,/api/work,200,27,,4
1788021028299,ui_round-robin_failure_1788021012331,round-robin,server-2,GET,/api/work,200,26,,2
1788021028298,ui_round-robin_failure_1788021012331,round-robin,server-3,GET,/api/work,200,28,,3
1788021028298,ui_round-robin_failure_1788021012331,round-robin,server-1,GET,/api/work,200,28,,4
1788021028298,ui_round-robin_failure_1788021012331,round-robin,server-1,GET,/api/work,200,29,,3
1788021028305,ui_round-robin_failure_1788021012331,round-robin,server-3,GET,/api/work,200,26,,3
1788021028308,ui_round-robin_failure_1788021012331,round-robin,server-1,GET,/api/work,200,25,,3
1788021028319,ui_round-robin_failure_1788021012331,round-robin,server-1,GET,/api/work,200,26,,2
1788021028319,ui_round-robin_failure_1788021012331,round-robin,server-3,GET,/api/work,200,26,,3
1788021028319,ui_round-robin_failure_1788021012331,round-robin,server-2,GET,/api/work,200,27,,3
1788021028319,ui_round-robin_failure_1788021012331,round-robin,server-2,GET,/api/work,200,27,,2
1788021028321,ui_round-robin_failure_1788021012331,round-robin,server-1,GET,/api/work,200,25,,1
1788021028321,ui_round-robin_failure_1788021012331,round-robin,server-3,GET,/api/work,200,26,,2
1788021028326,ui_round-robin_failure_1788021012331,round-robin,server-2,GET,/api/work,200,26,,1
1788021028330,ui_round-robin_failure_1788021012331,round-robin,server-3,GET,/api/work,200,25,,1
1788021028331,ui_round-robin_failure_1788021012331,round-robin,server-1,GET,/api/work,200,27,,2
1788021028338,ui_round-robin_failure_1788021012331,round-robin,server-2,GET,/api/work,200,25,,3
1788021028341,ui_round-robin_failure_1788021012331,round-robin,server-3,GET,/api/work,200,26,,3
1788021028348,ui_round-robin_failure_1788021012331,round-robin,server-1,GET,/api/work,200,26,,2
1788021028355,ui_round-robin_failure_1788021012331,round-robin,server-2,GET,/api/work,200,27,,4
1788021028357,ui_round-robin_failure_1788021012331,round-robin,server-2,GET,/api/work,200,26,,3
1788021028357,ui_round-robin_failure_1788021012331,round-robin,server-1,GET,/api/work,200,27,,3
1788021028357,ui_round-robin_failure_1788021012331,round-robin,server-3,GET,/api/work,200,27,,4
1788021028358,ui_round-robin_failure_1788021012331,round-robin,server-3,GET,/api/work,200,26,,3
1788021028358,ui_round-robin_failure_1788021012331,round-robin,server-1,GET,/api/work,200,27,,3
1788021028362,ui_round-robin_failure_1788021012331,round-robin,server-2,GET,/api/work,200,25,,3
1788021028364,ui_round-robin_failure_1788021012331,round-robin,server-3,GET,/api/work,200,25,,3
1788021028375,ui_round-robin_failure_1788021012331,round-robin,server-1,GET,/api/work,200,25,,3
1788021028376,ui_round-robin_failure_1788021012331,round-robin,server-3,GET,/api/work,200,26,,2
1788021028376,ui_round-robin_failure_1788021012331,round-robin,server-2,GET,/api/work,200,26,,3
1788021028377,ui_round-robin_failure_1788021012331,round-robin,server-3,GET,/api/work,200,26,,1
1788021028377,ui_round-robin_failure_1788021012331,round-robin,server-1,GET,/api/work,200,26,,2
1788021028377,ui_round-robin_failure_1788021012331,round-robin,server-2,GET,/api/work,200,26,,2
1788021028384,ui_round-robin_failure_1788021012331,round-robin,server-1,GET,/api/work,200,27,,1
1788021028385,ui_round-robin_failure_1788021012331,round-robin,server-2,GET,/api/work,200,26,,1
1788021028389,ui_round-robin_failure_1788021012331,round-robin,server-3,GET,/api/work,200,26,,1
1788021028394,ui_round-robin_failure_1788021012331,round-robin,server-1,GET,/api/work,200,26,,3
1788021028396,ui_round-robin_failure_1788021012331,round-robin,server-2,GET,/api/work,200,26,,3
1788021028405,ui_round-robin_failure_1788021012331,round-robin,server-3,GET,/api/work,200,26,,3
1788021028411,ui_round-robin_failure_1788021012331,round-robin,server-1,GET,/api/work,200,26,,4
1788021028414,ui_round-robin_failure_1788021012331,round-robin,server-2,GET,/api/work,200,26,,4
1788021028416,ui_round-robin_failure_1788021012331,round-robin,server-3,GET,/api/work,200,26,,4
1788021028417,ui_round-robin_failure_1788021012331,round-robin,server-3,GET,/api/work,200,25,,3
1788021028416,ui_round-robin_failure_1788021012331,round-robin,server-2,GET,/api/work,200,27,,3
1788021028416,ui_round-robin_failure_1788021012331,round-robin,server-1,GET,/api/work,200,27,,4
1788021028418,ui_round-robin_failure_1788021012331,round-robin,server-1,GET,/api/work,200,26,,3
1788021028419,ui_round-robin_failure_1788021012331,round-robin,server-2,GET,/api/work,200,26,,2
1788021028430,ui_round-robin_failure_1788021012331,round-robin,server-3,GET,/api/work,200,27,,3
1788021028434,ui_round-robin_failure_1788021012331,round-robin,server-2,GET,/api/work,200,26,,2
1788021028434,ui_round-robin_failure_1788021012331,round-robin,server-2,GET,/api/work,200,27,,1
1788021028434,ui_round-robin_failure_1788021012331,round-robin,server-3,GET,/api/work,200,27,,2
1788021028434,ui_round-robin_failure_1788021012331,round-robin,server-1,GET,/api/work,200,28,,3
1788021028434,ui_round-robin_failure_1788021012331,round-robin,server-1,GET,/api/work,200,28,,2
1788021028442,ui_round-robin_failure_1788021012331,round-robin,server-3,GET,/api/work,200,26,,1
1788021028442,ui_round-robin_failure_1788021012331,round-robin,server-1,GET,/api/work,200,26,,1
1788021028446,ui_round-robin_failure_1788021012331,round-robin,server-2,GET,/api/work,200,27,,1
1788021028451,ui_round-robin_failure_1788021012331,round-robin,server-3,GET,/api/work,200,25,,3
1788021028453,ui_round-robin_failure_1788021012331,round-robin,server-1,GET,/api/work,200,26,,3
1788021028462,ui_round-robin_failure_1788021012331,round-robin,server-2,GET,/api/work,200,26,,3
1788021028469,ui_round-robin_failure_1788021012331,round-robin,server-3,GET,/api/work,200,26,,4
1788021028471,ui_round-robin_failure_1788021012331,round-robin,server-1,GET,/api/work,200,27,,4
1788021028473,ui_round-robin_failure_1788021012331,round-robin,server-3,GET,/api/work,200,26,,3
1788021028474,ui_round-robin_failure_1788021012331,round-robin,server-1,GET,/api/work,200,25,,3
1788021028473,ui_round-robin_failure_1788021012331,round-robin,server-2,GET,/api/work,200,27,,4
1788021028474,ui_round-robin_failure_1788021012331,round-robin,server-2,GET,/api/work,200,27,,3
1788021028475,ui_round-robin_failure_1788021012331,round-robin,server-3,GET,/api/work,200,26,,3
1788021028475,ui_round-robin_failure_1788021012331,round-robin,server-1,GET,/api/work,200,26,,2
1788021028487,ui_round-robin_failure_1788021012331,round-robin,server-2,GET,/api/work,200,26,,3
1788021028492,ui_round-robin_failure_1788021012331,round-robin,server-3,GET,/api/work,200,26,,3
1788021028493,ui_round-robin_failure_1788021012331,round-robin,server-2,GET,/api/work,200,25,,2
1788021028492,ui_round-robin_failure_1788021012331,round-robin,server-1,GET,/api/work,200,27,,2
1788021028493,ui_round-robin_failure_1788021012331,round-robin,server-3,GET,/api/work,200,26,,2
1788021028493,ui_round-robin_failure_1788021012331,round-robin,server-1,GET,/api/work,200,26,,1
1788021028500,ui_round-robin_failure_1788021012331,round-robin,server-2,GET,/api/work,200,26,,2
1788021028500,ui_round-robin_failure_1788021012331,round-robin,server-3,GET,/api/work,200,27,,1
1788021028503,ui_round-robin_failure_1788021012331,round-robin,server-1,GET,/api/work,200,26,,1
1788021028508,ui_round-robin_failure_1788021012331,round-robin,server-2,GET,/api/work,200,25,,3
1788021028510,ui_round-robin_failure_1788021012331,round-robin,server-3,GET,/api/work,200,26,,3
1788021028519,ui_round-robin_failure_1788021012331,round-robin,server-1,GET,/api/work,200,26,,3
1788021028525,ui_round-robin_failure_1788021012331,round-robin,server-2,GET,/api/work,200,26,,4
1788021028528,ui_round-robin_failure_1788021012331,round-robin,server-3,GET,/api/work,200,26,,4
1788021028530,ui_round-robin_failure_1788021012331,round-robin,server-1,GET,/api/work,200,27,,3
1788021028532,ui_round-robin_failure_1788021012331,round-robin,server-1,GET,/api/work,200,25,,2
1788021028531,ui_round-robin_failure_1788021012331,round-robin,server-3,GET,/api/work,200,27,,3
1788021028531,ui_round-robin_failure_1788021012331,round-robin,server-2,GET,/api/work,200,27,,4
1788021028533,ui_round-robin_failure_1788021012331,round-robin,server-2,GET,/api/work,200,26,,3
1788021028533,ui_round-robin_failure_1788021012331,round-robin,server-3,GET,/api/work,200,27,,2
1788021028544,ui_round-robin_failure_1788021012331,round-robin,server-1,GET,/api/work,200,25,,3
1788021028549,ui_round-robin_failure_1788021012331,round-robin,server-2,GET,/api/work,200,27,,3
1788021028551,ui_round-robin_failure_1788021012331,round-robin,server-3,GET,/api/work,200,25,,3
1788021028551,ui_round-robin_failure_1788021012331,round-robin,server-2,GET,/api/work,200,26,,2
1788021028551,ui_round-robin_failure_1788021012331,round-robin,server-1,GET,/api/work,200,26,,2
1788021028551,ui_round-robin_failure_1788021012331,round-robin,server-3,GET,/api/work,200,26,,2
1788021028557,ui_round-robin_failure_1788021012331,round-robin,server-1,GET,/api/work,200,26,,2
1788021028558,ui_round-robin_failure_1788021012331,round-robin,server-2,GET,/api/work,200,27,,2
1788021028560,ui_round-robin_failure_1788021012331,round-robin,server-3,GET,/api/work,200,26,,1
1788021028564,ui_round-robin_failure_1788021012331,round-robin,server-1,GET,/api/work,200,26,,3
1788021028567,ui_round-robin_failure_1788021012331,round-robin,server-2,GET,/api/work,200,25,,3
1788021028576,ui_round-robin_failure_1788021012331,round-robin,server-3,GET,/api/work,200,26,,3
1788021028582,ui_round-robin_failure_1788021012331,round-robin,server-1,GET,/api/work,200,26,,4
1788021028584,ui_round-robin_failure_1788021012331,round-robin,server-2,GET,/api/work,200,27,,4
1788021028587,ui_round-robin_failure_1788021012331,round-robin,server-3,GET,/api/work,200,27,,4
1788021028589,ui_round-robin_failure_1788021012331,round-robin,server-3,GET,/api/work,200,25,,3
1788021028589,ui_round-robin_failure_1788021012331,round-robin,server-2,GET,/api/work,200,26,,3
1788021028588,ui_round-robin_failure_1788021012331,round-robin,server-1,GET,/api/work,200,27,,4
1788021028589,ui_round-robin_failure_1788021012331,round-robin,server-1,GET,/api/work,200,27,,3
1788021028590,ui_round-robin_failure_1788021012331,round-robin,server-2,GET,/api/work,200,27,,2
1788021028601,ui_round-robin_failure_1788021012331,round-robin,server-3,GET,/api/work,200,25,,3
1788021028608,ui_round-robin_failure_1788021012331,round-robin,server-3,GET,/api/work,200,25,,2
1788021028607,ui_round-robin_failure_1788021012331,round-robin,server-2,GET,/api/work,200,26,,2
1788021028608,ui_round-robin_failure_1788021012331,round-robin,server-2,GET,/api/work,200,26,,1
1788021028607,ui_round-robin_failure_1788021012331,round-robin,server-1,GET,/api/work,200,27,,3
1788021028608,ui_round-robin_failure_1788021012331,round-robin,server-1,GET,/api/work,200,27,,2
1788021028613,ui_round-robin_failure_1788021012331,round-robin,server-3,GET,/api/work,200,27,,2
1788021028615,ui_round-robin_failure_1788021012331,round-robin,server-1,GET,/api/work,200,28,,1
1788021028617,ui_round-robin_failure_1788021012331,round-robin,server-2,GET,/api/work,200,26,,1
1788021028620,ui_round-robin_failure_1788021012331,round-robin,server-3,GET,/api/work,200,26,,1
1788021028622,ui_round-robin_failure_1788021012331,round-robin,server-1,GET,/api/work,200,25,,0
1788021028634,ui_round-robin_failure_1788021012331,round-robin,server-2,GET,/api/work,200,26,,0
1788021028639,ui_round-robin_failure_1788021012331,round-robin,server-3,GET,/api/work,200,27,,0
