timestamp,runId,algorithm,serverId,method,path,statusCode,responseTimeMs,error,activeConnections
1788020830002,ui_round-robin_burst_1788020829991,round-robin,server-3,GET,/api/work,200,27,,2
1788020830004,ui_round-robin_burst_1788020829991,round-robin,server-2,GET,/api/work,200,31,,1
1788020830002,ui_round-robin_burst_1788020829991,round-robin,server-1,GET,/api/work,200,35,,2
1788020830010,ui_round-robin_burst_1788020829991,round-robin,server-1,GET,/api/work,200,33,,1
1788020830011,ui_round-robin_burst_1788020829991,round-robin,server-2,GET,/api/work,200,33,,0
1788020830010,ui_round-robin_burst_1788020829991,round-robin,server-3,GET,/api/work,200,37,,1
1788020830012,ui_round-robin_burst_1788020829991,round-robin,server-3,GET,/api/work,200,38,,0
1788020830012,ui_round-robin_burst_1788020829991,round-robin,server-1,GET,/api/work,200,40,,0
1788020830150,ui_round-robin_burst_1788020829991,round-robin,server-2,GET,/api/work,200,27,,2
1788020830159,ui_round-robin_burst_1788020829991,round-robin,server-1,GET,/api/work,200,27,,1
1788020830159,ui_round-robin_burst_1788020829991,round-robin,server-3,GET,/api/work,200,28,,2
1788020830171,ui_round-robin_burst_1788020829991,round-robin,server-2,GET,/api/work,200,27,,1
1788020830171,ui_round-robin_burst_1788020829991,round-robin,server-3,GET,/api/work,200,28,,1
1788020830173,ui_round-robin_burst_1788020829991,round-robin,server-1,GET,/api/work,200,28,,0
1788020830174,ui_round-robin_burst_1788020829991,round-robin,server-3,GET,/api/work,200,28,,0
1788020830174,ui_round-robin_burst_1788020829991,round-robin,server-2,GET,/api/work,200,30,,0
1788020830299,ui_round-robin_burst_1788020829991,round-robin,server-1,GET,/api/work,200,28,,2
1788020830310,ui_round-robin_burst_1788020829991,round-robin,server-2,GET,/api/work,200,29,,2
1788020830311,ui_round-robin_burst_1788020829991,round-robin,server-3,GET,/api/work,200,30,,1
1788020830320,ui_round-robin_burst_1788020829991,round-robin,server-1,GET,/api/work,200,29,,1
1788020830321,ui_round-robin_burst_1788020829991,round-robin,server-2,GET,/api/work,200,32,,1
1788020830323,ui_round-robin_burst_1788020829991,round-robin,server-3,GET,/api/work,200,33,,0
1788020830325,ui_round-robin_burst_1788020829991,round-robin,server-1,GET,/api/work,200,34,,0
1788020830326,ui_round-robin_burst_1788020829991,round-robin,server-2,GET,/api/work,200,36,,0
1788020830451,ui_round-robin_burst_1788020829991,round-robin,server-3,GET,/api/work,200,28,,1
1788020830464,ui_round-robin_burst_1788020829991,round-robin,server-1,GET,/api/work,200,29,,2
1788020830465,ui_round-robin_burst_1788020829991,round-robin,server-2,GET,/api/work,200,31,,1
1788020830476,ui_round-robin_burst_1788020829991,round-robin,server-3,GET,/api/work,200,29,,1
1788020830481,ui_round-robin_burst_1788020829991,round-robin,server-1,GET,/api/work,200,30,,1
1788020830488,ui_round-robin_burst_1788020829991,round-robin,server-2,GET,/api/work,200,29,,0
1788020830489,ui_round-robin_burst_1788020829991,round-robin,server-3,GET,/api/work,200,31,,0
1788020830490,ui_round-robin_burst_1788020829991,round-robin,server-1,GET,/api/work,200,33,,0
1788020830601,ui_round-robin_burst_1788020829991,round-robin,server-2,GET,/api/work,200,29,,1
1788020830616,ui_round-robin_burst_1788020829991,round-robin,server-3,GET,/api/work,200,29,,1
1788020830619,ui_round-robin_burst_1788020829991,round-robin,server-1,GET,/api/work,200,30,,1
1788020830629,ui_round-robin_burst_1788020829991,round-robin,server-2,GET,/api/work,200,29,,1
1788020830635,ui_round-robin_burst_1788020829991,round-robin,server-3,GET,/api/work,200,30,,1
1788020830643,ui_round-robin_burst_1788020829991,round-robin,server-1,GET,/api/work,200,29,,0
1788020830647,ui_round-robin_burst_1788020829991,round-robin,server-2,GET,/api/work,200,30,,0
1788020830651,ui_round-robin_burst_1788020829991,round-robin,server-3,GET,/api/work,200,33,,0
1788020830753,ui_round-robin_burst_1788020829991,round-robin,server-1,GET,/api/work,200,27,,0
1788020830767,ui_round-robin_burst_1788020829991,round-robin,server-2,GET,/api/work,200,28,,1
1788020830774,ui_round-robin_burst_1788020829991,round-robin,server-3,GET,/api/work,200,29,,1
1788020830782,ui_round-robin_burst_1788020829991,round-robin,server-1,GET,/api/work,200,30,,1
1788020830788,ui_round-robin_burst_1788020829991,round-robin,server-2,GET,/api/work,200,32,,1
1788020830797,ui_round-robin_burst_1788020829991,round-robin,server-3,GET,/api/work,200,29,,0
1788020830800,ui_round-robin_burst_1788020829991,round-robin,server-1,GET,/api/work,200,29,,0
1788020830807,ui_round-robin_burst_1788020829991,round-robin,server-2,GET,/api/work,200,29,,0
1788020830904,ui_round-robin_burst_1788020829991,round-robin,server-3,GET,/api/work,200,28,,0
1788020830917,ui_round-robin_burst_1788020829991,round-robin,server-1,GET,/api/work,200,28,,1
1788020830925,ui_round-robin_burst_1788020829991,round-robin,server-2,GET,/api/work,200,28,,1
1788020830934,ui_round-robin_burst_1788020829991,round-robin,server-3,GET,/api/work,200,27,,1
1788020830942,ui_round-robin_burst_1788020829991,round-robin,server-1,GET,/api/work,200,30,,1
1788020830948,ui_round-robin_burst_1788020829991,round-robin,server-2,GET,/api/work,200,28,,0
1788020830952,ui_round-robin_burst_1788020829991,round-robin,server-3,GET,/api/work,200,28,,0
1788020830959,ui_round-robin_burst_1788020829991,round-robin,server-1,GET,/api/work,200,28,,0
1788020831055,ui_round-robin_burst_1788020829991,round-robin,server-2,GET,/api/work,200,27,,0
1788020831066,ui_round-robin_burst_1788020829991,round-robin,server-3,GET,/api/work,200,27,,0
1788020831074,ui_round-robin_burst_1788020829991,round-robin,server-1,GET,/api/work,200,27,,1
1788020831082,ui_round-robin_burst_1788020829991,round-robin,server-2,GET,/api/work,200,28,,1
1788020831094,ui_round-robin_burst_1788020829991,round-robin,server-3,GET,/api/work,200,27,,1
1788020831098,ui_round-robin_burst_1788020829991,round-robin,server-1,GET,/api/work,200,26,,0
1788020831101,ui_round-robin_burst_1788020829991,round-robin,server-2,GET,/api/work,200,27,,0
1788020831109,ui_round-robin_burst_1788020829991,round-robin,server-3,GET,/api/work,200,26,,0
1788020831203,ui_round-robin_burst_1788020829991,round-robin,server-1,GET,/api/work,200,28,,0
1788020831215,ui_round-robin_burst_1788020829991,round-robin,server-2,GET,/api/work,200,29,,1
1788020831221,ui_round-robin_burst_1788020829991,round-robin,server-3,GET,/api/work,200,28,,1
1788020831234,ui_round-robin_burst_1788020829991,round-robin,server-1,GET,/api/work,200,29,,1
1788020831242,ui_round-robin_burst_1788020829991,round-robin,server-2,GET,/api/work,200,29,,1
1788020831246,ui_round-robin_burst_1788020829991,round-robin,server-3,GET,/api/work,200,28,,0
1788020831251,ui_round-robin_burst_1788020829991,round-robin,server-1,GET,/api/work,200,29,,0
1788020831257,ui_round-robin_burst_1788020829991,round-robin,server-2,GET,/api/work,200,29,,0
1788020831354,ui_round-robin_burst_1788020829991,round-robin,server-3,GET,/api/work,200,28,,0
1788020831366,ui_round-robin_burst_1788020829991,round-robin,server-1,GET,/api/work,200,33,,1
1788020831372,ui_round-robin_burst_1788020829991,round-robin,server-2,GET,/api/work,200,31,,1
1788020831384,ui_round-robin_burst_1788020829991,round-robin,server-3,GET,/api/work,200,29,,1
1788020831394,ui_round-robin_burst_1788020829991,round-robin,server-1,GET,/api/work,200,30,,1
1788020831397,ui_round-robin_burst_1788020829991,round-robin,server-2,GET,/api/work,200,30,,0
1788020831401,ui_round-robin_burst_1788020829991,round-robin,server-3,GET,/api/work,200,31,,0
1788020831408,ui_round-robin_burst_1788020829991,round-robin,server-1,GET,/api/work,200,29,,0
1788020831505,ui_round-robin_burst_1788020829991,round-robin,server-2,GET,/api/work,200,28,,0
1788020831521,ui_round-robin_burst_1788020829991,round-robin,server-3,GET,/api/work,200,30,,1
1788020831527,ui_round-robin_burst_1788020829991,round-robin,server-1,GET,/api/work,200,29,,1
1788020831537,ui_round-robin_burst_1788020829991,round-robin,server-2,GET,/api/work,200,29,,1
1788020831549,ui_round-robin_burst_1788020829991,round-robin,server-1,GET,/api/work,200,28,,0
1788020831547,ui_round-robin_burst_1788020829991,round-robin,server-3,GET,/api/work,200,32,,1
1788020831553,ui_round-robin_burst_1788020829991,round-robin,server-2,GET,/api/work,200,30,,0
1788020831560,ui_round-robin_burst_1788020829991,round-robin,server-3,GET,/api/work,200,29,,0
1788020831656,ui_round-robin_burst_1788020829991,round-robin,server-1,GET,/api/work,200,29,,0
1788020831674,ui_round-robin_burst_1788020829991,round-robin,server-2,GET,/api/work,200,29,,1
1788020831678,ui_round-robin_burst_1788020829991,round-robin,server-3,GET,/api/work,200,28,,1
1788020831694,ui_round-robin_burst_1788020829991,round-robin,server-1,GET,/api/work,200,30,,1
1788020831701,ui_round-robin_burst_1788020829991,round-robin,server-2,GET,/api/work,200,30,,1
1788020831702,ui_round-robin_burst_1788020829991,round-robin,server-3,GET,/api/work,200,30,,0
1788020831708,ui_round-robin_burst_1788020829991,round-robin,server-1,GET,/api/work,200,29,,0
1788020831713,ui_round-robin_burst_1788020829991,round-robin,server-2,GET,/api/work,200,30,,0
1788020831807,ui_round-robin_burst_1788020829991,round-robin,server-3,GET,/api/work,200,29,,0
1788020831825,ui_round-robin_burst_1788020829991,round-robin,server-1,GET,/api/work,200,29,,0
1788020831830,ui_round-robin_burst_1788020829991,round-robin,server-2,GET,/api/work,200,31,,1
1788020831847,ui_round-robin_burst_1788020829991,round-robin,server-3,GET,/api/work,200,28,,1
1788020831858,ui_round-robin_burst_1788020829991,round-robin,server-1,GET,/api/work,200,30,,1
1788020831859,ui_round-robin_burst_1788020829991,round-robin,server-2,GET,/api/work,200,30,,0
1788020831862,ui_round-robin_burst_1788020829991,round-robin,server-3,GET,/api/work,200,30,,0
1788020831865,ui_round-robin_burst_1788020829991,round-robin,server-1,GET,/api/work,200,30,,0
1788020831957,ui_round-robin_burst_1788020829991,round-robin,server-2,GET,/api/work,200,29,,0
1788020831979,ui_round-robin_burst_1788020829991,round-robin,server-3,GET,/api/work,200,27,,0
1788020831984,ui_round-robin_burst_1788020829991,round-robin,server-1,GET,/api/work,200,27,,0
1788020831996,ui_round-robin_burst_1788020829991,round-robin,server-2,GET,/api/work,200,28,,1
1788020832013,ui_round-robin_burst_1788020829991,round-robin,server-3,GET,/api/work,200,29,,1
1788020832014,ui_round-robin_burst_1788020829991,round-robin,server-1,GET,/api/work,200,29,,0
1788020832015,ui_round-robin_burst_1788020829991,round-robin,server-2,GET,/api/work,200,31,,0
1788020832017,ui_round-robin_burst_1788020829991,round-robin,server-3,GET,/api/work,200,31,,0
1788020832108,ui_round-robin_burst_1788020829991,round-robin,server-1,GET,/api/work,200,30,,0
1788020832129,ui_round-robin_burst_1788020829991,round-robin,server-2,GET,/api/work,200,29,,0
1788020832133,ui_round-robin_burst_1788020829991,round-robin,server-3,GET,/api/work,200,35,,0
1788020832166,ui_round-robin_burst_1788020829991,round-robin,server-2,GET,/api/work,200,30,,1
1788020832173,ui_round-robin_burst_1788020829991,round-robin,server-2,GET,/api/work,200,27,,0
1788020832147,ui_round-robin_burst_1788020829991,round-robin,server-1,GET,/api/work,200,58,,1
1788020832171,ui_round-robin_burst_1788020829991,round-robin,server-1,GET,/api/work,200,35,,0
1788020832171,ui_round-robin_burst_1788020829991,round-robin,server-3,GET,/api/work,200,36,,0
1788020832260,ui_round-robin_burst_1788020829991,round-robin,server-3,GET,/api/work,200,26,,0
1788020832280,ui_round-robin_burst_1788020829991,round-robin,server-1,GET,/api/work,200,26,,0
1788020832291,ui_round-robin_burst_1788020829991,round-robin,server-2,GET,/api/work,200,27,,0
1788020832317,ui_round-robin_burst_1788020829991,round-robin,server-3,GET,/api/work,200,27,,1
1788020832321,ui_round-robin_burst_1788020829991,round-robin,server-1,GET,/api/work,200,26,,1
1788020832327,ui_round-robin_burst_1788020829991,round-robin,server-3,GET,/api/work,200,26,,0
1788020832327,ui_round-robin_burst_1788020829991,round-robin,server-2,GET,/api/work,200,27,,0
1788020832328,ui_round-robin_burst_1788020829991,round-robin,server-1,GET,/api/work,200,27,,0
1788020832407,ui_round-robin_burst_1788020829991,round-robin,server-2,GET,/api/work,200,26,,0
1788020832427,ui_round-robin_burst_1788020829991,round-robin,server-3,GET,/api/work,200,27,,0
1788020832438,ui_round-robin_burst_1788020829991,round-robin,server-1,GET,/api/work,200,26,,0
1788020832465,ui_round-robin_burst_1788020829991,round-robin,server-2,GET,/api/work,200,27,,1
1788020832468,ui_round-robin_burst_1788020829991,round-robin,server-3,GET,/api/work,200,27,,1
1788020832474,ui_round-robin_burst_1788020829991,round-robin,server-1,GET,/api/work,200,28,,0
1788020832475,ui_round-robin_burst_1788020829991,round-robin,server-2,GET,/api/work,200,28,,0
1788020832475,ui_round-robin_burst_1788020829991,round-robin,server-3,GET,/api/work,200,29,,0
1788020832555,ui_round-robin_burst_1788020829991,round-robin,server-1,GET,/api/work,200,29,,0
1788020832576,ui_round-robin_burst_1788020829991,round-robin,server-2,GET,/api/work,200,29,,0
1788020832586,ui_round-robin_burst_1788020829991,round-robin,server-3,GET,/api/work,200,29,,0
1788020832618,ui_round-robin_burst_1788020829991,round-robin,server-2,GET,/api/work,200,29,,1
1788020832613,ui_round-robin_burst_1788020829991,round-robin,server-1,GET,/api/work,200,36,,1
1788020832624,ui_round-robin_burst_1788020829991,round-robin,server-3,GET,/api/work,200,31,,0
1788020832626,ui_round-robin_burst_1788020829991,round-robin,server-1,GET,/api/work,200,32,,0
1788020832629,ui_round-robin_burst_1788020829991,round-robin,server-2,GET,/api/work,200,31,,0
1788020832707,ui_round-robin_burst_1788020829991,round-robin,server-3,GET,/api/work,200,28,,0
1788020832727,ui_round-robin_burst_1788020829991,round-robin,server-1,GET,/api/work,200,29,,0
1788020832739,ui_round-robin_burst_1788020829991,round-robin,server-2,GET,/api/work,200,29,,0
1788020832772,ui_round-robin_burst_1788020829991,round-robin,server-3,GET,/api/work,200,28,,1
1788020832773,ui_round-robin_burst_1788020829991,round-robin,server-1,GET,/api/work,200,30,,1
1788020832778,ui_round-robin_burst_1788020829991,round-robin,server-2,GET,/api/work,200,29,,0
1788020832780,ui_round-robin_burst_1788020829991,round-robin,server-3,GET,/api/work,200,30,,0
1788020832783,ui_round-robin_burst_1788020829991,round-robin,server-1,GET,/api/work,200,28,,0
1788020832857,ui_round-robin_burst_1788020829991,round-robin,server-2,GET,/api/work,200,29,,0
1788020832878,ui_round-robin_burst_1788020829991,round-robin,server-3,GET,/api/work,200,29,,0
1788020832890,ui_round-robin_burst_1788020829991,round-robin,server-1,GET,/api/work,200,30,,0
1788020832922,ui_round-robin_burst_1788020829991,round-robin,server-2,GET,/api/work,200,30,,1
1788020832926,ui_round-robin_burst_1788020829991,round-robin,server-3,GET,/api/work,200,30,,1
1788020832929,ui_round-robin_burst_1788020829991,round-robin,server-1,GET,/api/work,200,30,,0
1788020832934,ui_round-robin_burst_1788020829991,round-robin,server-2,GET,/api/work,200,28,,0
1788020832935,ui_round-robin_burst_1788020829991,round-robin,server-3,GET,/api/work,200,29,,0
1788020833009,ui_round-robin_burst_1788020829991,round-robin,server-1,GET,/api/work,200,28,,0
1788020833028,ui_round-robin_burst_1788020829991,round-robin,server-2,GET,/api/work,200,27,,0
1788020833043,ui_round-robin_burst_1788020829991,round-robin,server-3,GET,/api/work,200,26,,0
1788020833073,ui_round-robin_burst_1788020829991,round-robin,server-1,GET,/api/work,200,27,,1
1788020833078,ui_round-robin_burst_1788020829991,round-robin,server-2,GET,/api/work,200,27,,1
1788020833079,ui_round-robin_burst_1788020829991,round-robin,server-3,GET,/api/work,200,27,,0
1788020833085,ui_round-robin_burst_1788020829991,round-robin,server-1,GET,/api/work,200,26,,0
1788020833086,ui_round-robin_burst_1788020829991,round-robin,server-2,GET,/api/work,200,28,,0
1788020833157,ui_round-robin_burst_1788020829991,round-robin,server-3,GET,/api/work,200,26,,0
1788020833175,ui_round-robin_burst_1788020829991,round-robin,server-1,GET,/api/work,200,27,,0
1788020833190,ui_round-robin_burst_1788020829991,round-robin,server-2,GET,/api/work,200,27,,0
1788020833221,ui_round-robin_burst_1788020829991,round-robin,server-3,GET,/api/work,200,28,,1
1788020833226,ui_round-robin_burst_1788020829991,round-robin,server-1,GET,/api/work,200,29,,1
1788020833227,ui_round-robin_burst_1788020829991,round-robin,server-2,GET,/api/work,200,29,,0
1788020833232,ui_round-robin_burst_1788020829991,round-robin,server-3,GET,/api/work,200,28,,0
1788020833236,ui_round-robin_burst_1788020829991,round-robin,server-1,GET,/api/work,200,28,,0
1788020833305,ui_round-robin_burst_1788020829991,round-robin,server-2,GET,/api/work,200,28,,0
1788020833323,ui_round-robin_burst_1788020829991,round-robin,server-3,GET,/api/work,200,28,,0
1788020833339,ui_round-robin_burst_1788020829991,round-robin,server-1,GET,/api/work,200,28,,0
1788020833370,ui_round-robin_burst_1788020829991,round-robin,server-2,GET,/api/work,200,30,,1
1788020833380,ui_round-robin_burst_1788020829991,round-robin,server-3,GET,/api/work,200,28,,1
1788020833381,ui_round-robin_burst_1788020829991,round-robin,server-1,GET,/api/work,200,30,,0
1788020833382,ui_round-robin_burst_1788020829991,round-robin,server-2,GET,/api/work,200,30,,0
1788020833387,ui_round-robin_burst_1788020829991,round-robin,server-3,GET,/api/work,200,29,,0
1788020833456,ui_round-robin_burst_1788020829991,round-robin,server-1,GET,/api/work,200,27,,0
1788020833473,ui_round-robin_burst_1788020829991,round-robin,server-2,GET,/api/work,200,28,,0
1788020833489,ui_round-robin_burst_1788020829991,round-robin,server-3,GET,/api/work,200,28,,0
1788020833522,ui_round-robin_burst_1788020829991,round-robin,server-1,GET,/api/work,200,29,,1
1788020833530,ui_round-robin_burst_1788020829991,round-robin,server-2,GET,/api/work,200,29,,1
1788020833533,ui_round-robin_burst_1788020829991,round-robin,server-3,GET,/api/work,200,28,,0
1788020833535,ui_round-robin_burst_1788020829991,round-robin,server-1,GET,/api/work,200,28,,0
1788020833539,ui_round-robin_burst_1788020829991,round-robin,server-2,GET,/api/work,200,29,,0
1788020833606,ui_round-robin_burst_1788020829991,round-robin,server-3,GET,/api/work,200,28,,0
1788020833624,ui_round-robin_burst_1788020829991,round-robin,server-1,GET,/api/work,200,28,,0
1788020833639,ui_round-robin_burst_1788020829991,round-robin,server-2,GET,/api/work,200,28,,0
1788020833672,ui_round-robin_burst_1788020829991,round-robin,server-3,GET,/api/work,200,28,,1
1788020833681,ui_round-robin_burst_1788020829991,round-robin,server-1,GET,/api/work,200,27,,1
1788020833684,ui_round-robin_burst_1788020829991,round-robin,server-2,GET,/api/work,200,27,,0
1788020833685,ui_round-robin_burst_1788020829991,round-robin,server-3,GET,/api/work,200,28,,0
1788020833691,ui_round-robin_burst_1788020829991,round-robin,server-1,GET,/api/work,200,29,,0
1788020833757,ui_round-robin_burst_1788020829991,round-robin,server-2,GET,/api/work,200,27,,0
1788020833775,ui_round-robin_burst_1788020829991,round-robin,server-3,GET,/api/work,200,30,,0
1788020833789,ui_round-robin_burst_1788020829991,round-robin,server-1,GET,/api/work,200,30,,0
1788020833821,ui_round-robin_burst_1788020829991,round-robin,server-2,GET,/api/work,200,29,,1
1788020833832,ui_round-robin_burst_1788020829991,round-robin,server-1,GET,/api/work,200,27,,0
1788020833831,ui_round-robin_burst_1788020829991,round-robin,server-3,GET,/api/work,200,30,,1
1788020833834,ui_round-robin_burst_1788020829991,round-robin,server-2,GET,/api/work,200,29,,0
1788020833841,ui_round-robin_burst_1788020829991,round-robin,server-3,GET,/api/work,200,29,,0
1788020833906,ui_round-robin_burst_1788020829991,round-robin,server-1,GET,/api/work,200,29,,0
1788020833927,ui_round-robin_burst_1788020829991,round-robin,server-2,GET,/api/work,200,28,,0
1788020833941,ui_round-robin_burst_1788020829991,round-robin,server-3,GET,/api/work,200,27,,0
1788020833972,ui_round-robin_burst_1788020829991,round-robin,server-1,GET,/api/work,200,29,,1
1788020833983,ui_round-robin_burst_1788020829991,round-robin,server-2,GET,/api/work,200,30,,1
1788020833986,ui_round-robin_burst_1788020829991,round-robin,server-1,GET,/api/work,200,29,,0
1788020833986,ui_round-robin_burst_1788020829991,round-robin,server-3,GET,/api/work,200,30,,0
1788020833993,ui_round-robin_burst_1788020829991,round-robin,server-2,GET,/api/work,200,30,,0
1788020834057,ui_round-robin_burst_1788020829991,round-robin,server-3,GET,/api/work,200,29,,0
1788020834076,ui_round-robin_burst_1788020829991,round-robin,server-1,GET,/api/work,200,28,,0
1788020834089,ui_round-robin_burst_1788020829991,round-robin,server-2,GET,/api/work,200,28,,0
1788020834122,ui_round-robin_burst_1788020829991,round-robin,server-3,GET,/api/work,200,28,,1
1788020834135,ui_round-robin_burst_1788020829991,round-robin,server-1,GET,/api/work,200,27,,1
1788020834140,ui_round-robin_burst_1788020829991,round-robin,server-2,GET,/api/work,200,27,,0
1788020834140,ui_round-robin_burst_1788020829991,round-robin,server-3,GET,/api/work,200,29,,0
1788020834146,ui_round-robin_burst_1788020829991,round-robin,server-1,GET,/api/work,200,29,,0
1788020834207,ui_round-robin_burst_1788020829991,round-robin,server-2,GET,/api/work,200,28,,0
1788020834225,ui_round-robin_burst_1788020829991,round-robin,server-3,GET,/api/work,200,30,,0
1788020834239,ui_round-robin_burst_1788020829991,round-robin,server-1,GET,/api/work,200,29,,0
1788020834273,ui_round-robin_burst_1788020829991,round-robin,server-2,GET,/api/work,200,29,,1
1788020834285,ui_round-robin_burst_1788020829991,round-robin,server-3,GET,/api/work,200,30,,1
1788020834290,ui_round-robin_burst_1788020829991,round-robin,server-1,GET,/api/work,200,30,,0
1788020834293,ui_round-robin_burst_1788020829991,round-robin,server-2,GET,/api/work,200,36,,0
1788020834297,ui_round-robin_burst_1788020829991,round-robin,server-3,GET,/api/work,200,38,,0
1788020834357,ui_round-robin_burst_1788020829991,round-robin,server-1,GET,/api/work,200,28,,0
1788020834376,ui_round-robin_burst_1788020829991,round-robin,server-2,GET,/api/work,200,27,,0
1788020834391,ui_round-robin_burst_1788020829991,round-robin,server-3,GET,/api/work,200,26,,0
1788020834425,ui_round-robin_burst_1788020829991,round-robin,server-1,GET,/api/work,200,26,,0
1788020834439,ui_round-robin_burst_1788020829991,round-robin,server-2,GET,/api/work,200,26,,1
1788020834444,ui_round-robin_burst_1788020829991,round-robin,server-3,GET,/api/work,200,27,,0
1788020834452,ui_round-robin_burst_1788020829991,round-robin,server-1,GET,/api/work,200,27,,0
1788020834458,ui_round-robin_burst_1788020829991,round-robin,server-2,GET,/api/work,200,26,,0
1788020834505,ui_round-robin_burst_1788020829991,round-robin,server-3,GET,/api/work,200,26,,0
1788020834524,ui_round-robin_burst_1788020829991,round-robin,server-1,GET,/api/work,200,28,,0
1788020834538,ui_round-robin_burst_1788020829991,round-robin,server-2,GET,/api/work,200,28,,0
1788020834572,ui_round-robin_burst_1788020829991,round-robin,server-3,GET,/api/work,200,28,,0
1788020834586,ui_round-robin_burst_1788020829991,round-robin,server-1,GET,/api/work,200,28,,1
1788020834592,ui_round-robin_burst_1788020829991,round-robin,server-2,GET,/api/work,200,29,,0
1788020834602,ui_round-robin_burst_1788020829991,round-robin,server-3,GET,/api/work,200,29,,0
1788020834606,ui_round-robin_burst_1788020829991,round-robin,server-1,GET,/api/work,200,28,,0
1788020834652,ui_round-robin_burst_1788020829991,round-robin,server-2,GET,/api/work,200,29,,0
1788020834674,ui_round-robin_burst_1788020829991,round-robin,server-3,GET,/api/work,200,28,,0
1788020834688,ui_round-robin_burst_1788020829991,round-robin,server-1,GET,/api/work,200,27,,0
1788020834722,ui_round-robin_burst_1788020829991,round-robin,server-2,GET,/api/work,200,29,,0
1788020834737,ui_round-robin_burst_1788020829991,round-robin,server-3,GET,/api/work,200,29,,1
1788020834742,ui_round-robin_burst_1788020829991,round-robin,server-1,GET,/api/work,200,29,,0
1788020834753,ui_round-robin_burst_1788020829991,round-robin,server-2,GET,/api/work,200,30,,0
1788020834756,ui_round-robin_burst_1788020829991,round-robin,server-3,GET,/api/work,200,29,,0
1788020834803,ui_round-robin_burst_1788020829991,round-robin,server-1,GET,/api/work,200,28,,0
1788020834824,ui_round-robin_burst_1788020829991,round-robin,server-2,GET,/api/work,200,29,,0
1788020834837,ui_round-robin_burst_1788020829991,round-robin,server-3,GET,/api/work,200,28,,0
1788020834874,ui_round-robin_burst_1788020829991,round-robin,server-1,GET,/api/work,200,27,,0
1788020834888,ui_round-robin_burst_1788020829991,round-robin,server-2,GET,/api/work,200,28,,1
1788020834892,ui_round-robin_burst_1788020829991,round-robin,server-3,GET,/api/work,200,28,,0
1788020834905,ui_round-robin_burst_1788020829991,round-robin,server-1,GET,/api/work,200,28,,0
1788020834906,ui_round-robin_burst_1788020829991,round-robin,server-2,GET,/api/work,200,29,,0
1788020834954,ui_round-robin_burst_1788020829991,round-robin,server-3,GET,/api/work,200,28,,0
1788020834975,ui_round-robin_burst_1788020829991,round-robin,server-1,GET,/api/work,200,29,,0
1788020834986,ui_round-robin_burst_1788020829991,round-robin,server-2,GET,/api/work,200,29,,0
1788020835023,ui_round-robin_burst_1788020829991,round-robin,server-3,GET,/api/work,200,29,,0
1788020835037,ui_round-robin_burst_1788020829991,round-robin,server-1,GET,/api/work,200,27,,1
1788020835042,ui_round-robin_burst_1788020829991,round-robin,server-2,GET,/api/work,200,28,,0
1788020835054,ui_round-robin_burst_1788020829991,round-robin,server-3,GET,/api/work,200,27,,0
1788020835056,ui_round-robin_burst_1788020829991,round-robin,server-1,GET,/api/work,200,27,,0
1788020835103,ui_round-robin_burst_1788020829991,round-robin,server-2,GET,/api/work,200,27,,0
1788020835125,ui_round-robin_burst_1788020829991,round-robin,server-3,GET,/api/work,200,26,,0
1788020835137,ui_round-robin_burst_1788020829991,round-robin,server-1,GET,/api/work,200,25,,0
1788020835173,ui_round-robin_burst_1788020829991,round-robin,server-2,GET,/api/work,200,28,,0
1788020835185,ui_round-robin_burst_1788020829991,round-robin,server-3,GET,/api/work,200,27,,1
1788020835191,ui_round-robin_burst_1788020829991,round-robin,server-1,GET,/api/work,200,27,,0
1788020835203,ui_round-robin_burst_1788020829991,round-robin,server-2,GET,/api/work,200,28,,0
1788020835204,ui_round-robin_burst_1788020829991,round-robin,server-3,GET,/api/work,200,29,,0
1788020835251,ui_round-robin_burst_1788020829991,round-robin,server-1,GET,/api/work,200,29,,0
1788020835272,ui_round-robin_burst_1788020829991,round-robin,server-2,GET,/api/work,200,29,,0
1788020835284,ui_round-robin_burst_1788020829991,round-robin,server-3,GET,/api/work,200,29,,0
1788020835323,ui_round-robin_burst_1788020829991,round-robin,server-1,GET,/api/work,200,28,,0
1788020835333,ui_round-robin_burst_1788020829991,round-robin,server-2,GET,/api/work,200,27,,1
1788020835340,ui_round-robin_burst_1788020829991,round-robin,server-3,GET,/api/work,200,27,,0
1788020835353,ui_round-robin_burst_1788020829991,round-robin,server-1,GET,/api/work,200,26,,0
1788020835354,ui_round-robin_burst_1788020829991,round-robin,server-2,GET,/api/work,200,26,,0
1788020835401,ui_round-robin_burst_1788020829991,round-robin,server-3,GET,/api/work,200,27,,0
1788020835422,ui_round-robin_burst_1788020829991,round-robin,server-1,GET,/api/work,200,27,,0
1788020835435,ui_round-robin_burst_1788020829991,round-robin,server-2,GET,/api/work,200,27,,0
1788020835472,ui_round-robin_burst_1788020829991,round-robin,server-3,GET,/api/work,200,26,,0
1788020835481,ui_round-robin_burst_1788020829991,round-robin,server-1,GET,/api/work,200,27,,1
1788020835488,ui_round-robin_burst_1788020829991,round-robin,server-2,GET,/api/work,200,27,,0
1788020835500,ui_round-robin_burst_1788020829991,round-robin,server-1,GET,/api/work,200,26,,0
1788020835500,ui_round-robin_burst_1788020829991,round-robin,server-3,GET,/api/work,200,27,,0
1788020835549,ui_round-robin_burst_1788020829991,round-robin,server-2,GET,/api/work,200,26,,0
1788020835570,ui_round-robin_burst_1788020829991,round-robin,server-3,GET,/api/work,200,26,,0
1788020835583,ui_round-robin_burst_1788020829991,round-robin,server-1,GET,/api/work,200,27,,0
1788020835620,ui_round-robin_burst_1788020829991,round-robin,server-2,GET,/api/work,200,26,,0
1788020835628,ui_round-robin_burst_1788020829991,round-robin,server-3,GET,/api/work,200,26,,1
1788020835636,ui_round-robin_burst_1788020829991,round-robin,server-1,GET,/api/work,200,29,,0
1788020835646,ui_round-robin_burst_1788020829991,round-robin,server-2,GET,/api/work,200,27,,0
1788020835648,ui_round-robin_burst_1788020829991,round-robin,server-3,GET,/api/work,200,27,,0
1788020835696,ui_round-robin_burst_1788020829991,round-robin,server-1,GET,/api/work,200,27,,0
1788020835717,ui_round-robin_burst_1788020829991,round-robin,server-2,GET,/api/work,200,27,,0
1788020835730,ui_round-robin_burst_1788020829991,round-robin,server-3,GET,/api/work,200,26,,0
1788020835767,ui_round-robin_burst_1788020829991,round-robin,server-1,GET,/api/work,200,26,,0
1788020835775,ui_round-robin_burst_1788020829991,round-robin,server-2,GET,/api/work,200,27,,1
1788020835786,ui_round-robin_burst_1788020829991,round-robin,server-3,GET,/api/work,200,27,,0
1788020835794,ui_round-robin_burst_1788020829991,round-robin,server-1,GET,/api/work,200,27,,0
1788020835796,ui_round-robin_burst_1788020829991,round-robin,server-2,GET,/api/work,200,27,,0
1788020835844,ui_round-robin_burst_1788020829991,round-robin,server-3,GET,/api/work,200,26,,0
1788020835865,ui_round-robin_burst_1788020829991,round-robin,server-1,GET,/api/work,200,27,,0
1788020835877,ui_round-robin_burst_1788020829991,round-robin,server-2,GET,/api/work,200,27,,0
1788020835914,ui_round-robin_burst_1788020829991,round-robin,server-3,GET,/api/work,200,27,,0
1788020835923,ui_round-robin_burst_1788020829991,round-robin,server-1,GET,/api/work,200,26,,1
1788020835934,ui_round-robin_burst_1788020829991,round-robin,server-2,GET,/api/work,200,27,,0
1788020835942,ui_round-robin_burst_1788020829991,round-robin,server-3,GET,/api/work,200,26,,0
1788020835944,ui_round-robin_burst_1788020829991,round-robin,server-1,GET,/api/work,200,26,,0
1788020835991,ui_round-robin_burst_1788020829991,round-robin,server-2,GET,/api/work,200,26,,0
1788020836012,ui_round-robin_burst_1788020829991,round-robin,server-3,GET,/api/work,200,25,,0
1788020836025,ui_round-robin_burst_1788020829991,round-robin,server-1,GET,/api/work,200,26,,0
1788020836062,ui_round-robin_burst_1788020829991,round-robin,server-2,GET,/api/work,200,26,,0
1788020836070,ui_round-robin_burst_1788020829991,round-robin,server-3,GET,/api/work,200,26,,1
1788020836081,ui_round-robin_burst_1788020829991,round-robin,server-1,GET,/api/work,200,26,,0
1788020836089,ui_round-robin_burst_1788020829991,round-robin,server-2,GET,/api/work,200,26,,0
1788020836091,ui_round-robin_burst_1788020829991,round-robin,server-3,GET,/api/work,200,27,,0
1788020836138,ui_round-robin_burst_1788020829991,round-robin,server-1,GET,/api/work,200,26,,0
1788020836159,ui_round-robin_burst_1788020829991,round-robin,server-2,GET,/api/work,200,26,,0
1788020836172,ui_round-robin_burst_1788020829991,round-robin,server-3,GET,/api/work,200,27,,0
1788020836209,ui_round-robin_burst_1788020829991,round-robin,server-1,GET,/api/work,200,27,,0
1788020836217,ui_round-robin_burst_1788020829991,round-robin,server-2,GET,/api/work,200,27,,1
1788020836228,ui_round-robin_burst_1788020829991,round-robin,server-3,GET,/api/work,200,26,,0
1788020836236,ui_round-robin_burst_1788020829991,round-robin,server-1,GET,/api/work,200,27,,0
1788020836239,ui_round-robin_burst_1788020829991,round-robin,server-2,GET,/api/work,200,26,,0
1788020836285,ui_round-robin_burst_1788020829991,round-robin,server-3,GET,/api/work,200,27,,0
1788020836306,ui_round-robin_burst_1788020829991,round-robin,server-1,GET,/api/work,200,26,,0
1788020836320,ui_round-robin_burst_1788020829991,round-robin,server-2,GET,/api/work,200,25,,0
1788020836358,ui_round-robin_burst_1788020829991,round-robin,server-3,GET,/api/work,200,26,,1
1788020836364,ui_round-robin_burst_1788020829991,round-robin,server-1,GET,/api/work,200,26,,1
1788020836375,ui_round-robin_burst_1788020829991,round-robin,server-2,GET,/api/work,200,27,,0
1788020836384,ui_round-robin_burst_1788020829991,round-robin,server-3,GET,/api/work,200,27,,0
1788020836386,ui_round-robin_burst_1788020829991,round-robin,server-1,GET,/api/work,200,28,,0
1788020836434,ui_round-robin_burst_1788020829991,round-robin,server-2,GET,/api/work,200,26,,0
1788020836454,ui_round-robin_burst_1788020829991,round-robin,server-3,GET,/api/work,200,27,,0
1788020836466,ui_round-robin_burst_1788020829991,round-robin,server-1,GET,/api/work,200,26,,0
1788020836505,ui_round-robin_burst_1788020829991,round-robin,server-2,GET,/api/work,200,26,,0
1788020836511,ui_round-robin_burst_1788020829991,round-robin,server-3,GET,/api/work,200,26,,1
1788020836523,ui_round-robin_burst_1788020829991,round-robin,server-1,GET,/api/work,200,27,,0
1788020836533,ui_round-robin_burst_1788020829991,round-robin,server-2,GET,/api/work,200,26,,0
1788020836534,ui_round-robin_burst_1788020829991,round-robin,server-3,GET,/api/work,200,27,,0
1788020836581,ui_round-robin_burst_1788020829991,round-robin,server-1,GET,/api/work,200,27,,0
1788020836602,ui_round-robin_burst_1788020829991,round-robin,server-2,GET,/api/work,200,27,,0
1788020836613,ui_round-robin_burst_1788020829991,round-robin,server-3,GET,/api/work,200,26,,0
1788020836652,ui_round-robin_burst_1788020829991,round-robin,server-1,GET,/api/work,200,26,,0
1788020836658,ui_round-robin_burst_1788020829991,round-robin,server-2,GET,/api/work,200,27,,1
1788020836672,ui_round-robin_burst_1788020829991,round-robin,server-3,GET,/api/work,200,26,,0
1788020836680,ui_round-robin_burst_1788020829991,round-robin,server-1,GET,/api/work,200,26,,0
1788020836680,ui_round-robin_burst_1788020829991,round-robin,server-2,GET,/api/work,200,27,,0
1788020836729,ui_round-robin_burst_1788020829991,round-robin,server-3,GET,/api/work,200,26,,0
1788020836749,ui_round-robin_burst_1788020829991,round-robin,server-1,GET,/api/work,200,27,,0
1788020836760,ui_round-robin_burst_1788020829991,round-robin,server-2,GET,/api/work,200,26,,0
1788020836799,ui_round-robin_burst_1788020829991,round-robin,server-3,GET,/api/work,200,27,,0
1788020836806,ui_round-robin_burst_1788020829991,round-robin,server-1,GET,/api/work,200,26,,1
1788020836819,ui_round-robin_burst_1788020829991,round-robin,server-2,GET,/api/work,200,26,,0
1788020836826,ui_round-robin_burst_1788020829991,round-robin,server-3,GET,/api/work,200,28,,0
1788020836828,ui_round-robin_burst_1788020829991,round-robin,server-1,GET,/api/work,200,27,,0
1788020836877,ui_round-robin_burst_1788020829991,round-robin,server-2,GET,/api/work,200,26,,0
1788020836897,ui_round-robin_burst_1788020829991,round-robin,server-3,GET,/api/work,200,27,,0
1788020836907,ui_round-robin_burst_1788020829991,round-robin,server-1,GET,/api/work,200,26,,0
1788020836947,ui_round-robin_burst_1788020829991,round-robin,server-2,GET,/api/work,200,25,,0
1788020836952,ui_round-robin_burst_1788020829991,round-robin,server-3,GET,/api/work,200,27,,1
1788020836966,ui_round-robin_burst_1788020829991,round-robin,server-1,GET,/api/work,200,27,,0
1788020836974,ui_round-robin_burst_1788020829991,round-robin,server-2,GET,/api/work,200,27,,0
1788020836974,ui_round-robin_burst_1788020829991,round-robin,server-3,GET,/api/work,200,27,,0
1788020837024,ui_round-robin_burst_1788020829991,round-robin,server-1,GET,/api/work,200,27,,0
1788020837044,ui_round-robin_burst_1788020829991,round-robin,server-2,GET,/api/work,200,27,,0
1788020837055,ui_round-robin_burst_1788020829991,round-robin,server-3,GET,/api/work,200,26,,0
1788020837093,ui_round-robin_burst_1788020829991,round-robin,server-1,GET,/api/work,200,26,,0
1788020837100,ui_round-robin_burst_1788020829991,round-robin,server-2,GET,/api/work,200,27,,1
1788020837114,ui_round-robin_burst_1788020829991,round-robin,server-3,GET,/api/work,200,27,,0
1788020837121,ui_round-robin_burst_1788020829991,round-robin,server-1,GET,/api/work,200,26,,0
1788020837122,ui_round-robin_burst_1788020829991,round-robin,server-2,GET,/api/work,200,26,,0
1788020837172,ui_round-robin_burst_1788020829991,round-robin,server-3,GET,/api/work,200,27,,0
1788020837191,ui_round-robin_burst_1788020829991,round-robin,server-1,GET,/api/work,200,26,,0
1788020837203,ui_round-robin_burst_1788020829991,round-robin,server-2,GET,/api/work,200,26,,0
1788020837240,ui_round-robin_burst_1788020829991,round-robin,server-3,GET,/api/work,200,25,,0
1788020837247,ui_round-robin_burst_1788020829991,round-robin,server-1,GET,/api/work,200,26,,1
1788020837262,ui_round-robin_burst_1788020829991,round-robin,server-2,GET,/api/work,200,26,,0
1788020837268,ui_round-robin_burst_1788020829991,round-robin,server-3,GET,/api/work,200,25,,0
1788020837269,ui_round-robin_burst_1788020829991,round-robin,server-1,GET,/api/work,200,27,,0
1788020837319,ui_round-robin_burst_1788020829991,round-robin,server-2,GET,/api/work,200,27,,0
1788020837338,ui_round-robin_burst_1788020829991,round-robin,server-3,GET,/api/work,200,27,,0
1788020837352,ui_round-robin_burst_1788020829991,round-robin,server-1,GET,/api/work,200,28,,0
1788020837387,ui_round-robin_burst_1788020829991,round-robin,server-2,GET,/api/work,200,26,,0
1788020837395,ui_round-robin_burst_1788020829991,round-robin,server-3,GET,/api/work,200,26,,1
1788020837410,ui_round-robin_burst_1788020829991,round-robin,server-1,GET,/api/work,200,26,,0
1788020837414,ui_round-robin_burst_1788020829991,round-robin,server-2,GET,/api/work,200,26,,0
1788020837417,ui_round-robin_burst_1788020829991,round-robin,server-3,GET,/api/work,200,26,,0
1788020837467,ui_round-robin_burst_1788020829991,round-robin,server-1,GET,/api/work,200,26,,0
1788020837486,ui_round-robin_burst_1788020829991,round-robin,server-2,GET,/api/work,200,26,,0
1788020837501,ui_round-robin_burst_1788020829991,round-robin,server-3,GET,/api/work,200,27,,0
1788020837534,ui_round-robin_burst_1788020829991,round-robin,server-1,GET,/api/work,200,27,,0
1788020837542,ui_round-robin_burst_1788020829991,round-robin,server-2,GET,/api/work,200,26,,1
1788020837557,ui_round-robin_burst_1788020829991,round-robin,server-3,GET,/api/work,200,27,,0
1788020837561,ui_round-robin_burst_1788020829991,round-robin,server-1,GET,/api/work,200,27,,0
1788020837564,ui_round-robin_burst_1788020829991,round-robin,server-2,GET,/api/work,200,27,,0
1788020837614,ui_round-robin_burst_1788020829991,round-robin,server-3,GET,/api/work,200,27,,0
1788020837633,ui_round-robin_burst_1788020829991,round-robin,server-1,GET,/api/work,200,26,,0
1788020837648,ui_round-robin_burst_1788020829991,round-robin,server-2,GET,/api/work,200,27,,0
1788020837682,ui_round-robin_burst_1788020829991,round-robin,server-3,GET,/api/work,200,26,,0
1788020837689,ui_round-robin_burst_1788020829991,round-robin,server-1,GET,/api/work,200,27,,1
1788020837705,ui_round-robin_burst_1788020829991,round-robin,server-2,GET,/api/work,200,27,,0
1788020837709,ui_round-robin_burst_1788020829991,round-robin,server-3,GET,/api/work,200,26,,0
1788020837712,ui_round-robin_burst_1788020829991,round-robin,server-1,GET,/api/work,200,27,,0
1788020837761,ui_round-robin_burst_1788020829991,round-robin,server-2,GET,/api/work,200,27,,0
1788020837781,ui_round-robin_burst_1788020829991,round-robin,server-3,GET,/api/work,200,25,,0
1788020837797,ui_round-robin_burst_1788020829991,round-robin,server-1,GET,/api/work,200,26,,0
1788020837828,ui_round-robin_burst_1788020829991,round-robin,server-2,GET,/api/work,200,27,,0
1788020837836,ui_round-robin_burst_1788020829991,round-robin,server-3,GET,/api/work,200,26,,1
1788020837852,ui_round-robin_burst_1788020829991,round-robin,server-1,GET,/api/work,200,27,,0
1788020837855,ui_round-robin_burst_1788020829991,round-robin,server-2,GET,/api/work,200,27,,0
1788020837859,ui_round-robin_burst_1788020829991,round-robin,server-3,GET,/api/work,200,27,,0
1788020837909,ui_round-robin_burst_1788020829991,round-robin,server-1,GET,/api/work,200,27,,0
1788020837927,ui_round-robin_burst_1788020829991,round-robin,server-2,GET,/api/work,200,27,,0
1788020837944,ui_round-robin_burst_1788020829991,round-robin,server-3,GET,/api/work,200,27,,0
1788020837976,ui_round-robin_burst_1788020829991,round-robin,server-1,GET,/api/work,200,26,,0
1788020837983,ui_round-robin_burst_1788020829991,round-robin,server-2,GET,/api/work,200,27,,1
1788020838001,ui_round-robin_burst_1788020829991,round-robin,server-3,GET,/api/work,200,25,,0
1788020838003,ui_round-robin_burst_1788020829991,round-robin,server-1,GET,/api/work,200,25,,0
1788020838006,ui_round-robin_burst_1788020829991,round-robin,server-2,GET,/api/work,200,27,,0
1788020838056,ui_round-robin_burst_1788020829991,round-robin,server-3,GET,/api/work,200,26,,0
1788020838074,ui_round-robin_burst_1788020829991,round-robin,server-1,GET,/api/work,200,27,,0
1788020838092,ui_round-robin_burst_1788020829991,round-robin,server-2,GET,/api/work,200,26,,0
1788020838123,ui_round-robin_burst_1788020829991,round-robin,server-3,GET,/api/work,200,26,,0
1788020838131,ui_round-robin_burst_1788020829991,round-robin,server-1,GET,/api/work,200,26,,1
1788020838147,ui_round-robin_burst_1788020829991,round-robin,server-2,GET,/api/work,200,26,,0
1788020838149,ui_round-robin_burst_1788020829991,round-robin,server-3,GET,/api/work,200,27,,0
1788020838154,ui_round-robin_burst_1788020829991,round-robin,server-1,GET,/api/work,200,26,,0
1788020838203,ui_round-robin_burst_1788020829991,round-robin,server-2,GET,/api/work,200,26,,0
1788020838222,ui_round-robin_burst_1788020829991,round-robin,server-3,GET,/api/work,200,27,,0
1788020838239,ui_round-robin_burst_1788020829991,round-robin,server-1,GET,/api/work,200,25,,0
1788020838270,ui_round-robin_burst_1788020829991,round-robin,server-2,GET,/api/work,200,26,,0
1788020838278,ui_round-robin_burst_1788020829991,round-robin,server-3,GET,/api/work,200,27,,1
1788020838294,ui_round-robin_burst_1788020829991,round-robin,server-1,GET,/api/work,200,27,,0
1788020838296,ui_round-robin_burst_1788020829991,round-robin,server-2,GET,/api/work,200,27,,0
1788020838301,ui_round-robin_burst_1788020829991,round-robin,server-3,GET,/api/work,200,26,,0
1788020838350,ui_round-robin_burst_1788020829991,round-robin,server-1,GET,/api/work,200,27,,0
1788020838369,ui_round-robin_burst_1788020829991,round-robin,server-2,GET,/api/work,200,26,,0
1788020838385,ui_round-robin_burst_1788020829991,round-robin,server-3,GET,/api/work,200,26,,0
1788020838417,ui_round-robin_burst_1788020829991,round-robin,server-1,GET,/api/work,200,26,,0
1788020838425,ui_round-robin_burst_1788020829991,round-robin,server-2,GET,/api/work,200,26,,1
1788020838441,ui_round-robin_burst_1788020829991,round-robin,server-3,GET,/api/work,200,26,,0
1788020838444,ui_round-robin_burst_1788020829991,round-robin,server-1,GET,/api/work,200,26,,0
1788020838448,ui_round-robin_burst_1788020829991,round-robin,server-2,GET,/api/work,200,27,,0
1788020838498,ui_round-robin_burst_1788020829991,round-robin,server-3,GET,/api/work,200,26,,0
1788020838516,ui_round-robin_burst_1788020829991,round-robin,server-1,GET,/api/work,200,27,,0
1788020838532,ui_round-robin_burst_1788020829991,round-robin,server-2,GET,/api/work,200,27,,0
1788020838564,ui_round-robin_burst_1788020829991,round-robin,server-3,GET,/api/work,200,25,,0
1788020838573,ui_round-robin_burst_1788020829991,round-robin,server-1,GET,/api/work,200,28,,1
1788020838588,ui_round-robin_burst_1788020829991,round-robin,server-2,GET,/api/work,200,27,,0
1788020838592,ui_round-robin_burst_1788020829991,round-robin,server-3,GET,/api/work,200,27,,0
1788020838596,ui_round-robin_burst_1788020829991,round-robin,server-1,GET,/api/work,200,26,,0
1788020838645,ui_round-robin_burst_1788020829991,round-robin,server-2,GET,/api/work,200,27,,0
1788020838664,ui_round-robin_burst_1788020829991,round-robin,server-3,GET,/api/work,200,26,,0
1788020838680,ui_round-robin_burst_1788020829991,round-robin,server-1,GET,/api/work,200,25,,0
1788020838710,ui_round-robin_burst_1788020829991,round-robin,server-2,GET,/api/work,200,25,,0
1788020838721,ui_round-robin_burst_1788020829991,round-robin,server-3,GET,/api/work,200,26,,1
1788020838740,ui_round-robin_burst_1788020829991,round-robin,server-2,GET,/api/work,200,25,,0
1788020838740,ui_round-robin_burst_1788020829991,round-robin,server-1,GET,/api/work,200,26,,0
1788020838743,ui_round-robin_burst_1788020829991,round-robin,server-3,GET,/api/work,200,29,,0
1788020838793,ui_round-robin_burst_1788020829991,round-robin,server-1,GET,/api/work,200,26,,0
1788020838811,ui_round-robin_burst_1788020829991,round-robin,server-2,GET,/api/work,200,27,,0
1788020838826,ui_round-robin_burst_1788020829991,round-robin,server-3,GET,/api/work,200,26,,0
1788020838855,ui_round-robin_burst_1788020829991,round-robin,server-1,GET,/api/work,200,27,,0
1788020838868,ui_round-robin_burst_1788020829991,round-robin,server-2,GET,/api/work,200,26,,1
1788020838886,ui_round-robin_burst_1788020829991,round-robin,server-3,GET,/api/work,200,26,,0
1788020838887,ui_round-robin_burst_1788020829991,round-robin,server-1,GET,/api/work,200,30,,0
1788020838893,ui_round-robin_burst_1788020829991,round-robin,server-2,GET,/api/work,200,28,,0
1788020838940,ui_round-robin_burst_1788020829991,round-robin,server-3,GET,/api/work,200,27,,0
1788020838958,ui_round-robin_burst_1788020829991,round-robin,server-1,GET,/api/work,200,28,,0
1788020838972,ui_round-robin_burst_1788020829991,round-robin,server-2,GET,/api/work,200,27,,0
1788020839003,ui_round-robin_burst_1788020829991,round-robin,server-3,GET,/api/work,200,27,,0
1788020839015,ui_round-robin_burst_1788020829991,round-robin,server-1,GET,/api/work,200,26,,0
1788020839033,ui_round-robin_burst_1788020829991,round-robin,server-2,GET,/api/work,200,26,,0
1788020839038,ui_round-robin_burst_1788020829991,round-robin,server-3,GET,/api/work,200,26,,0
1788020839042,ui_round-robin_burst_1788020829991,round-robin,server-1,GET,/api/work,200,26,,0
1788020839088,ui_round-robin_burst_1788020829991,round-robin,server-2,GET,/api/work,200,26,,0
1788020839106,ui_round-robin_burst_1788020829991,round-robin,server-3,GET,/api/work,200,27,,0
1788020839119,ui_round-robin_burst_1788020829991,round-robin,server-1,GET,/api/work,200,27,,0
1788020839151,ui_round-robin_burst_1788020829991,round-robin,server-2,GET,/api/work,200,27,,0
1788020839162,ui_round-robin_burst_1788020829991,round-robin,server-3,GET,/api/work,200,26,,0
1788020839181,ui_round-robin_burst_1788020829991,round-robin,server-1,GET,/api/work,200,26,,0
1788020839185,ui_round-robin_burst_1788020829991,round-robin,server-2,GET,/api/work,200,27,,0
1788020839189,ui_round-robin_burst_1788020829991,round-robin,server-3,GET,/api/work,200,27,,0
1788020839235,ui_round-robin_burst_1788020829991,round-robin,server-1,GET,/api/work,200,27,,0
1788020839254,ui_round-robin_burst_1788020829991,round-robin,server-2,GET,/api/work,200,26,,0
1788020839267,ui_round-robin_burst_1788020829991,round-robin,server-3,GET,/api/work,200,25,,0
1788020839298,ui_round-robin_burst_1788020829991,round-robin,server-1,GET,/api/work,200,27,,0
1788020839309,ui_round-robin_burst_1788020829991,round-robin,server-2,GET,/api/work,200,26,,0
1788020839328,ui_round-robin_burst_1788020829991,round-robin,server-3,GET,/api/work,200,27,,0
1788020839333,ui_round-robin_burst_1788020829991,round-robin,server-1,GET,/api/work,200,28,,0
1788020839336,ui_round-robin_burst_1788020829991,round-robin,server-2,GET,/api/work,200,28,,0
1788020839383,ui_round-robin_burst_1788020829991,round-robin,server-3,GET,/api/work,200,26,,0
1788020839402,ui_round-robin_burst_1788020829991,round-robin,server-1,GET,/api/work,200,26,,0
1788020839413,ui_round-robin_burst_1788020829991,round-robin,server-2,GET,/api/work,200,27,,0
1788020839446,ui_round-robin_burst_1788020829991,round-robin,server-3,GET,/api/work,200,27,,0
1788020839456,ui_round-robin_burst_1788020829991,round-robin,server-1,GET,/api/work,200,26,,0
1788020839476,ui_round-robin_burst_1788020829991,round-robin,server-2,GET,/api/work,200,27,,0
1788020839481,ui_round-robin_burst_1788020829991,round-robin,server-3,GET,/api/work,200,26,,0
1788020839485,ui_round-robin_burst_1788020829991,round-robin,server-1,GET,/api/work,200,27,,0
1788020839530,ui_round-robin_burst_1788020829991,round-robin,server-2,GET,/api/work,200,27,,0
1788020839549,ui_round-robin_burst_1788020829991,round-robin,server-3,GET,/api/work,200,27,,0
1788020839560,ui_round-robin_burst_1788020829991,round-robin,server-1,GET,/api/work,200,27,,0
1788020839593,ui_round-robin_burst_1788020829991,round-robin,server-2,GET,/api/work,200,30,,0
1788020839603,ui_round-robin_burst_1788020829991,round-robin,server-3,GET,/api/work,200,27,,0
1788020839624,ui_round-robin_burst_1788020829991,round-robin,server-1,GET,/api/work,200,27,,0
1788020839628,ui_round-robin_burst_1788020829991,round-robin,server-2,GET,/api/work,200,26,,0
1788020839633,ui_round-robin_burst_1788020829991,round-robin,server-3,GET,/api/work,200,27,,0
1788020839677,ui_round-robin_burst_1788020829991,round-robin,server-1,GET,/api/work,200,26,,0
1788020839696,ui_round-robin_burst_1788020829991,round-robin,server-2,GET,/api/work,200,27,,0
1788020839707,ui_round-robin_burst_1788020829991,round-robin,server-3,GET,/api/work,200,26,,0
1788020839744,ui_round-robin_burst_1788020829991,round-robin,server-1,GET,/api/work,200,26,,0
1788020839750,ui_round-robin_burst_1788020829991,round-robin,server-2,GET,/api/work,200,27,,0
1788020839772,ui_round-robin_burst_1788020829991,round-robin,server-3,GET,/api/work,200,26,,0
1788020839775,ui_round-robin_burst_1788020829991,round-robin,server-1,GET,/api/work,200,27,,0
1788020839780,ui_round-robin_burst_1788020829991,round-robin,server-2,GET,/api/work,200,26,,0
1788020839824,ui_round-robin_burst_1788020829991,round-robin,server-3,GET,/api/work,200,27,,0
1788020839844,ui_round-robin_burst_1788020829991,round-robin,server-1,GET,/api/work,200,27,,0
1788020839854,ui_round-robin_burst_1788020829991,round-robin,server-2,GET,/api/work,200,26,,0
1788020839891,ui_round-robin_burst_1788020829991,round-robin,server-3,GET,/api/work,200,27,,0
1788020839898,ui_round-robin_burst_1788020829991,round-robin,server-1,GET,/api/work,200,27,,0
1788020839919,ui_round-robin_burst_1788020829991,round-robin,server-2,GET,/api/work,200,26,,0
1788020839923,ui_round-robin_burst_1788020829991,round-robin,server-3,GET,/api/work,200,26,,0
1788020839927,ui_round-robin_burst_1788020829991,round-robin,server-1,GET,/api/work,200,27,,0
1788020839972,ui_round-robin_burst_1788020829991,round-robin,server-2,GET,/api/work,200,26,,0
1788020839991,ui_round-robin_burst_1788020829991,round-robin,server-3,GET,/api/work,200,26,,1
1788020840001,ui_round-robin_burst_1788020829991,round-robin,server-1,GET,/api/work,200,27,,6
1788020840016,ui_round-robin_burst_1788020829991,round-robin,server-2,GET,/api/work,200,26,,10
1788020840016,ui_round-robin_burst_1788020829991,round-robin,server-3,GET,/api/work,200,27,,10
1788020840016,ui_round-robin_burst_1788020829991,round-robin,server-1,GET,/api/work,200,27,,10
1788020840018,ui_round-robin_burst_1788020829991,round-robin,server-2,GET,/api/work,200,26,,9
1788020840018,ui_round-robin_burst_1788020829991,round-robin,server-3,GET,/api/work,200,27,,9
1788020840019,ui_round-robin_burst_1788020829991,round-robin,server-1,GET,/api/work,200,28,,9
1788020840019,ui_round-robin_burst_1788020829991,round-robin,server-2,GET,/api/work,200,29,,9
1788020840022,ui_round-robin_burst_1788020829991,round-robin,server-2,GET,/api/work,200,27,,8
1788020840020,ui_round-robin_burst_1788020829991,round-robin,server-3,GET,/api/work,200,29,,8
1788020840020,ui_round-robin_burst_1788020829991,round-robin,server-1,GET,/api/work,200,30,,8
1788020840023,ui_round-robin_burst_1788020829991,round-robin,server-3,GET,/api/work,200,28,,7
1788020840023,ui_round-robin_burst_1788020829991,round-robin,server-1,GET,/api/work,200,29,,7
1788020840024,ui_round-robin_burst_1788020829991,round-robin,server-2,GET,/api/work,200,28,,7
1788020840025,ui_round-robin_burst_1788020829991,round-robin,server-3,GET,/api/work,200,28,,6
1788020840026,ui_round-robin_burst_1788020829991,round-robin,server-2,GET,/api/work,200,27,,6
1788020840025,ui_round-robin_burst_1788020829991,round-robin,server-1,GET,/api/work,200,29,,6
1788020840026,ui_round-robin_burst_1788020829991,round-robin,server-3,GET,/api/work,200,29,,5
1788020840027,ui_round-robin_burst_1788020829991,round-robin,server-1,GET,/api/work,200,29,,5
1788020840029,ui_round-robin_burst_1788020829991,round-robin,server-1,GET,/api/work,200,28,,4
1788020840028,ui_round-robin_burst_1788020829991,round-robin,server-2,GET,/api/work,200,29,,5
1788020840030,ui_round-robin_burst_1788020829991,round-robin,server-2,GET,/api/work,200,29,,4
1788020840029,ui_round-robin_burst_1788020829991,round-robin,server-3,GET,/api/work,200,30,,4
1788020840031,ui_round-robin_burst_1788020829991,round-robin,server-2,GET,/api/work,200,29,,3
1788020840030,ui_round-robin_burst_1788020829991,round-robin,server-3,GET,/api/work,200,30,,3
1788020840031,ui_round-robin_burst_1788020829991,round-robin,server-1,GET,/api/work,200,29,,3
1788020840032,ui_round-robin_burst_1788020829991,round-robin,server-3,GET,/api/work,200,29,,2
1788020840032,ui_round-robin_burst_1788020829991,round-robin,server-1,GET,/api/work,200,29,,2
1788020840033,ui_round-robin_burst_1788020829991,round-robin,server-2,GET,/api/work,200,29,,2
1788020840033,ui_round-robin_burst_1788020829991,round-robin,server-3,GET,/api/work,200,29,,2
1788020840035,ui_round-robin_burst_1788020829991,round-robin,server-3,GET,/api/work,200,28,,1
1788020840034,ui_round-robin_burst_1788020829991,round-robin,server-2,GET,/api/work,200,29,,1
1788020840034,ui_round-robin_burst_1788020829991,round-robin,server-1,GET,/api/work,200,30,,1
1788020840038,ui_round-robin_burst_1788020829991,round-robin,server-1,GET,/api/work,200,27,,0
1788020840045,ui_round-robin_burst_1788020829991,round-robin,server-2,GET,/api/work,200,26,,1
1788020840062,ui_round-robin_burst_1788020829991,round-robin,server-3,GET,/api/work,200,27,,7
1788020840066,ui_round-robin_burst_1788020829991,round-robin,server-1,GET,/api/work,200,27,,8
1788020840070,ui_round-robin_burst_1788020829991,round-robin,server-2,GET,/api/work,200,35,,11
1788020840075,ui_round-robin_burst_1788020829991,round-robin,server-2,GET,/api/work,200,32,,10
1788020840075,ui_round-robin_burst_1788020829991,round-robin,server-3,GET,/api/work,200,32,,10
1788020840075,ui_round-robin_burst_1788020829991,round-robin,server-1,GET,/api/work,200,33,,10
1788020840077,ui_round-robin_burst_1788020829991,round-robin,server-1,GET,/api/work,200,31,,9
1788020840077,ui_round-robin_burst_1788020829991,round-robin,server-2,GET,/api/work,200,32,,9
1788020840077,ui_round-robin_burst_1788020829991,round-robin,server-3,GET,/api/work,200,33,,9
1788020840078,ui_round-robin_burst_1788020829991,round-robin,server-3,GET,/api/work,200,32,,8
1788020840078,ui_round-robin_burst_1788020829991,round-robin,server-1,GET,/api/work,200,32,,8
1788020840080,ui_round-robin_burst_1788020829991,round-robin,server-2,GET,/api/work,200,31,,8
1788020840080,ui_round-robin_burst_1788020829991,round-robin,server-3,GET,/api/work,200,31,,8
1788020840082,ui_round-robin_burst_1788020829991,round-robin,server-2,GET,/api/work,200,30,,7
1788020840081,ui_round-robin_burst_1788020829991,round-robin,server-1,GET,/api/work,200,32,,7
1788020840083,ui_round-robin_burst_1788020829991,round-robin,server-3,GET,/api/work,200,30,,7
1788020840083,ui_round-robin_burst_1788020829991,round-robin,server-1,GET,/api/work,200,31,,6
1788020840084,ui_round-robin_burst_1788020829991,round-robin,server-2,GET,/api/work,200,30,,6
1788020840084,ui_round-robin_burst_1788020829991,round-robin,server-3,GET,/api/work,200,31,,6
1788020840084,ui_round-robin_burst_1788020829991,round-robin,server-1,GET,/api/work,200,31,,5
1788020840086,ui_round-robin_burst_1788020829991,round-robin,server-2,GET,/api/work,200,31,,5
1788020840086,ui_round-robin_burst_1788020829991,round-robin,server-3,GET,/api/work,200,32,,5
1788020840090,ui_round-robin_burst_1788020829991,round-robin,server-1,GET,/api/work,200,29,,5
1788020840091,ui_round-robin_burst_1788020829991,round-robin,server-2,GET,/api/work,200,29,,4
1788020840092,ui_round-robin_burst_1788020829991,round-robin,server-1,GET,/api/work,200,29,,4
1788020840091,ui_round-robin_burst_1788020829991,round-robin,server-3,GET,/api/work,200,31,,4
1788020840093,ui_round-robin_burst_1788020829991,round-robin,server-3,GET,/api/work,200,30,,3
1788020840094,ui_round-robin_burst_1788020829991,round-robin,server-1,GET,/api/work,200,29,,3
1788020840093,ui_round-robin_burst_1788020829991,round-robin,server-2,GET,/api/work,200,31,,3
1788020840095,ui_round-robin_burst_1788020829991,round-robin,server-3,GET,/api/work,200,30,,3
1788020840094,ui_round-robin_burst_1788020829991,round-robin,server-2,GET,/api/work,200,32,,3
1788020840095,ui_round-robin_burst_1788020829991,round-robin,server-1,GET,/api/work,200,31,,2
1788020840095,ui_round-robin_burst_1788020829991,round-robin,server-2,GET,/api/work,200,32,,2
1788020840096,ui_round-robin_burst_1788020829991,round-robin,server-1,GET,/api/work,200,31,,1
1788020840096,ui_round-robin_burst_1788020829991,round-robin,server-3,GET,/api/work,200,32,,2
1788020840110,ui_round-robin_burst_1788020829991,round-robin,server-3,GET,/api/work,200,27,,1
1788020840116,ui_round-robin_burst_1788020829991,round-robin,server-1,GET,/api/work,200,26,,1
1788020840096,ui_round-robin_burst_1788020829991,round-robin,server-2,GET,/api/work,200,48,,3
1788020840124,ui_round-robin_burst_1788020829991,round-robin,server-3,GET,/api/work,200,26,,6
1788020840124,ui_round-robin_burst_1788020829991,round-robin,server-2,GET,/api/work,200,27,,7
1788020840128,ui_round-robin_burst_1788020829991,round-robin,server-1,GET,/api/work,200,26,,7
1788020840137,ui_round-robin_burst_1788020829991,round-robin,server-2,GET,/api/work,200,27,,11
1788020840141,ui_round-robin_burst_1788020829991,round-robin,server-3,GET,/api/work,200,27,,10
1788020840144,ui_round-robin_burst_1788020829991,round-robin,server-2,GET,/api/work,200,25,,10
1788020840143,ui_round-robin_burst_1788020829991,round-robin,server-1,GET,/api/work,200,27,,10
1788020840144,ui_round-robin_burst_1788020829991,round-robin,server-3,GET,/api/work,200,26,,10
1788020840146,ui_round-robin_burst_1788020829991,round-robin,server-3,GET,/api/work,200,25,,9
1788020840145,ui_round-robin_burst_1788020829991,round-robin,server-1,GET,/api/work,200,26,,9
1788020840145,ui_round-robin_burst_1788020829991,round-robin,server-2,GET,/api/work,200,27,,9
1788020840146,ui_round-robin_burst_1788020829991,round-robin,server-1,GET,/api/work,200,27,,8
1788020840147,ui_round-robin_burst_1788020829991,round-robin,server-2,GET,/api/work,200,27,,8
1788020840148,ui_round-robin_burst_1788020829991,round-robin,server-2,GET,/api/work,200,27,,7
1788020840148,ui_round-robin_burst_1788020829991,round-robin,server-3,GET,/api/work,200,27,,8
1788020840149,ui_round-robin_burst_1788020829991,round-robin,server-3,GET,/api/work,200,27,,7
1788020840149,ui_round-robin_burst_1788020829991,round-robin,server-2,GET,/api/work,200,28,,7
1788020840148,ui_round-robin_burst_1788020829991,round-robin,server-1,GET,/api/work,200,30,,8
1788020840150,ui_round-robin_burst_1788020829991,round-robin,server-2,GET,/api/work,200,28,,6
1788020840149,ui_round-robin_burst_1788020829991,round-robin,server-1,GET,/api/work,200,30,,7
1788020840149,ui_round-robin_burst_1788020829991,round-robin,server-1,GET,/api/work,200,30,,6
1788020840149,ui_round-robin_burst_1788020829991,round-robin,server-3,GET,/api/work,200,30,,6
1788020840152,ui_round-robin_burst_1788020829991,round-robin,server-1,GET,/api/work,200,28,,5
1788020840151,ui_round-robin_burst_1788020829991,round-robin,server-3,GET,/api/work,200,29,,5
1788020840154,ui_round-robin_burst_1788020829991,round-robin,server-2,GET,/api/work,200,27,,5
1788020840155,ui_round-robin_burst_1788020829991,round-robin,server-3,GET,/api/work,200,27,,4
1788020840156,ui_round-robin_burst_1788020829991,round-robin,server-1,GET,/api/work,200,27,,4
1788020840156,ui_round-robin_burst_1788020829991,round-robin,server-2,GET,/api/work,200,27,,4
1788020840158,ui_round-robin_burst_1788020829991,round-robin,server-3,GET,/api/work,200,27,,4
1788020840159,ui_round-robin_burst_1788020829991,round-robin,server-1,GET,/api/work,200,26,,4
1788020840159,ui_round-robin_burst_1788020829991,round-robin,server-3,GET,/api/work,200,27,,3
1788020840159,ui_round-robin_burst_1788020829991,round-robin,server-2,GET,/api/work,200,27,,4
1788020840160,ui_round-robin_burst_1788020829991,round-robin,server-2,GET,/api/work,200,27,,3
1788020840160,ui_round-robin_burst_1788020829991,round-robin,server-1,GET,/api/work,200,27,,3
1788020840160,ui_round-robin_burst_1788020829991,round-robin,server-3,GET,/api/work,200,28,,2
1788020840160,ui_round-robin_burst_1788020829991,round-robin,server-1,GET,/api/work,200,29,,2
1788020840160,ui_round-robin_burst_1788020829991,round-robin,server-2,GET,/api/work,200,29,,2
1788020840168,ui_round-robin_burst_1788020829991,round-robin,server-3,GET,/api/work,200,26,,2
1788020840173,ui_round-robin_burst_1788020829991,round-robin,server-1,GET,/api/work,200,27,,2
1788020840176,ui_round-robin_burst_1788020829991,round-robin,server-2,GET,/api/work,200,27,,3
1788020840182,ui_round-robin_burst_1788020829991,round-robin,server-3,GET,/api/work,200,27,,4
1788020840184,ui_round-robin_burst_1788020829991,round-robin,server-1,GET,/api/work,200,28,,4
1788020840184,ui_round-robin_burst_1788020829991,round-robin,server-2,GET,/api/work,200,29,,5
1788020840194,ui_round-robin_burst_1788020829991,round-robin,server-3,GET,/api/work,200,31,,11
1788020840198,ui_round-robin_burst_1788020829991,round-robin,server-1,GET,/api/work,200,27,,10
1788020840201,ui_round-robin_burst_1788020829991,round-robin,server-3,GET,/api/work,200,27,,10
1788020840201,ui_round-robin_burst_1788020829991,round-robin,server-2,GET,/api/work,200,28,,10
1788020840201,ui_round-robin_burst_1788020829991,round-robin,server-1,GET,/api/work,200,29,,10
1788020840202,ui_round-robin_burst_1788020829991,round-robin,server-2,GET,/api/work,200,30,,9
1788020840202,ui_round-robin_burst_1788020829991,round-robin,server-3,GET,/api/work,200,30,,9
1788020840203,ui_round-robin_burst_1788020829991,round-robin,server-1,GET,/api/work,200,30,,9
1788020840205,ui_round-robin_burst_1788020829991,round-robin,server-2,GET,/api/work,200,29,,8
1788020840205,ui_round-robin_burst_1788020829991,round-robin,server-3,GET,/api/work,200,31,,8
1788020840209,ui_round-robin_burst_1788020829991,round-robin,server-1,GET,/api/work,200,29,,8
1788020840210,ui_round-robin_burst_1788020829991,round-robin,server-3,GET,/api/work,200,29,,8
1788020840210,ui_round-robin_burst_1788020829991,round-robin,server-2,GET,/api/work,200,30,,8
1788020840212,ui_round-robin_burst_1788020829991,round-robin,server-2,GET,/api/work,200,30,,7
1788020840214,ui_round-robin_burst_1788020829991,round-robin,server-3,GET,/api/work,200,28,,7
1788020840214,ui_round-robin_burst_1788020829991,round-robin,server-2,GET,/api/work,200,30,,6
1788020840215,ui_round-robin_burst_1788020829991,round-robin,server-2,GET,/api/work,200,31,,5
1788020840215,ui_round-robin_burst_1788020829991,round-robin,server-3,GET,/api/work,200,32,,6
1788020840212,ui_round-robin_burst_1788020829991,round-robin,server-1,GET,/api/work,200,36,,8
1788020840215,ui_round-robin_burst_1788020829991,round-robin,server-3,GET,/api/work,200,34,,5
1788020840214,ui_round-robin_burst_1788020829991,round-robin,server-1,GET,/api/work,200,36,,7
1788020840215,ui_round-robin_burst_1788020829991,round-robin,server-1,GET,/api/work,200,35,,6
1788020840216,ui_round-robin_burst_1788020829991,round-robin,server-1,GET,/api/work,200,35,,5
1788020840216,ui_round-robin_burst_1788020829991,round-robin,server-1,GET,/api/work,200,36,,4
1788020840216,ui_round-robin_burst_1788020829991,round-robin,server-3,GET,/api/work,200,38,,5
1788020840217,ui_round-robin_burst_1788020829991,round-robin,server-3,GET,/api/work,200,38,,4
1788020840216,ui_round-robin_burst_1788020829991,round-robin,server-2,GET,/api/work,200,40,,5
1788020840216,ui_round-robin_burst_1788020829991,round-robin,server-2,GET,/api/work,200,40,,4
1788020840220,ui_round-robin_burst_1788020829991,round-robin,server-2,GET,/api/work,200,37,,3
1788020840221,ui_round-robin_burst_1788020829991,round-robin,server-2,GET,/api/work,200,37,,2
1788020840219,ui_round-robin_burst_1788020829991,round-robin,server-1,GET,/api/work,200,40,,3
1788020840220,ui_round-robin_burst_1788020829991,round-robin,server-1,GET,/api/work,200,40,,2
1788020840220,ui_round-robin_burst_1788020829991,round-robin,server-3,GET,/api/work,200,41,,3
1788020840226,ui_round-robin_burst_1788020829991,round-robin,server-1,GET,/api/work,200,35,,1
1788020840223,ui_round-robin_burst_1788020829991,round-robin,server-3,GET,/api/work,200,39,,2
1788020840235,ui_round-robin_burst_1788020829991,round-robin,server-2,GET,/api/work,200,30,,2
1788020840237,ui_round-robin_burst_1788020829991,round-robin,server-3,GET,/api/work,200,28,,1
1788020840245,ui_round-robin_burst_1788020829991,round-robin,server-1,GET,/api/work,200,28,,4
1788020840253,ui_round-robin_burst_1788020829991,round-robin,server-2,GET,/api/work,200,26,,5
1788020840253,ui_round-robin_burst_1788020829991,round-robin,server-3,GET,/api/work,200,27,,5
1788020840264,ui_round-robin_burst_1788020829991,round-robin,server-1,GET,/api/work,200,27,,7
1788020840264,ui_round-robin_burst_1788020829991,round-robin,server-2,GET,/api/work,200,27,,6
1788020840266,ui_round-robin_burst_1788020829991,round-robin,server-2,GET,/api/work,200,26,,6
1788020840266,ui_round-robin_burst_1788020829991,round-robin,server-1,GET,/api/work,200,28,,7
1788020840267,ui_round-robin_burst_1788020829991,round-robin,server-2,GET,/api/work,200,27,,6
1788020840267,ui_round-robin_burst_1788020829991,round-robin,server-1,GET,/api/work,200,28,,6
1788020840266,ui_round-robin_burst_1788020829991,round-robin,server-3,GET,/api/work,200,29,,7
1788020840266,ui_round-robin_burst_1788020829991,round-robin,server-3,GET,/api/work,200,30,,6
1788020840267,ui_round-robin_burst_1788020829991,round-robin,server-3,GET,/api/work,200,29,,6
1788020840269,ui_round-robin_burst_1788020829991,round-robin,server-1,GET,/api/work,200,29,,6
1788020840271,ui_round-robin_burst_1788020829991,round-robin,server-2,GET,/api/work,200,28,,6
1788020840272,ui_round-robin_burst_1788020829991,round-robin,server-3,GET,/api/work,200,29,,8
1788020840273,ui_round-robin_burst_1788020829991,round-robin,server-1,GET,/api/work,200,29,,8
1788020840276,ui_round-robin_burst_1788020829991,round-robin,server-2,GET,/api/work,200,27,,7
1788020840277,ui_round-robin_burst_1788020829991,round-robin,server-3,GET,/api/work,200,28,,7
1788020840282,ui_round-robin_burst_1788020829991,round-robin,server-1,GET,/api/work,200,27,,7
1788020840284,ui_round-robin_burst_1788020829991,round-robin,server-2,GET,/api/work,200,27,,7
1788020840286,ui_round-robin_burst_1788020829991,round-robin,server-3,GET,/api/work,200,27,,7
1788020840287,ui_round-robin_burst_1788020829991,round-robin,server-1,GET,/api/work,200,27,,7
1788020840290,ui_round-robin_burst_1788020829991,round-robin,server-3,GET,/api/work,200,26,,6
1788020840288,ui_round-robin_burst_1788020829991,round-robin,server-2,GET,/api/work,200,29,,6
1788020840290,ui_round-robin_burst_1788020829991,round-robin,server-1,GET,/api/work,200,28,,6
1788020840291,ui_round-robin_burst_1788020829991,round-robin,server-2,GET,/api/work,200,28,,5
1788020840292,ui_round-robin_burst_1788020829991,round-robin,server-3,GET,/api/work,200,27,,5
1788020840293,ui_round-robin_burst_1788020829991,round-robin,server-2,GET,/api/work,200,27,,4
1788020840293,ui_round-robin_burst_1788020829991,round-robin,server-1,GET,/api/work,200,27,,5
1788020840296,ui_round-robin_burst_1788020829991,round-robin,server-3,GET,/api/work,200,29,,4
1788020840297,ui_round-robin_burst_1788020829991,round-robin,server-1,GET,/api/work,200,28,,4
1788020840297,ui_round-robin_burst_1788020829991,round-robin,server-2,GET,/api/work,200,28,,3
1788020840300,ui_round-robin_burst_1788020829991,round-robin,server-1,GET,/api/work,200,27,,4
1788020840300,ui_round-robin_burst_1788020829991,round-robin,server-1,GET,/api/work,200,27,,3
1788020840301,ui_round-robin_burst_1788020829991,round-robin,server-1,GET,/api/work,200,27,,2
1788020840300,ui_round-robin_burst_1788020829991,round-robin,server-2,GET,/api/work,200,28,,3
1788020840301,ui_round-robin_burst_1788020829991,round-robin,server-2,GET,/api/work,200,29,,3
1788020840299,ui_round-robin_burst_1788020829991,round-robin,server-3,GET,/api/work,200,31,,5
1788020840300,ui_round-robin_burst_1788020829991,round-robin,server-3,GET,/api/work,200,31,,4
1788020840301,ui_round-robin_burst_1788020829991,round-robin,server-3,GET,/api/work,200,31,,4
1788020840304,ui_round-robin_burst_1788020829991,round-robin,server-2,GET,/api/work,200,28,,3
1788020840310,ui_round-robin_burst_1788020829991,round-robin,server-3,GET,/api/work,200,26,,5
1788020840311,ui_round-robin_burst_1788020829991,round-robin,server-1,GET,/api/work,200,27,,5
1788020840326,ui_round-robin_burst_1788020829991,round-robin,server-2,GET,/api/work,200,26,,8
1788020840327,ui_round-robin_burst_1788020829991,round-robin,server-1,GET,/api/work,200,26,,7
1788020840329,ui_round-robin_burst_1788020829991,round-robin,server-2,GET,/api/work,200,26,,7
1788020840326,ui_round-robin_burst_1788020829991,round-robin,server-3,GET,/api/work,200,31,,9
1788020840329,ui_round-robin_burst_1788020829991,round-robin,server-1,GET,/api/work,200,28,,7
1788020840329,ui_round-robin_burst_1788020829991,round-robin,server-3,GET,/api/work,200,29,,8
1788020840331,ui_round-robin_burst_1788020829991,round-robin,server-1,GET,/api/work,200,27,,6
1788020840331,ui_round-robin_burst_1788020829991,round-robin,server-2,GET,/api/work,200,28,,7
1788020840331,ui_round-robin_burst_1788020829991,round-robin,server-3,GET,/api/work,200,29,,7
1788020840333,ui_round-robin_burst_1788020829991,round-robin,server-3,GET,/api/work,200,29,,6
1788020840333,ui_round-robin_burst_1788020829991,round-robin,server-1,GET,/api/work,200,29,,6
1788020840334,ui_round-robin_burst_1788020829991,round-robin,server-3,GET,/api/work,200,28,,5
1788020840333,ui_round-robin_burst_1788020829991,round-robin,server-2,GET,/api/work,200,30,,7
1788020840334,ui_round-robin_burst_1788020829991,round-robin,server-2,GET,/api/work,200,29,,6
1788020840337,ui_round-robin_burst_1788020829991,round-robin,server-1,GET,/api/work,200,28,,6
1788020840340,ui_round-robin_burst_1788020829991,round-robin,server-2,GET,/api/work,200,27,,7
1788020840342,ui_round-robin_burst_1788020829991,round-robin,server-3,GET,/api/work,200,26,,7
1788020840347,ui_round-robin_burst_1788020829991,round-robin,server-2,GET,/api/work,200,26,,7
1788020840347,ui_round-robin_burst_1788020829991,round-robin,server-1,GET,/api/work,200,29,,7
1788020840349,ui_round-robin_burst_1788020829991,round-robin,server-1,GET,/api/work,200,28,,6
1788020840351,ui_round-robin_burst_1788020829991,round-robin,server-1,GET,/api/work,200,27,,5
1788020840349,ui_round-robin_burst_1788020829991,round-robin,server-2,GET,/api/work,200,29,,6
1788020840351,ui_round-robin_burst_1788020829991,round-robin,server-2,GET,/api/work,200,28,,5
1788020840348,ui_round-robin_burst_1788020829991,round-robin,server-3,GET,/api/work,200,32,,6
1788020840351,ui_round-robin_burst_1788020829991,round-robin,server-3,GET,/api/work,200,29,,5
1788020840351,ui_round-robin_burst_1788020829991,round-robin,server-3,GET,/api/work,200,30,,4
1788020840356,ui_round-robin_burst_1788020829991,round-robin,server-1,GET,/api/work,200,27,,4
1788020840356,ui_round-robin_burst_1788020829991,round-robin,server-3,GET,/api/work,200,28,,3
1788020840356,ui_round-robin_burst_1788020829991,round-robin,server-2,GET,/api/work,200,30,,4
1788020840361,ui_round-robin_burst_1788020829991,round-robin,server-1,GET,/api/work,200,27,,4
1788020840361,ui_round-robin_burst_1788020829991,round-robin,server-2,GET,/api/work,200,27,,4
1788020840364,ui_round-robin_burst_1788020829991,round-robin,server-3,GET,/api/work,200,28,,4
1788020840366,ui_round-robin_burst_1788020829991,round-robin,server-2,GET,/api/work,200,27,,3
1788020840364,ui_round-robin_burst_1788020829991,round-robin,server-1,GET,/api/work,200,29,,3
1788020840366,ui_round-robin_burst_1788020829991,round-robin,server-1,GET,/api/work,200,28,,2
1788020840366,ui_round-robin_burst_1788020829991,round-robin,server-3,GET,/api/work,200,29,,3
1788020840367,ui_round-robin_burst_1788020829991,round-robin,server-3,GET,/api/work,200,29,,2
1788020840366,ui_round-robin_burst_1788020829991,round-robin,server-2,GET,/api/work,200,30,,2
1788020840367,ui_round-robin_burst_1788020829991,round-robin,server-1,GET,/api/work,200,30,,1
1788020840368,ui_round-robin_burst_1788020829991,round-robin,server-2,GET,/api/work,200,29,,1
1788020840385,ui_round-robin_burst_1788020829991,round-robin,server-3,GET,/api/work,200,26,,7
1788020840385,ui_round-robin_burst_1788020829991,round-robin,server-1,GET,/api/work,200,27,,7
1788020840386,ui_round-robin_burst_1788020829991,round-robin,server-2,GET,/api/work,200,28,,7
1788020840389,ui_round-robin_burst_1788020829991,round-robin,server-3,GET,/api/work,200,27,,8
1788020840397,ui_round-robin_burst_1788020829991,round-robin,server-1,GET,/api/work,200,27,,8
1788020840398,ui_round-robin_burst_1788020829991,round-robin,server-2,GET,/api/work,200,27,,8
1788020840398,ui_round-robin_burst_1788020829991,round-robin,server-3,GET,/api/work,200,27,,8
1788020840398,ui_round-robin_burst_1788020829991,round-robin,server-2,GET,/api/work,200,28,,7
1788020840399,ui_round-robin_burst_1788020829991,round-robin,server-3,GET,/api/work,200,27,,7
1788020840398,ui_round-robin_burst_1788020829991,round-robin,server-1,GET,/api/work,200,29,,8
1788020840400,ui_round-robin_burst_1788020829991,round-robin,server-1,GET,/api/work,200,27,,7
1788020840400,ui_round-robin_burst_1788020829991,round-robin,server-2,GET,/api/work,200,28,,7
1788020840401,ui_round-robin_burst_1788020829991,round-robin,server-2,GET,/api/work,200,27,,6
1788020840401,ui_round-robin_burst_1788020829991,round-robin,server-3,GET,/api/work,200,28,,7
1788020840401,ui_round-robin_burst_1788020829991,round-robin,server-3,GET,/api/work,200,28,,6
1788020840401,ui_round-robin_burst_1788020829991,round-robin,server-1,GET,/api/work,200,29,,7
1788020840401,ui_round-robin_burst_1788020829991,round-robin,server-1,GET,/api/work,200,29,,6
1788020840404,ui_round-robin_burst_1788020829991,round-robin,server-2,GET,/api/work,200,27,,5
1788020840407,ui_round-robin_burst_1788020829991,round-robin,server-3,GET,/api/work,200,26,,7
1788020840408,ui_round-robin_burst_1788020829991,round-robin,server-1,GET,/api/work,200,27,,6
1788020840409,ui_round-robin_burst_1788020829991,round-robin,server-2,GET,/api/work,200,26,,6
1788020840409,ui_round-robin_burst_1788020829991,round-robin,server-3,GET,/api/work,200,27,,6
1788020840411,ui_round-robin_burst_1788020829991,round-robin,server-1,GET,/api/work,200,26,,5
1788020840411,ui_round-robin_burst_1788020829991,round-robin,server-2,GET,/api/work,200,27,,5
1788020840412,ui_round-robin_burst_1788020829991,round-robin,server-3,GET,/api/work,200,26,,5
1788020840412,ui_round-robin_burst_1788020829991,round-robin,server-1,GET,/api/work,200,28,,4
1788020840415,ui_round-robin_burst_1788020829991,round-robin,server-2,GET,/api/work,200,26,,4
1788020840415,ui_round-robin_burst_1788020829991,round-robin,server-3,GET,/api/work,200,27,,4
1788020840417,ui_round-robin_burst_1788020829991,round-robin,server-1,GET,/api/work,200,27,,4
1788020840419,ui_round-robin_burst_1788020829991,round-robin,server-3,GET,/api/work,200,26,,4
1788020840419,ui_round-robin_burst_1788020829991,round-robin,server-2,GET,/api/work,200,27,,4
1788020840425,ui_round-robin_burst_1788020829991,round-robin,server-1,GET,/api/work,200,27,,4
1788020840427,ui_round-robin_burst_1788020829991,round-robin,server-2,GET,/api/work,200,27,,3
1788020840428,ui_round-robin_burst_1788020829991,round-robin,server-3,GET,/api/work,200,27,,3
1788020840429,ui_round-robin_burst_1788020829991,round-robin,server-1,GET,/api/work,200,27,,3
1788020840431,ui_round-robin_burst_1788020829991,round-robin,server-3,GET,/api/work,200,26,,3
1788020840432,ui_round-robin_burst_1788020829991,round-robin,server-1,GET,/api/work,200,25,,3
1788020840431,ui_round-robin_burst_1788020829991,round-robin,server-2,GET,/api/work,200,27,,4
1788020840432,ui_round-robin_burst_1788020829991,round-robin,server-2,GET,/api/work,200,27,,3
1788020840432,ui_round-robin_burst_1788020829991,round-robin,server-3,GET,/api/work,200,28,,3
1788020840442,ui_round-robin_burst_1788020829991,round-robin,server-1,GET,/api/work,200,26,,7
1788020840443,ui_round-robin_burst_1788020829991,round-robin,server-2,GET,/api/work,200,27,,7
1788020840444,ui_round-robin_burst_1788020829991,round-robin,server-3,GET,/api/work,200,27,,7
1788020840447,ui_round-robin_burst_1788020829991,round-robin,server-1,GET,/api/work,200,26,,8
1788020840454,ui_round-robin_burst_1788020829991,round-robin,server-2,GET,/api/work,200,26,,8
1788020840456,ui_round-robin_burst_1788020829991,round-robin,server-3,GET,/api/work,200,27,,8
1788020840457,ui_round-robin_burst_1788020829991,round-robin,server-1,GET,/api/work,200,26,,8
1788020840458,ui_round-robin_burst_1788020829991,round-robin,server-2,GET,/api/work,200,27,,8
1788020840459,ui_round-robin_burst_1788020829991,round-robin,server-3,GET,/api/work,200,27,,7
1788020840459,ui_round-robin_burst_1788020829991,round-robin,server-1,GET,/api/work,200,27,,7
1788020840461,ui_round-robin_burst_1788020829991,round-robin,server-2,GET,/api/work,200,27,,7
1788020840462,ui_round-robin_burst_1788020829991,round-robin,server-3,GET,/api/work,200,27,,8
1788020840462,ui_round-robin_burst_1788020829991,round-robin,server-1,GET,/api/work,200,28,,8
1788020840462,ui_round-robin_burst_1788020829991,round-robin,server-3,GET,/api/work,200,29,,7
1788020840462,ui_round-robin_burst_1788020829991,round-robin,server-1,GET,/api/work,200,29,,7
1788020840463,ui_round-robin_burst_1788020829991,round-robin,server-3,GET,/api/work,200,29,,6
1788020840462,ui_round-robin_burst_1788020829991,round-robin,server-2,GET,/api/work,200,30,,7
1788020840463,ui_round-robin_burst_1788020829991,round-robin,server-2,GET,/api/work,200,30,,6
1788020840464,ui_round-robin_burst_1788020829991,round-robin,server-1,GET,/api/work,200,30,,6
1788020840466,ui_round-robin_burst_1788020829991,round-robin,server-2,GET,/api/work,200,29,,5
1788020840468,ui_round-robin_burst_1788020829991,round-robin,server-2,GET,/api/work,200,29,,5
1788020840467,ui_round-robin_burst_1788020829991,round-robin,server-3,GET,/api/work,200,31,,6
1788020840469,ui_round-robin_burst_1788020829991,round-robin,server-3,GET,/api/work,200,29,,5
1788020840471,ui_round-robin_burst_1788020829991,round-robin,server-2,GET,/api/work,200,28,,4
1788020840467,ui_round-robin_burst_1788020829991,round-robin,server-1,GET,/api/work,200,32,,6
1788020840469,ui_round-robin_burst_1788020829991,round-robin,server-1,GET,/api/work,200,31,,5
1788020840472,ui_round-robin_burst_1788020829991,round-robin,server-1,GET,/api/work,200,28,,4
1788020840472,ui_round-robin_burst_1788020829991,round-robin,server-3,GET,/api/work,200,29,,4
1788020840475,ui_round-robin_burst_1788020829991,round-robin,server-3,GET,/api/work,200,28,,3
1788020840475,ui_round-robin_burst_1788020829991,round-robin,server-2,GET,/api/work,200,29,,4
1788020840477,ui_round-robin_burst_1788020829991,round-robin,server-1,GET,/api/work,200,28,,4
1788020840483,ui_round-robin_burst_1788020829991,round-robin,server-2,GET,/api/work,200,27,,4
1788020840486,ui_round-robin_burst_1788020829991,round-robin,server-3,GET,/api/work,200,26,,4
1788020840487,ui_round-robin_burst_1788020829991,round-robin,server-1,GET,/api/work,200,26,,3
1788020840488,ui_round-robin_burst_1788020829991,round-robin,server-3,GET,/api/work,200,27,,3
1788020840488,ui_round-robin_burst_1788020829991,round-robin,server-2,GET,/api/work,200,28,,4
1788020840489,ui_round-robin_burst_1788020829991,round-robin,server-1,GET,/api/work,200,30,,4
1788020840496,ui_round-robin_burst_1788020829991,round-robin,server-2,GET,/api/work,200,27,,4
1788020840496,ui_round-robin_burst_1788020829991,round-robin,server-3,GET,/api/work,200,27,,4
1788020840496,ui_round-robin_burst_1788020829991,round-robin,server-1,GET,/api/work,200,31,,5
1788020840502,ui_round-robin_burst_1788020829991,round-robin,server-2,GET,/api/work,200,27,,5
1788020840503,ui_round-robin_burst_1788020829991,round-robin,server-3,GET,/api/work,200,28,,6
1788020840504,ui_round-robin_burst_1788020829991,round-robin,server-1,GET,/api/work,200,29,,5
1788020840506,ui_round-robin_burst_1788020829991,round-robin,server-2,GET,/api/work,200,30,,6
1788020840511,ui_round-robin_burst_1788020829991,round-robin,server-3,GET,/api/work,200,28,,8
1788020840514,ui_round-robin_burst_1788020829991,round-robin,server-2,GET,/api/work,200,27,,8
1788020840513,ui_round-robin_burst_1788020829991,round-robin,server-1,GET,/api/work,200,29,,8
1788020840517,ui_round-robin_burst_1788020829991,round-robin,server-3,GET,/api/work,200,27,,8
1788020840517,ui_round-robin_burst_1788020829991,round-robin,server-2,GET,/api/work,200,28,,7
1788020840517,ui_round-robin_burst_1788020829991,round-robin,server-1,GET,/api/work,200,29,,8
1788020840519,ui_round-robin_burst_1788020829991,round-robin,server-3,GET,/api/work,200,28,,7
1788020840524,ui_round-robin_burst_1788020829991,round-robin,server-1,GET,/api/work,200,27,,8
1788020840524,ui_round-robin_burst_1788020829991,round-robin,server-2,GET,/api/work,200,28,,7
1788020840525,ui_round-robin_burst_1788020829991,round-robin,server-1,GET,/api/work,200,29,,7
1788020840525,ui_round-robin_burst_1788020829991,round-robin,server-3,GET,/api/work,200,30,,7
1788020840527,ui_round-robin_burst_1788020829991,round-robin,server-3,GET,/api/work,200,30,,6
1788020840527,ui_round-robin_burst_1788020829991,round-robin,server-2,GET,/api/work,200,31,,7
1788020840530,ui_round-robin_burst_1788020829991,round-robin,server-2,GET,/api/work,200,29,,6
1788020840530,ui_round-robin_burst_1788020829991,round-robin,server-1,GET,/api/work,200,30,,6
1788020840530,ui_round-robin_burst_1788020829991,round-robin,server-3,GET,/api/work,200,32,,6
1788020840534,ui_round-robin_burst_1788020829991,round-robin,server-1,GET,/api/work,200,29,,6
1788020840534,ui_round-robin_burst_1788020829991,round-robin,server-2,GET,/api/work,200,31,,5
1788020840534,ui_round-robin_burst_1788020829991,round-robin,server-3,GET,/api/work,200,31,,5
1788020840537,ui_round-robin_burst_1788020829991,round-robin,server-2,GET,/api/work,200,31,,5
1788020840538,ui_round-robin_burst_1788020829991,round-robin,server-2,GET,/api/work,200,31,,4
1788020840537,ui_round-robin_burst_1788020829991,round-robin,server-1,GET,/api/work,200,33,,5
1788020840538,ui_round-robin_burst_1788020829991,round-robin,server-1,GET,/api/work,200,32,,4
1788020840538,ui_round-robin_burst_1788020829991,round-robin,server-3,GET,/api/work,200,33,,5
1788020840538,ui_round-robin_burst_1788020829991,round-robin,server-3,GET,/api/work,200,34,,4
1788020840540,ui_round-robin_burst_1788020829991,round-robin,server-1,GET,/api/work,200,33,,3
1788020840540,ui_round-robin_burst_1788020829991,round-robin,server-2,GET,/api/work,200,34,,3
1788020840542,ui_round-robin_burst_1788020829991,round-robin,server-3,GET,/api/work,200,34,,3
1788020840545,ui_round-robin_burst_1788020829991,round-robin,server-1,GET,/api/work,200,32,,3
1788020840545,ui_round-robin_burst_1788020829991,round-robin,server-2,GET,/api/work,200,33,,3
1788020840548,ui_round-robin_burst_1788020829991,round-robin,server-3,GET,/api/work,200,32,,2
1788020840548,ui_round-robin_burst_1788020829991,round-robin,server-1,GET,/api/work,200,33,,2
1788020840556,ui_round-robin_burst_1788020829991,round-robin,server-2,GET,/api/work,200,29,,4
1788020840560,ui_round-robin_burst_1788020829991,round-robin,server-3,GET,/api/work,200,27,,5
1788020840561,ui_round-robin_burst_1788020829991,round-robin,server-1,GET,/api/work,200,27,,4
1788020840566,ui_round-robin_burst_1788020829991,round-robin,server-2,GET,/api/work,200,26,,5
1788020840567,ui_round-robin_burst_1788020829991,round-robin,server-3,GET,/api/work,200,27,,5
1788020840575,ui_round-robin_burst_1788020829991,round-robin,server-2,GET,/api/work,200,28,,6
1788020840574,ui_round-robin_burst_1788020829991,round-robin,server-1,GET,/api/work,200,29,,6
1788020840581,ui_round-robin_burst_1788020829991,round-robin,server-1,GET,/api/work,200,26,,7
1788020840581,ui_round-robin_burst_1788020829991,round-robin,server-2,GET,/api/work,200,27,,7
1788020840582,ui_round-robin_burst_1788020829991,round-robin,server-1,GET,/api/work,200,27,,6
1788020840584,ui_round-robin_burst_1788020829991,round-robin,server-1,GET,/api/work,200,26,,5
1788020840583,ui_round-robin_burst_1788020829991,round-robin,server-2,GET,/api/work,200,28,,7
1788020840581,ui_round-robin_burst_1788020829991,round-robin,server-3,GET,/api/work,200,31,,8
1788020840582,ui_round-robin_burst_1788020829991,round-robin,server-3,GET,/api/work,200,30,,7
1788020840586,ui_round-robin_burst_1788020829991,round-robin,server-2,GET,/api/work,200,27,,6
1788020840583,ui_round-robin_burst_1788020829991,round-robin,server-3,GET,/api/work,200,31,,7
1788020840586,ui_round-robin_burst_1788020829991,round-robin,server-3,GET,/api/work,200,29,,6
1788020840589,ui_round-robin_burst_1788020829991,round-robin,server-2,GET,/api/work,200,28,,6
1788020840589,ui_round-robin_burst_1788020829991,round-robin,server-1,GET,/api/work,200,29,,7
1788020840592,ui_round-robin_burst_1788020829991,round-robin,server-3,GET,/api/work,200,27,,7
1788020840593,ui_round-robin_burst_1788020829991,round-robin,server-1,GET,/api/work,200,27,,7
1788020840594,ui_round-robin_burst_1788020829991,round-robin,server-2,GET,/api/work,200,27,,7
1788020840595,ui_round-robin_burst_1788020829991,round-robin,server-3,GET,/api/work,200,27,,6
1788020840598,ui_round-robin_burst_1788020829991,round-robin,server-1,GET,/api/work,200,27,,6
1788020840599,ui_round-robin_burst_1788020829991,round-robin,server-2,GET,/api/work,200,27,,6
1788020840603,ui_round-robin_burst_1788020829991,round-robin,server-3,GET,/api/work,200,29,,6
1788020840604,ui_round-robin_burst_1788020829991,round-robin,server-1,GET,/api/work,200,28,,6
1788020840606,ui_round-robin_burst_1788020829991,round-robin,server-2,GET,/api/work,200,27,,5
1788020840607,ui_round-robin_burst_1788020829991,round-robin,server-2,GET,/api/work,200,27,,4
1788020840607,ui_round-robin_burst_1788020829991,round-robin,server-1,GET,/api/work,200,28,,5
1788020840607,ui_round-robin_burst_1788020829991,round-robin,server-3,GET,/api/work,200,28,,5
1788020840607,ui_round-robin_burst_1788020829991,round-robin,server-3,GET,/api/work,200,28,,4
1788020840610,ui_round-robin_burst_1788020829991,round-robin,server-1,GET,/api/work,200,27,,4
1788020840611,ui_round-robin_burst_1788020829991,round-robin,server-2,GET,/api/work,200,26,,4
1788020840613,ui_round-robin_burst_1788020829991,round-robin,server-3,GET,/api/work,200,27,,4
1788020840616,ui_round-robin_burst_1788020829991,round-robin,server-3,GET,/api/work,200,27,,4
1788020840616,ui_round-robin_burst_1788020829991,round-robin,server-2,GET,/api/work,200,28,,4
1788020840616,ui_round-robin_burst_1788020829991,round-robin,server-1,GET,/api/work,200,29,,4
1788020840616,ui_round-robin_burst_1788020829991,round-robin,server-1,GET,/api/work,200,29,,3
1788020840618,ui_round-robin_burst_1788020829991,round-robin,server-2,GET,/api/work,200,31,,4
1788020840620,ui_round-robin_burst_1788020829991,round-robin,server-1,GET,/api/work,200,29,,3
1788020840620,ui_round-robin_burst_1788020829991,round-robin,server-2,GET,/api/work,200,30,,3
1788020840618,ui_round-robin_burst_1788020829991,round-robin,server-3,GET,/api/work,200,33,,4
1788020840625,ui_round-robin_burst_1788020829991,round-robin,server-3,GET,/api/work,200,29,,6
1788020840626,ui_round-robin_burst_1788020829991,round-robin,server-1,GET,/api/work,200,29,,6
1788020840636,ui_round-robin_burst_1788020829991,round-robin,server-3,GET,/api/work,200,26,,6
1788020840636,ui_round-robin_burst_1788020829991,round-robin,server-2,GET,/api/work,200,27,,6
1788020840639,ui_round-robin_burst_1788020829991,round-robin,server-1,GET,/api/work,200,26,,6
1788020840640,ui_round-robin_burst_1788020829991,round-robin,server-2,GET,/api/work,200,27,,7
1788020840641,ui_round-robin_burst_1788020829991,round-robin,server-3,GET,/api/work,200,28,,7
1788020840648,ui_round-robin_burst_1788020829991,round-robin,server-2,GET,/api/work,200,26,,7
1788020840647,ui_round-robin_burst_1788020829991,round-robin,server-1,GET,/api/work,200,28,,8
1788020840648,ui_round-robin_burst_1788020829991,round-robin,server-3,GET,/api/work,200,29,,7
1788020840652,ui_round-robin_burst_1788020829991,round-robin,server-3,GET,/api/work,200,32,,6
1788020840652,ui_round-robin_burst_1788020829991,round-robin,server-2,GET,/api/work,200,33,,7
1788020840652,ui_round-robin_burst_1788020829991,round-robin,server-2,GET,/api/work,200,33,,6
1788020840651,ui_round-robin_burst_1788020829991,round-robin,server-1,GET,/api/work,200,35,,7
1788020840654,ui_round-robin_burst_1788020829991,round-robin,server-2,GET,/api/work,200,33,,5
1788020840653,ui_round-robin_burst_1788020829991,round-robin,server-3,GET,/api/work,200,34,,5
1788020840652,ui_round-robin_burst_1788020829991,round-robin,server-1,GET,/api/work,200,36,,6
1788020840654,ui_round-robin_burst_1788020829991,round-robin,server-3,GET,/api/work,200,35,,4
1788020840657,ui_round-robin_burst_1788020829991,round-robin,server-3,GET,/api/work,200,32,,3
1788020840654,ui_round-robin_burst_1788020829991,round-robin,server-1,GET,/api/work,200,36,,5
1788020840657,ui_round-robin_burst_1788020829991,round-robin,server-2,GET,/api/work,200,36,,6
1788020840654,ui_round-robin_burst_1788020829991,round-robin,server-1,GET,/api/work,200,40,,6
1788020840664,ui_round-robin_burst_1788020829991,round-robin,server-3,GET,/api/work,200,31,,4
1788020840664,ui_round-robin_burst_1788020829991,round-robin,server-1,GET,/api/work,200,32,,5
1788020840667,ui_round-robin_burst_1788020829991,round-robin,server-3,GET,/api/work,200,31,,4
1788020840667,ui_round-robin_burst_1788020829991,round-robin,server-1,GET,/api/work,200,32,,5
1788020840664,ui_round-robin_burst_1788020829991,round-robin,server-2,GET,/api/work,200,36,,6
1788020840667,ui_round-robin_burst_1788020829991,round-robin,server-2,GET,/api/work,200,34,,5
1788020840670,ui_round-robin_burst_1788020829991,round-robin,server-2,GET,/api/work,200,32,,4
1788020840669,ui_round-robin_burst_1788020829991,round-robin,server-1,GET,/api/work,200,33,,4
1788020840670,ui_round-robin_burst_1788020829991,round-robin,server-3,GET,/api/work,200,34,,4
1788020840671,ui_round-robin_burst_1788020829991,round-robin,server-1,GET,/api/work,200,34,,4
1788020840683,ui_round-robin_burst_1788020829991,round-robin,server-2,GET,/api/work,200,32,,5
1788020840691,ui_round-robin_burst_1788020829991,round-robin,server-1,GET,/api/work,200,28,,5
1788020840691,ui_round-robin_burst_1788020829991,round-robin,server-3,GET,/api/work,200,28,,5
1788020840691,ui_round-robin_burst_1788020829991,round-robin,server-1,GET,/api/work,200,28,,4
1788020840691,ui_round-robin_burst_1788020829991,round-robin,server-3,GET,/api/work,200,28,,4
1788020840697,ui_round-robin_burst_1788020829991,round-robin,server-3,GET,/api/work,200,28,,4
1788020840691,ui_round-robin_burst_1788020829991,round-robin,server-2,GET,/api/work,200,34,,5
1788020840692,ui_round-robin_burst_1788020829991,round-robin,server-2,GET,/api/work,200,34,,4
1788020840697,ui_round-robin_burst_1788020829991,round-robin,server-2,GET,/api/work,200,29,,3
1788020840697,ui_round-robin_burst_1788020829991,round-robin,server-1,GET,/api/work,200,32,,6
1788020840703,ui_round-robin_burst_1788020829991,round-robin,server-3,GET,/api/work,200,27,,6
1788020840706,ui_round-robin_burst_1788020829991,round-robin,server-3,GET,/api/work,200,27,,6
1788020840707,ui_round-robin_burst_1788020829991,round-robin,server-3,GET,/api/work,200,27,,5
1788020840703,ui_round-robin_burst_1788020829991,round-robin,server-2,GET,/api/work,200,32,,6
1788020840703,ui_round-robin_burst_1788020829991,round-robin,server-1,GET,/api/work,200,34,,8
1788020840706,ui_round-robin_burst_1788020829991,round-robin,server-1,GET,/api/work,200,33,,7
1788020840709,ui_round-robin_burst_1788020829991,round-robin,server-1,GET,/api/work,200,31,,6
1788020840707,ui_round-robin_burst_1788020829991,round-robin,server-2,GET,/api/work,200,35,,8
1788020840722,ui_round-robin_burst_1788020829991,round-robin,server-2,GET,/api/work,200,28,,7
1788020840723,ui_round-robin_burst_1788020829991,round-robin,server-1,GET,/api/work,200,28,,7
1788020840722,ui_round-robin_burst_1788020829991,round-robin,server-3,GET,/api/work,200,30,,8
1788020840727,ui_round-robin_burst_1788020829991,round-robin,server-3,GET,/api/work,200,29,,7
1788020840727,ui_round-robin_burst_1788020829991,round-robin,server-1,GET,/api/work,200,29,,7
1788020840728,ui_round-robin_burst_1788020829991,round-robin,server-3,GET,/api/work,200,29,,6
1788020840729,ui_round-robin_burst_1788020829991,round-robin,server-3,GET,/api/work,200,29,,5
1788020840727,ui_round-robin_burst_1788020829991,round-robin,server-2,GET,/api/work,200,33,,9
1788020840732,ui_round-robin_burst_1788020829991,round-robin,server-3,GET,/api/work,200,28,,5
1788020840728,ui_round-robin_burst_1788020829991,round-robin,server-2,GET,/api/work,200,33,,8
1788020840728,ui_round-robin_burst_1788020829991,round-robin,server-2,GET,/api/work,200,34,,7
1788020840731,ui_round-robin_burst_1788020829991,round-robin,server-2,GET,/api/work,200,32,,6
1788020840737,ui_round-robin_burst_1788020829991,round-robin,server-3,GET,/api/work,200,27,,5
1788020840738,ui_round-robin_burst_1788020829991,round-robin,server-3,GET,/api/work,200,27,,4
1788020840737,ui_round-robin_burst_1788020829991,round-robin,server-2,GET,/api/work,200,29,,5
1788020840737,ui_round-robin_burst_1788020829991,round-robin,server-2,GET,/api/work,200,30,,4
1788020840728,ui_round-robin_burst_1788020829991,round-robin,server-1,GET,/api/work,200,40,,8
1788020840741,ui_round-robin_burst_1788020829991,round-robin,server-2,GET,/api/work,200,28,,4
1788020840729,ui_round-robin_burst_1788020829991,round-robin,server-1,GET,/api/work,200,41,,8
1788020840736,ui_round-robin_burst_1788020829991,round-robin,server-1,GET,/api/work,200,34,,7
1788020840737,ui_round-robin_burst_1788020829991,round-robin,server-1,GET,/api/work,200,34,,6
1788020840747,ui_round-robin_burst_1788020829991,round-robin,server-3,GET,/api/work,200,32,,5
1788020840741,ui_round-robin_burst_1788020829991,round-robin,server-1,GET,/api/work,200,38,,6
1788020840750,ui_round-robin_burst_1788020829991,round-robin,server-1,GET,/api/work,200,30,,5
1788020840751,ui_round-robin_burst_1788020829991,round-robin,server-2,GET,/api/work,200,29,,5
1788020840751,ui_round-robin_burst_1788020829991,round-robin,server-3,GET,/api/work,200,30,,4
1788020840751,ui_round-robin_burst_1788020829991,round-robin,server-1,GET,/api/work,200,30,,4
1788020840759,ui_round-robin_burst_1788020829991,round-robin,server-3,GET,/api/work,200,26,,4
1788020840759,ui_round-robin_burst_1788020829991,round-robin,server-2,GET,/api/work,200,27,,5
1788020840759,ui_round-robin_burst_1788020829991,round-robin,server-2,GET,/api/work,200,28,,4
1788020840759,ui_round-robin_burst_1788020829991,round-robin,server-1,GET,/api/work,200,38,,4
1788020840767,ui_round-robin_burst_1788020829991,round-robin,server-2,GET,/api/work,200,31,,3
1788020840763,ui_round-robin_burst_1788020829991,round-robin,server-3,GET,/api/work,200,36,,3
1788020840769,ui_round-robin_burst_1788020829991,round-robin,server-3,GET,/api/work,200,31,,2
1788020840773,ui_round-robin_burst_1788020829991,round-robin,server-3,GET,/api/work,200,33,,5
1788020840773,ui_round-robin_burst_1788020829991,round-robin,server-2,GET,/api/work,200,34,,5
1788020840765,ui_round-robin_burst_1788020829991,round-robin,server-1,GET,/api/work,200,43,,6
1788020840769,ui_round-robin_burst_1788020829991,round-robin,server-1,GET,/api/work,200,40,,5
1788020840773,ui_round-robin_burst_1788020829991,round-robin,server-2,GET,/api/work,200,38,,7
1788020840773,ui_round-robin_burst_1788020829991,round-robin,server-1,GET,/api/work,200,40,,7
1788020840782,ui_round-robin_burst_1788020829991,round-robin,server-3,GET,/api/work,200,32,,6
1788020840783,ui_round-robin_burst_1788020829991,round-robin,server-2,GET,/api/work,200,33,,6
1788020840783,ui_round-robin_burst_1788020829991,round-robin,server-1,GET,/api/work,200,37,,8
1788020840800,ui_round-robin_burst_1788020829991,round-robin,server-3,GET,/api/work,200,27,,8
1788020840801,ui_round-robin_burst_1788020829991,round-robin,server-1,GET,/api/work,200,27,,8
1788020840801,ui_round-robin_burst_1788020829991,round-robin,server-3,GET,/api/work,200,29,,7
1788020840803,ui_round-robin_burst_1788020829991,round-robin,server-3,GET,/api/work,200,29,,6
1788020840804,ui_round-robin_burst_1788020829991,round-robin,server-3,GET,/api/work,200,29,,5
1788020840801,ui_round-robin_burst_1788020829991,round-robin,server-1,GET,/api/work,200,33,,7
1788020840801,ui_round-robin_burst_1788020829991,round-robin,server-2,GET,/api/work,200,37,,8
1788020840803,ui_round-robin_burst_1788020829991,round-robin,server-2,GET,/api/work,200,36,,7
1788020840804,ui_round-robin_burst_1788020829991,round-robin,server-2,GET,/api/work,200,36,,6
1788020840810,ui_round-robin_burst_1788020829991,round-robin,server-2,GET,/api/work,200,31,,5
1788020840810,ui_round-robin_burst_1788020829991,round-robin,server-3,GET,/api/work,200,31,,4
1788020840811,ui_round-robin_burst_1788020829991,round-robin,server-3,GET,/api/work,200,33,,3
1788020840810,ui_round-robin_burst_1788020829991,round-robin,server-2,GET,/api/work,200,36,,5
1788020840804,ui_round-robin_burst_1788020829991,round-robin,server-1,GET,/api/work,200,46,,7
1788020840811,ui_round-robin_burst_1788020829991,round-robin,server-2,GET,/api/work,200,40,,4
1788020840817,ui_round-robin_burst_1788020829991,round-robin,server-3,GET,/api/work,200,34,,4
1788020840819,ui_round-robin_burst_1788020829991,round-robin,server-3,GET,/api/work,200,33,,3
1788020840810,ui_round-robin_burst_1788020829991,round-robin,server-1,GET,/api/work,200,46,,8
1788020840810,ui_round-robin_burst_1788020829991,round-robin,server-1,GET,/api/work,200,47,,7
1788020840818,ui_round-robin_burst_1788020829991,round-robin,server-2,GET,/api/work,200,39,,4
1788020840811,ui_round-robin_burst_1788020829991,round-robin,server-1,GET,/api/work,200,46,,6
1788020840819,ui_round-robin_burst_1788020829991,round-robin,server-2,GET,/api/work,200,39,,3
1788020840818,ui_round-robin_burst_1788020829991,round-robin,server-1,GET,/api/work,200,40,,5
1788020840819,ui_round-robin_burst_1788020829991,round-robin,server-1,GET,/api/work,200,39,,4
1788020840821,ui_round-robin_burst_1788020829991,round-robin,server-3,GET,/api/work,200,38,,3
1788020840826,ui_round-robin_burst_1788020829991,round-robin,server-1,GET,/api/work,200,34,,3
1788020840829,ui_round-robin_burst_1788020829991,round-robin,server-2,GET,/api/work,200,32,,4
1788020840844,ui_round-robin_burst_1788020829991,round-robin,server-3,GET,/api/work,200,27,,5
1788020840845,ui_round-robin_burst_1788020829991,round-robin,server-1,GET,/api/work,200,27,,5
1788020840845,ui_round-robin_burst_1788020829991,round-robin,server-3,GET,/api/work,200,27,,4
1788020840845,ui_round-robin_burst_1788020829991,round-robin,server-2,GET,/api/work,200,28,,5
1788020840855,ui_round-robin_burst_1788020829991,round-robin,server-1,GET,/api/work,200,26,,6
1788020840855,ui_round-robin_burst_1788020829991,round-robin,server-1,GET,/api/work,200,27,,5
1788020840855,ui_round-robin_burst_1788020829991,round-robin,server-3,GET,/api/work,200,27,,5
1788020840855,ui_round-robin_burst_1788020829991,round-robin,server-2,GET,/api/work,200,28,,6
1788020840860,ui_round-robin_burst_1788020829991,round-robin,server-3,GET,/api/work,200,26,,5
1788020840861,ui_round-robin_burst_1788020829991,round-robin,server-3,GET,/api/work,200,26,,4
1788020840860,ui_round-robin_burst_1788020829991,round-robin,server-2,GET,/api/work,200,28,,5
1788020840860,ui_round-robin_burst_1788020829991,round-robin,server-1,GET,/api/work,200,29,,4
1788020840860,ui_round-robin_burst_1788020829991,round-robin,server-2,GET,/api/work,200,30,,4
1788020840862,ui_round-robin_burst_1788020829991,round-robin,server-1,GET,/api/work,200,30,,4
1788020840863,ui_round-robin_burst_1788020829991,round-robin,server-2,GET,/api/work,200,30,,3
1788020840863,ui_round-robin_burst_1788020829991,round-robin,server-3,GET,/api/work,200,30,,3
1788020840870,ui_round-robin_burst_1788020829991,round-robin,server-2,GET,/api/work,200,27,,5
1788020840868,ui_round-robin_burst_1788020829991,round-robin,server-1,GET,/api/work,200,31,,7
1788020840872,ui_round-robin_burst_1788020829991,round-robin,server-3,GET,/api/work,200,29,,7
1788020840874,ui_round-robin_burst_1788020829991,round-robin,server-1,GET,/api/work,200,27,,6
1788020840876,ui_round-robin_burst_1788020829991,round-robin,server-2,GET,/api/work,200,27,,7
1788020840876,ui_round-robin_burst_1788020829991,round-robin,server-3,GET,/api/work,200,28,,6
1788020840877,ui_round-robin_burst_1788020829991,round-robin,server-2,GET,/api/work,200,27,,6
1788020840877,ui_round-robin_burst_1788020829991,round-robin,server-1,GET,/api/work,200,28,,6
1788020840882,ui_round-robin_burst_1788020829991,round-robin,server-3,GET,/api/work,200,28,,6
1788020840891,ui_round-robin_burst_1788020829991,round-robin,server-1,GET,/api/work,200,27,,7
1788020840894,ui_round-robin_burst_1788020829991,round-robin,server-2,GET,/api/work,200,26,,7
1788020840895,ui_round-robin_burst_1788020829991,round-robin,server-3,GET,/api/work,200,26,,7
1788020840895,ui_round-robin_burst_1788020829991,round-robin,server-2,GET,/api/work,200,27,,6
1788020840895,ui_round-robin_burst_1788020829991,round-robin,server-3,GET,/api/work,200,27,,6
1788020840896,ui_round-robin_burst_1788020829991,round-robin,server-2,GET,/api/work,200,27,,5
1788020840895,ui_round-robin_burst_1788020829991,round-robin,server-1,GET,/api/work,200,28,,7
1788020840895,ui_round-robin_burst_1788020829991,round-robin,server-1,GET,/api/work,200,29,,6
1788020840897,ui_round-robin_burst_1788020829991,round-robin,server-3,GET,/api/work,200,28,,5
1788020840898,ui_round-robin_burst_1788020829991,round-robin,server-2,GET,/api/work,200,28,,5
1788020840898,ui_round-robin_burst_1788020829991,round-robin,server-3,GET,/api/work,200,28,,5
1788020840898,ui_round-robin_burst_1788020829991,round-robin,server-2,GET,/api/work,200,29,,4
1788020840898,ui_round-robin_burst_1788020829991,round-robin,server-3,GET,/api/work,200,29,,4
1788020840898,ui_round-robin_burst_1788020829991,round-robin,server-1,GET,/api/work,200,29,,6
1788020840898,ui_round-robin_burst_1788020829991,round-robin,server-1,GET,/api/work,200,30,,5
1788020840902,ui_round-robin_burst_1788020829991,round-robin,server-1,GET,/api/work,200,27,,4
1788020840902,ui_round-robin_burst_1788020829991,round-robin,server-2,GET,/api/work,200,29,,5
1788020840905,ui_round-robin_burst_1788020829991,round-robin,server-3,GET,/api/work,200,27,,5
1788020840905,ui_round-robin_burst_1788020829991,round-robin,server-1,GET,/api/work,200,28,,5
1788020840912,ui_round-robin_burst_1788020829991,round-robin,server-2,GET,/api/work,200,27,,6
1788020840914,ui_round-robin_burst_1788020829991,round-robin,server-3,GET,/api/work,200,25,,6
1788020840914,ui_round-robin_burst_1788020829991,round-robin,server-1,GET,/api/work,200,26,,5
1788020840915,ui_round-robin_burst_1788020829991,round-robin,server-2,GET,/api/work,200,27,,5
1788020840917,ui_round-robin_burst_1788020829991,round-robin,server-3,GET,/api/work,200,26,,5
1788020840922,ui_round-robin_burst_1788020829991,round-robin,server-1,GET,/api/work,200,27,,5
1788020840925,ui_round-robin_burst_1788020829991,round-robin,server-3,GET,/api/work,200,26,,4
1788020840924,ui_round-robin_burst_1788020829991,round-robin,server-2,GET,/api/work,200,28,,5
1788020840926,ui_round-robin_burst_1788020829991,round-robin,server-1,GET,/api/work,200,26,,4
1788020840928,ui_round-robin_burst_1788020829991,round-robin,server-2,GET,/api/work,200,26,,6
1788020840930,ui_round-robin_burst_1788020829991,round-robin,server-3,GET,/api/work,200,25,,6
1788020840930,ui_round-robin_burst_1788020829991,round-robin,server-1,GET,/api/work,200,26,,5
1788020840930,ui_round-robin_burst_1788020829991,round-robin,server-2,GET,/api/work,200,27,,5
1788020840931,ui_round-robin_burst_1788020829991,round-robin,server-3,GET,/api/work,200,27,,5
1788020840933,ui_round-robin_burst_1788020829991,round-robin,server-2,GET,/api/work,200,26,,5
1788020840932,ui_round-robin_burst_1788020829991,round-robin,server-1,GET,/api/work,200,27,,5
1788020840934,ui_round-robin_burst_1788020829991,round-robin,server-3,GET,/api/work,200,26,,5
1788020840936,ui_round-robin_burst_1788020829991,round-robin,server-1,GET,/api/work,200,26,,6
1788020840937,ui_round-robin_burst_1788020829991,round-robin,server-3,GET,/api/work,200,26,,6
1788020840936,ui_round-robin_burst_1788020829991,round-robin,server-2,GET,/api/work,200,27,,6
1788020840940,ui_round-robin_burst_1788020829991,round-robin,server-1,GET,/api/work,200,26,,6
1788020840948,ui_round-robin_burst_1788020829991,round-robin,server-2,GET,/api/work,200,26,,7
1788020840951,ui_round-robin_burst_1788020829991,round-robin,server-3,GET,/api/work,200,26,,7
1788020840953,ui_round-robin_burst_1788020829991,round-robin,server-2,GET,/api/work,200,26,,6
1788020840953,ui_round-robin_burst_1788020829991,round-robin,server-1,GET,/api/work,200,27,,7
1788020840953,ui_round-robin_burst_1788020829991,round-robin,server-3,GET,/api/work,200,27,,6
1788020840954,ui_round-robin_burst_1788020829991,round-robin,server-1,GET,/api/work,200,26,,6
1788020840954,ui_round-robin_burst_1788020829991,round-robin,server-2,GET,/api/work,200,27,,6
1788020840955,ui_round-robin_burst_1788020829991,round-robin,server-3,GET,/api/work,200,26,,5
1788020840957,ui_round-robin_burst_1788020829991,round-robin,server-1,GET,/api/work,200,27,,6
1788020840958,ui_round-robin_burst_1788020829991,round-robin,server-2,GET,/api/work,200,27,,6
1788020840960,ui_round-robin_burst_1788020829991,round-robin,server-1,GET,/api/work,200,27,,6
1788020840960,ui_round-robin_burst_1788020829991,round-robin,server-2,GET,/api/work,200,27,,5
1788020840961,ui_round-robin_burst_1788020829991,round-robin,server-1,GET,/api/work,200,26,,5
1788020840960,ui_round-robin_burst_1788020829991,round-robin,server-3,GET,/api/work,200,28,,6
1788020840961,ui_round-robin_burst_1788020829991,round-robin,server-3,GET,/api/work,200,27,,5
1788020840963,ui_round-robin_burst_1788020829991,round-robin,server-3,GET,/api/work,200,26,,5
1788020840962,ui_round-robin_burst_1788020829991,round-robin,server-2,GET,/api/work,200,27,,5
1788020840964,ui_round-robin_burst_1788020829991,round-robin,server-1,GET,/api/work,200,26,,5
1788020840964,ui_round-robin_burst_1788020829991,round-robin,server-2,GET,/api/work,200,27,,4
1788020840970,ui_round-robin_burst_1788020829991,round-robin,server-2,GET,/api/work,200,26,,5
1788020840970,ui_round-robin_burst_1788020829991,round-robin,server-3,GET,/api/work,200,27,,6
1788020840970,ui_round-robin_burst_1788020829991,round-robin,server-1,GET,/api/work,200,28,,6
1788020840972,ui_round-robin_burst_1788020829991,round-robin,server-3,GET,/api/work,200,26,,5
1788020840974,ui_round-robin_burst_1788020829991,round-robin,server-1,GET,/api/work,200,27,,5
1788020840980,ui_round-robin_burst_1788020829991,round-robin,server-2,GET,/api/work,200,26,,5
1788020840983,ui_round-robin_burst_1788020829991,round-robin,server-1,GET,/api/work,200,26,,5
1788020840983,ui_round-robin_burst_1788020829991,round-robin,server-3,GET,/api/work,200,27,,5
1788020840984,ui_round-robin_burst_1788020829991,round-robin,server-2,GET,/api/work,200,27,,4
1788020840986,ui_round-robin_burst_1788020829991,round-robin,server-1,GET,/api/work,200,26,,4
1788020840985,ui_round-robin_burst_1788020829991,round-robin,server-3,GET,/api/work,200,28,,6
1788020840989,ui_round-robin_burst_1788020829991,round-robin,server-3,GET,/api/work,200,26,,5
1788020840988,ui_round-robin_burst_1788020829991,round-robin,server-2,GET,/api/work,200,28,,6
1788020840990,ui_round-robin_burst_1788020829991,round-robin,server-1,GET,/api/work,200,27,,5
1788020840992,ui_round-robin_burst_1788020829991,round-robin,server-3,GET,/api/work,200,27,,5
1788020840992,ui_round-robin_burst_1788020829991,round-robin,server-1,GET,/api/work,200,28,,5
1788020840992,ui_round-robin_burst_1788020829991,round-robin,server-2,GET,/api/work,200,29,,5
1788020840993,ui_round-robin_burst_1788020829991,round-robin,server-2,GET,/api/work,200,29,,4
1788020840995,ui_round-robin_burst_1788020829991,round-robin,server-1,GET,/api/work,200,28,,6
1788020840994,ui_round-robin_burst_1788020829991,round-robin,server-3,GET,/api/work,200,30,,6
1788020840998,ui_round-robin_burst_1788020829991,round-robin,server-2,GET,/api/work,200,27,,6
1788020841005,ui_round-robin_burst_1788020829991,round-robin,server-3,GET,/api/work,200,26,,7
1788020841008,ui_round-robin_burst_1788020829991,round-robin,server-1,GET,/api/work,200,27,,7
1788020841011,ui_round-robin_burst_1788020829991,round-robin,server-2,GET,/api/work,200,27,,7
1788020841012,ui_round-robin_burst_1788020829991,round-robin,server-3,GET,/api/work,200,26,,7
1788020841013,ui_round-robin_burst_1788020829991,round-robin,server-2,GET,/api/work,200,25,,6
1788020841012,ui_round-robin_burst_1788020829991,round-robin,server-1,GET,/api/work,200,27,,6
1788020841013,ui_round-robin_burst_1788020829991,round-robin,server-3,GET,/api/work,200,26,,6
1788020841014,ui_round-robin_burst_1788020829991,round-robin,server-1,GET,/api/work,200,26,,5
1788020841014,ui_round-robin_burst_1788020829991,round-robin,server-2,GET,/api/work,200,26,,5
1788020841016,ui_round-robin_burst_1788020829991,round-robin,server-3,GET,/api/work,200,27,,5
1788020841018,ui_round-robin_burst_1788020829991,round-robin,server-1,GET,/api/work,200,26,,6
1788020841022,ui_round-robin_burst_1788020829991,round-robin,server-1,GET,/api/work,200,26,,5
1788020841022,ui_round-robin_burst_1788020829991,round-robin,server-2,GET,/api/work,200,27,,6
1788020841022,ui_round-robin_burst_1788020829991,round-robin,server-2,GET,/api/work,200,27,,5
1788020841022,ui_round-robin_burst_1788020829991,round-robin,server-3,GET,/api/work,200,28,,6
1788020841023,ui_round-robin_burst_1788020829991,round-robin,server-1,GET,/api/work,200,27,,5
1788020841024,ui_round-robin_burst_1788020829991,round-robin,server-2,GET,/api/work,200,26,,5
1788020841023,ui_round-robin_burst_1788020829991,round-robin,server-3,GET,/api/work,200,28,,5
1788020841025,ui_round-robin_burst_1788020829991,round-robin,server-3,GET,/api/work,200,27,,4
1788020841027,ui_round-robin_burst_1788020829991,round-robin,server-1,GET,/api/work,200,26,,5
1788020841029,ui_round-robin_burst_1788020829991,round-robin,server-1,GET,/api/work,200,26,,4
1788020841029,ui_round-robin_burst_1788020829991,round-robin,server-3,GET,/api/work,200,27,,5
1788020841029,ui_round-robin_burst_1788020829991,round-robin,server-2,GET,/api/work,200,27,,6
1788020841032,ui_round-robin_burst_1788020829991,round-robin,server-2,GET,/api/work,200,27,,5
1788020841037,ui_round-robin_burst_1788020829991,round-robin,server-3,GET,/api/work,200,28,,5
1788020841041,ui_round-robin_burst_1788020829991,round-robin,server-1,GET,/api/work,200,26,,5
1788020841043,ui_round-robin_burst_1788020829991,round-robin,server-3,GET,/api/work,200,27,,5
1788020841043,ui_round-robin_burst_1788020829991,round-robin,server-2,GET,/api/work,200,27,,6
1788020841044,ui_round-robin_burst_1788020829991,round-robin,server-2,GET,/api/work,200,27,,6
1788020841043,ui_round-robin_burst_1788020829991,round-robin,server-1,GET,/api/work,200,28,,6
1788020841046,ui_round-robin_burst_1788020829991,round-robin,server-3,GET,/api/work,200,26,,6
1788020841050,ui_round-robin_burst_1788020829991,round-robin,server-2,GET,/api/work,200,26,,6
1788020841050,ui_round-robin_burst_1788020829991,round-robin,server-1,GET,/api/work,200,26,,6
1788020841052,ui_round-robin_burst_1788020829991,round-robin,server-3,GET,/api/work,200,26,,5
1788020841053,ui_round-robin_burst_1788020829991,round-robin,server-2,GET,/api/work,200,26,,5
1788020841053,ui_round-robin_burst_1788020829991,round-robin,server-1,GET,/api/work,200,29,,6
1788020841055,ui_round-robin_burst_1788020829991,round-robin,server-3,GET,/api/work,200,28,,5
1788020841055,ui_round-robin_burst_1788020829991,round-robin,server-1,GET,/api/work,200,30,,6
1788020841055,ui_round-robin_burst_1788020829991,round-robin,server-2,GET,/api/work,200,30,,6
1788020841057,ui_round-robin_burst_1788020829991,round-robin,server-3,GET,/api/work,200,29,,5
1788020841062,ui_round-robin_burst_1788020829991,round-robin,server-1,GET,/api/work,200,27,,7
1788020841065,ui_round-robin_burst_1788020829991,round-robin,server-2,GET,/api/work,200,26,,7
1788020841069,ui_round-robin_burst_1788020829991,round-robin,server-3,GET,/api/work,200,27,,7
1788020841069,ui_round-robin_burst_1788020829991,round-robin,server-2,GET,/api/work,200,27,,6
1788020841069,ui_round-robin_burst_1788020829991,round-robin,server-1,GET,/api/work,200,27,,6
1788020841070,ui_round-robin_burst_1788020829991,round-robin,server-3,GET,/api/work,200,27,,6
1788020841070,ui_round-robin_burst_1788020829991,round-robin,server-1,GET,/api/work,200,28,,5
1788020841071,ui_round-robin_burst_1788020829991,round-robin,server-2,GET,/api/work,200,28,,5
1788020841072,ui_round-robin_burst_1788020829991,round-robin,server-3,GET,/api/work,200,28,,5
1788020841074,ui_round-robin_burst_1788020829991,round-robin,server-1,GET,/api/work,200,27,,5
1788020841075,ui_round-robin_burst_1788020829991,round-robin,server-2,GET,/api/work,200,29,,6
1788020841079,ui_round-robin_burst_1788020829991,round-robin,server-3,GET,/api/work,200,27,,6
1788020841080,ui_round-robin_burst_1788020829991,round-robin,server-1,GET,/api/work,200,28,,6
1788020841081,ui_round-robin_burst_1788020829991,round-robin,server-2,GET,/api/work,200,29,,6
1788020841084,ui_round-robin_burst_1788020829991,round-robin,server-3,GET,/api/work,200,27,,6
1788020841084,ui_round-robin_burst_1788020829991,round-robin,server-2,GET,/api/work,200,27,,5
1788020841084,ui_round-robin_burst_1788020829991,round-robin,server-1,GET,/api/work,200,28,,5
1788020841086,ui_round-robin_burst_1788020829991,round-robin,server-1,GET,/api/work,200,27,,5
1788020841086,ui_round-robin_burst_1788020829991,round-robin,server-2,GET,/api/work,200,27,,5
1788020841086,ui_round-robin_burst_1788020829991,round-robin,server-3,GET,/api/work,200,27,,5
1788020841088,ui_round-robin_burst_1788020829991,round-robin,server-1,GET,/api/work,200,26,,4
1788020841087,ui_round-robin_burst_1788020829991,round-robin,server-3,GET,/api/work,200,28,,4
1788020841088,ui_round-robin_burst_1788020829991,round-robin,server-2,GET,/api/work,200,27,,4
1788020841090,ui_round-robin_burst_1788020829991,round-robin,server-3,GET,/api/work,200,26,,3
1788020841098,ui_round-robin_burst_1788020829991,round-robin,server-1,GET,/api/work,200,27,,5
1788020841099,ui_round-robin_burst_1788020829991,round-robin,server-2,GET,/api/work,200,26,,5
1788020841101,ui_round-robin_burst_1788020829991,round-robin,server-3,GET,/api/work,200,26,,5
1788020841103,ui_round-robin_burst_1788020829991,round-robin,server-2,GET,/api/work,200,26,,5
1788020841104,ui_round-robin_burst_1788020829991,round-robin,server-3,GET,/api/work,200,26,,6
1788020841103,ui_round-robin_burst_1788020829991,round-robin,server-1,GET,/api/work,200,28,,6
1788020841104,ui_round-robin_burst_1788020829991,round-robin,server-1,GET,/api/work,200,27,,5
1788020841108,ui_round-robin_burst_1788020829991,round-robin,server-2,GET,/api/work,200,26,,6
1788020841108,ui_round-robin_burst_1788020829991,round-robin,server-3,GET,/api/work,200,27,,5
1788020841112,ui_round-robin_burst_1788020829991,round-robin,server-2,GET,/api/work,200,27,,5
1788020841112,ui_round-robin_burst_1788020829991,round-robin,server-1,GET,/api/work,200,27,,6
1788020841116,ui_round-robin_burst_1788020829991,round-robin,server-1,GET,/api/work,200,26,,5
1788020841116,ui_round-robin_burst_1788020829991,round-robin,server-3,GET,/api/work,200,27,,6
1788020841117,ui_round-robin_burst_1788020829991,round-robin,server-2,GET,/api/work,200,27,,6
1788020841118,ui_round-robin_burst_1788020829991,round-robin,server-1,GET,/api/work,200,26,,5
1788020841118,ui_round-robin_burst_1788020829991,round-robin,server-3,GET,/api/work,200,27,,6
1788020841120,ui_round-robin_burst_1788020829991,round-robin,server-2,GET,/api/work,200,26,,6
1788020841122,ui_round-robin_burst_1788020829991,round-robin,server-3,GET,/api/work,200,26,,7
1788020841127,ui_round-robin_burst_1788020829991,round-robin,server-1,GET,/api/work,200,26,,7
1788020841128,ui_round-robin_burst_1788020829991,round-robin,server-2,GET,/api/work,200,26,,6
1788020841128,ui_round-robin_burst_1788020829991,round-robin,server-3,GET,/api/work,200,27,,6
1788020841129,ui_round-robin_burst_1788020829991,round-robin,server-2,GET,/api/work,200,26,,5
1788020841129,ui_round-robin_burst_1788020829991,round-robin,server-1,GET,/api/work,200,27,,6
1788020841130,ui_round-robin_burst_1788020829991,round-robin,server-3,GET,/api/work,200,27,,6
1788020841132,ui_round-robin_burst_1788020829991,round-robin,server-1,GET,/api/work,200,25,,5
1788020841133,ui_round-robin_burst_1788020829991,round-robin,server-2,GET,/api/work,200,27,,5
1788020841136,ui_round-robin_burst_1788020829991,round-robin,server-3,GET,/api/work,200,27,,6
1788020841138,ui_round-robin_burst_1788020829991,round-robin,server-1,GET,/api/work,200,25,,6
1788020841141,ui_round-robin_burst_1788020829991,round-robin,server-3,GET,/api/work,200,26,,6
1788020841141,ui_round-robin_burst_1788020829991,round-robin,server-2,GET,/api/work,200,26,,6
1788020841143,ui_round-robin_burst_1788020829991,round-robin,server-1,GET,/api/work,200,26,,6
1788020841143,ui_round-robin_burst_1788020829991,round-robin,server-2,GET,/api/work,200,27,,5
1788020841145,ui_round-robin_burst_1788020829991,round-robin,server-1,GET,/api/work,200,26,,5
1788020841144,ui_round-robin_burst_1788020829991,round-robin,server-3,GET,/api/work,200,28,,6
1788020841145,ui_round-robin_burst_1788020829991,round-robin,server-2,GET,/api/work,200,27,,5
1788020841145,ui_round-robin_burst_1788020829991,round-robin,server-3,GET,/api/work,200,28,,5
1788020841146,ui_round-robin_burst_1788020829991,round-robin,server-2,GET,/api/work,200,28,,4
1788020841146,ui_round-robin_burst_1788020829991,round-robin,server-1,GET,/api/work,200,28,,4
1788020841147,ui_round-robin_burst_1788020829991,round-robin,server-1,GET,/api/work,200,28,,3
1788020841147,ui_round-robin_burst_1788020829991,round-robin,server-3,GET,/api/work,200,30,,4
1788020841156,ui_round-robin_burst_1788020829991,round-robin,server-2,GET,/api/work,200,26,,5
1788020841156,ui_round-robin_burst_1788020829991,round-robin,server-3,GET,/api/work,200,27,,5
1788020841158,ui_round-robin_burst_1788020829991,round-robin,server-1,GET,/api/work,200,26,,5
1788020841161,ui_round-robin_burst_1788020829991,round-robin,server-2,GET,/api/work,200,27,,6
1788020841161,ui_round-robin_burst_1788020829991,round-robin,server-3,GET,/api/work,200,27,,6
1788020841162,ui_round-robin_burst_1788020829991,round-robin,server-1,GET,/api/work,200,27,,6
1788020841162,ui_round-robin_burst_1788020829991,round-robin,server-2,GET,/api/work,200,27,,5
1788020841165,ui_round-robin_burst_1788020829991,round-robin,server-3,GET,/api/work,200,27,,6
1788020841165,ui_round-robin_burst_1788020829991,round-robin,server-1,GET,/api/work,200,27,,5
1788020841170,ui_round-robin_burst_1788020829991,round-robin,server-2,GET,/api/work,200,27,,6
1788020841171,ui_round-robin_burst_1788020829991,round-robin,server-3,GET,/api/work,200,27,,5
1788020841176,ui_round-robin_burst_1788020829991,round-robin,server-1,GET,/api/work,200,26,,6
1788020841177,ui_round-robin_burst_1788020829991,round-robin,server-3,GET,/api/work,200,26,,6
1788020841177,ui_round-robin_burst_1788020829991,round-robin,server-2,GET,/api/work,200,27,,7
1788020841178,ui_round-robin_burst_1788020829991,round-robin,server-3,GET,/api/work,200,26,,5
1788020841178,ui_round-robin_burst_1788020829991,round-robin,server-2,GET,/api/work,200,27,,6
1788020841178,ui_round-robin_burst_1788020829991,round-robin,server-1,GET,/api/work,200,28,,6
1788020841178,ui_round-robin_burst_1788020829991,round-robin,server-1,GET,/api/work,200,28,,5
1788020841184,ui_round-robin_burst_1788020829991,round-robin,server-2,GET,/api/work,200,27,,7
1788020841185,ui_round-robin_burst_1788020829991,round-robin,server-3,GET,/api/work,200,26,,6
1788020841187,ui_round-robin_burst_1788020829991,round-robin,server-2,GET,/api/work,200,26,,6
1788020841187,ui_round-robin_burst_1788020829991,round-robin,server-3,GET,/api/work,200,27,,6
1788020841187,ui_round-robin_burst_1788020829991,round-robin,server-1,GET,/api/work,200,27,,7
1788020841188,ui_round-robin_burst_1788020829991,round-robin,server-1,GET,/api/work,200,27,,6
1788020841190,ui_round-robin_burst_1788020829991,round-robin,server-2,GET,/api/work,200,27,,6
1788020841191,ui_round-robin_burst_1788020829991,round-robin,server-3,GET,/api/work,200,27,,5
1788020841193,ui_round-robin_burst_1788020829991,round-robin,server-1,GET,/api/work,200,26,,5
1788020841194,ui_round-robin_burst_1788020829991,round-robin,server-2,GET,/api/work,200,27,,5
1788020841200,ui_round-robin_burst_1788020829991,round-robin,server-1,GET,/api/work,200,26,,6
1788020841200,ui_round-robin_burst_1788020829991,round-robin,server-3,GET,/api/work,200,27,,6
1788020841201,ui_round-robin_burst_1788020829991,round-robin,server-3,GET,/api/work,200,26,,5
1788020841201,ui_round-robin_burst_1788020829991,round-robin,server-2,GET,/api/work,200,27,,6
1788020841203,ui_round-robin_burst_1788020829991,round-robin,server-1,GET,/api/work,200,26,,6
1788020841203,ui_round-robin_burst_1788020829991,round-robin,server-2,GET,/api/work,200,27,,5
1788020841205,ui_round-robin_burst_1788020829991,round-robin,server-3,GET,/api/work,200,26,,5
1788020841206,ui_round-robin_burst_1788020829991,round-robin,server-1,GET,/api/work,200,27,,5
1788020841207,ui_round-robin_burst_1788020829991,round-robin,server-2,GET,/api/work,200,27,,5
1788020841207,ui_round-robin_burst_1788020829991,round-robin,server-3,GET,/api/work,200,27,,4
1788020841209,ui_round-robin_burst_1788020829991,round-robin,server-2,GET,/api/work,200,25,,4
1788020841208,ui_round-robin_burst_1788020829991,round-robin,server-1,GET,/api/work,200,27,,4
1788020841213,ui_round-robin_burst_1788020829991,round-robin,server-3,GET,/api/work,200,26,,5
1788020841214,ui_round-robin_burst_1788020829991,round-robin,server-1,GET,/api/work,200,26,,5
1788020841215,ui_round-robin_burst_1788020829991,round-robin,server-2,GET,/api/work,200,26,,5
1788020841219,ui_round-robin_burst_1788020829991,round-robin,server-3,GET,/api/work,200,26,,5
1788020841221,ui_round-robin_burst_1788020829991,round-robin,server-2,GET,/api/work,200,26,,6
1788020841221,ui_round-robin_burst_1788020829991,round-robin,server-3,GET,/api/work,200,27,,5
1788020841221,ui_round-robin_burst_1788020829991,round-robin,server-1,GET,/api/work,200,27,,6
1788020841223,ui_round-robin_burst_1788020829991,round-robin,server-1,GET,/api/work,200,26,,6
1788020841223,ui_round-robin_burst_1788020829991,round-robin,server-2,GET,/api/work,200,27,,5
1788020841229,ui_round-robin_burst_1788020829991,round-robin,server-1,GET,/api/work,200,25,,5
1788020841228,ui_round-robin_burst_1788020829991,round-robin,server-3,GET,/api/work,200,27,,6
1788020841233,ui_round-robin_burst_1788020829991,round-robin,server-2,GET,/api/work,200,27,,6
1788020841235,ui_round-robin_burst_1788020829991,round-robin,server-3,GET,/api/work,200,26,,6
1788020841236,ui_round-robin_burst_1788020829991,round-robin,server-3,GET,/api/work,200,26,,6
1788020841236,ui_round-robin_burst_1788020829991,round-robin,server-2,GET,/api/work,200,27,,6
1788020841237,ui_round-robin_burst_1788020829991,round-robin,server-2,GET,/api/work,200,27,,5
1788020841236,ui_round-robin_burst_1788020829991,round-robin,server-1,GET,/api/work,200,28,,7
1788020841236,ui_round-robin_burst_1788020829991,round-robin,server-1,GET,/api/work,200,29,,6
1788020841242,ui_round-robin_burst_1788020829991,round-robin,server-3,GET,/api/work,200,26,,7
1788020841242,ui_round-robin_burst_1788020829991,round-robin,server-1,GET,/api/work,200,27,,6
1788020841246,ui_round-robin_burst_1788020829991,round-robin,server-2,GET,/api/work,200,26,,7
1788020841246,ui_round-robin_burst_1788020829991,round-robin,server-1,GET,/api/work,200,27,,6
1788020841246,ui_round-robin_burst_1788020829991,round-robin,server-3,GET,/api/work,200,27,,6
1788020841246,ui_round-robin_burst_1788020829991,round-robin,server-2,GET,/api/work,200,28,,6
1788020841248,ui_round-robin_burst_1788020829991,round-robin,server-3,GET,/api/work,200,27,,6
1788020841249,ui_round-robin_burst_1788020829991,round-robin,server-1,GET,/api/work,200,26,,5
1788020841250,ui_round-robin_burst_1788020829991,round-robin,server-2,GET,/api/work,200,26,,5
1788020841251,ui_round-robin_burst_1788020829991,round-robin,server-3,GET,/api/work,200,27,,5
1788020841258,ui_round-robin_burst_1788020829991,round-robin,server-1,GET,/api/work,200,26,,6
1788020841260,ui_round-robin_burst_1788020829991,round-robin,server-2,GET,/api/work,200,27,,7
1788020841260,ui_round-robin_burst_1788020829991,round-robin,server-3,GET,/api/work,200,27,,6
1788020841261,ui_round-robin_burst_1788020829991,round-robin,server-2,GET,/api/work,200,27,,6
1788020841260,ui_round-robin_burst_1788020829991,round-robin,server-1,GET,/api/work,200,28,,6
1788020841262,ui_round-robin_burst_1788020829991,round-robin,server-3,GET,/api/work,200,28,,5
1788020841263,ui_round-robin_burst_1788020829991,round-robin,server-1,GET,/api/work,200,27,,5
1788020841265,ui_round-robin_burst_1788020829991,round-robin,server-2,GET,/api/work,200,26,,5
1788020841266,ui_round-robin_burst_1788020829991,round-robin,server-1,GET,/api/work,200,26,,4
1788020841266,ui_round-robin_burst_1788020829991,round-robin,server-3,GET,/api/work,200,27,,4
1788020841267,ui_round-robin_burst_1788020829991,round-robin,server-3,GET,/api/work,200,27,,4
1788020841267,ui_round-robin_burst_1788020829991,round-robin,server-2,GET,/api/work,200,27,,4
1788020841271,ui_round-robin_burst_1788020829991,round-robin,server-2,GET,/api/work,200,26,,5
1788020841271,ui_round-robin_burst_1788020829991,round-robin,server-1,GET,/api/work,200,27,,5
1788020841273,ui_round-robin_burst_1788020829991,round-robin,server-3,GET,/api/work,200,26,,5
1788020841276,ui_round-robin_burst_1788020829991,round-robin,server-1,GET,/api/work,200,27,,5
1788020841280,ui_round-robin_burst_1788020829991,round-robin,server-2,GET,/api/work,200,25,,6
1788020841280,ui_round-robin_burst_1788020829991,round-robin,server-1,GET,/api/work,200,26,,6
1788020841280,ui_round-robin_burst_1788020829991,round-robin,server-3,GET,/api/work,200,27,,6
1788020841282,ui_round-robin_burst_1788020829991,round-robin,server-3,GET,/api/work,200,26,,5
1788020841281,ui_round-robin_burst_1788020829991,round-robin,server-2,GET,/api/work,200,27,,6
1788020841286,ui_round-robin_burst_1788020829991,round-robin,server-1,GET,/api/work,200,27,,6
1788020841286,ui_round-robin_burst_1788020829991,round-robin,server-2,GET,/api/work,200,28,,5
1788020841293,ui_round-robin_burst_1788020829991,round-robin,server-3,GET,/api/work,200,27,,6
1788020841293,ui_round-robin_burst_1788020829991,round-robin,server-1,GET,/api/work,200,27,,6
1788020841294,ui_round-robin_burst_1788020829991,round-robin,server-2,GET,/api/work,200,27,,5
1788020841295,ui_round-robin_burst_1788020829991,round-robin,server-3,GET,/api/work,200,27,,7
1788020841296,ui_round-robin_burst_1788020829991,round-robin,server-3,GET,/api/work,200,27,,6
1788020841296,ui_round-robin_burst_1788020829991,round-robin,server-2,GET,/api/work,200,27,,6
1788020841295,ui_round-robin_burst_1788020829991,round-robin,server-1,GET,/api/work,200,29,,7
1788020841299,ui_round-robin_burst_1788020829991,round-robin,server-2,GET,/api/work,200,26,,6
1788020841298,ui_round-robin_burst_1788020829991,round-robin,server-1,GET,/api/work,200,30,,7
1788020841303,ui_round-robin_burst_1788020829991,round-robin,server-3,GET,/api/work,200,27,,7
1788020841304,ui_round-robin_burst_1788020829991,round-robin,server-2,GET,/api/work,200,28,,6
1788020841304,ui_round-robin_burst_1788020829991,round-robin,server-1,GET,/api/work,200,29,,6
1788020841305,ui_round-robin_burst_1788020829991,round-robin,server-1,GET,/api/work,200,29,,6
1788020841305,ui_round-robin_burst_1788020829991,round-robin,server-3,GET,/api/work,200,30,,6
1788020841306,ui_round-robin_burst_1788020829991,round-robin,server-2,GET,/api/work,200,29,,5
1788020841309,ui_round-robin_burst_1788020829991,round-robin,server-1,GET,/api/work,200,26,,5
1788020841308,ui_round-robin_burst_1788020829991,round-robin,server-3,GET,/api/work,200,28,,5
1788020841315,ui_round-robin_burst_1788020829991,round-robin,server-2,GET,/api/work,200,27,,6
1788020841318,ui_round-robin_burst_1788020829991,round-robin,server-3,GET,/api/work,200,26,,7
1788020841319,ui_round-robin_burst_1788020829991,round-robin,server-1,GET,/api/work,200,26,,6
1788020841321,ui_round-robin_burst_1788020829991,round-robin,server-2,GET,/api/work,200,26,,6
1788020841321,ui_round-robin_burst_1788020829991,round-robin,server-2,GET,/api/work,200,27,,5
1788020841321,ui_round-robin_burst_1788020829991,round-robin,server-3,GET,/api/work,200,27,,6
1788020841322,ui_round-robin_burst_1788020829991,round-robin,server-3,GET,/api/work,200,27,,5
1788020841321,ui_round-robin_burst_1788020829991,round-robin,server-1,GET,/api/work,200,28,,5
1788020841325,ui_round-robin_burst_1788020829991,round-robin,server-2,GET,/api/work,200,27,,5
1788020841326,ui_round-robin_burst_1788020829991,round-robin,server-3,GET,/api/work,200,27,,5
1788020841323,ui_round-robin_burst_1788020829991,round-robin,server-1,GET,/api/work,200,31,,5
1788020841326,ui_round-robin_burst_1788020829991,round-robin,server-1,GET,/api/work,200,28,,5
1788020841328,ui_round-robin_burst_1788020829991,round-robin,server-2,GET,/api/work,200,28,,5
1788020841329,ui_round-robin_burst_1788020829991,round-robin,server-3,GET,/api/work,200,28,,5
1788020841334,ui_round-robin_burst_1788020829991,round-robin,server-1,GET,/api/work,200,27,,5
1788020841337,ui_round-robin_burst_1788020829991,round-robin,server-3,GET,/api/work,200,25,,5
1788020841336,ui_round-robin_burst_1788020829991,round-robin,server-2,GET,/api/work,200,27,,5
1788020841339,ui_round-robin_burst_1788020829991,round-robin,server-3,GET,/api/work,200,26,,4
1788020841339,ui_round-robin_burst_1788020829991,round-robin,server-2,GET,/api/work,200,27,,5
1788020841338,ui_round-robin_burst_1788020829991,round-robin,server-1,GET,/api/work,200,29,,6
1788020841339,ui_round-robin_burst_1788020829991,round-robin,server-1,GET,/api/work,200,29,,5
1788020841343,ui_round-robin_burst_1788020829991,round-robin,server-2,GET,/api/work,200,28,,6
1788020841344,ui_round-robin_burst_1788020829991,round-robin,server-3,GET,/api/work,200,29,,6
1788020841351,ui_round-robin_burst_1788020829991,round-robin,server-1,GET,/api/work,200,27,,6
1788020841352,ui_round-robin_burst_1788020829991,round-robin,server-2,GET,/api/work,200,26,,6
1788020841352,ui_round-robin_burst_1788020829991,round-robin,server-3,GET,/api/work,200,27,,5
1788020841354,ui_round-robin_burst_1788020829991,round-robin,server-2,GET,/api/work,200,27,,6
1788020841354,ui_round-robin_burst_1788020829991,round-robin,server-1,GET,/api/work,200,29,,7
1788020841356,ui_round-robin_burst_1788020829991,round-robin,server-3,GET,/api/work,200,27,,6
1788020841356,ui_round-robin_burst_1788020829991,round-robin,server-1,GET,/api/work,200,28,,6
1788020841358,ui_round-robin_burst_1788020829991,round-robin,server-2,GET,/api/work,200,27,,6
1788020841359,ui_round-robin_burst_1788020829991,round-robin,server-3,GET,/api/work,200,28,,6
1788020841364,ui_round-robin_burst_1788020829991,round-robin,server-2,GET,/api/work,200,28,,7
1788020841367,ui_round-robin_burst_1788020829991,round-robin,server-2,GET,/api/work,200,26,,6
1788020841367,ui_round-robin_burst_1788020829991,round-robin,server-3,GET,/api/work,200,27,,7
1788020841364,ui_round-robin_burst_1788020829991,round-robin,server-1,GET,/api/work,200,30,,8
1788020841367,ui_round-robin_burst_1788020829991,round-robin,server-1,GET,/api/work,200,28,,7
1788020841369,ui_round-robin_burst_1788020829991,round-robin,server-2,GET,/api/work,200,27,,5
1788020841369,ui_round-robin_burst_1788020829991,round-robin,server-3,GET,/api/work,200,28,,6
1788020841369,ui_round-robin_burst_1788020829991,round-robin,server-1,GET,/api/work,200,29,,6
1788020841372,ui_round-robin_burst_1788020829991,round-robin,server-3,GET,/api/work,200,27,,6
1788020841375,ui_round-robin_burst_1788020829991,round-robin,server-1,GET,/api/work,200,28,,6
1788020841375,ui_round-robin_burst_1788020829991,round-robin,server-2,GET,/api/work,200,28,,6
1788020841379,ui_round-robin_burst_1788020829991,round-robin,server-3,GET,/api/work,200,26,,6
1788020841380,ui_round-robin_burst_1788020829991,round-robin,server-1,GET,/api/work,200,27,,6
1788020841380,ui_round-robin_burst_1788020829991,round-robin,server-3,GET,/api/work,200,27,,5
1788020841380,ui_round-robin_burst_1788020829991,round-robin,server-1,GET,/api/work,200,28,,5
1788020841380,ui_round-robin_burst_1788020829991,round-robin,server-2,GET,/api/work,200,28,,5
1788020841384,ui_round-robin_burst_1788020829991,round-robin,server-2,GET,/api/work,200,27,,5
1788020841385,ui_round-robin_burst_1788020829991,round-robin,server-3,GET,/api/work,200,26,,5
1788020841386,ui_round-robin_burst_1788020829991,round-robin,server-1,GET,/api/work,200,26,,5
1788020841387,ui_round-robin_burst_1788020829991,round-robin,server-2,GET,/api/work,200,27,,5
1788020841388,ui_round-robin_burst_1788020829991,round-robin,server-3,GET,/api/work,200,27,,4
1788020841389,ui_round-robin_burst_1788020829991,round-robin,server-1,GET,/api/work,200,27,,4
1788020841392,ui_round-robin_burst_1788020829991,round-robin,server-2,GET,/api/work,200,27,,5
1788020841393,ui_round-robin_burst_1788020829991,round-robin,server-3,GET,/api/work,200,27,,5
1788020841394,ui_round-robin_burst_1788020829991,round-robin,server-1,GET,/api/work,200,27,,5
1788020841396,ui_round-robin_burst_1788020829991,round-robin,server-2,GET,/api/work,200,28,,4
1788020841399,ui_round-robin_burst_1788020829991,round-robin,server-3,GET,/api/work,200,26,,4
1788020841401,ui_round-robin_burst_1788020829991,round-robin,server-2,GET,/api/work,200,26,,5
1788020841400,ui_round-robin_burst_1788020829991,round-robin,server-1,GET,/api/work,200,28,,5
1788020841402,ui_round-robin_burst_1788020829991,round-robin,server-3,GET,/api/work,200,27,,5
1788020841404,ui_round-robin_burst_1788020829991,round-robin,server-1,GET,/api/work,200,27,,6
1788020841409,ui_round-robin_burst_1788020829991,round-robin,server-2,GET,/api/work,200,26,,6
1788020841410,ui_round-robin_burst_1788020829991,round-robin,server-3,GET,/api/work,200,26,,6
1788020841410,ui_round-robin_burst_1788020829991,round-robin,server-1,GET,/api/work,200,27,,6
1788020841413,ui_round-robin_burst_1788020829991,round-robin,server-2,GET,/api/work,200,27,,6
1788020841417,ui_round-robin_burst_1788020829991,round-robin,server-3,GET,/api/work,200,27,,7
1788020841417,ui_round-robin_burst_1788020829991,round-robin,server-1,GET,/api/work,200,27,,7
1788020841419,ui_round-robin_burst_1788020829991,round-robin,server-1,GET,/api/work,200,26,,6
1788020841418,ui_round-robin_burst_1788020829991,round-robin,server-2,GET,/api/work,200,27,,7
1788020841418,ui_round-robin_burst_1788020829991,round-robin,server-3,GET,/api/work,200,28,,6
1788020841425,ui_round-robin_burst_1788020829991,round-robin,server-2,GET,/api/work,200,27,,7
1788020841426,ui_round-robin_burst_1788020829991,round-robin,server-3,GET,/api/work,200,26,,7
1788020841426,ui_round-robin_burst_1788020829991,round-robin,server-2,GET,/api/work,200,27,,6
1788020841426,ui_round-robin_burst_1788020829991,round-robin,server-1,GET,/api/work,200,27,,7
1788020841426,ui_round-robin_burst_1788020829991,round-robin,server-3,GET,/api/work,200,28,,6
1788020841428,ui_round-robin_burst_1788020829991,round-robin,server-2,GET,/api/work,200,27,,6
1788020841428,ui_round-robin_burst_1788020829991,round-robin,server-1,GET,/api/work,200,27,,6
1788020841430,ui_round-robin_burst_1788020829991,round-robin,server-1,GET,/api/work,200,26,,5
1788020841430,ui_round-robin_burst_1788020829991,round-robin,server-3,GET,/api/work,200,27,,6
1788020841434,ui_round-robin_burst_1788020829991,round-robin,server-2,GET,/api/work,200,26,,6
1788020841434,ui_round-robin_burst_1788020829991,round-robin,server-3,GET,/api/work,200,27,,6
1788020841436,ui_round-robin_burst_1788020829991,round-robin,server-1,GET,/api/work,200,26,,5
1788020841438,ui_round-robin_burst_1788020829991,round-robin,server-2,GET,/api/work,200,27,,6
1788020841439,ui_round-robin_burst_1788020829991,round-robin,server-3,GET,/api/work,200,26,,5
1788020841439,ui_round-robin_burst_1788020829991,round-robin,server-1,GET,/api/work,200,27,,5
1788020841440,ui_round-robin_burst_1788020829991,round-robin,server-3,GET,/api/work,200,26,,4
1788020841440,ui_round-robin_burst_1788020829991,round-robin,server-2,GET,/api/work,200,27,,5
1788020841442,ui_round-robin_burst_1788020829991,round-robin,server-1,GET,/api/work,200,26,,5
1788020841442,ui_round-robin_burst_1788020829991,round-robin,server-2,GET,/api/work,200,27,,5
1788020841446,ui_round-robin_burst_1788020829991,round-robin,server-3,GET,/api/work,200,27,,5
1788020841448,ui_round-robin_burst_1788020829991,round-robin,server-2,GET,/api/work,200,26,,4
1788020841450,ui_round-robin_burst_1788020829991,round-robin,server-3,GET,/api/work,200,25,,4
1788020841448,ui_round-robin_burst_1788020829991,round-robin,server-1,GET,/api/work,200,28,,5
1788020841451,ui_round-robin_burst_1788020829991,round-robin,server-1,GET,/api/work,200,26,,4
1788020841453,ui_round-robin_burst_1788020829991,round-robin,server-2,GET,/api/work,200,26,,5
1788020841456,ui_round-robin_burst_1788020829991,round-robin,server-3,GET,/api/work,200,27,,5
1788020841458,ui_round-robin_burst_1788020829991,round-robin,server-3,GET,/api/work,200,26,,4
1788020841458,ui_round-robin_burst_1788020829991,round-robin,server-1,GET,/api/work,200,27,,4
1788020841458,ui_round-robin_burst_1788020829991,round-robin,server-2,GET,/api/work,200,27,,4
1788020841462,ui_round-robin_burst_1788020829991,round-robin,server-1,GET,/api/work,200,27,,6
1788020841463,ui_round-robin_burst_1788020829991,round-robin,server-2,GET,/api/work,200,26,,6
1788020841466,ui_round-robin_burst_1788020829991,round-robin,server-3,GET,/api/work,200,26,,6
1788020841467,ui_round-robin_burst_1788020829991,round-robin,server-1,GET,/api/work,200,26,,6
1788020841467,ui_round-robin_burst_1788020829991,round-robin,server-2,GET,/api/work,200,27,,5
1788020841470,ui_round-robin_burst_1788020829991,round-robin,server-3,GET,/api/work,200,26,,6
1788020841475,ui_round-robin_burst_1788020829991,round-robin,server-2,GET,/api/work,200,25,,7
1788020841474,ui_round-robin_burst_1788020829991,round-robin,server-1,GET,/api/work,200,28,,7
1788020841475,ui_round-robin_burst_1788020829991,round-robin,server-3,GET,/api/work,200,27,,7
1788020841477,ui_round-robin_burst_1788020829991,round-robin,server-1,GET,/api/work,200,26,,7
1788020841477,ui_round-robin_burst_1788020829991,round-robin,server-2,GET,/api/work,200,26,,6
1788020841482,ui_round-robin_burst_1788020829991,round-robin,server-3,GET,/api/work,200,27,,7
1788020841486,ui_round-robin_burst_1788020829991,round-robin,server-2,GET,/api/work,200,26,,7
1788020841486,ui_round-robin_burst_1788020829991,round-robin,server-2,GET,/api/work,200,27,,6
1788020841486,ui_round-robin_burst_1788020829991,round-robin,server-3,GET,/api/work,200,27,,7
1788020841486,ui_round-robin_burst_1788020829991,round-robin,server-1,GET,/api/work,200,28,,7
1788020841487,ui_round-robin_burst_1788020829991,round-robin,server-3,GET,/api/work,200,27,,6
1788020841486,ui_round-robin_burst_1788020829991,round-robin,server-1,GET,/api/work,200,28,,7
1788020841488,ui_round-robin_burst_1788020829991,round-robin,server-1,GET,/api/work,200,27,,6
1788020841488,ui_round-robin_burst_1788020829991,round-robin,server-2,GET,/api/work,200,27,,5
1788020841491,ui_round-robin_burst_1788020829991,round-robin,server-3,GET,/api/work,200,26,,6
1788020841491,ui_round-robin_burst_1788020829991,round-robin,server-1,GET,/api/work,200,26,,5
1788020841495,ui_round-robin_burst_1788020829991,round-robin,server-3,GET,/api/work,200,26,,6
1788020841494,ui_round-robin_burst_1788020829991,round-robin,server-2,GET,/api/work,200,27,,6
1788020841496,ui_round-robin_burst_1788020829991,round-robin,server-1,GET,/api/work,200,26,,5
1788020841497,ui_round-robin_burst_1788020829991,round-robin,server-2,GET,/api/work,200,26,,5
1788020841499,ui_round-robin_burst_1788020829991,round-robin,server-2,GET,/api/work,200,25,,4
1788020841498,ui_round-robin_burst_1788020829991,round-robin,server-1,GET,/api/work,200,27,,5
1788020841498,ui_round-robin_burst_1788020829991,round-robin,server-3,GET,/api/work,200,28,,6
1788020841499,ui_round-robin_burst_1788020829991,round-robin,server-3,GET,/api/work,200,27,,5
1788020841503,ui_round-robin_burst_1788020829991,round-robin,server-1,GET,/api/work,200,27,,5
1788020841505,ui_round-robin_burst_1788020829991,round-robin,server-2,GET,/api/work,200,27,,5
1788020841507,ui_round-robin_burst_1788020829991,round-robin,server-1,GET,/api/work,200,25,,4
1788020841506,ui_round-robin_burst_1788020829991,round-robin,server-3,GET,/api/work,200,27,,4
1788020841508,ui_round-robin_burst_1788020829991,round-robin,server-2,GET,/api/work,200,26,,5
1788020841510,ui_round-robin_burst_1788020829991,round-robin,server-3,GET,/api/work,200,25,,5
1788020841515,ui_round-robin_burst_1788020829991,round-robin,server-2,GET,/api/work,200,26,,4
1788020841514,ui_round-robin_burst_1788020829991,round-robin,server-1,GET,/api/work,200,28,,5
1788020841516,ui_round-robin_burst_1788020829991,round-robin,server-3,GET,/api/work,200,26,,4
1788020841517,ui_round-robin_burst_1788020829991,round-robin,server-1,GET,/api/work,200,27,,4
1788020841520,ui_round-robin_burst_1788020829991,round-robin,server-3,GET,/api/work,200,26,,6
1788020841520,ui_round-robin_burst_1788020829991,round-robin,server-2,GET,/api/work,200,27,,6
1788020841522,ui_round-robin_burst_1788020829991,round-robin,server-1,GET,/api/work,200,26,,6
1788020841525,ui_round-robin_burst_1788020829991,round-robin,server-3,GET,/api/work,200,26,,5
1788020841525,ui_round-robin_burst_1788020829991,round-robin,server-2,GET,/api/work,200,27,,6
1788020841527,ui_round-robin_burst_1788020829991,round-robin,server-1,GET,/api/work,200,26,,6
1788020841531,ui_round-robin_burst_1788020829991,round-robin,server-2,GET,/api/work,200,26,,6
1788020841533,ui_round-robin_burst_1788020829991,round-robin,server-3,GET,/api/work,200,26,,7
1788020841534,ui_round-robin_burst_1788020829991,round-robin,server-1,GET,/api/work,200,25,,7
1788020841534,ui_round-robin_burst_1788020829991,round-robin,server-2,GET,/api/work,200,26,,6
1788020841534,ui_round-robin_burst_1788020829991,round-robin,server-3,GET,/api/work,200,27,,6
1788020841540,ui_round-robin_burst_1788020829991,round-robin,server-1,GET,/api/work,200,26,,8
1788020841542,ui_round-robin_burst_1788020829991,round-robin,server-2,GET,/api/work,200,26,,7
1788020841545,ui_round-robin_burst_1788020829991,round-robin,server-1,GET,/api/work,200,26,,7
1788020841545,ui_round-robin_burst_1788020829991,round-robin,server-2,GET,/api/work,200,27,,6
1788020841546,ui_round-robin_burst_1788020829991,round-robin,server-1,GET,/api/work,200,27,,6
1788020841546,ui_round-robin_burst_1788020829991,round-robin,server-2,GET,/api/work,200,27,,5
1788020841545,ui_round-robin_burst_1788020829991,round-robin,server-3,GET,/api/work,200,28,,7
1788020841545,ui_round-robin_burst_1788020829991,round-robin,server-3,GET,/api/work,200,29,,6
1788020841547,ui_round-robin_burst_1788020829991,round-robin,server-1,GET,/api/work,200,28,,5
1788020841546,ui_round-robin_burst_1788020829991,round-robin,server-3,GET,/api/work,200,29,,6
1788020841547,ui_round-robin_burst_1788020829991,round-robin,server-2,GET,/api/work,200,29,,5
1788020841552,ui_round-robin_burst_1788020829991,round-robin,server-3,GET,/api/work,200,26,,6
1788020841553,ui_round-robin_burst_1788020829991,round-robin,server-2,GET,/api/work,200,25,,5
1788020841552,ui_round-robin_burst_1788020829991,round-robin,server-1,GET,/api/work,200,27,,6
1788020841553,ui_round-robin_burst_1788020829991,round-robin,server-3,GET,/api/work,200,26,,5
1788020841556,ui_round-robin_burst_1788020829991,round-robin,server-1,GET,/api/work,200,26,,5
1788020841558,ui_round-robin_burst_1788020829991,round-robin,server-2,GET,/api/work,200,25,,5
1788020841558,ui_round-robin_burst_1788020829991,round-robin,server-1,GET,/api/work,200,26,,5
1788020841558,ui_round-robin_burst_1788020829991,round-robin,server-3,GET,/api/work,200,26,,5
1788020841561,ui_round-robin_burst_1788020829991,round-robin,server-2,GET,/api/work,200,26,,5
1788020841562,ui_round-robin_burst_1788020829991,round-robin,server-3,GET,/api/work,200,26,,5
1788020841564,ui_round-robin_burst_1788020829991,round-robin,server-1,GET,/api/work,200,27,,5
1788020841564,ui_round-robin_burst_1788020829991,round-robin,server-3,GET,/api/work,200,27,,4
1788020841564,ui_round-robin_burst_1788020829991,round-robin,server-2,GET,/api/work,200,28,,5
1788020841566,ui_round-robin_burst_1788020829991,round-robin,server-1,GET,/api/work,200,26,,4
1788020841574,ui_round-robin_burst_1788020829991,round-robin,server-3,GET,/api/work,200,26,,5
1788020841574,ui_round-robin_burst_1788020829991,round-robin,server-2,GET,/api/work,200,27,,5
1788020841576,ui_round-robin_burst_1788020829991,round-robin,server-1,GET,/api/work,200,26,,4
1788020841577,ui_round-robin_burst_1788020829991,round-robin,server-2,GET,/api/work,200,25,,4
1788020841577,ui_round-robin_burst_1788020829991,round-robin,server-3,GET,/api/work,200,26,,4
1788020841577,ui_round-robin_burst_1788020829991,round-robin,server-1,GET,/api/work,200,27,,4
1788020841579,ui_round-robin_burst_1788020829991,round-robin,server-2,GET,/api/work,200,26,,3
1788020841583,ui_round-robin_burst_1788020829991,round-robin,server-1,GET,/api/work,200,26,,5
1788020841582,ui_round-robin_burst_1788020829991,round-robin,server-3,GET,/api/work,200,27,,6
1788020841584,ui_round-robin_burst_1788020829991,round-robin,server-2,GET,/api/work,200,26,,6
1788020841587,ui_round-robin_burst_1788020829991,round-robin,server-3,GET,/api/work,200,26,,6
1788020841590,ui_round-robin_burst_1788020829991,round-robin,server-1,GET,/api/work,200,25,,6
1788020841590,ui_round-robin_burst_1788020829991,round-robin,server-2,GET,/api/work,200,26,,7
1788020841592,ui_round-robin_burst_1788020829991,round-robin,server-3,GET,/api/work,200,26,,7
1788020841593,ui_round-robin_burst_1788020829991,round-robin,server-1,GET,/api/work,200,27,,7
1788020841597,ui_round-robin_burst_1788020829991,round-robin,server-2,GET,/api/work,200,26,,7
1788020841599,ui_round-robin_burst_1788020829991,round-robin,server-3,GET,/api/work,200,26,,7
1788020841603,ui_round-robin_burst_1788020829991,round-robin,server-1,GET,/api/work,200,26,,7
1788020841605,ui_round-robin_burst_1788020829991,round-robin,server-2,GET,/api/work,200,26,,7
1788020841606,ui_round-robin_burst_1788020829991,round-robin,server-2,GET,/api/work,200,26,,6
1788020841606,ui_round-robin_burst_1788020829991,round-robin,server-1,GET,/api/work,200,27,,7
1788020841606,ui_round-robin_burst_1788020829991,round-robin,server-3,GET,/api/work,200,28,,8
1788020841607,ui_round-robin_burst_1788020829991,round-robin,server-3,GET,/api/work,200,27,,7
1788020841608,ui_round-robin_burst_1788020829991,round-robin,server-1,GET,/api/work,200,27,,7
1788020841608,ui_round-robin_burst_1788020829991,round-robin,server-3,GET,/api/work,200,27,,6
1788020841608,ui_round-robin_burst_1788020829991,round-robin,server-2,GET,/api/work,200,28,,7
1788020841610,ui_round-robin_burst_1788020829991,round-robin,server-2,GET,/api/work,200,26,,6
1788020841610,ui_round-robin_burst_1788020829991,round-robin,server-1,GET,/api/work,200,27,,6
1788020841610,ui_round-robin_burst_1788020829991,round-robin,server-3,GET,/api/work,200,27,,6
1788020841611,ui_round-robin_burst_1788020829991,round-robin,server-1,GET,/api/work,200,27,,5
1788020841614,ui_round-robin_burst_1788020829991,round-robin,server-3,GET,/api/work,200,26,,5
1788020841614,ui_round-robin_burst_1788020829991,round-robin,server-2,GET,/api/work,200,27,,5
1788020841616,ui_round-robin_burst_1788020829991,round-robin,server-2,GET,/api/work,200,26,,5
1788020841616,ui_round-robin_burst_1788020829991,round-robin,server-1,GET,/api/work,200,27,,5
1788020841618,ui_round-robin_burst_1788020829991,round-robin,server-3,GET,/api/work,200,26,,5
1788020841619,ui_round-robin_burst_1788020829991,round-robin,server-1,GET,/api/work,200,26,,5
1788020841622,ui_round-robin_burst_1788020829991,round-robin,server-2,GET,/api/work,200,27,,5
1788020841623,ui_round-robin_burst_1788020829991,round-robin,server-3,GET,/api/work,200,26,,5
1788020841624,ui_round-robin_burst_1788020829991,round-robin,server-1,GET,/api/work,200,27,,5
1788020841625,ui_round-robin_burst_1788020829991,round-robin,server-2,GET,/api/work,200,26,,5
1788020841629,ui_round-robin_burst_1788020829991,round-robin,server-3,GET,/api/work,200,26,,5
1788020841631,ui_round-robin_burst_1788020829991,round-robin,server-1,GET,/api/work,200,27,,5
1788020841632,ui_round-robin_burst_1788020829991,round-robin,server-2,GET,/api/work,200,27,,4
1788020841633,ui_round-robin_burst_1788020829991,round-robin,server-3,GET,/api/work,200,27,,4
1788020841634,ui_round-robin_burst_1788020829991,round-robin,server-1,GET,/api/work,200,26,,4
1788020841635,ui_round-robin_burst_1788020829991,round-robin,server-2,GET,/api/work,200,27,,4
1788020841637,ui_round-robin_burst_1788020829991,round-robin,server-3,GET,/api/work,200,26,,4
1788020841641,ui_round-robin_burst_1788020829991,round-robin,server-1,GET,/api/work,200,27,,5
1788020841642,ui_round-robin_burst_1788020829991,round-robin,server-3,GET,/api/work,200,27,,5
1788020841641,ui_round-robin_burst_1788020829991,round-robin,server-2,GET,/api/work,200,28,,5
1788020841644,ui_round-robin_burst_1788020829991,round-robin,server-1,GET,/api/work,200,27,,6
1788020841646,ui_round-robin_burst_1788020829991,round-robin,server-2,GET,/api/work,200,26,,6
1788020841647,ui_round-robin_burst_1788020829991,round-robin,server-3,GET,/api/work,200,27,,7
1788020841649,ui_round-robin_burst_1788020829991,round-robin,server-1,GET,/api/work,200,26,,7
1788020841651,ui_round-robin_burst_1788020829991,round-robin,server-2,GET,/api/work,200,27,,7
1788020841654,ui_round-robin_burst_1788020829991,round-robin,server-3,GET,/api/work,200,26,,7
1788020841655,ui_round-robin_burst_1788020829991,round-robin,server-1,GET,/api/work,200,27,,7
1788020841659,ui_round-robin_burst_1788020829991,round-robin,server-2,GET,/api/work,200,26,,7
1788020841662,ui_round-robin_burst_1788020829991,round-robin,server-1,GET,/api/work,200,26,,7
1788020841662,ui_round-robin_burst_1788020829991,round-robin,server-3,GET,/api/work,200,27,,7
1788020841664,ui_round-robin_burst_1788020829991,round-robin,server-2,GET,/api/work,200,26,,7
1788020841666,ui_round-robin_burst_1788020829991,round-robin,server-2,GET,/api/work,200,26,,7
1788020841665,ui_round-robin_burst_1788020829991,round-robin,server-3,GET,/api/work,200,28,,8
1788020841666,ui_round-robin_burst_1788020829991,round-robin,server-1,GET,/api/work,200,28,,7
1788020841666,ui_round-robin_burst_1788020829991,round-robin,server-3,GET,/api/work,200,28,,7
1788020841669,ui_round-robin_burst_1788020829991,round-robin,server-1,GET,/api/work,200,27,,7
1788020841669,ui_round-robin_burst_1788020829991,round-robin,server-2,GET,/api/work,200,28,,6
1788020841670,ui_round-robin_burst_1788020829991,round-robin,server-3,GET,/api/work,200,27,,6
1788020841670,ui_round-robin_burst_1788020829991,round-robin,server-1,GET,/api/work,200,28,,6
1788020841670,ui_round-robin_burst_1788020829991,round-robin,server-2,GET,/api/work,200,29,,5
1788020841673,ui_round-robin_burst_1788020829991,round-robin,server-3,GET,/api/work,200,27,,5
1788020841673,ui_round-robin_burst_1788020829991,round-robin,server-1,GET,/api/work,200,27,,5
1788020841674,ui_round-robin_burst_1788020829991,round-robin,server-3,GET,/api/work,200,26,,4
1788020841674,ui_round-robin_burst_1788020829991,round-robin,server-2,GET,/api/work,200,27,,5
1788020841675,ui_round-robin_burst_1788020829991,round-robin,server-1,GET,/api/work,200,26,,5
1788020841676,ui_round-robin_burst_1788020829991,round-robin,server-2,GET,/api/work,200,26,,4
1788020841679,ui_round-robin_burst_1788020829991,round-robin,server-1,GET,/api/work,200,26,,5
1788020841679,ui_round-robin_burst_1788020829991,round-robin,server-3,GET,/api/work,200,26,,5
1788020841681,ui_round-robin_burst_1788020829991,round-robin,server-2,GET,/api/work,200,26,,5
1788020841682,ui_round-robin_burst_1788020829991,round-robin,server-3,GET,/api/work,200,26,,4
1788020841686,ui_round-robin_burst_1788020829991,round-robin,server-1,GET,/api/work,200,27,,5
1788020841689,ui_round-robin_burst_1788020829991,round-robin,server-2,GET,/api/work,200,26,,5
1788020841690,ui_round-robin_burst_1788020829991,round-robin,server-1,GET,/api/work,200,26,,4
1788020841690,ui_round-robin_burst_1788020829991,round-robin,server-3,GET,/api/work,200,26,,5
1788020841691,ui_round-robin_burst_1788020829991,round-robin,server-2,GET,/api/work,200,26,,4
1788020841692,ui_round-robin_burst_1788020829991,round-robin,server-3,GET,/api/work,200,27,,4
1788020841696,ui_round-robin_burst_1788020829991,round-robin,server-1,GET,/api/work,200,27,,5
1788020841699,ui_round-robin_burst_1788020829991,round-robin,server-2,GET,/api/work,200,27,,5
1788020841701,ui_round-robin_burst_1788020829991,round-robin,server-3,GET,/api/work,200,26,,4
1788020841701,ui_round-robin_burst_1788020829991,round-robin,server-1,GET,/api/work,200,27,,5
1788020841703,ui_round-robin_burst_1788020829991,round-robin,server-2,GET,/api/work,200,27,,5
1788020841704,ui_round-robin_burst_1788020829991,round-robin,server-3,GET,/api/work,200,27,,6
1788020841704,ui_round-robin_burst_1788020829991,round-robin,server-1,GET,/api/work,200,28,,6
1788020841706,ui_round-robin_burst_1788020829991,round-robin,server-2,GET,/api/work,200,27,,7
1788020841708,ui_round-robin_burst_1788020829991,round-robin,server-3,GET,/api/work,200,26,,7
1788020841711,ui_round-robin_burst_1788020829991,round-robin,server-1,GET,/api/work,200,25,,6
1788020841712,ui_round-robin_burst_1788020829991,round-robin,server-2,GET,/api/work,200,27,,7
1788020841715,ui_round-robin_burst_1788020829991,round-robin,server-3,GET,/api/work,200,26,,7
1788020841719,ui_round-robin_burst_1788020829991,round-robin,server-2,GET,/api/work,200,26,,7
1788020841719,ui_round-robin_burst_1788020829991,round-robin,server-1,GET,/api/work,200,27,,7
1788020841721,ui_round-robin_burst_1788020829991,round-robin,server-3,GET,/api/work,200,27,,7
1788020841722,ui_round-robin_burst_1788020829991,round-robin,server-1,GET,/api/work,200,27,,7
1788020841725,ui_round-robin_burst_1788020829991,round-robin,server-2,GET,/api/work,200,27,,7
1788020841727,ui_round-robin_burst_1788020829991,round-robin,server-1,GET,/api/work,200,26,,7
1788020841727,ui_round-robin_burst_1788020829991,round-robin,server-3,GET,/api/work,200,26,,7
1788020841728,ui_round-robin_burst_1788020829991,round-robin,server-2,GET,/api/work,200,28,,7
1788020841729,ui_round-robin_burst_1788020829991,round-robin,server-3,GET,/api/work,200,30,,6
1788020841729,ui_round-robin_burst_1788020829991,round-robin,server-1,GET,/api/work,200,30,,6
1788020841730,ui_round-robin_burst_1788020829991,round-robin,server-3,GET,/api/work,200,30,,5
1788020841730,ui_round-robin_burst_1788020829991,round-robin,server-2,GET,/api/work,200,30,,6
1788020841731,ui_round-robin_burst_1788020829991,round-robin,server-1,GET,/api/work,200,30,,5
1788020841731,ui_round-robin_burst_1788020829991,round-robin,server-2,GET,/api/work,200,30,,5
1788020841733,ui_round-robin_burst_1788020829991,round-robin,server-2,GET,/api/work,200,28,,4
1788020841733,ui_round-robin_burst_1788020829991,round-robin,server-1,GET,/api/work,200,28,,4
1788020841731,ui_round-robin_burst_1788020829991,round-robin,server-3,GET,/api/work,200,32,,5
1788020841737,ui_round-robin_burst_1788020829991,round-robin,server-2,GET,/api/work,200,29,,4
1788020841736,ui_round-robin_burst_1788020829991,round-robin,server-1,GET,/api/work,200,30,,4
1788020841734,ui_round-robin_burst_1788020829991,round-robin,server-3,GET,/api/work,200,33,,5
1788020841737,ui_round-robin_burst_1788020829991,round-robin,server-3,GET,/api/work,200,30,,4
1788020841739,ui_round-robin_burst_1788020829991,round-robin,server-1,GET,/api/work,200,31,,5
1788020841743,ui_round-robin_burst_1788020829991,round-robin,server-2,GET,/api/work,200,28,,4
1788020841747,ui_round-robin_burst_1788020829991,round-robin,server-3,GET,/api/work,200,26,,5
1788020841747,ui_round-robin_burst_1788020829991,round-robin,server-2,GET,/api/work,200,27,,4
1788020841747,ui_round-robin_burst_1788020829991,round-robin,server-1,GET,/api/work,200,27,,5
1788020841748,ui_round-robin_burst_1788020829991,round-robin,server-3,GET,/api/work,200,27,,4
1788020841750,ui_round-robin_burst_1788020829991,round-robin,server-1,GET,/api/work,200,26,,4
1788020841754,ui_round-robin_burst_1788020829991,round-robin,server-2,GET,/api/work,200,26,,5
1788020841760,ui_round-robin_burst_1788020829991,round-robin,server-3,GET,/api/work,200,29,,5
1788020841763,ui_round-robin_burst_1788020829991,round-robin,server-1,GET,/api/work,200,26,,5
1788020841764,ui_round-robin_burst_1788020829991,round-robin,server-3,GET,/api/work,200,26,,5
1788020841764,ui_round-robin_burst_1788020829991,round-robin,server-2,GET,/api/work,200,27,,5
1788020841768,ui_round-robin_burst_1788020829991,round-robin,server-1,GET,/api/work,200,26,,7
1788020841768,ui_round-robin_burst_1788020829991,round-robin,server-2,GET,/api/work,200,26,,6
1788020841769,ui_round-robin_burst_1788020829991,round-robin,server-1,GET,/api/work,200,26,,6
1788020841769,ui_round-robin_burst_1788020829991,round-robin,server-3,GET,/api/work,200,27,,6
1788020841771,ui_round-robin_burst_1788020829991,round-robin,server-2,GET,/api/work,200,26,,6
1788020841771,ui_round-robin_burst_1788020829991,round-robin,server-3,GET,/api/work,200,26,,5
1788020841771,ui_round-robin_burst_1788020829991,round-robin,server-1,GET,/api/work,200,27,,5
1788020841777,ui_round-robin_burst_1788020829991,round-robin,server-2,GET,/api/work,200,27,,7
1788020841778,ui_round-robin_burst_1788020829991,round-robin,server-1,GET,/api/work,200,27,,6
1788020841780,ui_round-robin_burst_1788020829991,round-robin,server-2,GET,/api/work,200,26,,7
1788020841778,ui_round-robin_burst_1788020829991,round-robin,server-3,GET,/api/work,200,29,,8
1788020841782,ui_round-robin_burst_1788020829991,round-robin,server-3,GET,/api/work,200,26,,7
1788020841784,ui_round-robin_burst_1788020829991,round-robin,server-1,GET,/api/work,200,26,,7
1788020841784,ui_round-robin_burst_1788020829991,round-robin,server-2,GET,/api/work,200,27,,7
1788020841790,ui_round-robin_burst_1788020829991,round-robin,server-3,GET,/api/work,200,26,,7
1788020841793,ui_round-robin_burst_1788020829991,round-robin,server-2,GET,/api/work,200,26,,6
1788020841793,ui_round-robin_burst_1788020829991,round-robin,server-1,GET,/api/work,200,27,,6
1788020841793,ui_round-robin_burst_1788020829991,round-robin,server-2,GET,/api/work,200,28,,5
1788020841793,ui_round-robin_burst_1788020829991,round-robin,server-1,GET,/api/work,200,28,,5
1788020841793,ui_round-robin_burst_1788020829991,round-robin,server-3,GET,/api/work,200,28,,6
1788020841793,ui_round-robin_burst_1788020829991,round-robin,server-3,GET,/api/work,200,29,,5
1788020841794,ui_round-robin_burst_1788020829991,round-robin,server-1,GET,/api/work,200,29,,5
1788020841796,ui_round-robin_burst_1788020829991,round-robin,server-2,GET,/api/work,200,28,,5
1788020841798,ui_round-robin_burst_1788020829991,round-robin,server-3,GET,/api/work,200,28,,5
1788020841801,ui_round-robin_burst_1788020829991,round-robin,server-1,GET,/api/work,200,26,,6
1788020841801,ui_round-robin_burst_1788020829991,round-robin,server-2,GET,/api/work,200,27,,5
1788020841801,ui_round-robin_burst_1788020829991,round-robin,server-1,GET,/api/work,200,27,,5
1788020841802,ui_round-robin_burst_1788020829991,round-robin,server-2,GET,/api/work,200,26,,5
1788020841801,ui_round-robin_burst_1788020829991,round-robin,server-3,GET,/api/work,200,28,,5
1788020841802,ui_round-robin_burst_1788020829991,round-robin,server-3,GET,/api/work,200,27,,4
1788020841805,ui_round-robin_burst_1788020829991,round-robin,server-2,GET,/api/work,200,26,,5
1788020841805,ui_round-robin_burst_1788020829991,round-robin,server-1,GET,/api/work,200,27,,5
1788020841806,ui_round-robin_burst_1788020829991,round-robin,server-1,GET,/api/work,200,26,,4
1788020841805,ui_round-robin_burst_1788020829991,round-robin,server-3,GET,/api/work,200,28,,4
1788020841806,ui_round-robin_burst_1788020829991,round-robin,server-2,GET,/api/work,200,27,,4
1788020841811,ui_round-robin_burst_1788020829991,round-robin,server-3,GET,/api/work,200,27,,5
1788020841822,ui_round-robin_burst_1788020829991,round-robin,server-1,GET,/api/work,200,26,,6
1788020841822,ui_round-robin_burst_1788020829991,round-robin,server-2,GET,/api/work,200,26,,5
1788020841824,ui_round-robin_burst_1788020829991,round-robin,server-3,GET,/api/work,200,26,,5
1788020841825,ui_round-robin_burst_1788020829991,round-robin,server-1,GET,/api/work,200,26,,5
1788020841826,ui_round-robin_burst_1788020829991,round-robin,server-3,GET,/api/work,200,26,,4
1788020841826,ui_round-robin_burst_1788020829991,round-robin,server-2,GET,/api/work,200,26,,5
1788020841827,ui_round-robin_burst_1788020829991,round-robin,server-1,GET,/api/work,200,27,,5
1788020841828,ui_round-robin_burst_1788020829991,round-robin,server-2,GET,/api/work,200,27,,5
1788020841830,ui_round-robin_burst_1788020829991,round-robin,server-1,GET,/api/work,200,25,,4
1788020841829,ui_round-robin_burst_1788020829991,round-robin,server-3,GET,/api/work,200,27,,5
1788020841830,ui_round-robin_burst_1788020829991,round-robin,server-2,GET,/api/work,200,27,,5
1788020841835,ui_round-robin_burst_1788020829991,round-robin,server-3,GET,/api/work,200,25,,6
1788020841836,ui_round-robin_burst_1788020829991,round-robin,server-1,GET,/api/work,200,27,,7
1788020841838,ui_round-robin_burst_1788020829991,round-robin,server-3,GET,/api/work,200,25,,7
1788020841837,ui_round-robin_burst_1788020829991,round-robin,server-2,GET,/api/work,200,27,,7
1788020841839,ui_round-robin_burst_1788020829991,round-robin,server-1,GET,/api/work,200,26,,7
1788020841840,ui_round-robin_burst_1788020829991,round-robin,server-2,GET,/api/work,200,27,,7
1788020841841,ui_round-robin_burst_1788020829991,round-robin,server-3,GET,/api/work,200,27,,7
1788020841847,ui_round-robin_burst_1788020829991,round-robin,server-1,GET,/api/work,200,27,,7
1788020841851,ui_round-robin_burst_1788020829991,round-robin,server-2,GET,/api/work,200,26,,6
1788020841853,ui_round-robin_burst_1788020829991,round-robin,server-3,GET,/api/work,200,26,,6
1788020841853,ui_round-robin_burst_1788020829991,round-robin,server-1,GET,/api/work,200,27,,6
1788020841854,ui_round-robin_burst_1788020829991,round-robin,server-2,GET,/api/work,200,26,,6
1788020841854,ui_round-robin_burst_1788020829991,round-robin,server-3,GET,/api/work,200,27,,6
1788020841856,ui_round-robin_burst_1788020829991,round-robin,server-3,GET,/api/work,200,26,,5
1788020841856,ui_round-robin_burst_1788020829991,round-robin,server-1,GET,/api/work,200,27,,6
1788020841857,ui_round-robin_burst_1788020829991,round-robin,server-1,GET,/api/work,200,27,,5
1788020841856,ui_round-robin_burst_1788020829991,round-robin,server-2,GET,/api/work,200,29,,6
1788020841859,ui_round-robin_burst_1788020829991,round-robin,server-3,GET,/api/work,200,27,,5
1788020841859,ui_round-robin_burst_1788020829991,round-robin,server-2,GET,/api/work,200,29,,5
1788020841860,ui_round-robin_burst_1788020829991,round-robin,server-2,GET,/api/work,200,29,,4
1788020841860,ui_round-robin_burst_1788020829991,round-robin,server-1,GET,/api/work,200,30,,5
1788020841860,ui_round-robin_burst_1788020829991,round-robin,server-1,GET,/api/work,200,31,,4
1788020841860,ui_round-robin_burst_1788020829991,round-robin,server-3,GET,/api/work,200,32,,4
1788020841862,ui_round-robin_burst_1788020829991,round-robin,server-3,GET,/api/work,200,32,,5
1788020841862,ui_round-robin_burst_1788020829991,round-robin,server-2,GET,/api/work,200,33,,5
1788020841864,ui_round-robin_burst_1788020829991,round-robin,server-2,GET,/api/work,200,32,,4
1788020841864,ui_round-robin_burst_1788020829991,round-robin,server-1,GET,/api/work,200,32,,4
1788020841864,ui_round-robin_burst_1788020829991,round-robin,server-3,GET,/api/work,200,33,,4
1788020841869,ui_round-robin_burst_1788020829991,round-robin,server-1,GET,/api/work,200,30,,4
1788020841878,ui_round-robin_burst_1788020829991,round-robin,server-2,GET,/api/work,200,26,,6
1788020841879,ui_round-robin_burst_1788020829991,round-robin,server-3,GET,/api/work,200,26,,5
1788020841881,ui_round-robin_burst_1788020829991,round-robin,server-1,GET,/api/work,200,26,,5
1788020841882,ui_round-robin_burst_1788020829991,round-robin,server-2,GET,/api/work,200,26,,5
1788020841886,ui_round-robin_burst_1788020829991,round-robin,server-3,GET,/api/work,200,26,,6
1788020841887,ui_round-robin_burst_1788020829991,round-robin,server-1,GET,/api/work,200,26,,6
1788020841891,ui_round-robin_burst_1788020829991,round-robin,server-2,GET,/api/work,200,26,,6
1788020841892,ui_round-robin_burst_1788020829991,round-robin,server-3,GET,/api/work,200,26,,6
1788020841893,ui_round-robin_burst_1788020829991,round-robin,server-1,GET,/api/work,200,26,,6
1788020841894,ui_round-robin_burst_1788020829991,round-robin,server-3,GET,/api/work,200,25,,5
1788020841893,ui_round-robin_burst_1788020829991,round-robin,server-2,GET,/api/work,200,27,,6
1788020841897,ui_round-robin_burst_1788020829991,round-robin,server-1,GET,/api/work,200,26,,5
1788020841898,ui_round-robin_burst_1788020829991,round-robin,server-2,GET,/api/work,200,26,,5
1788020841898,ui_round-robin_burst_1788020829991,round-robin,server-3,GET,/api/work,200,27,,5
1788020841900,ui_round-robin_burst_1788020829991,round-robin,server-1,GET,/api/work,200,26,,5
1788020841900,ui_round-robin_burst_1788020829991,round-robin,server-2,GET,/api/work,200,27,,5
1788020841900,ui_round-robin_burst_1788020829991,round-robin,server-1,GET,/api/work,200,27,,4
1788020841900,ui_round-robin_burst_1788020829991,round-robin,server-3,GET,/api/work,200,28,,5
1788020841904,ui_round-robin_burst_1788020829991,round-robin,server-2,GET,/api/work,200,26,,6
1788020841909,ui_round-robin_burst_1788020829991,round-robin,server-3,GET,/api/work,200,25,,6
1788020841909,ui_round-robin_burst_1788020829991,round-robin,server-1,GET,/api/work,200,26,,6
1788020841909,ui_round-robin_burst_1788020829991,round-robin,server-2,GET,/api/work,200,26,,6
1788020841911,ui_round-robin_burst_1788020829991,round-robin,server-3,GET,/api/work,200,26,,6
1788020841912,ui_round-robin_burst_1788020829991,round-robin,server-1,GET,/api/work,200,26,,6
1788020841914,ui_round-robin_burst_1788020829991,round-robin,server-2,GET,/api/work,200,27,,6
1788020841916,ui_round-robin_burst_1788020829991,round-robin,server-3,GET,/api/work,200,26,,6
1788020841918,ui_round-robin_burst_1788020829991,round-robin,server-1,GET,/api/work,200,26,,6
1788020841918,ui_round-robin_burst_1788020829991,round-robin,server-2,GET,/api/work,200,27,,5
1788020841921,ui_round-robin_burst_1788020829991,round-robin,server-3,GET,/api/work,200,26,,5
1788020841927,ui_round-robin_burst_1788020829991,round-robin,server-3,GET,/api/work,200,25,,6
1788020841925,ui_round-robin_burst_1788020829991,round-robin,server-1,GET,/api/work,200,28,,7
1788020841926,ui_round-robin_burst_1788020829991,round-robin,server-2,GET,/api/work,200,27,,6
1788020841928,ui_round-robin_burst_1788020829991,round-robin,server-1,GET,/api/work,200,26,,6
1788020841929,ui_round-robin_burst_1788020829991,round-robin,server-2,GET,/api/work,200,26,,5
1788020841930,ui_round-robin_burst_1788020829991,round-robin,server-1,GET,/api/work,200,26,,5
1788020841929,ui_round-robin_burst_1788020829991,round-robin,server-3,GET,/api/work,200,28,,5
1788020841930,ui_round-robin_burst_1788020829991,round-robin,server-1,GET,/api/work,200,27,,4
1788020841930,ui_round-robin_burst_1788020829991,round-robin,server-3,GET,/api/work,200,28,,4
1788020841930,ui_round-robin_burst_1788020829991,round-robin,server-2,GET,/api/work,200,29,,5
1788020841931,ui_round-robin_burst_1788020829991,round-robin,server-2,GET,/api/work,200,29,,4
1788020841935,ui_round-robin_burst_1788020829991,round-robin,server-3,GET,/api/work,200,27,,5
1788020841936,ui_round-robin_burst_1788020829991,round-robin,server-1,GET,/api/work,200,27,,5
1788020841939,ui_round-robin_burst_1788020829991,round-robin,server-2,GET,/api/work,200,26,,5
1788020841940,ui_round-robin_burst_1788020829991,round-robin,server-3,GET,/api/work,200,26,,5
1788020841943,ui_round-robin_burst_1788020829991,round-robin,server-1,GET,/api/work,200,26,,6
1788020841945,ui_round-robin_burst_1788020829991,round-robin,server-2,GET,/api/work,200,26,,6
1788020841948,ui_round-robin_burst_1788020829991,round-robin,server-3,GET,/api/work,200,26,,6
1788020841949,ui_round-robin_burst_1788020829991,round-robin,server-2,GET,/api/work,200,27,,6
1788020841949,ui_round-robin_burst_1788020829991,round-robin,server-1,GET,/api/work,200,27,,6
1788020841951,ui_round-robin_burst_1788020829991,round-robin,server-1,GET,/api/work,200,26,,5
1788020841951,ui_round-robin_burst_1788020829991,round-robin,server-3,GET,/api/work,200,27,,6
1788020841958,ui_round-robin_burst_1788020829991,round-robin,server-2,GET,/api/work,200,26,,6
1788020841958,ui_round-robin_burst_1788020829991,round-robin,server-3,GET,/api/work,200,26,,5
1788020841958,ui_round-robin_burst_1788020829991,round-robin,server-1,GET,/api/work,200,27,,6
1788020841961,ui_round-robin_burst_1788020829991,round-robin,server-1,GET,/api/work,200,25,,5
1788020841960,ui_round-robin_burst_1788020829991,round-robin,server-3,GET,/api/work,200,26,,5
1788020841960,ui_round-robin_burst_1788020829991,round-robin,server-2,GET,/api/work,200,27,,6
1788020841961,ui_round-robin_burst_1788020829991,round-robin,server-2,GET,/api/work,200,26,,5
1788020841963,ui_round-robin_burst_1788020829991,round-robin,server-3,GET,/api/work,200,25,,5
1788020841965,ui_round-robin_burst_1788020829991,round-robin,server-1,GET,/api/work,200,26,,6
1788020841966,ui_round-robin_burst_1788020829991,round-robin,server-2,GET,/api/work,200,26,,5
1788020841966,ui_round-robin_burst_1788020829991,round-robin,server-3,GET,/api/work,200,26,,5
1788020841968,ui_round-robin_burst_1788020829991,round-robin,server-1,GET,/api/work,200,26,,6
1788020841968,ui_round-robin_burst_1788020829991,round-robin,server-2,GET,/api/work,200,27,,6
1788020841972,ui_round-robin_burst_1788020829991,round-robin,server-3,GET,/api/work,200,27,,6
1788020841973,ui_round-robin_burst_1788020829991,round-robin,server-1,GET,/api/work,200,26,,6
1788020841975,ui_round-robin_burst_1788020829991,round-robin,server-2,GET,/api/work,200,26,,6
1788020841977,ui_round-robin_burst_1788020829991,round-robin,server-3,GET,/api/work,200,25,,6
1788020841978,ui_round-robin_burst_1788020829991,round-robin,server-1,GET,/api/work,200,27,,5
1788020841983,ui_round-robin_burst_1788020829991,round-robin,server-2,GET,/api/work,200,25,,6
1788020841985,ui_round-robin_burst_1788020829991,round-robin,server-2,GET,/api/work,200,28,,6
1788020841985,ui_round-robin_burst_1788020829991,round-robin,server-3,GET,/api/work,200,29,,6
1788020841985,ui_round-robin_burst_1788020829991,round-robin,server-1,GET,/api/work,200,29,,6
1788020841988,ui_round-robin_burst_1788020829991,round-robin,server-3,GET,/api/work,200,27,,5
1788020841989,ui_round-robin_burst_1788020829991,round-robin,server-1,GET,/api/work,200,27,,5
1788020841991,ui_round-robin_burst_1788020829991,round-robin,server-3,GET,/api/work,200,29,,5
1788020841991,ui_round-robin_burst_1788020829991,round-robin,server-1,GET,/api/work,200,29,,5
1788020841991,ui_round-robin_burst_1788020829991,round-robin,server-2,GET,/api/work,200,30,,6
1788020841993,ui_round-robin_burst_1788020829991,round-robin,server-2,GET,/api/work,200,29,,6
1788020841993,ui_round-robin_burst_1788020829991,round-robin,server-3,GET,/api/work,200,29,,6
1788020841994,ui_round-robin_burst_1788020829991,round-robin,server-2,GET,/api/work,200,29,,5
1788020841994,ui_round-robin_burst_1788020829991,round-robin,server-1,GET,/api/work,200,29,,5
1788020841996,ui_round-robin_burst_1788020829991,round-robin,server-3,GET,/api/work,200,28,,5
1788020841997,ui_round-robin_burst_1788020829991,round-robin,server-1,GET,/api/work,200,28,,5
1788020842000,ui_round-robin_burst_1788020829991,round-robin,server-2,GET,/api/work,200,26,,5
1788020842002,ui_round-robin_burst_1788020829991,round-robin,server-3,GET,/api/work,200,26,,6
1788020842005,ui_round-robin_burst_1788020829991,round-robin,server-1,GET,/api/work,200,26,,6
1788020842007,ui_round-robin_burst_1788020829991,round-robin,server-2,GET,/api/work,200,26,,6
1788020842007,ui_round-robin_burst_1788020829991,round-robin,server-1,GET,/api/work,200,27,,6
1788020842007,ui_round-robin_burst_1788020829991,round-robin,server-3,GET,/api/work,200,27,,6
1788020842009,ui_round-robin_burst_1788020829991,round-robin,server-2,GET,/api/work,200,27,,6
1788020842016,ui_round-robin_burst_1788020829991,round-robin,server-3,GET,/api/work,200,27,,6
1788020842017,ui_round-robin_burst_1788020829991,round-robin,server-1,GET,/api/work,200,26,,5
1788020842017,ui_round-robin_burst_1788020829991,round-robin,server-2,GET,/api/work,200,27,,5
1788020842021,ui_round-robin_burst_1788020829991,round-robin,server-3,GET,/api/work,200,26,,6
1788020842021,ui_round-robin_burst_1788020829991,round-robin,server-3,GET,/api/work,200,26,,5
1788020842021,ui_round-robin_burst_1788020829991,round-robin,server-1,GET,/api/work,200,27,,6
1788020842021,ui_round-robin_burst_1788020829991,round-robin,server-2,GET,/api/work,200,28,,5
1788020842024,ui_round-robin_burst_1788020829991,round-robin,server-1,GET,/api/work,200,25,,5
1788020842024,ui_round-robin_burst_1788020829991,round-robin,server-2,GET,/api/work,200,26,,5
1788020842026,ui_round-robin_burst_1788020829991,round-robin,server-1,GET,/api/work,200,25,,4
1788020842025,ui_round-robin_burst_1788020829991,round-robin,server-3,GET,/api/work,200,27,,4
1788020842027,ui_round-robin_burst_1788020829991,round-robin,server-2,GET,/api/work,200,25,,4
1788020842027,ui_round-robin_burst_1788020829991,round-robin,server-3,GET,/api/work,200,26,,4
1788020842030,ui_round-robin_burst_1788020829991,round-robin,server-1,GET,/api/work,200,27,,6
1788020842030,ui_round-robin_burst_1788020829991,round-robin,server-2,GET,/api/work,200,27,,6
1788020842032,ui_round-robin_burst_1788020829991,round-robin,server-3,GET,/api/work,200,26,,6
1788020842033,ui_round-robin_burst_1788020829991,round-robin,server-1,GET,/api/work,200,26,,6
1788020842035,ui_round-robin_burst_1788020829991,round-robin,server-2,GET,/api/work,200,26,,5
1788020842039,ui_round-robin_burst_1788020829991,round-robin,server-3,GET,/api/work,200,26,,6
1788020842045,ui_round-robin_burst_1788020829991,round-robin,server-1,GET,/api/work,200,27,,6
1788020842046,ui_round-robin_burst_1788020829991,round-robin,server-2,GET,/api/work,200,26,,6
1788020842046,ui_round-robin_burst_1788020829991,round-robin,server-3,GET,/api/work,200,27,,6
1788020842048,ui_round-robin_burst_1788020829991,round-robin,server-1,GET,/api/work,200,27,,6
1788020842050,ui_round-robin_burst_1788020829991,round-robin,server-2,GET,/api/work,200,27,,6
1788020842053,ui_round-robin_burst_1788020829991,round-robin,server-3,GET,/api/work,200,26,,7
1788020842053,ui_round-robin_burst_1788020829991,round-robin,server-1,GET,/api/work,200,27,,6
1788020842054,ui_round-robin_burst_1788020829991,round-robin,server-2,GET,/api/work,200,27,,6
1788020842056,ui_round-robin_burst_1788020829991,round-robin,server-1,GET,/api/work,200,27,,6
1788020842055,ui_round-robin_burst_1788020829991,round-robin,server-3,GET,/api/work,200,28,,6
1788020842056,ui_round-robin_burst_1788020829991,round-robin,server-3,GET,/api/work,200,28,,5
1788020842056,ui_round-robin_burst_1788020829991,round-robin,server-2,GET,/api/work,200,28,,6
1788020842056,ui_round-robin_burst_1788020829991,round-robin,server-1,GET,/api/work,200,28,,5
1788020842057,ui_round-robin_burst_1788020829991,round-robin,server-3,GET,/api/work,200,28,,6
1788020842057,ui_round-robin_burst_1788020829991,round-robin,server-2,GET,/api/work,200,29,,6
1788020842058,ui_round-robin_burst_1788020829991,round-robin,server-1,GET,/api/work,200,28,,5
1788020842061,ui_round-robin_burst_1788020829991,round-robin,server-2,GET,/api/work,200,26,,5
1788020842064,ui_round-robin_burst_1788020829991,round-robin,server-3,GET,/api/work,200,27,,6
1788020842065,ui_round-robin_burst_1788020829991,round-robin,server-1,GET,/api/work,200,26,,6
1788020842066,ui_round-robin_burst_1788020829991,round-robin,server-3,GET,/api/work,200,26,,5
1788020842065,ui_round-robin_burst_1788020829991,round-robin,server-2,GET,/api/work,200,27,,6
1788020842072,ui_round-robin_burst_1788020829991,round-robin,server-1,GET,/api/work,200,27,,6
1788020842074,ui_round-robin_burst_1788020829991,round-robin,server-2,GET,/api/work,200,26,,5
1788020842075,ui_round-robin_burst_1788020829991,round-robin,server-3,GET,/api/work,200,26,,5
1788020842079,ui_round-robin_burst_1788020829991,round-robin,server-2,GET,/api/work,200,25,,5
1788020842078,ui_round-robin_burst_1788020829991,round-robin,server-1,GET,/api/work,200,26,,6
1788020842079,ui_round-robin_burst_1788020829991,round-robin,server-3,GET,/api/work,200,26,,5
1788020842081,ui_round-robin_burst_1788020829991,round-robin,server-1,GET,/api/work,200,28,,5
1788020842082,ui_round-robin_burst_1788020829991,round-robin,server-2,GET,/api/work,200,27,,5
1788020842085,ui_round-robin_burst_1788020829991,round-robin,server-1,GET,/api/work,200,25,,4
1788020842085,ui_round-robin_burst_1788020829991,round-robin,server-3,GET,/api/work,200,26,,5
1788020842085,ui_round-robin_burst_1788020829991,round-robin,server-3,GET,/api/work,200,26,,4
1788020842085,ui_round-robin_burst_1788020829991,round-robin,server-2,GET,/api/work,200,26,,4
1788020842086,ui_round-robin_burst_1788020829991,round-robin,server-1,GET,/api/work,200,26,,4
1788020842088,ui_round-robin_burst_1788020829991,round-robin,server-2,GET,/api/work,200,26,,4
1788020842088,ui_round-robin_burst_1788020829991,round-robin,server-3,GET,/api/work,200,26,,4
1788020842090,ui_round-robin_burst_1788020829991,round-robin,server-1,GET,/api/work,200,26,,3
1788020842090,ui_round-robin_burst_1788020829991,round-robin,server-2,GET,/api/work,200,27,,3
1788020842093,ui_round-robin_burst_1788020829991,round-robin,server-3,GET,/api/work,200,26,,6
1788020842096,ui_round-robin_burst_1788020829991,round-robin,server-1,GET,/api/work,200,26,,5
1788020842103,ui_round-robin_burst_1788020829991,round-robin,server-3,GET,/api/work,200,26,,6
1788020842103,ui_round-robin_burst_1788020829991,round-robin,server-2,GET,/api/work,200,27,,7
1788020842103,ui_round-robin_burst_1788020829991,round-robin,server-1,GET,/api/work,200,27,,6
1788020842106,ui_round-robin_burst_1788020829991,round-robin,server-2,GET,/api/work,200,26,,6
1788020842107,ui_round-robin_burst_1788020829991,round-robin,server-3,GET,/api/work,200,25,,6
1788020842110,ui_round-robin_burst_1788020829991,round-robin,server-1,GET,/api/work,200,26,,7
1788020842113,ui_round-robin_burst_1788020829991,round-robin,server-2,GET,/api/work,200,26,,6
1788020842113,ui_round-robin_burst_1788020829991,round-robin,server-3,GET,/api/work,200,27,,6
1788020842117,ui_round-robin_burst_1788020829991,round-robin,server-2,GET,/api/work,200,26,,7
1788020842117,ui_round-robin_burst_1788020829991,round-robin,server-3,GET,/api/work,200,27,,7
1788020842117,ui_round-robin_burst_1788020829991,round-robin,server-1,GET,/api/work,200,27,,8
1788020842118,ui_round-robin_burst_1788020829991,round-robin,server-3,GET,/api/work,200,27,,6
1788020842117,ui_round-robin_burst_1788020829991,round-robin,server-1,GET,/api/work,200,28,,7
1788020842118,ui_round-robin_burst_1788020829991,round-robin,server-2,GET,/api/work,200,28,,7
1788020842119,ui_round-robin_burst_1788020829991,round-robin,server-2,GET,/api/work,200,27,,6
1788020842119,ui_round-robin_burst_1788020829991,round-robin,server-3,GET,/api/work,200,28,,6
1788020842118,ui_round-robin_burst_1788020829991,round-robin,server-1,GET,/api/work,200,30,,7
1788020842123,ui_round-robin_burst_1788020829991,round-robin,server-2,GET,/api/work,200,26,,6
1788020842123,ui_round-robin_burst_1788020829991,round-robin,server-1,GET,/api/work,200,27,,7
1788020842123,ui_round-robin_burst_1788020829991,round-robin,server-1,GET,/api/work,200,27,,6
1788020842123,ui_round-robin_burst_1788020829991,round-robin,server-3,GET,/api/work,200,29,,6
1788020842129,ui_round-robin_burst_1788020829991,round-robin,server-2,GET,/api/work,200,26,,6
1788020842130,ui_round-robin_burst_1788020829991,round-robin,server-3,GET,/api/work,200,26,,5
1788020842132,ui_round-robin_burst_1788020829991,round-robin,server-1,GET,/api/work,200,26,,5
1788020842135,ui_round-robin_burst_1788020829991,round-robin,server-3,GET,/api/work,200,27,,5
1788020842135,ui_round-robin_burst_1788020829991,round-robin,server-2,GET,/api/work,200,27,,6
1788020842136,ui_round-robin_burst_1788020829991,round-robin,server-1,GET,/api/work,200,26,,5
1788020842140,ui_round-robin_burst_1788020829991,round-robin,server-2,GET,/api/work,200,27,,5
1788020842141,ui_round-robin_burst_1788020829991,round-robin,server-2,GET,/api/work,200,26,,4
1788020842141,ui_round-robin_burst_1788020829991,round-robin,server-3,GET,/api/work,200,27,,5
1788020842141,ui_round-robin_burst_1788020829991,round-robin,server-1,GET,/api/work,200,27,,5
1788020842142,ui_round-robin_burst_1788020829991,round-robin,server-3,GET,/api/work,200,27,,4
1788020842142,ui_round-robin_burst_1788020829991,round-robin,server-1,GET,/api/work,200,27,,4
1788020842144,ui_round-robin_burst_1788020829991,round-robin,server-2,GET,/api/work,200,26,,4
1788020842146,ui_round-robin_burst_1788020829991,round-robin,server-3,GET,/api/work,200,26,,4
1788020842147,ui_round-robin_burst_1788020829991,round-robin,server-1,GET,/api/work,200,25,,3
1788020842148,ui_round-robin_burst_1788020829991,round-robin,server-2,GET,/api/work,200,26,,3
1788020842149,ui_round-robin_burst_1788020829991,round-robin,server-3,GET,/api/work,200,26,,3
1788020842149,ui_round-robin_burst_1788020829991,round-robin,server-1,GET,/api/work,200,28,,4
1788020842153,ui_round-robin_burst_1788020829991,round-robin,server-2,GET,/api/work,200,27,,6
1788020842160,ui_round-robin_burst_1788020829991,round-robin,server-3,GET,/api/work,200,25,,6
1788020842161,ui_round-robin_burst_1788020829991,round-robin,server-2,GET,/api/work,200,26,,6
1788020842161,ui_round-robin_burst_1788020829991,round-robin,server-1,GET,/api/work,200,27,,7
1788020842163,ui_round-robin_burst_1788020829991,round-robin,server-3,GET,/api/work,200,26,,6
1788020842163,ui_round-robin_burst_1788020829991,round-robin,server-1,GET,/api/work,200,27,,6
1788020842168,ui_round-robin_burst_1788020829991,round-robin,server-2,GET,/api/work,200,27,,7
1788020842170,ui_round-robin_burst_1788020829991,round-robin,server-3,GET,/api/work,200,27,,6
1788020842173,ui_round-robin_burst_1788020829991,round-robin,server-1,GET,/api/work,200,26,,7
1788020842175,ui_round-robin_burst_1788020829991,round-robin,server-3,GET,/api/work,200,26,,8
1788020842175,ui_round-robin_burst_1788020829991,round-robin,server-2,GET,/api/work,200,26,,8
1788020842176,ui_round-robin_burst_1788020829991,round-robin,server-1,GET,/api/work,200,26,,7
1788020842178,ui_round-robin_burst_1788020829991,round-robin,server-2,GET,/api/work,200,26,,8
1788020842179,ui_round-robin_burst_1788020829991,round-robin,server-1,GET,/api/work,200,26,,7
1788020842179,ui_round-robin_burst_1788020829991,round-robin,server-1,GET,/api/work,200,26,,6
1788020842180,ui_round-robin_burst_1788020829991,round-robin,server-1,GET,/api/work,200,26,,5
1788020842179,ui_round-robin_burst_1788020829991,round-robin,server-2,GET,/api/work,200,27,,7
1788020842178,ui_round-robin_burst_1788020829991,round-robin,server-3,GET,/api/work,200,29,,8
1788020842179,ui_round-robin_burst_1788020829991,round-robin,server-3,GET,/api/work,200,29,,7
1788020842180,ui_round-robin_burst_1788020829991,round-robin,server-2,GET,/api/work,200,28,,7
1788020842180,ui_round-robin_burst_1788020829991,round-robin,server-3,GET,/api/work,200,29,,6
1788020842182,ui_round-robin_burst_1788020829991,round-robin,server-2,GET,/api/work,200,27,,6
1788020842186,ui_round-robin_burst_1788020829991,round-robin,server-3,GET,/api/work,200,26,,6
1788020842188,ui_round-robin_burst_1788020829991,round-robin,server-1,GET,/api/work,200,26,,5
1788020842190,ui_round-robin_burst_1788020829991,round-robin,server-2,GET,/api/work,200,25,,5
1788020842194,ui_round-robin_burst_1788020829991,round-robin,server-2,GET,/api/work,200,25,,5
1788020842194,ui_round-robin_burst_1788020829991,round-robin,server-1,GET,/api/work,200,25,,5
1788020842194,ui_round-robin_burst_1788020829991,round-robin,server-3,GET,/api/work,200,26,,6
1788020842197,ui_round-robin_burst_1788020829991,round-robin,server-3,GET,/api/work,200,27,,5
1788020842199,ui_round-robin_burst_1788020829991,round-robin,server-1,GET,/api/work,200,26,,5
1788020842199,ui_round-robin_burst_1788020829991,round-robin,server-2,GET,/api/work,200,26,,5
1788020842200,ui_round-robin_burst_1788020829991,round-robin,server-3,GET,/api/work,200,26,,4
1788020842200,ui_round-robin_burst_1788020829991,round-robin,server-3,GET,/api/work,200,26,,3
1788020842200,ui_round-robin_burst_1788020829991,round-robin,server-1,GET,/api/work,200,27,,4
1788020842200,ui_round-robin_burst_1788020829991,round-robin,server-2,GET,/api/work,200,27,,4
1788020842203,ui_round-robin_burst_1788020829991,round-robin,server-2,GET,/api/work,200,26,,3
1788020842203,ui_round-robin_burst_1788020829991,round-robin,server-1,GET,/api/work,200,27,,4
1788020842204,ui_round-robin_burst_1788020829991,round-robin,server-3,GET,/api/work,200,27,,3
1788020842206,ui_round-robin_burst_1788020829991,round-robin,server-1,GET,/api/work,200,27,,4
1788020842208,ui_round-robin_burst_1788020829991,round-robin,server-2,GET,/api/work,200,26,,4
1788020842211,ui_round-robin_burst_1788020829991,round-robin,server-3,GET,/api/work,200,26,,5
1788020842216,ui_round-robin_burst_1788020829991,round-robin,server-1,GET,/api/work,200,26,,7
1788020842218,ui_round-robin_burst_1788020829991,round-robin,server-2,GET,/api/work,200,26,,7
1788020842219,ui_round-robin_burst_1788020829991,round-robin,server-3,GET,/api/work,200,26,,6
1788020842220,ui_round-robin_burst_1788020829991,round-robin,server-2,GET,/api/work,200,26,,6
1788020842220,ui_round-robin_burst_1788020829991,round-robin,server-1,GET,/api/work,200,27,,6
1788020842227,ui_round-robin_burst_1788020829991,round-robin,server-3,GET,/api/work,200,25,,7
1788020842227,ui_round-robin_burst_1788020829991,round-robin,server-1,GET,/api/work,200,26,,6
1788020842230,ui_round-robin_burst_1788020829991,round-robin,server-2,GET,/api/work,200,27,,7
1788020842232,ui_round-robin_burst_1788020829991,round-robin,server-3,GET,/api/work,200,26,,8
1788020842232,ui_round-robin_burst_1788020829991,round-robin,server-1,GET,/api/work,200,27,,8
1788020842232,ui_round-robin_burst_1788020829991,round-robin,server-2,GET,/api/work,200,27,,7
1788020842235,ui_round-robin_burst_1788020829991,round-robin,server-3,GET,/api/work,200,25,,8
1788020842237,ui_round-robin_burst_1788020829991,round-robin,server-3,GET,/api/work,200,25,,7
1788020842236,ui_round-robin_burst_1788020829991,round-robin,server-1,GET,/api/work,200,26,,8
1788020842236,ui_round-robin_burst_1788020829991,round-robin,server-2,GET,/api/work,200,27,,7
1788020842237,ui_round-robin_burst_1788020829991,round-robin,server-1,GET,/api/work,200,26,,7
1788020842237,ui_round-robin_burst_1788020829991,round-robin,server-2,GET,/api/work,200,27,,7
1788020842239,ui_round-robin_burst_1788020829991,round-robin,server-3,GET,/api/work,200,26,,6
1788020842240,ui_round-robin_burst_1788020829991,round-robin,server-2,GET,/api/work,200,26,,6
1788020842240,ui_round-robin_burst_1788020829991,round-robin,server-1,GET,/api/work,200,26,,6
1788020842240,ui_round-robin_burst_1788020829991,round-robin,server-3,GET,/api/work,200,27,,6
1788020842242,ui_round-robin_burst_1788020829991,round-robin,server-1,GET,/api/work,200,26,,6
1788020842244,ui_round-robin_burst_1788020829991,round-robin,server-2,GET,/api/work,200,26,,5
1788020842246,ui_round-robin_burst_1788020829991,round-robin,server-3,GET,/api/work,200,26,,5
1788020842250,ui_round-robin_burst_1788020829991,round-robin,server-1,GET,/api/work,200,26,,6
1788020842251,ui_round-robin_burst_1788020829991,round-robin,server-3,GET,/api/work,200,26,,5
1788020842250,ui_round-robin_burst_1788020829991,round-robin,server-2,GET,/api/work,200,28,,6
1788020842254,ui_round-robin_burst_1788020829991,round-robin,server-1,GET,/api/work,200,26,,5
1788020842256,ui_round-robin_burst_1788020829991,round-robin,server-2,GET,/api/work,200,26,,5
1788020842257,ui_round-robin_burst_1788020829991,round-robin,server-3,GET,/api/work,200,26,,5
1788020842257,ui_round-robin_burst_1788020829991,round-robin,server-2,GET,/api/work,200,27,,4
1788020842257,ui_round-robin_burst_1788020829991,round-robin,server-1,GET,/api/work,200,27,,5
1788020842258,ui_round-robin_burst_1788020829991,round-robin,server-1,GET,/api/work,200,27,,4
1788020842258,ui_round-robin_burst_1788020829991,round-robin,server-3,GET,/api/work,200,27,,4
1788020842259,ui_round-robin_burst_1788020829991,round-robin,server-2,GET,/api/work,200,26,,4
1788020842260,ui_round-robin_burst_1788020829991,round-robin,server-3,GET,/api/work,200,26,,3
1788020842260,ui_round-robin_burst_1788020829991,round-robin,server-1,GET,/api/work,200,27,,3
1788020842264,ui_round-robin_burst_1788020829991,round-robin,server-2,GET,/api/work,200,26,,3
1788020842265,ui_round-robin_burst_1788020829991,round-robin,server-3,GET,/api/work,200,27,,4
1788020842267,ui_round-robin_burst_1788020829991,round-robin,server-1,GET,/api/work,200,27,,4
1788020842273,ui_round-robin_burst_1788020829991,round-robin,server-2,GET,/api/work,200,27,,7
1788020842275,ui_round-robin_burst_1788020829991,round-robin,server-3,GET,/api/work,200,27,,7
1788020842276,ui_round-robin_burst_1788020829991,round-robin,server-1,GET,/api/work,200,26,,6
1788020842277,ui_round-robin_burst_1788020829991,round-robin,server-2,GET,/api/work,200,27,,6
1788020842277,ui_round-robin_burst_1788020829991,round-robin,server-3,GET,/api/work,200,27,,6
1788020842283,ui_round-robin_burst_1788020829991,round-robin,server-1,GET,/api/work,200,25,,6
1788020842284,ui_round-robin_burst_1788020829991,round-robin,server-2,GET,/api/work,200,26,,6
1788020842288,ui_round-robin_burst_1788020829991,round-robin,server-1,GET,/api/work,200,26,,7
1788020842288,ui_round-robin_burst_1788020829991,round-robin,server-3,GET,/api/work,200,26,,7
1788020842290,ui_round-robin_burst_1788020829991,round-robin,server-2,GET,/api/work,200,26,,7
1788020842291,ui_round-robin_burst_1788020829991,round-robin,server-3,GET,/api/work,200,26,,8
1788020842291,ui_round-robin_burst_1788020829991,round-robin,server-1,GET,/api/work,200,27,,8
1788020842293,ui_round-robin_burst_1788020829991,round-robin,server-3,GET,/api/work,200,26,,7
1788020842293,ui_round-robin_burst_1788020829991,round-robin,server-2,GET,/api/work,200,26,,8
1788020842295,ui_round-robin_burst_1788020829991,round-robin,server-1,GET,/api/work,200,26,,7
1788020842296,ui_round-robin_burst_1788020829991,round-robin,server-2,GET,/api/work,200,26,,7
1788020842296,ui_round-robin_burst_1788020829991,round-robin,server-3,GET,/api/work,200,26,,7
1788020842297,ui_round-robin_burst_1788020829991,round-robin,server-2,GET,/api/work,200,26,,6
1788020842297,ui_round-robin_burst_1788020829991,round-robin,server-3,GET,/api/work,200,26,,6
1788020842297,ui_round-robin_burst_1788020829991,round-robin,server-1,GET,/api/work,200,27,,6
1788020842298,ui_round-robin_burst_1788020829991,round-robin,server-1,GET,/api/work,200,27,,6
1788020842299,ui_round-robin_burst_1788020829991,round-robin,server-2,GET,/api/work,200,26,,6
1788020842301,ui_round-robin_burst_1788020829991,round-robin,server-3,GET,/api/work,200,26,,5
1788020842303,ui_round-robin_burst_1788020829991,round-robin,server-1,GET,/api/work,200,26,,5
1788020842307,ui_round-robin_burst_1788020829991,round-robin,server-2,GET,/api/work,200,27,,6
1788020842309,ui_round-robin_burst_1788020829991,round-robin,server-1,GET,/api/work,200,25,,5
1788020842308,ui_round-robin_burst_1788020829991,round-robin,server-3,GET,/api/work,200,27,,5
1788020842310,ui_round-robin_burst_1788020829991,round-robin,server-2,GET,/api/work,200,27,,5
1788020842313,ui_round-robin_burst_1788020829991,round-robin,server-3,GET,/api/work,200,26,,5
1788020842313,ui_round-robin_burst_1788020829991,round-robin,server-1,GET,/api/work,200,27,,5
1788020842315,ui_round-robin_burst_1788020829991,round-robin,server-2,GET,/api/work,200,26,,5
1788020842315,ui_round-robin_burst_1788020829991,round-robin,server-3,GET,/api/work,200,27,,5
1788020842315,ui_round-robin_burst_1788020829991,round-robin,server-1,GET,/api/work,200,27,,4
1788020842316,ui_round-robin_burst_1788020829991,round-robin,server-2,GET,/api/work,200,27,,4
1788020842317,ui_round-robin_burst_1788020829991,round-robin,server-3,GET,/api/work,200,26,,4
1788020842317,ui_round-robin_burst_1788020829991,round-robin,server-1,GET,/api/work,200,26,,3
1788020842317,ui_round-robin_burst_1788020829991,round-robin,server-2,GET,/api/work,200,27,,3
1788020842321,ui_round-robin_burst_1788020829991,round-robin,server-3,GET,/api/work,200,26,,4
1788020842324,ui_round-robin_burst_1788020829991,round-robin,server-2,GET,/api/work,200,26,,4
1788020842324,ui_round-robin_burst_1788020829991,round-robin,server-1,GET,/api/work,200,27,,5
1788020842330,ui_round-robin_burst_1788020829991,round-robin,server-3,GET,/api/work,200,25,,6
1788020842333,ui_round-robin_burst_1788020829991,round-robin,server-2,GET,/api/work,200,26,,6
1788020842333,ui_round-robin_burst_1788020829991,round-robin,server-1,GET,/api/work,200,27,,7
1788020842335,ui_round-robin_burst_1788020829991,round-robin,server-3,GET,/api/work,200,26,,6
1788020842335,ui_round-robin_burst_1788020829991,round-robin,server-1,GET,/api/work,200,27,,6
1788020842340,ui_round-robin_burst_1788020829991,round-robin,server-2,GET,/api/work,200,28,,7
1788020842340,ui_round-robin_burst_1788020829991,round-robin,server-3,GET,/api/work,200,29,,7
1788020842345,ui_round-robin_burst_1788020829991,round-robin,server-2,GET,/api/work,200,25,,6
1788020842344,ui_round-robin_burst_1788020829991,round-robin,server-1,GET,/api/work,200,27,,7
1788020842347,ui_round-robin_burst_1788020829991,round-robin,server-3,GET,/api/work,200,26,,8
1788020842348,ui_round-robin_burst_1788020829991,round-robin,server-2,GET,/api/work,200,27,,8
1788020842348,ui_round-robin_burst_1788020829991,round-robin,server-1,GET,/api/work,200,28,,8
1788020842350,ui_round-robin_burst_1788020829991,round-robin,server-1,GET,/api/work,200,27,,7
1788020842350,ui_round-robin_burst_1788020829991,round-robin,server-3,GET,/api/work,200,27,,8
1788020842352,ui_round-robin_burst_1788020829991,round-robin,server-2,GET,/api/work,200,27,,7
1788020842353,ui_round-robin_burst_1788020829991,round-robin,server-1,GET,/api/work,200,27,,7
1788020842353,ui_round-robin_burst_1788020829991,round-robin,server-2,GET,/api/work,200,28,,6
1788020842353,ui_round-robin_burst_1788020829991,round-robin,server-3,GET,/api/work,200,28,,7
1788020842355,ui_round-robin_burst_1788020829991,round-robin,server-3,GET,/api/work,200,27,,6
1788020842355,ui_round-robin_burst_1788020829991,round-robin,server-1,GET,/api/work,200,27,,6
1788020842355,ui_round-robin_burst_1788020829991,round-robin,server-2,GET,/api/work,200,28,,6
1788020842357,ui_round-robin_burst_1788020829991,round-robin,server-1,GET,/api/work,200,27,,5
1788020842356,ui_round-robin_burst_1788020829991,round-robin,server-3,GET,/api/work,200,28,,6
1788020842360,ui_round-robin_burst_1788020829991,round-robin,server-2,GET,/api/work,200,27,,5
1788020842364,ui_round-robin_burst_1788020829991,round-robin,server-3,GET,/api/work,200,26,,5
1788020842367,ui_round-robin_burst_1788020829991,round-robin,server-1,GET,/api/work,200,26,,6
1788020842368,ui_round-robin_burst_1788020829991,round-robin,server-2,GET,/api/work,200,26,,6
1788020842370,ui_round-robin_burst_1788020829991,round-robin,server-1,GET,/api/work,200,26,,5
1788020842368,ui_round-robin_burst_1788020829991,round-robin,server-3,GET,/api/work,200,28,,5
1788020842371,ui_round-robin_burst_1788020829991,round-robin,server-2,GET,/api/work,200,27,,5
1788020842372,ui_round-robin_burst_1788020829991,round-robin,server-2,GET,/api/work,200,27,,4
1788020842372,ui_round-robin_burst_1788020829991,round-robin,server-3,GET,/api/work,200,27,,4
1788020842372,ui_round-robin_burst_1788020829991,round-robin,server-3,GET,/api/work,200,28,,4
1788020842375,ui_round-robin_burst_1788020829991,round-robin,server-2,GET,/api/work,200,25,,3
1788020842372,ui_round-robin_burst_1788020829991,round-robin,server-1,GET,/api/work,200,29,,5
1788020842375,ui_round-robin_burst_1788020829991,round-robin,server-1,GET,/api/work,200,26,,4
1788020842375,ui_round-robin_burst_1788020829991,round-robin,server-3,GET,/api/work,200,27,,3
1788020842378,ui_round-robin_burst_1788020829991,round-robin,server-1,GET,/api/work,200,26,,3
1788020842382,ui_round-robin_burst_1788020829991,round-robin,server-2,GET,/api/work,200,26,,4
1788020842383,ui_round-robin_burst_1788020829991,round-robin,server-3,GET,/api/work,200,27,,4
1788020842386,ui_round-robin_burst_1788020829991,round-robin,server-1,GET,/api/work,200,26,,5
1788020842390,ui_round-robin_burst_1788020829991,round-robin,server-2,GET,/api/work,200,26,,7
1788020842391,ui_round-robin_burst_1788020829991,round-robin,server-3,GET,/api/work,200,26,,7
1788020842393,ui_round-robin_burst_1788020829991,round-robin,server-2,GET,/api/work,200,25,,6
1788020842392,ui_round-robin_burst_1788020829991,round-robin,server-1,GET,/api/work,200,27,,6
1788020842399,ui_round-robin_burst_1788020829991,round-robin,server-3,GET,/api/work,200,26,,7
1788020842400,ui_round-robin_burst_1788020829991,round-robin,server-1,GET,/api/work,200,27,,6
1788020842402,ui_round-robin_burst_1788020829991,round-robin,server-2,GET,/api/work,200,26,,7
1788020842402,ui_round-robin_burst_1788020829991,round-robin,server-3,GET,/api/work,200,27,,6
1788020842405,ui_round-robin_burst_1788020829991,round-robin,server-1,GET,/api/work,200,26,,7
1788020842407,ui_round-robin_burst_1788020829991,round-robin,server-2,GET,/api/work,200,25,,8
1788020842408,ui_round-robin_burst_1788020829991,round-robin,server-1,GET,/api/work,200,26,,8
1788020842409,ui_round-robin_burst_1788020829991,round-robin,server-2,GET,/api/work,200,25,,7
1788020842408,ui_round-robin_burst_1788020829991,round-robin,server-3,GET,/api/work,200,27,,8
1788020842411,ui_round-robin_burst_1788020829991,round-robin,server-1,GET,/api/work,200,27,,7
1788020842411,ui_round-robin_burst_1788020829991,round-robin,server-2,GET,/api/work,200,27,,7
1788020842411,ui_round-robin_burst_1788020829991,round-robin,server-3,GET,/api/work,200,28,,7
1788020842413,ui_round-robin_burst_1788020829991,round-robin,server-3,GET,/api/work,200,26,,6
1788020842414,ui_round-robin_burst_1788020829991,round-robin,server-2,GET,/api/work,200,26,,6
1788020842414,ui_round-robin_burst_1788020829991,round-robin,server-1,GET,/api/work,200,27,,6
1788020842415,ui_round-robin_burst_1788020829991,round-robin,server-3,GET,/api/work,200,26,,6
1788020842415,ui_round-robin_burst_1788020829991,round-robin,server-1,GET,/api/work,200,27,,5
1788020842415,ui_round-robin_burst_1788020829991,round-robin,server-2,GET,/api/work,200,28,,5
1788020842417,ui_round-robin_burst_1788020829991,round-robin,server-3,GET,/api/work,200,27,,5
1788020842420,ui_round-robin_burst_1788020829991,round-robin,server-1,GET,/api/work,200,27,,5
1788020842424,ui_round-robin_burst_1788020829991,round-robin,server-2,GET,/api/work,200,26,,6
1788020842424,ui_round-robin_burst_1788020829991,round-robin,server-3,GET,/api/work,200,26,,5
1788020842427,ui_round-robin_burst_1788020829991,round-robin,server-2,GET,/api/work,200,27,,5
1788020842427,ui_round-robin_burst_1788020829991,round-robin,server-1,GET,/api/work,200,28,,5
1788020842429,ui_round-robin_burst_1788020829991,round-robin,server-3,GET,/api/work,200,26,,5
1788020842430,ui_round-robin_burst_1788020829991,round-robin,server-1,GET,/api/work,200,26,,4
1788020842430,ui_round-robin_burst_1788020829991,round-robin,server-2,GET,/api/work,200,28,,4
1788020842431,ui_round-robin_burst_1788020829991,round-robin,server-1,GET,/api/work,200,28,,4
1788020842432,ui_round-robin_burst_1788020829991,round-robin,server-2,GET,/api/work,200,27,,3
1788020842431,ui_round-robin_burst_1788020829991,round-robin,server-3,GET,/api/work,200,28,,4
1788020842432,ui_round-robin_burst_1788020829991,round-robin,server-3,GET,/api/work,200,28,,3
1788020842433,ui_round-robin_burst_1788020829991,round-robin,server-1,GET,/api/work,200,28,,3
1788020842435,ui_round-robin_burst_1788020829991,round-robin,server-2,GET,/api/work,200,27,,3
1788020842440,ui_round-robin_burst_1788020829991,round-robin,server-3,GET,/api/work,200,26,,5
1788020842442,ui_round-robin_burst_1788020829991,round-robin,server-1,GET,/api/work,200,26,,4
1788020842444,ui_round-robin_burst_1788020829991,round-robin,server-2,GET,/api/work,200,27,,5
1788020842448,ui_round-robin_burst_1788020829991,round-robin,server-1,GET,/api/work,200,25,,5
1788020842447,ui_round-robin_burst_1788020829991,round-robin,server-3,GET,/api/work,200,27,,6
1788020842449,ui_round-robin_burst_1788020829991,round-robin,server-2,GET,/api/work,200,26,,6
1788020842451,ui_round-robin_burst_1788020829991,round-robin,server-3,GET,/api/work,200,26,,6
1788020842456,ui_round-robin_burst_1788020829991,round-robin,server-1,GET,/api/work,200,26,,7
1788020842460,ui_round-robin_burst_1788020829991,round-robin,server-2,GET,/api/work,200,26,,7
1788020842460,ui_round-robin_burst_1788020829991,round-robin,server-3,GET,/api/work,200,27,,6
1788020842463,ui_round-robin_burst_1788020829991,round-robin,server-3,GET,/api/work,200,25,,6
1788020842462,ui_round-robin_burst_1788020829991,round-robin,server-1,GET,/api/work,200,26,,7
1788020842462,ui_round-robin_burst_1788020829991,round-robin,server-2,GET,/api/work,200,27,,7
1788020842465,ui_round-robin_burst_1788020829991,round-robin,server-1,GET,/api/work,200,26,,7
1788020842465,ui_round-robin_burst_1788020829991,round-robin,server-2,GET,/api/work,200,27,,6
1788020842466,ui_round-robin_burst_1788020829991,round-robin,server-3,GET,/api/work,200,27,,6
1788020842469,ui_round-robin_burst_1788020829991,round-robin,server-1,GET,/api/work,200,27,,7
1788020842470,ui_round-robin_burst_1788020829991,round-robin,server-2,GET,/api/work,200,26,,7
1788020842471,ui_round-robin_burst_1788020829991,round-robin,server-3,GET,/api/work,200,26,,7
1788020842471,ui_round-robin_burst_1788020829991,round-robin,server-1,GET,/api/work,200,26,,7
1788020842472,ui_round-robin_burst_1788020829991,round-robin,server-2,GET,/api/work,200,26,,6
1788020842474,ui_round-robin_burst_1788020829991,round-robin,server-1,GET,/api/work,200,26,,6
1788020842473,ui_round-robin_burst_1788020829991,round-robin,server-3,GET,/api/work,200,27,,6
1788020842474,ui_round-robin_burst_1788020829991,round-robin,server-2,GET,/api/work,200,26,,6
1788020842475,ui_round-robin_burst_1788020829991,round-robin,server-1,GET,/api/work,200,26,,5
1788020842475,ui_round-robin_burst_1788020829991,round-robin,server-3,GET,/api/work,200,27,,5
1788020842478,ui_round-robin_burst_1788020829991,round-robin,server-2,GET,/api/work,200,26,,5
1788020842481,ui_round-robin_burst_1788020829991,round-robin,server-1,GET,/api/work,200,27,,5
1788020842481,ui_round-robin_burst_1788020829991,round-robin,server-3,GET,/api/work,200,27,,6
1788020842484,ui_round-robin_burst_1788020829991,round-robin,server-2,GET,/api/work,200,27,,5
1788020842487,ui_round-robin_burst_1788020829991,round-robin,server-3,GET,/api/work,200,26,,5
1788020842488,ui_round-robin_burst_1788020829991,round-robin,server-2,GET,/api/work,200,25,,4
1788020842487,ui_round-robin_burst_1788020829991,round-robin,server-1,GET,/api/work,200,27,,5
1788020842491,ui_round-robin_burst_1788020829991,round-robin,server-1,GET,/api/work,200,26,,4
1788020842491,ui_round-robin_burst_1788020829991,round-robin,server-3,GET,/api/work,200,27,,5
1788020842493,ui_round-robin_burst_1788020829991,round-robin,server-3,GET,/api/work,200,26,,5
1788020842493,ui_round-robin_burst_1788020829991,round-robin,server-2,GET,/api/work,200,26,,5
1788020842494,ui_round-robin_burst_1788020829991,round-robin,server-1,GET,/api/work,200,26,,5
1788020842494,ui_round-robin_burst_1788020829991,round-robin,server-3,GET,/api/work,200,26,,4
1788020842494,ui_round-robin_burst_1788020829991,round-robin,server-2,GET,/api/work,200,27,,4
1788020842497,ui_round-robin_burst_1788020829991,round-robin,server-1,GET,/api/work,200,26,,4
1788020842499,ui_round-robin_burst_1788020829991,round-robin,server-2,GET,/api/work,200,26,,4
1788020842502,ui_round-robin_burst_1788020829991,round-robin,server-3,GET,/api/work,200,26,,5
1788020842505,ui_round-robin_burst_1788020829991,round-robin,server-1,GET,/api/work,200,26,,6
1788020842505,ui_round-robin_burst_1788020829991,round-robin,server-3,GET,/api/work,200,27,,6
1788020842505,ui_round-robin_burst_1788020829991,round-robin,server-2,GET,/api/work,200,27,,6
1788020842509,ui_round-robin_burst_1788020829991,round-robin,server-1,GET,/api/work,200,25,,6
1788020842514,ui_round-robin_burst_1788020829991,round-robin,server-2,GET,/api/work,200,26,,7
1788020842516,ui_round-robin_burst_1788020829991,round-robin,server-3,GET,/api/work,200,26,,7
1788020842518,ui_round-robin_burst_1788020829991,round-robin,server-1,GET,/api/work,200,26,,7
1788020842519,ui_round-robin_burst_1788020829991,round-robin,server-1,GET,/api/work,200,26,,6
1788020842519,ui_round-robin_burst_1788020829991,round-robin,server-3,GET,/api/work,200,27,,7
1788020842519,ui_round-robin_burst_1788020829991,round-robin,server-2,GET,/api/work,200,27,,7
1788020842524,ui_round-robin_burst_1788020829991,round-robin,server-1,GET,/api/work,200,26,,6
1788020842524,ui_round-robin_burst_1788020829991,round-robin,server-2,GET,/api/work,200,28,,7
1788020842524,ui_round-robin_burst_1788020829991,round-robin,server-3,GET,/api/work,200,28,,7
1788020842527,ui_round-robin_burst_1788020829991,round-robin,server-1,GET,/api/work,200,26,,7
1788020842527,ui_round-robin_burst_1788020829991,round-robin,server-2,GET,/api/work,200,27,,7
1788020842527,ui_round-robin_burst_1788020829991,round-robin,server-3,GET,/api/work,200,27,,7
1788020842528,ui_round-robin_burst_1788020829991,round-robin,server-3,GET,/api/work,200,26,,6
1788020842528,ui_round-robin_burst_1788020829991,round-robin,server-2,GET,/api/work,200,27,,7
1788020842530,ui_round-robin_burst_1788020829991,round-robin,server-1,GET,/api/work,200,26,,6
1788020842531,ui_round-robin_burst_1788020829991,round-robin,server-2,GET,/api/work,200,26,,6
1788020842532,ui_round-robin_burst_1788020829991,round-robin,server-3,GET,/api/work,200,25,,6
1788020842532,ui_round-robin_burst_1788020829991,round-robin,server-1,GET,/api/work,200,26,,6
1788020842533,ui_round-robin_burst_1788020829991,round-robin,server-2,GET,/api/work,200,26,,5
1788020842534,ui_round-robin_burst_1788020829991,round-robin,server-3,GET,/api/work,200,27,,5
1788020842539,ui_round-robin_burst_1788020829991,round-robin,server-2,GET,/api/work,200,26,,6
1788020842539,ui_round-robin_burst_1788020829991,round-robin,server-1,GET,/api/work,200,27,,6
1788020842541,ui_round-robin_burst_1788020829991,round-robin,server-3,GET,/api/work,200,26,,5
1788020842544,ui_round-robin_burst_1788020829991,round-robin,server-2,GET,/api/work,200,26,,5
1788020842544,ui_round-robin_burst_1788020829991,round-robin,server-1,GET,/api/work,200,27,,5
1788020842545,ui_round-robin_burst_1788020829991,round-robin,server-3,GET,/api/work,200,27,,5
1788020842548,ui_round-robin_burst_1788020829991,round-robin,server-1,GET,/api/work,200,26,,5
1788020842550,ui_round-robin_burst_1788020829991,round-robin,server-3,GET,/api/work,200,25,,4
1788020842549,ui_round-robin_burst_1788020829991,round-robin,server-2,GET,/api/work,200,27,,5
1788020842552,ui_round-robin_burst_1788020829991,round-robin,server-2,GET,/api/work,200,27,,5
1788020842552,ui_round-robin_burst_1788020829991,round-robin,server-1,GET,/api/work,200,27,,5
1788020842553,ui_round-robin_burst_1788020829991,round-robin,server-1,GET,/api/work,200,27,,4
1788020842553,ui_round-robin_burst_1788020829991,round-robin,server-3,GET,/api/work,200,27,,4
1788020842555,ui_round-robin_burst_1788020829991,round-robin,server-2,GET,/api/work,200,26,,4
1788020842556,ui_round-robin_burst_1788020829991,round-robin,server-3,GET,/api/work,200,27,,4
1788020842558,ui_round-robin_burst_1788020829991,round-robin,server-1,GET,/api/work,200,28,,4
1788020842563,ui_round-robin_burst_1788020829991,round-robin,server-2,GET,/api/work,200,27,,7
1788020842563,ui_round-robin_burst_1788020829991,round-robin,server-1,GET,/api/work,200,27,,6
1788020842563,ui_round-robin_burst_1788020829991,round-robin,server-3,GET,/api/work,200,28,,7
1788020842565,ui_round-robin_burst_1788020829991,round-robin,server-2,GET,/api/work,200,27,,6
1788020842570,ui_round-robin_burst_1788020829991,round-robin,server-3,GET,/api/work,200,26,,7
1788020842573,ui_round-robin_burst_1788020829991,round-robin,server-1,GET,/api/work,200,27,,7
1788020842575,ui_round-robin_burst_1788020829991,round-robin,server-2,GET,/api/work,200,26,,6
1788020842575,ui_round-robin_burst_1788020829991,round-robin,server-3,GET,/api/work,200,26,,6
1788020842577,ui_round-robin_burst_1788020829991,round-robin,server-1,GET,/api/work,200,26,,7
1788020842578,ui_round-robin_burst_1788020829991,round-robin,server-2,GET,/api/work,200,26,,6
1788020842582,ui_round-robin_burst_1788020829991,round-robin,server-3,GET,/api/work,200,27,,7
1788020842584,ui_round-robin_burst_1788020829991,round-robin,server-2,GET,/api/work,200,26,,6
1788020842583,ui_round-robin_burst_1788020829991,round-robin,server-1,GET,/api/work,200,28,,8
1788020842585,ui_round-robin_burst_1788020829991,round-robin,server-3,GET,/api/work,200,27,,7
1788020842587,ui_round-robin_burst_1788020829991,round-robin,server-3,GET,/api/work,200,26,,7
1788020842587,ui_round-robin_burst_1788020829991,round-robin,server-3,GET,/api/work,200,27,,6
1788020842587,ui_round-robin_burst_1788020829991,round-robin,server-1,GET,/api/work,200,28,,7
1788020842587,ui_round-robin_burst_1788020829991,round-robin,server-2,GET,/api/work,200,28,,7
1788020842587,ui_round-robin_burst_1788020829991,round-robin,server-1,GET,/api/work,200,29,,6
1788020842587,ui_round-robin_burst_1788020829991,round-robin,server-2,GET,/api/work,200,29,,6
1788020842588,ui_round-robin_burst_1788020829991,round-robin,server-1,GET,/api/work,200,29,,6
1788020842589,ui_round-robin_burst_1788020829991,round-robin,server-3,GET,/api/work,200,28,,5
1788020842589,ui_round-robin_burst_1788020829991,round-robin,server-2,GET,/api/work,200,29,,5
1788020842590,ui_round-robin_burst_1788020829991,round-robin,server-1,GET,/api/work,200,29,,5
1788020842596,ui_round-robin_burst_1788020829991,round-robin,server-2,GET,/api/work,200,27,,5
1788020842598,ui_round-robin_burst_1788020829991,round-robin,server-1,GET,/api/work,200,25,,5
1788020842596,ui_round-robin_burst_1788020829991,round-robin,server-3,GET,/api/work,200,28,,5
1788020842602,ui_round-robin_burst_1788020829991,round-robin,server-2,GET,/api/work,200,25,,5
1788020842602,ui_round-robin_burst_1788020829991,round-robin,server-1,GET,/api/work,200,26,,5
1788020842602,ui_round-robin_burst_1788020829991,round-robin,server-3,GET,/api/work,200,27,,5
1788020842605,ui_round-robin_burst_1788020829991,round-robin,server-2,GET,/api/work,200,27,,5
1788020842606,ui_round-robin_burst_1788020829991,round-robin,server-3,GET,/api/work,200,27,,4
1788020842606,ui_round-robin_burst_1788020829991,round-robin,server-1,GET,/api/work,200,27,,4
1788020842610,ui_round-robin_burst_1788020829991,round-robin,server-3,GET,/api/work,200,26,,5
1788020842610,ui_round-robin_burst_1788020829991,round-robin,server-1,GET,/api/work,200,27,,4
1788020842610,ui_round-robin_burst_1788020829991,round-robin,server-2,GET,/api/work,200,27,,5
1788020842611,ui_round-robin_burst_1788020829991,round-robin,server-2,GET,/api/work,200,27,,4
1788020842612,ui_round-robin_burst_1788020829991,round-robin,server-3,GET,/api/work,200,26,,4
1788020842616,ui_round-robin_burst_1788020829991,round-robin,server-1,GET,/api/work,200,28,,4
1788020842618,ui_round-robin_burst_1788020829991,round-robin,server-2,GET,/api/work,200,26,,4
1788020842622,ui_round-robin_burst_1788020829991,round-robin,server-1,GET,/api/work,200,27,,6
1788020842622,ui_round-robin_burst_1788020829991,round-robin,server-3,GET,/api/work,200,27,,6
1788020842624,ui_round-robin_burst_1788020829991,round-robin,server-3,GET,/api/work,200,26,,6
1788020842624,ui_round-robin_burst_1788020829991,round-robin,server-2,GET,/api/work,200,27,,7
1788020842627,ui_round-robin_burst_1788020829991,round-robin,server-1,GET,/api/work,200,26,,6
1788020842629,ui_round-robin_burst_1788020829991,round-robin,server-2,GET,/api/work,200,27,,7
1788020842634,ui_round-robin_burst_1788020829991,round-robin,server-1,GET,/api/work,200,26,,6
1788020842633,ui_round-robin_burst_1788020829991,round-robin,server-3,GET,/api/work,200,28,,6
1788020842634,ui_round-robin_burst_1788020829991,round-robin,server-2,GET,/api/work,200,28,,6
1788020842635,ui_round-robin_burst_1788020829991,round-robin,server-3,GET,/api/work,200,28,,6
1788020842640,ui_round-robin_burst_1788020829991,round-robin,server-1,GET,/api/work,200,26,,7
1788020842642,ui_round-robin_burst_1788020829991,round-robin,server-2,GET,/api/work,200,27,,8
1788020842642,ui_round-robin_burst_1788020829991,round-robin,server-3,GET,/api/work,200,28,,8
1788020842644,ui_round-robin_burst_1788020829991,round-robin,server-1,GET,/api/work,200,27,,8
1788020842645,ui_round-robin_burst_1788020829991,round-robin,server-2,GET,/api/work,200,26,,7
1788020842648,ui_round-robin_burst_1788020829991,round-robin,server-1,GET,/api/work,200,27,,7
1788020842648,ui_round-robin_burst_1788020829991,round-robin,server-3,GET,/api/work,200,28,,7
1788020842648,ui_round-robin_burst_1788020829991,round-robin,server-1,GET,/api/work,200,28,,6
1788020842648,ui_round-robin_burst_1788020829991,round-robin,server-3,GET,/api/work,200,28,,6
1788020842648,ui_round-robin_burst_1788020829991,round-robin,server-2,GET,/api/work,200,29,,6
1788020842649,ui_round-robin_burst_1788020829991,round-robin,server-2,GET,/api/work,200,28,,5
1788020842650,ui_round-robin_burst_1788020829991,round-robin,server-1,GET,/api/work,200,28,,5
1788020842650,ui_round-robin_burst_1788020829991,round-robin,server-3,GET,/api/work,200,28,,6
1788020842650,ui_round-robin_burst_1788020829991,round-robin,server-2,GET,/api/work,200,29,,5
1788020842653,ui_round-robin_burst_1788020829991,round-robin,server-3,GET,/api/work,200,27,,5
1788020842655,ui_round-robin_burst_1788020829991,round-robin,server-1,GET,/api/work,200,27,,5
1788020842655,ui_round-robin_burst_1788020829991,round-robin,server-2,GET,/api/work,200,27,,5
1788020842662,ui_round-robin_burst_1788020829991,round-robin,server-2,GET,/api/work,200,26,,5
1788020842662,ui_round-robin_burst_1788020829991,round-robin,server-3,GET,/api/work,200,27,,6
1788020842663,ui_round-robin_burst_1788020829991,round-robin,server-3,GET,/api/work,200,26,,5
1788020842662,ui_round-robin_burst_1788020829991,round-robin,server-1,GET,/api/work,200,28,,5
1788020842663,ui_round-robin_burst_1788020829991,round-robin,server-1,GET,/api/work,200,27,,4
1788020842665,ui_round-robin_burst_1788020829991,round-robin,server-2,GET,/api/work,200,26,,4
1788020842667,ui_round-robin_burst_1788020829991,round-robin,server-1,GET,/api/work,200,25,,4
1788020842666,ui_round-robin_burst_1788020829991,round-robin,server-3,GET,/api/work,200,27,,4
1788020842668,ui_round-robin_burst_1788020829991,round-robin,server-3,GET,/api/work,200,26,,4
1788020842669,ui_round-robin_burst_1788020829991,round-robin,server-1,GET,/api/work,200,26,,4
1788020842668,ui_round-robin_burst_1788020829991,round-robin,server-2,GET,/api/work,200,30,,5
1788020842677,ui_round-robin_burst_1788020829991,round-robin,server-2,GET,/api/work,200,27,,5
1788020842677,ui_round-robin_burst_1788020829991,round-robin,server-3,GET,/api/work,200,28,,5
1788020842681,ui_round-robin_burst_1788020829991,round-robin,server-2,GET,/api/work,200,27,,4
1788020842681,ui_round-robin_burst_1788020829991,round-robin,server-1,GET,/api/work,200,28,,4
1788020842683,ui_round-robin_burst_1788020829991,round-robin,server-1,GET,/api/work,200,27,,4
1788020842682,ui_round-robin_burst_1788020829991,round-robin,server-3,GET,/api/work,200,29,,5
1788020842684,ui_round-robin_burst_1788020829991,round-robin,server-2,GET,/api/work,200,29,,6
1788020842687,ui_round-robin_burst_1788020829991,round-robin,server-3,GET,/api/work,200,27,,6
1788020842691,ui_round-robin_burst_1788020829991,round-robin,server-2,GET,/api/work,200,26,,6
1788020842691,ui_round-robin_burst_1788020829991,round-robin,server-1,GET,/api/work,200,27,,6
1788020842693,ui_round-robin_burst_1788020829991,round-robin,server-1,GET,/api/work,200,26,,6
1788020842693,ui_round-robin_burst_1788020829991,round-robin,server-3,GET,/api/work,200,27,,6
1788020842697,ui_round-robin_burst_1788020829991,round-robin,server-2,GET,/api/work,200,27,,8
1788020842701,ui_round-robin_burst_1788020829991,round-robin,server-2,GET,/api/work,200,29,,8
1788020842701,ui_round-robin_burst_1788020829991,round-robin,server-3,GET,/api/work,200,30,,8
1788020842701,ui_round-robin_burst_1788020829991,round-robin,server-1,GET,/api/work,200,30,,8
1788020842702,ui_round-robin_burst_1788020829991,round-robin,server-3,GET,/api/work,200,30,,7
1788020842709,ui_round-robin_burst_1788020829991,round-robin,server-2,GET,/api/work,200,27,,7
1788020842709,ui_round-robin_burst_1788020829991,round-robin,server-1,GET,/api/work,200,28,,8
1788020842709,ui_round-robin_burst_1788020829991,round-robin,server-3,GET,/api/work,200,29,,7
1788020842711,ui_round-robin_burst_1788020829991,round-robin,server-1,GET,/api/work,200,28,,7
1788020842712,ui_round-robin_burst_1788020829991,round-robin,server-3,GET,/api/work,200,29,,6
1788020842712,ui_round-robin_burst_1788020829991,round-robin,server-1,GET,/api/work,200,30,,6
1788020842712,ui_round-robin_burst_1788020829991,round-robin,server-3,GET,/api/work,200,31,,5
1788020842714,ui_round-robin_burst_1788020829991,round-robin,server-1,GET,/api/work,200,30,,5
1788020842714,ui_round-robin_burst_1788020829991,round-robin,server-3,GET,/api/work,200,30,,4
1788020842711,ui_round-robin_burst_1788020829991,round-robin,server-2,GET,/api/work,200,33,,7
1788020842712,ui_round-robin_burst_1788020829991,round-robin,server-2,GET,/api/work,200,33,,6
1788020842714,ui_round-robin_burst_1788020829991,round-robin,server-2,GET,/api/work,200,32,,5
1788020842718,ui_round-robin_burst_1788020829991,round-robin,server-1,GET,/api/work,200,29,,5
1788020842720,ui_round-robin_burst_1788020829991,round-robin,server-2,GET,/api/work,200,29,,4
1788020842720,ui_round-robin_burst_1788020829991,round-robin,server-3,GET,/api/work,200,29,,4
1788020842720,ui_round-robin_burst_1788020829991,round-robin,server-1,GET,/api/work,200,29,,4
1788020842721,ui_round-robin_burst_1788020829991,round-robin,server-2,GET,/api/work,200,29,,3
1788020842722,ui_round-robin_burst_1788020829991,round-robin,server-3,GET,/api/work,200,29,,4
1788020842723,ui_round-robin_burst_1788020829991,round-robin,server-1,GET,/api/work,200,29,,4
1788020842724,ui_round-robin_burst_1788020829991,round-robin,server-2,GET,/api/work,200,28,,3
1788020842725,ui_round-robin_burst_1788020829991,round-robin,server-3,GET,/api/work,200,28,,4
1788020842725,ui_round-robin_burst_1788020829991,round-robin,server-1,GET,/api/work,200,29,,4
1788020842729,ui_round-robin_burst_1788020829991,round-robin,server-2,GET,/api/work,200,26,,4
1788020842736,ui_round-robin_burst_1788020829991,round-robin,server-3,GET,/api/work,200,26,,4
1788020842736,ui_round-robin_burst_1788020829991,round-robin,server-1,GET,/api/work,200,27,,4
1788020842743,ui_round-robin_burst_1788020829991,round-robin,server-2,GET,/api/work,200,26,,5
1788020842746,ui_round-robin_burst_1788020829991,round-robin,server-3,GET,/api/work,200,27,,5
1788020842747,ui_round-robin_burst_1788020829991,round-robin,server-1,GET,/api/work,200,26,,5
1788020842750,ui_round-robin_burst_1788020829991,round-robin,server-3,GET,/api/work,200,26,,5
1788020842750,ui_round-robin_burst_1788020829991,round-robin,server-1,GET,/api/work,200,27,,5
1788020842750,ui_round-robin_burst_1788020829991,round-robin,server-2,GET,/api/work,200,27,,5
1788020842753,ui_round-robin_burst_1788020829991,round-robin,server-2,GET,/api/work,200,26,,5
1788020842753,ui_round-robin_burst_1788020829991,round-robin,server-2,GET,/api/work,200,26,,4
1788020842753,ui_round-robin_burst_1788020829991,round-robin,server-3,GET,/api/work,200,27,,6
1788020842753,ui_round-robin_burst_1788020829991,round-robin,server-1,GET,/api/work,200,28,,6
1788020842755,ui_round-robin_burst_1788020829991,round-robin,server-3,GET,/api/work,200,27,,5
1788020842760,ui_round-robin_burst_1788020829991,round-robin,server-1,GET,/api/work,200,26,,8
1788020842763,ui_round-robin_burst_1788020829991,round-robin,server-1,GET,/api/work,200,26,,7
1788020842763,ui_round-robin_burst_1788020829991,round-robin,server-2,GET,/api/work,200,26,,8
1788020842763,ui_round-robin_burst_1788020829991,round-robin,server-3,GET,/api/work,200,27,,8
1788020842767,ui_round-robin_burst_1788020829991,round-robin,server-2,GET,/api/work,200,27,,7
1788020842769,ui_round-robin_burst_1788020829991,round-robin,server-1,GET,/api/work,200,25,,7
1788020842769,ui_round-robin_burst_1788020829991,round-robin,server-3,GET,/api/work,200,26,,7
1788020842773,ui_round-robin_burst_1788020829991,round-robin,server-2,GET,/api/work,200,27,,7
1788020842775,ui_round-robin_burst_1788020829991,round-robin,server-3,GET,/api/work,200,26,,7
1788020842776,ui_round-robin_burst_1788020829991,round-robin,server-1,GET,/api/work,200,26,,6
1788020842777,ui_round-robin_burst_1788020829991,round-robin,server-2,GET,/api/work,200,26,,6
1788020842778,ui_round-robin_burst_1788020829991,round-robin,server-3,GET,/api/work,200,27,,6
1788020842780,ui_round-robin_burst_1788020829991,round-robin,server-2,GET,/api/work,200,25,,6
1788020842779,ui_round-robin_burst_1788020829991,round-robin,server-1,GET,/api/work,200,27,,6
1788020842780,ui_round-robin_burst_1788020829991,round-robin,server-1,GET,/api/work,200,26,,5
1788020842780,ui_round-robin_burst_1788020829991,round-robin,server-3,GET,/api/work,200,27,,5
1788020842781,ui_round-robin_burst_1788020829991,round-robin,server-2,GET,/api/work,200,26,,5
1788020842782,ui_round-robin_burst_1788020829991,round-robin,server-2,GET,/api/work,200,26,,4
1788020842782,ui_round-robin_burst_1788020829991,round-robin,server-1,GET,/api/work,200,27,,4
1788020842782,ui_round-robin_burst_1788020829991,round-robin,server-3,GET,/api/work,200,27,,5
1788020842782,ui_round-robin_burst_1788020829991,round-robin,server-3,GET,/api/work,200,28,,4
1788020842784,ui_round-robin_burst_1788020829991,round-robin,server-1,GET,/api/work,200,27,,4
1788020842786,ui_round-robin_burst_1788020829991,round-robin,server-2,GET,/api/work,200,25,,5
1788020842786,ui_round-robin_burst_1788020829991,round-robin,server-3,GET,/api/work,200,26,,4
1788020842786,ui_round-robin_burst_1788020829991,round-robin,server-2,GET,/api/work,200,26,,4
1788020842786,ui_round-robin_burst_1788020829991,round-robin,server-1,GET,/api/work,200,27,,4
1788020842787,ui_round-robin_burst_1788020829991,round-robin,server-3,GET,/api/work,200,26,,4
1788020842793,ui_round-robin_burst_1788020829991,round-robin,server-1,GET,/api/work,200,27,,4
1788020842794,ui_round-robin_burst_1788020829991,round-robin,server-2,GET,/api/work,200,26,,4
1788020842800,ui_round-robin_burst_1788020829991,round-robin,server-3,GET,/api/work,200,26,,5
1788020842804,ui_round-robin_burst_1788020829991,round-robin,server-1,GET,/api/work,200,26,,5
1788020842804,ui_round-robin_burst_1788020829991,round-robin,server-2,GET,/api/work,200,27,,5
1788020842807,ui_round-robin_burst_1788020829991,round-robin,server-3,GET,/api/work,200,27,,5
1788020842809,ui_round-robin_burst_1788020829991,round-robin,server-1,GET,/api/work,200,26,,5
1788020842809,ui_round-robin_burst_1788020829991,round-robin,server-2,GET,/api/work,200,28,,5
1788020842810,ui_round-robin_burst_1788020829991,round-robin,server-3,GET,/api/work,200,27,,5
1788020842811,ui_round-robin_burst_1788020829991,round-robin,server-2,GET,/api/work,200,27,,5
1788020842811,ui_round-robin_burst_1788020829991,round-robin,server-1,GET,/api/work,200,28,,6
1788020842812,ui_round-robin_burst_1788020829991,round-robin,server-3,GET,/api/work,200,27,,6
1788020842813,ui_round-robin_burst_1788020829991,round-robin,server-1,GET,/api/work,200,27,,5
1788020842817,ui_round-robin_burst_1788020829991,round-robin,server-2,GET,/api/work,200,27,,8
1788020842821,ui_round-robin_burst_1788020829991,round-robin,server-1,GET,/api/work,200,26,,8
1788020842820,ui_round-robin_burst_1788020829991,round-robin,server-3,GET,/api/work,200,27,,8
1788020842821,ui_round-robin_burst_1788020829991,round-robin,server-2,GET,/api/work,200,27,,7
1788020842824,ui_round-robin_burst_1788020829991,round-robin,server-3,GET,/api/work,200,26,,7
1788020842825,ui_round-robin_burst_1788020829991,round-robin,server-2,GET,/api/work,200,27,,6
1788020842825,ui_round-robin_burst_1788020829991,round-robin,server-1,GET,/api/work,200,27,,7
1788020842831,ui_round-robin_burst_1788020829991,round-robin,server-3,GET,/api/work,200,26,,7
1788020842832,ui_round-robin_burst_1788020829991,round-robin,server-1,GET,/api/work,200,27,,7
1788020842833,ui_round-robin_burst_1788020829991,round-robin,server-2,GET,/api/work,200,27,,6
1788020842834,ui_round-robin_burst_1788020829991,round-robin,server-3,GET,/api/work,200,27,,6
1788020842837,ui_round-robin_burst_1788020829991,round-robin,server-3,GET,/api/work,200,27,,6
1788020842837,ui_round-robin_burst_1788020829991,round-robin,server-1,GET,/api/work,200,29,,6
1788020842838,ui_round-robin_burst_1788020829991,round-robin,server-1,GET,/api/work,200,29,,5
1788020842839,ui_round-robin_burst_1788020829991,round-robin,server-3,GET,/api/work,200,29,,5
1788020842840,ui_round-robin_burst_1788020829991,round-robin,server-1,GET,/api/work,200,33,,5
1788020842841,ui_round-robin_burst_1788020829991,round-robin,server-1,GET,/api/work,200,32,,4
1788020842841,ui_round-robin_burst_1788020829991,round-robin,server-3,GET,/api/work,200,33,,4
1788020842843,ui_round-robin_burst_1788020829991,round-robin,server-1,GET,/api/work,200,32,,3
1788020842843,ui_round-robin_burst_1788020829991,round-robin,server-3,GET,/api/work,200,32,,3
1788020842843,ui_round-robin_burst_1788020829991,round-robin,server-3,GET,/api/work,200,33,,2
1788020842844,ui_round-robin_burst_1788020829991,round-robin,server-1,GET,/api/work,200,32,,2
1788020842837,ui_round-robin_burst_1788020829991,round-robin,server-2,GET,/api/work,200,41,,7
1788020842839,ui_round-robin_burst_1788020829991,round-robin,server-2,GET,/api/work,200,41,,8
1788020842840,ui_round-robin_burst_1788020829991,round-robin,server-2,GET,/api/work,200,42,,7
1788020842841,ui_round-robin_burst_1788020829991,round-robin,server-2,GET,/api/work,200,42,,6
1788020842843,ui_round-robin_burst_1788020829991,round-robin,server-2,GET,/api/work,200,41,,5
1788020842854,ui_round-robin_burst_1788020829991,round-robin,server-3,GET,/api/work,200,33,,5
1788020842862,ui_round-robin_burst_1788020829991,round-robin,server-3,GET,/api/work,200,27,,5
1788020842853,ui_round-robin_burst_1788020829991,round-robin,server-2,GET,/api/work,200,38,,6
1788020842856,ui_round-robin_burst_1788020829991,round-robin,server-1,GET,/api/work,200,39,,7
1788020842869,ui_round-robin_burst_1788020829991,round-robin,server-1,GET,/api/work,200,27,,6
1788020842862,ui_round-robin_burst_1788020829991,round-robin,server-2,GET,/api/work,200,36,,7
1788020842871,ui_round-robin_burst_1788020829991,round-robin,server-2,GET,/api/work,200,28,,6
1788020842877,ui_round-robin_burst_1788020829991,round-robin,server-3,GET,/api/work,200,27,,5
1788020842878,ui_round-robin_burst_1788020829991,round-robin,server-1,GET,/api/work,200,29,,6
1788020842879,ui_round-robin_burst_1788020829991,round-robin,server-1,GET,/api/work,200,29,,5
1788020842879,ui_round-robin_burst_1788020829991,round-robin,server-2,GET,/api/work,200,32,,6
1788020842879,ui_round-robin_burst_1788020829991,round-robin,server-2,GET,/api/work,200,33,,5
1788020842879,ui_round-robin_burst_1788020829991,round-robin,server-3,GET,/api/work,200,35,,6
1788020842886,ui_round-robin_burst_1788020829991,round-robin,server-3,GET,/api/work,200,29,,5
1788020842886,ui_round-robin_burst_1788020829991,round-robin,server-3,GET,/api/work,200,30,,4
1788020842886,ui_round-robin_burst_1788020829991,round-robin,server-2,GET,/api/work,200,33,,4
1788020842888,ui_round-robin_burst_1788020829991,round-robin,server-3,GET,/api/work,200,31,,3
1788020842886,ui_round-robin_burst_1788020829991,round-robin,server-1,GET,/api/work,200,35,,8
1788020842888,ui_round-robin_burst_1788020829991,round-robin,server-1,GET,/api/work,200,34,,7
1788020842888,ui_round-robin_burst_1788020829991,round-robin,server-2,GET,/api/work,200,35,,7
1788020842891,ui_round-robin_burst_1788020829991,round-robin,server-1,GET,/api/work,200,33,,6
1788020842892,ui_round-robin_burst_1788020829991,round-robin,server-2,GET,/api/work,200,33,,6
1788020842892,ui_round-robin_burst_1788020829991,round-robin,server-1,GET,/api/work,200,33,,5
1788020842897,ui_round-robin_burst_1788020829991,round-robin,server-2,GET,/api/work,200,30,,5
1788020842892,ui_round-robin_burst_1788020829991,round-robin,server-3,GET,/api/work,200,36,,6
1788020842904,ui_round-robin_burst_1788020829991,round-robin,server-3,GET,/api/work,200,27,,6
1788020842904,ui_round-robin_burst_1788020829991,round-robin,server-1,GET,/api/work,200,28,,6
1788020842905,ui_round-robin_burst_1788020829991,round-robin,server-2,GET,/api/work,200,27,,6
1788020842914,ui_round-robin_burst_1788020829991,round-robin,server-3,GET,/api/work,200,26,,7
1788020842915,ui_round-robin_burst_1788020829991,round-robin,server-1,GET,/api/work,200,28,,6
1788020842920,ui_round-robin_burst_1788020829991,round-robin,server-1,GET,/api/work,200,25,,6
1788020842919,ui_round-robin_burst_1788020829991,round-robin,server-3,GET,/api/work,200,28,,7
1788020842920,ui_round-robin_burst_1788020829991,round-robin,server-1,GET,/api/work,200,27,,5
1788020842921,ui_round-robin_burst_1788020829991,round-robin,server-1,GET,/api/work,200,26,,4
1788020842919,ui_round-robin_burst_1788020829991,round-robin,server-2,GET,/api/work,200,30,,7
1788020842920,ui_round-robin_burst_1788020829991,round-robin,server-2,GET,/api/work,200,29,,6
1788020842920,ui_round-robin_burst_1788020829991,round-robin,server-2,GET,/api/work,200,29,,5
1788020842920,ui_round-robin_burst_1788020829991,round-robin,server-3,GET,/api/work,200,30,,6
1788020842920,ui_round-robin_burst_1788020829991,round-robin,server-3,GET,/api/work,200,32,,5
1788020842921,ui_round-robin_burst_1788020829991,round-robin,server-2,GET,/api/work,200,32,,5
1788020842926,ui_round-robin_burst_1788020829991,round-robin,server-3,GET,/api/work,200,28,,4
1788020842926,ui_round-robin_burst_1788020829991,round-robin,server-1,GET,/api/work,200,28,,4
1788020842929,ui_round-robin_burst_1788020829991,round-robin,server-3,GET,/api/work,200,27,,4
1788020842929,ui_round-robin_burst_1788020829991,round-robin,server-1,GET,/api/work,200,28,,4
1788020842928,ui_round-robin_burst_1788020829991,round-robin,server-2,GET,/api/work,200,29,,4
1788020842929,ui_round-robin_burst_1788020829991,round-robin,server-2,GET,/api/work,200,28,,3
1788020842931,ui_round-robin_burst_1788020829991,round-robin,server-3,GET,/api/work,200,30,,4
1788020842934,ui_round-robin_burst_1788020829991,round-robin,server-1,GET,/api/work,200,29,,5
1788020842938,ui_round-robin_burst_1788020829991,round-robin,server-2,GET,/api/work,200,28,,6
1788020842939,ui_round-robin_burst_1788020829991,round-robin,server-3,GET,/api/work,200,30,,6
1788020842944,ui_round-robin_burst_1788020829991,round-robin,server-2,GET,/api/work,200,26,,5
1788020842946,ui_round-robin_burst_1788020829991,round-robin,server-3,GET,/api/work,200,25,,5
1788020842944,ui_round-robin_burst_1788020829991,round-robin,server-1,GET,/api/work,200,29,,6
1788020842951,ui_round-robin_burst_1788020829991,round-robin,server-1,GET,/api/work,200,27,,5
1788020842951,ui_round-robin_burst_1788020829991,round-robin,server-2,GET,/api/work,200,28,,6
1788020842955,ui_round-robin_burst_1788020829991,round-robin,server-1,GET,/api/work,200,27,,6
1788020842955,ui_round-robin_burst_1788020829991,round-robin,server-3,GET,/api/work,200,28,,6
1788020842959,ui_round-robin_burst_1788020829991,round-robin,server-3,GET,/api/work,200,27,,7
1788020842959,ui_round-robin_burst_1788020829991,round-robin,server-1,GET,/api/work,200,29,,7
1788020842958,ui_round-robin_burst_1788020829991,round-robin,server-2,GET,/api/work,200,30,,7
1788020842959,ui_round-robin_burst_1788020829991,round-robin,server-2,GET,/api/work,200,30,,6
1788020842962,ui_round-robin_burst_1788020829991,round-robin,server-3,GET,/api/work,200,28,,7
1788020842962,ui_round-robin_burst_1788020829991,round-robin,server-3,GET,/api/work,200,29,,6
1788020842962,ui_round-robin_burst_1788020829991,round-robin,server-2,GET,/api/work,200,30,,6
1788020842965,ui_round-robin_burst_1788020829991,round-robin,server-2,GET,/api/work,200,29,,6
1788020842965,ui_round-robin_burst_1788020829991,round-robin,server-3,GET,/api/work,200,29,,6
1788020842962,ui_round-robin_burst_1788020829991,round-robin,server-1,GET,/api/work,200,36,,8
1788020842974,ui_round-robin_burst_1788020829991,round-robin,server-2,GET,/api/work,200,26,,6
1788020842963,ui_round-robin_burst_1788020829991,round-robin,server-1,GET,/api/work,200,38,,8
1788020842971,ui_round-robin_burst_1788020829991,round-robin,server-1,GET,/api/work,200,33,,7
1788020842976,ui_round-robin_burst_1788020829991,round-robin,server-3,GET,/api/work,200,29,,6
1788020842979,ui_round-robin_burst_1788020829991,round-robin,server-2,GET,/api/work,200,26,,6
1788020842978,ui_round-robin_burst_1788020829991,round-robin,server-1,GET,/api/work,200,29,,7
1788020842979,ui_round-robin_burst_1788020829991,round-robin,server-3,GET,/api/work,200,29,,6
1788020842980,ui_round-robin_burst_1788020829991,round-robin,server-1,GET,/api/work,200,28,,6
1788020842983,ui_round-robin_burst_1788020829991,round-robin,server-3,GET,/api/work,200,26,,5
1788020842983,ui_round-robin_burst_1788020829991,round-robin,server-2,GET,/api/work,200,28,,6
1788020842984,ui_round-robin_burst_1788020829991,round-robin,server-2,GET,/api/work,200,27,,5
1788020842986,ui_round-robin_burst_1788020829991,round-robin,server-3,GET,/api/work,200,26,,5
1788020842984,ui_round-robin_burst_1788020829991,round-robin,server-1,GET,/api/work,200,28,,5
1788020842989,ui_round-robin_burst_1788020829991,round-robin,server-2,GET,/api/work,200,26,,5
1788020842990,ui_round-robin_burst_1788020829991,round-robin,server-3,GET,/api/work,200,26,,4
1788020842992,ui_round-robin_burst_1788020829991,round-robin,server-2,GET,/api/work,200,26,,4
1788020842993,ui_round-robin_burst_1788020829991,round-robin,server-3,GET,/api/work,200,28,,4
1788020842996,ui_round-robin_burst_1788020829991,round-robin,server-2,GET,/api/work,200,27,,4
1788020842987,ui_round-robin_burst_1788020829991,round-robin,server-1,GET,/api/work,200,36,,6
1788020842997,ui_round-robin_burst_1788020829991,round-robin,server-3,GET,/api/work,200,28,,3
1788020842990,ui_round-robin_burst_1788020829991,round-robin,server-1,GET,/api/work,200,38,,7
1788020842995,ui_round-robin_burst_1788020829991,round-robin,server-1,GET,/api/work,200,34,,6
1788020842999,ui_round-robin_burst_1788020829991,round-robin,server-1,GET,/api/work,200,31,,5
1788020843002,ui_round-robin_burst_1788020829991,round-robin,server-2,GET,/api/work,200,29,,5
1788020843005,ui_round-robin_burst_1788020829991,round-robin,server-3,GET,/api/work,200,26,,5
1788020843006,ui_round-robin_burst_1788020829991,round-robin,server-1,GET,/api/work,200,27,,5
1788020843009,ui_round-robin_burst_1788020829991,round-robin,server-2,GET,/api/work,200,25,,4
1788020843010,ui_round-robin_burst_1788020829991,round-robin,server-3,GET,/api/work,200,27,,5
1788020843013,ui_round-robin_burst_1788020829991,round-robin,server-1,GET,/api/work,200,26,,5
1788020843014,ui_round-robin_burst_1788020829991,round-robin,server-2,GET,/api/work,200,26,,6
1788020843019,ui_round-robin_burst_1788020829991,round-robin,server-3,GET,/api/work,200,25,,7
1788020843022,ui_round-robin_burst_1788020829991,round-robin,server-2,GET,/api/work,200,26,,7
1788020843022,ui_round-robin_burst_1788020829991,round-robin,server-1,GET,/api/work,200,26,,7
1788020843025,ui_round-robin_burst_1788020829991,round-robin,server-1,GET,/api/work,200,26,,7
1788020843026,ui_round-robin_burst_1788020829991,round-robin,server-2,GET,/api/work,200,26,,6
1788020843025,ui_round-robin_burst_1788020829991,round-robin,server-3,GET,/api/work,200,27,,7
1788020843026,ui_round-robin_burst_1788020829991,round-robin,server-2,GET,/api/work,200,26,,6
1788020843026,ui_round-robin_burst_1788020829991,round-robin,server-3,GET,/api/work,200,27,,6
1788020843026,ui_round-robin_burst_1788020829991,round-robin,server-1,GET,/api/work,200,27,,6
1788020843030,ui_round-robin_burst_1788020829991,round-robin,server-3,GET,/api/work,200,26,,6
1788020843031,ui_round-robin_burst_1788020829991,round-robin,server-1,GET,/api/work,200,27,,6
1788020843035,ui_round-robin_burst_1788020829991,round-robin,server-2,GET,/api/work,200,25,,6
1788020843036,ui_round-robin_burst_1788020829991,round-robin,server-3,GET,/api/work,200,27,,7
1788020843037,ui_round-robin_burst_1788020829991,round-robin,server-1,GET,/api/work,200,27,,7
1788020843038,ui_round-robin_burst_1788020829991,round-robin,server-3,GET,/api/work,200,26,,6
1788020843037,ui_round-robin_burst_1788020829991,round-robin,server-2,GET,/api/work,200,30,,7
1788020843040,ui_round-robin_burst_1788020829991,round-robin,server-1,GET,/api/work,200,28,,6
1788020843040,ui_round-robin_burst_1788020829991,round-robin,server-2,GET,/api/work,200,28,,6
1788020843041,ui_round-robin_burst_1788020829991,round-robin,server-1,GET,/api/work,200,28,,5
1788020843041,ui_round-robin_burst_1788020829991,round-robin,server-3,GET,/api/work,200,29,,6
1788020843043,ui_round-robin_burst_1788020829991,round-robin,server-3,GET,/api/work,200,29,,5
1788020843043,ui_round-robin_burst_1788020829991,round-robin,server-2,GET,/api/work,200,30,,5
1788020843043,ui_round-robin_burst_1788020829991,round-robin,server-1,GET,/api/work,200,31,,5
1788020843046,ui_round-robin_burst_1788020829991,round-robin,server-2,GET,/api/work,200,29,,4
1788020843047,ui_round-robin_burst_1788020829991,round-robin,server-3,GET,/api/work,200,28,,4
1788020843049,ui_round-robin_burst_1788020829991,round-robin,server-1,GET,/api/work,200,27,,4
1788020843052,ui_round-robin_burst_1788020829991,round-robin,server-2,GET,/api/work,200,27,,4
1788020843055,ui_round-robin_burst_1788020829991,round-robin,server-1,GET,/api/work,200,27,,4
1788020843055,ui_round-robin_burst_1788020829991,round-robin,server-3,GET,/api/work,200,27,,5
1788020843057,ui_round-robin_burst_1788020829991,round-robin,server-2,GET,/api/work,200,28,,6
1788020843059,ui_round-robin_burst_1788020829991,round-robin,server-3,GET,/api/work,200,26,,6
1788020843061,ui_round-robin_burst_1788020829991,round-robin,server-1,GET,/api/work,200,26,,6
1788020843061,ui_round-robin_burst_1788020829991,round-robin,server-2,GET,/api/work,200,27,,5
1788020843063,ui_round-robin_burst_1788020829991,round-robin,server-1,GET,/api/work,200,26,,5
1788020843062,ui_round-robin_burst_1788020829991,round-robin,server-3,GET,/api/work,200,28,,5
1788020843065,ui_round-robin_burst_1788020829991,round-robin,server-3,GET,/api/work,200,26,,4
1788020843064,ui_round-robin_burst_1788020829991,round-robin,server-2,GET,/api/work,200,28,,5
1788020843070,ui_round-robin_burst_1788020829991,round-robin,server-1,GET,/api/work,200,26,,5
1788020843075,ui_round-robin_burst_1788020829991,round-robin,server-2,GET,/api/work,200,26,,6
1788020843075,ui_round-robin_burst_1788020829991,round-robin,server-3,GET,/api/work,200,26,,6
1788020843076,ui_round-robin_burst_1788020829991,round-robin,server-1,GET,/api/work,200,26,,5
1788020843080,ui_round-robin_burst_1788020829991,round-robin,server-3,GET,/api/work,200,25,,5
1788020843079,ui_round-robin_burst_1788020829991,round-robin,server-2,GET,/api/work,200,27,,6
1788020843083,ui_round-robin_burst_1788020829991,round-robin,server-1,GET,/api/work,200,26,,7
1788020843084,ui_round-robin_burst_1788020829991,round-robin,server-2,GET,/api/work,200,25,,7
1788020843084,ui_round-robin_burst_1788020829991,round-robin,server-3,GET,/api/work,200,26,,7
1788020843084,ui_round-robin_burst_1788020829991,round-robin,server-3,GET,/api/work,200,27,,6
1788020843084,ui_round-robin_burst_1788020829991,round-robin,server-1,GET,/api/work,200,28,,6
1788020843084,ui_round-robin_burst_1788020829991,round-robin,server-2,GET,/api/work,200,28,,6
1788020843087,ui_round-robin_burst_1788020829991,round-robin,server-1,GET,/api/work,200,25,,5
1788020843088,ui_round-robin_burst_1788020829991,round-robin,server-2,GET,/api/work,200,26,,5
1788020843092,ui_round-robin_burst_1788020829991,round-robin,server-3,GET,/api/work,200,27,,6
1788020843095,ui_round-robin_burst_1788020829991,round-robin,server-2,GET,/api/work,200,26,,7
1788020843095,ui_round-robin_burst_1788020829991,round-robin,server-3,GET,/api/work,200,26,,6
1788020843095,ui_round-robin_burst_1788020829991,round-robin,server-1,GET,/api/work,200,27,,7
1788020843097,ui_round-robin_burst_1788020829991,round-robin,server-1,GET,/api/work,200,26,,7
1788020843099,ui_round-robin_burst_1788020829991,round-robin,server-2,GET,/api/work,200,26,,6
1788020843100,ui_round-robin_burst_1788020829991,round-robin,server-3,GET,/api/work,200,26,,6
1788020843103,ui_round-robin_burst_1788020829991,round-robin,server-1,GET,/api/work,200,27,,6
1788020843106,ui_round-robin_burst_1788020829991,round-robin,server-2,GET,/api/work,200,27,,6
1788020843107,ui_round-robin_burst_1788020829991,round-robin,server-3,GET,/api/work,200,27,,6
1788020843107,ui_round-robin_burst_1788020829991,round-robin,server-3,GET,/api/work,200,27,,5
1788020843107,ui_round-robin_burst_1788020829991,round-robin,server-1,GET,/api/work,200,27,,6
1788020843107,ui_round-robin_burst_1788020829991,round-robin,server-1,GET,/api/work,200,28,,5
1788020843107,ui_round-robin_burst_1788020829991,round-robin,server-2,GET,/api/work,200,28,,6
1788020843108,ui_round-robin_burst_1788020829991,round-robin,server-2,GET,/api/work,200,28,,5
1788020843110,ui_round-robin_burst_1788020829991,round-robin,server-3,GET,/api/work,200,27,,5
1788020843113,ui_round-robin_burst_1788020829991,round-robin,server-1,GET,/api/work,200,26,,5
1788020843115,ui_round-robin_burst_1788020829991,round-robin,server-2,GET,/api/work,200,25,,4
1788020843115,ui_round-robin_burst_1788020829991,round-robin,server-3,GET,/api/work,200,26,,4
1788020843116,ui_round-robin_burst_1788020829991,round-robin,server-1,GET,/api/work,200,27,,5
1788020843118,ui_round-robin_burst_1788020829991,round-robin,server-2,GET,/api/work,200,26,,5
1788020843119,ui_round-robin_burst_1788020829991,round-robin,server-3,GET,/api/work,200,26,,6
1788020843120,ui_round-robin_burst_1788020829991,round-robin,server-1,GET,/api/work,200,25,,5
1788020843120,ui_round-robin_burst_1788020829991,round-robin,server-2,GET,/api/work,200,26,,5
1788020843123,ui_round-robin_burst_1788020829991,round-robin,server-1,GET,/api/work,200,26,,4
1788020843122,ui_round-robin_burst_1788020829991,round-robin,server-3,GET,/api/work,200,27,,5
1788020843126,ui_round-robin_burst_1788020829991,round-robin,server-2,GET,/api/work,200,26,,5
1788020843133,ui_round-robin_burst_1788020829991,round-robin,server-3,GET,/api/work,200,25,,6
1788020843133,ui_round-robin_burst_1788020829991,round-robin,server-1,GET,/api/work,200,26,,6
1788020843134,ui_round-robin_burst_1788020829991,round-robin,server-2,GET,/api/work,200,27,,6
1788020843136,ui_round-robin_burst_1788020829991,round-robin,server-3,GET,/api/work,200,27,,5
1788020843138,ui_round-robin_burst_1788020829991,round-robin,server-1,GET,/api/work,200,26,,5
1788020843141,ui_round-robin_burst_1788020829991,round-robin,server-2,GET,/api/work,200,26,,7
1788020843141,ui_round-robin_burst_1788020829991,round-robin,server-3,GET,/api/work,200,27,,7
1788020843142,ui_round-robin_burst_1788020829991,round-robin,server-1,GET,/api/work,200,26,,7
1788020843143,ui_round-robin_burst_1788020829991,round-robin,server-2,GET,/api/work,200,26,,6
1788020843144,ui_round-robin_burst_1788020829991,round-robin,server-3,GET,/api/work,200,26,,6
1788020843145,ui_round-robin_burst_1788020829991,round-robin,server-3,GET,/api/work,200,26,,5
1788020843144,ui_round-robin_burst_1788020829991,round-robin,server-1,GET,/api/work,200,28,,6
1788020843144,ui_round-robin_burst_1788020829991,round-robin,server-2,GET,/api/work,200,29,,6
1788020843150,ui_round-robin_burst_1788020829991,round-robin,server-1,GET,/api/work,200,25,,6
1788020843151,ui_round-robin_burst_1788020829991,round-robin,server-2,GET,/api/work,200,27,,7
1788020843153,ui_round-robin_burst_1788020829991,round-robin,server-3,GET,/api/work,200,26,,7
1788020843154,ui_round-robin_burst_1788020829991,round-robin,server-2,GET,/api/work,200,26,,6
1788020843153,ui_round-robin_burst_1788020829991,round-robin,server-1,GET,/api/work,200,27,,6
1788020843156,ui_round-robin_burst_1788020829991,round-robin,server-3,GET,/api/work,200,26,,6
1788020843156,ui_round-robin_burst_1788020829991,round-robin,server-1,GET,/api/work,200,27,,6
1788020843160,ui_round-robin_burst_1788020829991,round-robin,server-2,GET,/api/work,200,27,,6
1788020843165,ui_round-robin_burst_1788020829991,round-robin,server-1,GET,/api/work,200,25,,6
1788020843164,ui_round-robin_burst_1788020829991,round-robin,server-3,GET,/api/work,200,26,,6
1788020843166,ui_round-robin_burst_1788020829991,round-robin,server-3,GET,/api/work,200,26,,6
1788020843166,ui_round-robin_burst_1788020829991,round-robin,server-2,GET,/api/work,200,27,,6
1788020843167,ui_round-robin_burst_1788020829991,round-robin,server-1,GET,/api/work,200,26,,6
1788020843167,ui_round-robin_burst_1788020829991,round-robin,server-2,GET,/api/work,200,27,,5
1788020843167,ui_round-robin_burst_1788020829991,round-robin,server-1,GET,/api/work,200,27,,5
1788020843167,ui_round-robin_burst_1788020829991,round-robin,server-3,GET,/api/work,200,27,,5
1788020843169,ui_round-robin_burst_1788020829991,round-robin,server-2,GET,/api/work,200,27,,5
1788020843173,ui_round-robin_burst_1788020829991,round-robin,server-3,GET,/api/work,200,26,,4
1788020843174,ui_round-robin_burst_1788020829991,round-robin,server-1,GET,/api/work,200,26,,5
1788020843174,ui_round-robin_burst_1788020829991,round-robin,server-2,GET,/api/work,200,27,,5
1788020843176,ui_round-robin_burst_1788020829991,round-robin,server-1,GET,/api/work,200,26,,5
1788020843176,ui_round-robin_burst_1788020829991,round-robin,server-3,GET,/api/work,200,26,,5
1788020843177,ui_round-robin_burst_1788020829991,round-robin,server-2,GET,/api/work,200,26,,4
1788020843177,ui_round-robin_burst_1788020829991,round-robin,server-3,GET,/api/work,200,27,,4
1788020843181,ui_round-robin_burst_1788020829991,round-robin,server-2,GET,/api/work,200,25,,4
1788020843181,ui_round-robin_burst_1788020829991,round-robin,server-1,GET,/api/work,200,26,,5
1788020843183,ui_round-robin_burst_1788020829991,round-robin,server-3,GET,/api/work,200,26,,4
1788020843190,ui_round-robin_burst_1788020829991,round-robin,server-2,GET,/api/work,200,25,,6
1788020843189,ui_round-robin_burst_1788020829991,round-robin,server-1,GET,/api/work,200,28,,6
1788020843191,ui_round-robin_burst_1788020829991,round-robin,server-3,GET,/api/work,200,26,,5
1788020843192,ui_round-robin_burst_1788020829991,round-robin,server-1,GET,/api/work,200,27,,5
1788020843195,ui_round-robin_burst_1788020829991,round-robin,server-2,GET,/api/work,200,25,,5
1788020843200,ui_round-robin_burst_1788020829991,round-robin,server-3,GET,/api/work,200,26,,7
1788020843200,ui_round-robin_burst_1788020829991,round-robin,server-1,GET,/api/work,200,27,,7
1788020843200,ui_round-robin_burst_1788020829991,round-robin,server-3,GET,/api/work,200,27,,6
1788020843200,ui_round-robin_burst_1788020829991,round-robin,server-2,GET,/api/work,200,27,,7
1788020843201,ui_round-robin_burst_1788020829991,round-robin,server-1,GET,/api/work,200,27,,6
1788020843204,ui_round-robin_burst_1788020829991,round-robin,server-2,GET,/api/work,200,26,,6
1788020843204,ui_round-robin_burst_1788020829991,round-robin,server-3,GET,/api/work,200,27,,6
1788020843204,ui_round-robin_burst_1788020829991,round-robin,server-1,GET,/api/work,200,27,,6
1788020843206,ui_round-robin_burst_1788020829991,round-robin,server-2,GET,/api/work,200,26,,6
1788020843210,ui_round-robin_burst_1788020829991,round-robin,server-3,GET,/api/work,200,27,,7
1788020843210,ui_round-robin_burst_1788020829991,round-robin,server-1,GET,/api/work,200,27,,7
1788020843210,ui_round-robin_burst_1788020829991,round-robin,server-2,GET,/api/work,200,27,,6
1788020843211,ui_round-robin_burst_1788020829991,round-robin,server-3,GET,/api/work,200,27,,6
1788020843212,ui_round-robin_burst_1788020829991,round-robin,server-1,GET,/api/work,200,28,,6
1788020843214,ui_round-robin_burst_1788020829991,round-robin,server-2,GET,/api/work,200,27,,6
1788020843217,ui_round-robin_burst_1788020829991,round-robin,server-3,GET,/api/work,200,27,,6
1788020843221,ui_round-robin_burst_1788020829991,round-robin,server-1,GET,/api/work,200,25,,6
1788020843221,ui_round-robin_burst_1788020829991,round-robin,server-2,GET,/api/work,200,27,,6
1788020843224,ui_round-robin_burst_1788020829991,round-robin,server-1,GET,/api/work,200,25,,6
1788020843223,ui_round-robin_burst_1788020829991,round-robin,server-3,GET,/api/work,200,27,,6
1788020843226,ui_round-robin_burst_1788020829991,round-robin,server-3,GET,/api/work,200,25,,6
1788020843226,ui_round-robin_burst_1788020829991,round-robin,server-1,GET,/api/work,200,26,,5
1788020843225,ui_round-robin_burst_1788020829991,round-robin,server-2,GET,/api/work,200,27,,6
1788020843226,ui_round-robin_burst_1788020829991,round-robin,server-2,GET,/api/work,200,27,,5
1788020843229,ui_round-robin_burst_1788020829991,round-robin,server-3,GET,/api/work,200,25,,5
1788020843230,ui_round-robin_burst_1788020829991,round-robin,server-1,GET,/api/work,200,27,,4
1788020843232,ui_round-robin_burst_1788020829991,round-robin,server-3,GET,/api/work,200,26,,4
1788020843233,ui_round-robin_burst_1788020829991,round-robin,server-1,GET,/api/work,200,26,,3
1788020843232,ui_round-robin_burst_1788020829991,round-robin,server-2,GET,/api/work,200,27,,4
1788020843233,ui_round-robin_burst_1788020829991,round-robin,server-2,GET,/api/work,200,27,,5
1788020843234,ui_round-robin_burst_1788020829991,round-robin,server-1,GET,/api/work,200,26,,4
1788020843234,ui_round-robin_burst_1788020829991,round-robin,server-3,GET,/api/work,200,27,,4
1788020843238,ui_round-robin_burst_1788020829991,round-robin,server-3,GET,/api/work,200,27,,5
1788020843238,ui_round-robin_burst_1788020829991,round-robin,server-2,GET,/api/work,200,27,,5
1788020843241,ui_round-robin_burst_1788020829991,round-robin,server-1,GET,/api/work,200,26,,4
1788020843244,ui_round-robin_burst_1788020829991,round-robin,server-2,GET,/api/work,200,26,,5
1788020843247,ui_round-robin_burst_1788020829991,round-robin,server-3,GET,/api/work,200,26,,6
1788020843248,ui_round-robin_burst_1788020829991,round-robin,server-1,GET,/api/work,200,26,,5
1788020843249,ui_round-robin_burst_1788020829991,round-robin,server-2,GET,/api/work,200,26,,5
1788020843250,ui_round-robin_burst_1788020829991,round-robin,server-3,GET,/api/work,200,26,,5
1788020843259,ui_round-robin_burst_1788020829991,round-robin,server-1,GET,/api/work,200,26,,8
1788020843259,ui_round-robin_burst_1788020829991,round-robin,server-3,GET,/api/work,200,27,,7
1788020843259,ui_round-robin_burst_1788020829991,round-robin,server-2,GET,/api/work,200,27,,7
1788020843260,ui_round-robin_burst_1788020829991,round-robin,server-2,GET,/api/work,200,27,,6
1788020843260,ui_round-robin_burst_1788020829991,round-robin,server-1,GET,/api/work,200,27,,7
1788020843261,ui_round-robin_burst_1788020829991,round-robin,server-1,GET,/api/work,200,27,,6
1788020843261,ui_round-robin_burst_1788020829991,round-robin,server-2,GET,/api/work,200,27,,6
1788020843261,ui_round-robin_burst_1788020829991,round-robin,server-3,GET,/api/work,200,28,,6
1788020843263,ui_round-robin_burst_1788020829991,round-robin,server-3,GET,/api/work,200,26,,5
1788020843268,ui_round-robin_burst_1788020829991,round-robin,server-1,GET,/api/work,200,26,,7
1788020843269,ui_round-robin_burst_1788020829991,round-robin,server-1,GET,/api/work,200,26,,6
1788020843269,ui_round-robin_burst_1788020829991,round-robin,server-2,GET,/api/work,200,26,,7
1788020843269,ui_round-robin_burst_1788020829991,round-robin,server-3,GET,/api/work,200,27,,6
1788020843271,ui_round-robin_burst_1788020829991,round-robin,server-3,GET,/api/work,200,26,,5
1788020843271,ui_round-robin_burst_1788020829991,round-robin,server-2,GET,/api/work,200,27,,6
1788020843275,ui_round-robin_burst_1788020829991,round-robin,server-1,GET,/api/work,200,26,,6
1788020843276,ui_round-robin_burst_1788020829991,round-robin,server-2,GET,/api/work,200,26,,6
1788020843279,ui_round-robin_burst_1788020829991,round-robin,server-3,GET,/api/work,200,26,,6
1788020843280,ui_round-robin_burst_1788020829991,round-robin,server-2,GET,/api/work,200,27,,6
1788020843280,ui_round-robin_burst_1788020829991,round-robin,server-1,GET,/api/work,200,28,,6
1788020843282,ui_round-robin_burst_1788020829991,round-robin,server-3,GET,/api/work,200,27,,6
1788020843284,ui_round-robin_burst_1788020829991,round-robin,server-3,GET,/api/work,200,25,,5
1788020843283,ui_round-robin_burst_1788020829991,round-robin,server-1,GET,/api/work,200,27,,6
1788020843283,ui_round-robin_burst_1788020829991,round-robin,server-2,GET,/api/work,200,27,,5
1788020843285,ui_round-robin_burst_1788020829991,round-robin,server-1,GET,/api/work,200,27,,5
1788020843287,ui_round-robin_burst_1788020829991,round-robin,server-2,GET,/api/work,200,27,,4
1788020843289,ui_round-robin_burst_1788020829991,round-robin,server-3,GET,/api/work,200,26,,4
1788020843290,ui_round-robin_burst_1788020829991,round-robin,server-2,GET,/api/work,200,26,,3
1788020843290,ui_round-robin_burst_1788020829991,round-robin,server-1,GET,/api/work,200,27,,4
1788020843291,ui_round-robin_burst_1788020829991,round-robin,server-3,GET,/api/work,200,27,,4
1788020843291,ui_round-robin_burst_1788020829991,round-robin,server-1,GET,/api/work,200,27,,4
1788020843292,ui_round-robin_burst_1788020829991,round-robin,server-2,GET,/api/work,200,28,,4
1788020843297,ui_round-robin_burst_1788020829991,round-robin,server-3,GET,/api/work,200,26,,5
1788020843297,ui_round-robin_burst_1788020829991,round-robin,server-1,GET,/api/work,200,28,,5
1788020843298,ui_round-robin_burst_1788020829991,round-robin,server-2,GET,/api/work,200,29,,5
1788020843301,ui_round-robin_burst_1788020829991,round-robin,server-3,GET,/api/work,200,26,,4
1788020843303,ui_round-robin_burst_1788020829991,round-robin,server-1,GET,/api/work,200,27,,5
1788020843306,ui_round-robin_burst_1788020829991,round-robin,server-2,GET,/api/work,200,26,,5
1788020843307,ui_round-robin_burst_1788020829991,round-robin,server-3,GET,/api/work,200,26,,6
1788020843308,ui_round-robin_burst_1788020829991,round-robin,server-1,GET,/api/work,200,27,,5
1788020843316,ui_round-robin_burst_1788020829991,round-robin,server-2,GET,/api/work,200,26,,8
1788020843317,ui_round-robin_burst_1788020829991,round-robin,server-3,GET,/api/work,200,26,,7
1788020843318,ui_round-robin_burst_1788020829991,round-robin,server-1,GET,/api/work,200,27,,7
1788020843319,ui_round-robin_burst_1788020829991,round-robin,server-2,GET,/api/work,200,26,,7
1788020843320,ui_round-robin_burst_1788020829991,round-robin,server-3,GET,/api/work,200,26,,7
1788020843321,ui_round-robin_burst_1788020829991,round-robin,server-1,GET,/api/work,200,25,,7
1788020843321,ui_round-robin_burst_1788020829991,round-robin,server-1,GET,/api/work,200,26,,6
1788020843321,ui_round-robin_burst_1788020829991,round-robin,server-3,GET,/api/work,200,27,,6
1788020843321,ui_round-robin_burst_1788020829991,round-robin,server-2,GET,/api/work,200,28,,7
1788020843324,ui_round-robin_burst_1788020829991,round-robin,server-2,GET,/api/work,200,27,,7
1788020843328,ui_round-robin_burst_1788020829991,round-robin,server-3,GET,/api/work,200,27,,7
1788020843328,ui_round-robin_burst_1788020829991,round-robin,server-1,GET,/api/work,200,27,,6
1788020843329,ui_round-robin_burst_1788020829991,round-robin,server-3,GET,/api/work,200,26,,6
1788020843329,ui_round-robin_burst_1788020829991,round-robin,server-2,GET,/api/work,200,27,,6
1788020843330,ui_round-robin_burst_1788020829991,round-robin,server-1,GET,/api/work,200,27,,6
1788020843333,ui_round-robin_burst_1788020829991,round-robin,server-3,GET,/api/work,200,26,,6
1788020843333,ui_round-robin_burst_1788020829991,round-robin,server-2,GET,/api/work,200,27,,6
1788020843335,ui_round-robin_burst_1788020829991,round-robin,server-1,GET,/api/work,200,26,,6
1788020843338,ui_round-robin_burst_1788020829991,round-robin,server-2,GET,/api/work,200,26,,6
1788020843338,ui_round-robin_burst_1788020829991,round-robin,server-3,GET,/api/work,200,27,,6
1788020843340,ui_round-robin_burst_1788020829991,round-robin,server-1,GET,/api/work,200,27,,6
1788020843341,ui_round-robin_burst_1788020829991,round-robin,server-1,GET,/api/work,200,27,,5
1788020843341,ui_round-robin_burst_1788020829991,round-robin,server-3,GET,/api/work,200,27,,5
1788020843341,ui_round-robin_burst_1788020829991,round-robin,server-2,GET,/api/work,200,27,,6
1788020843342,ui_round-robin_burst_1788020829991,round-robin,server-2,GET,/api/work,200,27,,5
1788020843345,ui_round-robin_burst_1788020829991,round-robin,server-3,GET,/api/work,200,27,,4
1788020843346,ui_round-robin_burst_1788020829991,round-robin,server-1,GET,/api/work,200,27,,4
1788020843347,ui_round-robin_burst_1788020829991,round-robin,server-2,GET,/api/work,200,27,,4
1788020843349,ui_round-robin_burst_1788020829991,round-robin,server-1,GET,/api/work,200,26,,4
1788020843349,ui_round-robin_burst_1788020829991,round-robin,server-3,GET,/api/work,200,27,,4
1788020843351,ui_round-robin_burst_1788020829991,round-robin,server-2,GET,/api/work,200,26,,4
1788020843351,ui_round-robin_burst_1788020829991,round-robin,server-3,GET,/api/work,200,28,,4
1788020843356,ui_round-robin_burst_1788020829991,round-robin,server-1,GET,/api/work,200,27,,5
1788020843359,ui_round-robin_burst_1788020829991,round-robin,server-2,GET,/api/work,200,25,,5
1788020843359,ui_round-robin_burst_1788020829991,round-robin,server-1,GET,/api/work,200,26,,4
1788020843359,ui_round-robin_burst_1788020829991,round-robin,server-3,GET,/api/work,200,27,,5
1788020843360,ui_round-robin_burst_1788020829991,round-robin,server-2,GET,/api/work,200,27,,4
1788020843363,ui_round-robin_burst_1788020829991,round-robin,server-3,GET,/api/work,200,25,,5
1788020843365,ui_round-robin_burst_1788020829991,round-robin,server-1,GET,/api/work,200,25,,5
1788020843365,ui_round-robin_burst_1788020829991,round-robin,server-2,GET,/api/work,200,27,,5
1788020843373,ui_round-robin_burst_1788020829991,round-robin,server-3,GET,/api/work,200,26,,7
1788020843374,ui_round-robin_burst_1788020829991,round-robin,server-1,GET,/api/work,200,27,,7
1788020843375,ui_round-robin_burst_1788020829991,round-robin,server-2,GET,/api/work,200,26,,7
1788020843377,ui_round-robin_burst_1788020829991,round-robin,server-3,GET,/api/work,200,27,,7
1788020843379,ui_round-robin_burst_1788020829991,round-robin,server-2,GET,/api/work,200,26,,7
1788020843379,ui_round-robin_burst_1788020829991,round-robin,server-3,GET,/api/work,200,26,,7
1788020843379,ui_round-robin_burst_1788020829991,round-robin,server-1,GET,/api/work,200,27,,7
1788020843380,ui_round-robin_burst_1788020829991,round-robin,server-1,GET,/api/work,200,26,,6
1788020843380,ui_round-robin_burst_1788020829991,round-robin,server-2,GET,/api/work,200,26,,6
1788020843382,ui_round-robin_burst_1788020829991,round-robin,server-3,GET,/api/work,200,26,,6
1788020843386,ui_round-robin_burst_1788020829991,round-robin,server-1,GET,/api/work,200,26,,7
1788020843387,ui_round-robin_burst_1788020829991,round-robin,server-2,GET,/api/work,200,27,,7
1788020843388,ui_round-robin_burst_1788020829991,round-robin,server-2,GET,/api/work,200,26,,6
1788020843387,ui_round-robin_burst_1788020829991,round-robin,server-3,GET,/api/work,200,28,,7
1788020843388,ui_round-robin_burst_1788020829991,round-robin,server-1,GET,/api/work,200,27,,6
1788020843390,ui_round-robin_burst_1788020829991,round-robin,server-3,GET,/api/work,200,26,,6
1788020843391,ui_round-robin_burst_1788020829991,round-robin,server-1,GET,/api/work,200,26,,6
1788020843392,ui_round-robin_burst_1788020829991,round-robin,server-2,GET,/api/work,200,26,,6
1788020843395,ui_round-robin_burst_1788020829991,round-robin,server-3,GET,/api/work,200,26,,6
1788020843396,ui_round-robin_burst_1788020829991,round-robin,server-1,GET,/api/work,200,27,,6
1788020843399,ui_round-robin_burst_1788020829991,round-robin,server-1,GET,/api/work,200,25,,5
1788020843399,ui_round-robin_burst_1788020829991,round-robin,server-3,GET,/api/work,200,26,,6
1788020843398,ui_round-robin_burst_1788020829991,round-robin,server-2,GET,/api/work,200,27,,6
1788020843400,ui_round-robin_burst_1788020829991,round-robin,server-3,GET,/api/work,200,26,,5
1788020843400,ui_round-robin_burst_1788020829991,round-robin,server-2,GET,/api/work,200,26,,5
1788020843404,ui_round-robin_burst_1788020829991,round-robin,server-2,GET,/api/work,200,25,,4
1788020843403,ui_round-robin_burst_1788020829991,round-robin,server-1,GET,/api/work,200,27,,4
1788020843404,ui_round-robin_burst_1788020829991,round-robin,server-3,GET,/api/work,200,27,,4
1788020843407,ui_round-robin_burst_1788020829991,round-robin,server-1,GET,/api/work,200,26,,4
1788020843409,ui_round-robin_burst_1788020829991,round-robin,server-3,GET,/api/work,200,25,,4
1788020843408,ui_round-robin_burst_1788020829991,round-robin,server-2,GET,/api/work,200,26,,4
1788020843410,ui_round-robin_burst_1788020829991,round-robin,server-1,GET,/api/work,200,27,,4
1788020843412,ui_round-robin_burst_1788020829991,round-robin,server-2,GET,/api/work,200,26,,5
1788020843414,ui_round-robin_burst_1788020829991,round-robin,server-3,GET,/api/work,200,26,,5
1788020843416,ui_round-robin_burst_1788020829991,round-robin,server-1,GET,/api/work,200,27,,5
1788020843419,ui_round-robin_burst_1788020829991,round-robin,server-1,GET,/api/work,200,26,,4
1788020843417,ui_round-robin_burst_1788020829991,round-robin,server-2,GET,/api/work,200,29,,5
1788020843417,ui_round-robin_burst_1788020829991,round-robin,server-3,GET,/api/work,200,30,,5
1788020843421,ui_round-robin_burst_1788020829991,round-robin,server-2,GET,/api/work,200,28,,5
1788020843423,ui_round-robin_burst_1788020829991,round-robin,server-3,GET,/api/work,200,28,,6
1788020843430,ui_round-robin_burst_1788020829991,round-robin,server-1,GET,/api/work,200,27,,6
1788020843431,ui_round-robin_burst_1788020829991,round-robin,server-3,GET,/api/work,200,28,,6
1788020843431,ui_round-robin_burst_1788020829991,round-robin,server-2,GET,/api/work,200,29,,7
1788020843434,ui_round-robin_burst_1788020829991,round-robin,server-1,GET,/api/work,200,27,,7
1788020843436,ui_round-robin_burst_1788020829991,round-robin,server-2,GET,/api/work,200,27,,7
1788020843437,ui_round-robin_burst_1788020829991,round-robin,server-2,GET,/api/work,200,27,,6
1788020843436,ui_round-robin_burst_1788020829991,round-robin,server-3,GET,/api/work,200,29,,7
1788020843437,ui_round-robin_burst_1788020829991,round-robin,server-3,GET,/api/work,200,30,,7
1788020843437,ui_round-robin_burst_1788020829991,round-robin,server-1,GET,/api/work,200,31,,8
1788020843439,ui_round-robin_burst_1788020829991,round-robin,server-1,GET,/api/work,200,30,,7
1788020843443,ui_round-robin_burst_1788020829991,round-robin,server-2,GET,/api/work,200,27,,7
1788020843444,ui_round-robin_burst_1788020829991,round-robin,server-3,GET,/api/work,200,27,,7
1788020843448,ui_round-robin_burst_1788020829991,round-robin,server-1,GET,/api/work,200,27,,7
1788020843449,ui_round-robin_burst_1788020829991,round-robin,server-3,GET,/api/work,200,27,,6
1788020843448,ui_round-robin_burst_1788020829991,round-robin,server-2,GET,/api/work,200,29,,6
1788020843450,ui_round-robin_burst_1788020829991,round-robin,server-2,GET,/api/work,200,28,,5
1788020843450,ui_round-robin_burst_1788020829991,round-robin,server-1,GET,/api/work,200,29,,6
1788020843450,ui_round-robin_burst_1788020829991,round-robin,server-3,GET,/api/work,200,30,,6
1788020843453,ui_round-robin_burst_1788020829991,round-robin,server-2,GET,/api/work,200,28,,5
1788020843452,ui_round-robin_burst_1788020829991,round-robin,server-1,GET,/api/work,200,29,,6
1788020843459,ui_round-robin_burst_1788020829991,round-robin,server-2,GET,/api/work,200,26,,5
1788020843458,ui_round-robin_burst_1788020829991,round-robin,server-1,GET,/api/work,200,28,,6
1788020843460,ui_round-robin_burst_1788020829991,round-robin,server-1,GET,/api/work,200,26,,5
1788020843458,ui_round-robin_burst_1788020829991,round-robin,server-3,GET,/api/work,200,29,,6
1788020843461,ui_round-robin_burst_1788020829991,round-robin,server-2,GET,/api/work,200,27,,4
1788020843464,ui_round-robin_burst_1788020829991,round-robin,server-1,GET,/api/work,200,27,,4
1788020843460,ui_round-robin_burst_1788020829991,round-robin,server-3,GET,/api/work,200,32,,6
1788020843464,ui_round-robin_burst_1788020829991,round-robin,server-3,GET,/api/work,200,28,,5
1788020843465,ui_round-robin_burst_1788020829991,round-robin,server-2,GET,/api/work,200,27,,4
1788020843467,ui_round-robin_burst_1788020829991,round-robin,server-3,GET,/api/work,200,27,,4
1788020843467,ui_round-robin_burst_1788020829991,round-robin,server-1,GET,/api/work,200,29,,4
1788020843470,ui_round-robin_burst_1788020829991,round-robin,server-2,GET,/api/work,200,26,,4
1788020843470,ui_round-robin_burst_1788020829991,round-robin,server-3,GET,/api/work,200,27,,4
1788020843471,ui_round-robin_burst_1788020829991,round-robin,server-1,GET,/api/work,200,26,,4
1788020843478,ui_round-robin_burst_1788020829991,round-robin,server-2,GET,/api/work,200,27,,5
1788020843478,ui_round-robin_burst_1788020829991,round-robin,server-3,GET,/api/work,200,27,,5
1788020843479,ui_round-robin_burst_1788020829991,round-robin,server-1,GET,/api/work,200,26,,5
1788020843482,ui_round-robin_burst_1788020829991,round-robin,server-2,GET,/api/work,200,25,,4
1788020843482,ui_round-robin_burst_1788020829991,round-robin,server-3,GET,/api/work,200,26,,5
1788020843482,ui_round-robin_burst_1788020829991,round-robin,server-1,GET,/api/work,200,27,,4
1788020843488,ui_round-robin_burst_1788020829991,round-robin,server-2,GET,/api/work,200,26,,6
1788020843491,ui_round-robin_burst_1788020829991,round-robin,server-3,GET,/api/work,200,27,,7
1788020843493,ui_round-robin_burst_1788020829991,round-robin,server-1,GET,/api/work,200,26,,7
1788020843493,ui_round-robin_burst_1788020829991,round-robin,server-2,GET,/api/work,200,27,,7
1788020843495,ui_round-robin_burst_1788020829991,round-robin,server-3,GET,/api/work,200,26,,6
1788020843497,ui_round-robin_burst_1788020829991,round-robin,server-1,GET,/api/work,200,26,,7
1788020843498,ui_round-robin_burst_1788020829991,round-robin,server-2,GET,/api/work,200,26,,7
1788020843500,ui_round-robin_burst_1788020829991,round-robin,server-3,GET,/api/work,200,27,,7
1788020843501,ui_round-robin_burst_1788020829991,round-robin,server-2,GET,/api/work,200,26,,7
1788020843500,ui_round-robin_burst_1788020829991,round-robin,server-1,GET,/api/work,200,28,,8
1788020843502,ui_round-robin_burst_1788020829991,round-robin,server-3,GET,/api/work,200,27,,7
1788020843502,ui_round-robin_burst_1788020829991,round-robin,server-1,GET,/api/work,200,27,,7
1788020843508,ui_round-robin_burst_1788020829991,round-robin,server-2,GET,/api/work,200,26,,7
1788020843508,ui_round-robin_burst_1788020829991,round-robin,server-3,GET,/api/work,200,26,,6
1788020843509,ui_round-robin_burst_1788020829991,round-robin,server-2,GET,/api/work,200,26,,6
1788020843509,ui_round-robin_burst_1788020829991,round-robin,server-1,GET,/api/work,200,27,,6
1788020843511,ui_round-robin_burst_1788020829991,round-robin,server-3,GET,/api/work,200,26,,6
1788020843512,ui_round-robin_burst_1788020829991,round-robin,server-1,GET,/api/work,200,26,,6
1788020843514,ui_round-robin_burst_1788020829991,round-robin,server-3,GET,/api/work,200,25,,6
1788020843513,ui_round-robin_burst_1788020829991,round-robin,server-2,GET,/api/work,200,27,,6
1788020843516,ui_round-robin_burst_1788020829991,round-robin,server-1,GET,/api/work,200,26,,6
1788020843518,ui_round-robin_burst_1788020829991,round-robin,server-2,GET,/api/work,200,25,,6
1788020843518,ui_round-robin_burst_1788020829991,round-robin,server-3,GET,/api/work,200,26,,5
1788020843518,ui_round-robin_burst_1788020829991,round-robin,server-1,GET,/api/work,200,27,,5
1788020843519,ui_round-robin_burst_1788020829991,round-robin,server-2,GET,/api/work,200,27,,5
1788020843522,ui_round-robin_burst_1788020829991,round-robin,server-3,GET,/api/work,200,25,,5
1788020843522,ui_round-robin_burst_1788020829991,round-robin,server-2,GET,/api/work,200,26,,4
1788020843522,ui_round-robin_burst_1788020829991,round-robin,server-1,GET,/api/work,200,27,,5
1788020843523,ui_round-robin_burst_1788020829991,round-robin,server-3,GET,/api/work,200,26,,4
1788020843523,ui_round-robin_burst_1788020829991,round-robin,server-1,GET,/api/work,200,26,,4
1788020843526,ui_round-robin_burst_1788020829991,round-robin,server-2,GET,/api/work,200,26,,4
1788020843527,ui_round-robin_burst_1788020829991,round-robin,server-1,GET,/api/work,200,26,,4
1788020843527,ui_round-robin_burst_1788020829991,round-robin,server-3,GET,/api/work,200,27,,4
1788020843529,ui_round-robin_burst_1788020829991,round-robin,server-2,GET,/api/work,200,26,,4
1788020843536,ui_round-robin_burst_1788020829991,round-robin,server-2,GET,/api/work,200,26,,5
1788020843536,ui_round-robin_burst_1788020829991,round-robin,server-3,GET,/api/work,200,26,,5
1788020843536,ui_round-robin_burst_1788020829991,round-robin,server-1,GET,/api/work,200,27,,5
1788020843539,ui_round-robin_burst_1788020829991,round-robin,server-3,GET,/api/work,200,28,,5
1788020843539,ui_round-robin_burst_1788020829991,round-robin,server-1,GET,/api/work,200,29,,5
1788020843540,ui_round-robin_burst_1788020829991,round-robin,server-2,GET,/api/work,200,28,,5
1788020843544,ui_round-robin_burst_1788020829991,round-robin,server-3,GET,/api/work,200,26,,6
1788020843550,ui_round-robin_burst_1788020829991,round-robin,server-2,GET,/api/work,200,26,,6
1788020843548,ui_round-robin_burst_1788020829991,round-robin,server-1,GET,/api/work,200,29,,7
1788020843552,ui_round-robin_burst_1788020829991,round-robin,server-1,GET,/api/work,200,26,,6
1788020843551,ui_round-robin_burst_1788020829991,round-robin,server-3,GET,/api/work,200,27,,7
1788020843554,ui_round-robin_burst_1788020829991,round-robin,server-2,GET,/api/work,200,26,,7
1788020843554,ui_round-robin_burst_1788020829991,round-robin,server-3,GET,/api/work,200,27,,6
1788020843559,ui_round-robin_burst_1788020829991,round-robin,server-1,GET,/api/work,200,25,,8
1788020843559,ui_round-robin_burst_1788020829991,round-robin,server-2,GET,/api/work,200,26,,8
1788020843561,ui_round-robin_burst_1788020829991,round-robin,server-1,GET,/api/work,200,26,,7
1788020843560,ui_round-robin_burst_1788020829991,round-robin,server-3,GET,/api/work,200,27,,8
1788020843561,ui_round-robin_burst_1788020829991,round-robin,server-2,GET,/api/work,200,27,,7
1788020843563,ui_round-robin_burst_1788020829991,round-robin,server-3,GET,/api/work,200,27,,7
1788020843567,ui_round-robin_burst_1788020829991,round-robin,server-2,GET,/api/work,200,26,,7
1788020843568,ui_round-robin_burst_1788020829991,round-robin,server-3,GET,/api/work,200,27,,7
1788020843569,ui_round-robin_burst_1788020829991,round-robin,server-2,GET,/api/work,200,26,,6
1788020843567,ui_round-robin_burst_1788020829991,round-robin,server-1,GET,/api/work,200,29,,7
1788020843568,ui_round-robin_burst_1788020829991,round-robin,server-1,GET,/api/work,200,28,,6
1788020843570,ui_round-robin_burst_1788020829991,round-robin,server-1,GET,/api/work,200,26,,5
1788020843570,ui_round-robin_burst_1788020829991,round-robin,server-3,GET,/api/work,200,27,,6
1788020843573,ui_round-robin_burst_1788020829991,round-robin,server-2,GET,/api/work,200,27,,5
1788020843574,ui_round-robin_burst_1788020829991,round-robin,server-3,GET,/api/work,200,27,,5
1788020843575,ui_round-robin_burst_1788020829991,round-robin,server-1,GET,/api/work,200,26,,5
1788020843577,ui_round-robin_burst_1788020829991,round-robin,server-2,GET,/api/work,200,26,,5
1788020843578,ui_round-robin_burst_1788020829991,round-robin,server-1,GET,/api/work,200,26,,5
1788020843577,ui_round-robin_burst_1788020829991,round-robin,server-3,GET,/api/work,200,27,,5
1788020843579,ui_round-robin_burst_1788020829991,round-robin,server-2,GET,/api/work,200,26,,4
1788020843582,ui_round-robin_burst_1788020829991,round-robin,server-2,GET,/api/work,200,27,,5
1788020843582,ui_round-robin_burst_1788020829991,round-robin,server-3,GET,/api/work,200,28,,5
1788020843583,ui_round-robin_burst_1788020829991,round-robin,server-3,GET,/api/work,200,27,,4
1788020843585,ui_round-robin_burst_1788020829991,round-robin,server-2,GET,/api/work,200,26,,4
1788020843582,ui_round-robin_burst_1788020829991,round-robin,server-1,GET,/api/work,200,29,,5
1788020843583,ui_round-robin_burst_1788020829991,round-robin,server-1,GET,/api/work,200,29,,4
1788020843586,ui_round-robin_burst_1788020829991,round-robin,server-3,GET,/api/work,200,27,,3
1788020843593,ui_round-robin_burst_1788020829991,round-robin,server-2,GET,/api/work,200,26,,5
1788020843594,ui_round-robin_burst_1788020829991,round-robin,server-3,GET,/api/work,200,27,,5
1788020843592,ui_round-robin_burst_1788020829991,round-robin,server-1,GET,/api/work,200,29,,6
1788020843600,ui_round-robin_burst_1788020829991,round-robin,server-2,GET,/api/work,200,27,,5
1788020843600,ui_round-robin_burst_1788020829991,round-robin,server-1,GET,/api/work,200,28,,6
1788020843602,ui_round-robin_burst_1788020829991,round-robin,server-3,GET,/api/work,200,27,,6
1788020843602,ui_round-robin_burst_1788020829991,round-robin,server-1,GET,/api/work,200,27,,6
1788020843608,ui_round-robin_burst_1788020829991,round-robin,server-2,GET,/api/work,200,26,,7
1788020843609,ui_round-robin_burst_1788020829991,round-robin,server-1,GET,/api/work,200,26,,7
1788020843608,ui_round-robin_burst_1788020829991,round-robin,server-3,GET,/api/work,200,28,,7
1788020843609,ui_round-robin_burst_1788020829991,round-robin,server-2,GET,/api/work,200,27,,7
1788020843613,ui_round-robin_burst_1788020829991,round-robin,server-1,GET,/api/work,200,26,,6
1788020843613,ui_round-robin_burst_1788020829991,round-robin,server-3,GET,/api/work,200,27,,7
1788020843615,ui_round-robin_burst_1788020829991,round-robin,server-2,GET,/api/work,200,27,,6
1788020843616,ui_round-robin_burst_1788020829991,round-robin,server-1,GET,/api/work,200,26,,6
1788020843616,ui_round-robin_burst_1788020829991,round-robin,server-3,GET,/api/work,200,27,,6
1788020843618,ui_round-robin_burst_1788020829991,round-robin,server-2,GET,/api/work,200,27,,7
1788020843618,ui_round-robin_burst_1788020829991,round-robin,server-3,GET,/api/work,200,28,,7
1788020843619,ui_round-robin_burst_1788020829991,round-robin,server-1,GET,/api/work,200,28,,7
1788020843624,ui_round-robin_burst_1788020829991,round-robin,server-2,GET,/api/work,200,26,,6
1788020843627,ui_round-robin_burst_1788020829991,round-robin,server-1,GET,/api/work,200,27,,7
1788020843628,ui_round-robin_burst_1788020829991,round-robin,server-2,GET,/api/work,200,26,,6
1788020843627,ui_round-robin_burst_1788020829991,round-robin,server-3,GET,/api/work,200,28,,7
1788020843629,ui_round-robin_burst_1788020829991,round-robin,server-2,GET,/api/work,200,26,,5
1788020843628,ui_round-robin_burst_1788020829991,round-robin,server-1,GET,/api/work,200,28,,6
1788020843628,ui_round-robin_burst_1788020829991,round-robin,server-3,GET,/api/work,200,29,,6
1788020843630,ui_round-robin_burst_1788020829991,round-robin,server-3,GET,/api/work,200,28,,5
1788020843632,ui_round-robin_burst_1788020829991,round-robin,server-1,GET,/api/work,200,27,,5
1788020843632,ui_round-robin_burst_1788020829991,round-robin,server-2,GET,/api/work,200,28,,5
1788020843633,ui_round-robin_burst_1788020829991,round-robin,server-3,GET,/api/work,200,27,,5
1788020843635,ui_round-robin_burst_1788020829991,round-robin,server-2,GET,/api/work,200,26,,4
1788020843635,ui_round-robin_burst_1788020829991,round-robin,server-1,GET,/api/work,200,27,,5
1788020843636,ui_round-robin_burst_1788020829991,round-robin,server-3,GET,/api/work,200,27,,4
1788020843641,ui_round-robin_burst_1788020829991,round-robin,server-1,GET,/api/work,200,27,,5
1788020843643,ui_round-robin_burst_1788020829991,round-robin,server-2,GET,/api/work,200,27,,5
1788020843644,ui_round-robin_burst_1788020829991,round-robin,server-1,GET,/api/work,200,26,,4
1788020843644,ui_round-robin_burst_1788020829991,round-robin,server-3,GET,/api/work,200,27,,5
1788020843645,ui_round-robin_burst_1788020829991,round-robin,server-1,GET,/api/work,200,26,,3
1788020843645,ui_round-robin_burst_1788020829991,round-robin,server-3,GET,/api/work,200,27,,4
1788020843645,ui_round-robin_burst_1788020829991,round-robin,server-2,GET,/api/work,200,28,,5
1788020843651,ui_round-robin_burst_1788020829991,round-robin,server-3,GET,/api/work,200,26,,4
1788020843651,ui_round-robin_burst_1788020829991,round-robin,server-2,GET,/api/work,200,27,,6
1788020843652,ui_round-robin_burst_1788020829991,round-robin,server-1,GET,/api/work,200,27,,5
1788020843659,ui_round-robin_burst_1788020829991,round-robin,server-3,GET,/api/work,200,26,,5
1788020843659,ui_round-robin_burst_1788020829991,round-robin,server-2,GET,/api/work,200,27,,6
1788020843661,ui_round-robin_burst_1788020829991,round-robin,server-1,GET,/api/work,200,27,,5
1788020843662,ui_round-robin_burst_1788020829991,round-robin,server-2,GET,/api/work,200,27,,6
1788020843665,ui_round-robin_burst_1788020829991,round-robin,server-3,GET,/api/work,200,26,,6
1788020843666,ui_round-robin_burst_1788020829991,round-robin,server-1,GET,/api/work,200,26,,7
1788020843667,ui_round-robin_burst_1788020829991,round-robin,server-2,GET,/api/work,200,27,,6
1788020843667,ui_round-robin_burst_1788020829991,round-robin,server-3,GET,/api/work,200,27,,6
1788020843672,ui_round-robin_burst_1788020829991,round-robin,server-1,GET,/api/work,200,26,,7
1788020843672,ui_round-robin_burst_1788020829991,round-robin,server-2,GET,/api/work,200,26,,7
1788020843674,ui_round-robin_burst_1788020829991,round-robin,server-2,GET,/api/work,200,25,,6
1788020843673,ui_round-robin_burst_1788020829991,round-robin,server-1,GET,/api/work,200,26,,6
1788020843673,ui_round-robin_burst_1788020829991,round-robin,server-3,GET,/api/work,200,27,,6
1788020843678,ui_round-robin_burst_1788020829991,round-robin,server-3,GET,/api/work,200,26,,7
1788020843678,ui_round-robin_burst_1788020829991,round-robin,server-2,GET,/api/work,200,26,,6
1788020843678,ui_round-robin_burst_1788020829991,round-robin,server-1,GET,/api/work,200,26,,7
1788020843681,ui_round-robin_burst_1788020829991,round-robin,server-3,GET,/api/work,200,26,,6
1788020843684,ui_round-robin_burst_1788020829991,round-robin,server-1,GET,/api/work,200,26,,7
1788020843686,ui_round-robin_burst_1788020829991,round-robin,server-2,GET,/api/work,200,26,,7
1788020843687,ui_round-robin_burst_1788020829991,round-robin,server-3,GET,/api/work,200,26,,6
1788020843688,ui_round-robin_burst_1788020829991,round-robin,server-1,GET,/api/work,200,26,,6
1788020843689,ui_round-robin_burst_1788020829991,round-robin,server-2,GET,/api/work,200,26,,6
1788020843689,ui_round-robin_burst_1788020829991,round-robin,server-3,GET,/api/work,200,27,,5
1788020843689,ui_round-robin_burst_1788020829991,round-robin,server-1,GET,/api/work,200,27,,5
1788020843690,ui_round-robin_burst_1788020829991,round-robin,server-2,GET,/api/work,200,27,,5
1788020843691,ui_round-robin_burst_1788020829991,round-robin,server-3,GET,/api/work,200,27,,5
1788020843692,ui_round-robin_burst_1788020829991,round-robin,server-1,GET,/api/work,200,26,,5
1788020843694,ui_round-robin_burst_1788020829991,round-robin,server-2,GET,/api/work,200,26,,5
1788020843694,ui_round-robin_burst_1788020829991,round-robin,server-3,GET,/api/work,200,27,,5
1788020843695,ui_round-robin_burst_1788020829991,round-robin,server-1,GET,/api/work,200,26,,4
1788020843698,ui_round-robin_burst_1788020829991,round-robin,server-2,GET,/api/work,200,26,,4
1788020843702,ui_round-robin_burst_1788020829991,round-robin,server-1,GET,/api/work,200,25,,5
1788020843701,ui_round-robin_burst_1788020829991,round-robin,server-3,GET,/api/work,200,27,,5
1788020843703,ui_round-robin_burst_1788020829991,round-robin,server-3,GET,/api/work,200,26,,4
1788020843703,ui_round-robin_burst_1788020829991,round-robin,server-1,GET,/api/work,200,27,,4
1788020843703,ui_round-robin_burst_1788020829991,round-robin,server-2,GET,/api/work,200,28,,6
1788020843705,ui_round-robin_burst_1788020829991,round-robin,server-2,GET,/api/work,200,27,,5
1788020843708,ui_round-robin_burst_1788020829991,round-robin,server-1,GET,/api/work,200,26,,4
1788020843708,ui_round-robin_burst_1788020829991,round-robin,server-3,GET,/api/work,200,27,,5
1788020843709,ui_round-robin_burst_1788020829991,round-robin,server-2,GET,/api/work,200,27,,4
1788020843718,ui_round-robin_burst_1788020829991,round-robin,server-1,GET,/api/work,200,25,,5
1788020843717,ui_round-robin_burst_1788020829991,round-robin,server-3,GET,/api/work,200,27,,6
1788020843719,ui_round-robin_burst_1788020829991,round-robin,server-2,GET,/api/work,200,25,,5
1788020843720,ui_round-robin_burst_1788020829991,round-robin,server-3,GET,/api/work,200,26,,6
1788020843722,ui_round-robin_burst_1788020829991,round-robin,server-1,GET,/api/work,200,25,,5
1788020843725,ui_round-robin_burst_1788020829991,round-robin,server-2,GET,/api/work,200,26,,6
1788020843725,ui_round-robin_burst_1788020829991,round-robin,server-3,GET,/api/work,200,26,,6
1788020843727,ui_round-robin_burst_1788020829991,round-robin,server-2,GET,/api/work,200,27,,7
1788020843725,ui_round-robin_burst_1788020829991,round-robin,server-1,GET,/api/work,200,29,,7
1788020843730,ui_round-robin_burst_1788020829991,round-robin,server-3,GET,/api/work,200,26,,7
1788020843731,ui_round-robin_burst_1788020829991,round-robin,server-2,GET,/api/work,200,26,,6
1788020843731,ui_round-robin_burst_1788020829991,round-robin,server-3,GET,/api/work,200,26,,6
1788020843730,ui_round-robin_burst_1788020829991,round-robin,server-1,GET,/api/work,200,28,,6
1788020843735,ui_round-robin_burst_1788020829991,round-robin,server-1,GET,/api/work,200,25,,6
1788020843736,ui_round-robin_burst_1788020829991,round-robin,server-2,GET,/api/work,200,26,,6
1788020843736,ui_round-robin_burst_1788020829991,round-robin,server-3,GET,/api/work,200,27,,6
1788020843738,ui_round-robin_burst_1788020829991,round-robin,server-1,GET,/api/work,200,27,,6
1788020843740,ui_round-robin_burst_1788020829991,round-robin,server-2,GET,/api/work,200,28,,7
1788020843743,ui_round-robin_burst_1788020829991,round-robin,server-3,GET,/api/work,200,27,,7
1788020843745,ui_round-robin_burst_1788020829991,round-robin,server-2,GET,/api/work,200,26,,6
1788020843745,ui_round-robin_burst_1788020829991,round-robin,server-3,GET,/api/work,200,27,,6
1788020843743,ui_round-robin_burst_1788020829991,round-robin,server-1,GET,/api/work,200,29,,6
1788020843747,ui_round-robin_burst_1788020829991,round-robin,server-1,GET,/api/work,200,27,,6
1788020843748,ui_round-robin_burst_1788020829991,round-robin,server-2,GET,/api/work,200,27,,6
1788020843750,ui_round-robin_burst_1788020829991,round-robin,server-3,GET,/api/work,200,26,,6
1788020843751,ui_round-robin_burst_1788020829991,round-robin,server-2,GET,/api/work,200,27,,5
1788020843753,ui_round-robin_burst_1788020829991,round-robin,server-2,GET,/api/work,200,26,,5
1788020843753,ui_round-robin_burst_1788020829991,round-robin,server-3,GET,/api/work,200,26,,5
1788020843750,ui_round-robin_burst_1788020829991,round-robin,server-1,GET,/api/work,200,30,,6
1788020843753,ui_round-robin_burst_1788020829991,round-robin,server-1,GET,/api/work,200,28,,5
1788020843755,ui_round-robin_burst_1788020829991,round-robin,server-3,GET,/api/work,200,27,,5
1788020843759,ui_round-robin_burst_1788020829991,round-robin,server-1,GET,/api/work,200,26,,5
1788020843760,ui_round-robin_burst_1788020829991,round-robin,server-3,GET,/api/work,200,26,,5
1788020843759,ui_round-robin_burst_1788020829991,round-robin,server-2,GET,/api/work,200,28,,5
1788020843763,ui_round-robin_burst_1788020829991,round-robin,server-1,GET,/api/work,200,27,,5
1788020843764,ui_round-robin_burst_1788020829991,round-robin,server-3,GET,/api/work,200,26,,5
1788020843764,ui_round-robin_burst_1788020829991,round-robin,server-2,GET,/api/work,200,27,,5
1788020843765,ui_round-robin_burst_1788020829991,round-robin,server-1,GET,/api/work,200,27,,5
1788020843767,ui_round-robin_burst_1788020829991,round-robin,server-2,GET,/api/work,200,27,,5
1788020843767,ui_round-robin_burst_1788020829991,round-robin,server-3,GET,/api/work,200,27,,4
1788020843774,ui_round-robin_burst_1788020829991,round-robin,server-1,GET,/api/work,200,26,,5
1788020843774,ui_round-robin_burst_1788020829991,round-robin,server-2,GET,/api/work,200,27,,5
1788020843775,ui_round-robin_burst_1788020829991,round-robin,server-3,GET,/api/work,200,27,,5
1788020843776,ui_round-robin_burst_1788020829991,round-robin,server-1,GET,/api/work,200,26,,5
1788020843778,ui_round-robin_burst_1788020829991,round-robin,server-2,GET,/api/work,200,27,,5
1788020843781,ui_round-robin_burst_1788020829991,round-robin,server-3,GET,/api/work,200,26,,6
1788020843783,ui_round-robin_burst_1788020829991,round-robin,server-1,GET,/api/work,200,26,,6
1788020843784,ui_round-robin_burst_1788020829991,round-robin,server-2,GET,/api/work,200,26,,6
1788020843786,ui_round-robin_burst_1788020829991,round-robin,server-1,GET,/api/work,200,27,,7
1788020843785,ui_round-robin_burst_1788020829991,round-robin,server-3,GET,/api/work,200,28,,7
1788020843787,ui_round-robin_burst_1788020829991,round-robin,server-2,GET,/api/work,200,26,,6
1788020843789,ui_round-robin_burst_1788020829991,round-robin,server-3,GET,/api/work,200,26,,6
1788020843790,ui_round-robin_burst_1788020829991,round-robin,server-1,GET,/api/work,200,27,,6
1788020843791,ui_round-robin_burst_1788020829991,round-robin,server-2,GET,/api/work,200,27,,6
1788020843795,ui_round-robin_burst_1788020829991,round-robin,server-3,GET,/api/work,200,25,,6
1788020843795,ui_round-robin_burst_1788020829991,round-robin,server-1,GET,/api/work,200,26,,6
1788020843796,ui_round-robin_burst_1788020829991,round-robin,server-2,GET,/api/work,200,27,,7
1788020843799,ui_round-robin_burst_1788020829991,round-robin,server-3,GET,/api/work,200,26,,7
1788020843801,ui_round-robin_burst_1788020829991,round-robin,server-1,GET,/api/work,200,26,,7
1788020843803,ui_round-robin_burst_1788020829991,round-robin,server-3,GET,/api/work,200,25,,6
1788020843803,ui_round-robin_burst_1788020829991,round-robin,server-2,GET,/api/work,200,25,,6
1788020843803,ui_round-robin_burst_1788020829991,round-robin,server-1,GET,/api/work,200,26,,6
1788020843805,ui_round-robin_burst_1788020829991,round-robin,server-2,GET,/api/work,200,26,,5
1788020843805,ui_round-robin_burst_1788020829991,round-robin,server-3,GET,/api/work,200,27,,6
1788020843807,ui_round-robin_burst_1788020829991,round-robin,server-1,GET,/api/work,200,26,,6
1788020843808,ui_round-robin_burst_1788020829991,round-robin,server-2,GET,/api/work,200,25,,6
1788020843811,ui_round-robin_burst_1788020829991,round-robin,server-2,GET,/api/work,200,25,,5
1788020843810,ui_round-robin_burst_1788020829991,round-robin,server-1,GET,/api/work,200,26,,5
1788020843810,ui_round-robin_burst_1788020829991,round-robin,server-3,GET,/api/work,200,27,,6
1788020843811,ui_round-robin_burst_1788020829991,round-robin,server-3,GET,/api/work,200,26,,5
1788020843812,ui_round-robin_burst_1788020829991,round-robin,server-1,GET,/api/work,200,27,,5
1788020843815,ui_round-robin_burst_1788020829991,round-robin,server-2,GET,/api/work,200,27,,5
1788020843817,ui_round-robin_burst_1788020829991,round-robin,server-3,GET,/api/work,200,26,,5
1788020843818,ui_round-robin_burst_1788020829991,round-robin,server-1,GET,/api/work,200,26,,5
1788020843821,ui_round-robin_burst_1788020829991,round-robin,server-3,GET,/api/work,200,26,,5
1788020843821,ui_round-robin_burst_1788020829991,round-robin,server-2,GET,/api/work,200,26,,6
1788020843822,ui_round-robin_burst_1788020829991,round-robin,server-1,GET,/api/work,200,26,,5
1788020843822,ui_round-robin_burst_1788020829991,round-robin,server-2,GET,/api/work,200,26,,5
1788020843823,ui_round-robin_burst_1788020829991,round-robin,server-3,GET,/api/work,200,26,,5
1788020843826,ui_round-robin_burst_1788020829991,round-robin,server-1,GET,/api/work,200,26,,5
1788020843832,ui_round-robin_burst_1788020829991,round-robin,server-3,GET,/api/work,200,26,,5
1788020843833,ui_round-robin_burst_1788020829991,round-robin,server-1,GET,/api/work,200,25,,5
1788020843831,ui_round-robin_burst_1788020829991,round-robin,server-2,GET,/api/work,200,28,,6
1788020843833,ui_round-robin_burst_1788020829991,round-robin,server-2,GET,/api/work,200,27,,5
1788020843835,ui_round-robin_burst_1788020829991,round-robin,server-3,GET,/api/work,200,27,,5
1788020843838,ui_round-robin_burst_1788020829991,round-robin,server-1,GET,/api/work,200,26,,6
1788020843840,ui_round-robin_burst_1788020829991,round-robin,server-2,GET,/api/work,200,25,,6
1788020843841,ui_round-robin_burst_1788020829991,round-robin,server-3,GET,/api/work,200,26,,6
1788020843844,ui_round-robin_burst_1788020829991,round-robin,server-2,GET,/api/work,200,25,,6
1788020843843,ui_round-robin_burst_1788020829991,round-robin,server-1,GET,/api/work,200,26,,7
1788020843844,ui_round-robin_burst_1788020829991,round-robin,server-3,GET,/api/work,200,26,,6
1788020843846,ui_round-robin_burst_1788020829991,round-robin,server-1,GET,/api/work,200,27,,6
1788020843846,ui_round-robin_burst_1788020829991,round-robin,server-2,GET,/api/work,200,27,,6
1788020843849,ui_round-robin_burst_1788020829991,round-robin,server-3,GET,/api/work,200,26,,6
1788020843851,ui_round-robin_burst_1788020829991,round-robin,server-1,GET,/api/work,200,26,,6
1788020843852,ui_round-robin_burst_1788020829991,round-robin,server-2,GET,/api/work,200,26,,6
1788020843854,ui_round-robin_burst_1788020829991,round-robin,server-3,GET,/api/work,200,26,,7
1788020843856,ui_round-robin_burst_1788020829991,round-robin,server-1,GET,/api/work,200,26,,7
1788020843856,ui_round-robin_burst_1788020829991,round-robin,server-2,GET,/api/work,200,27,,6
1788020843859,ui_round-robin_burst_1788020829991,round-robin,server-3,GET,/api/work,200,26,,6
1788020843860,ui_round-robin_burst_1788020829991,round-robin,server-1,GET,/api/work,200,27,,6
1788020843861,ui_round-robin_burst_1788020829991,round-robin,server-2,GET,/api/work,200,27,,6
1788020843862,ui_round-robin_burst_1788020829991,round-robin,server-3,GET,/api/work,200,26,,5
1788020843863,ui_round-robin_burst_1788020829991,round-robin,server-1,GET,/api/work,200,26,,6
1788020843864,ui_round-robin_burst_1788020829991,round-robin,server-3,GET,/api/work,200,26,,5
1788020843864,ui_round-robin_burst_1788020829991,round-robin,server-2,GET,/api/work,200,27,,5
1788020843867,ui_round-robin_burst_1788020829991,round-robin,server-1,GET,/api/work,200,26,,6
1788020843869,ui_round-robin_burst_1788020829991,round-robin,server-1,GET,/api/work,200,25,,5
1788020843868,ui_round-robin_burst_1788020829991,round-robin,server-2,GET,/api/work,200,26,,5
1788020843868,ui_round-robin_burst_1788020829991,round-robin,server-3,GET,/api/work,200,27,,5
1788020843870,ui_round-robin_burst_1788020829991,round-robin,server-2,GET,/api/work,200,26,,5
1788020843872,ui_round-robin_burst_1788020829991,round-robin,server-3,GET,/api/work,200,26,,5
1788020843874,ui_round-robin_burst_1788020829991,round-robin,server-1,GET,/api/work,200,26,,5
1788020843876,ui_round-robin_burst_1788020829991,round-robin,server-2,GET,/api/work,200,26,,5
1788020843879,ui_round-robin_burst_1788020829991,round-robin,server-3,GET,/api/work,200,26,,5
1788020843879,ui_round-robin_burst_1788020829991,round-robin,server-3,GET,/api/work,200,27,,5
1788020843879,ui_round-robin_burst_1788020829991,round-robin,server-2,GET,/api/work,200,28,,5
1788020843879,ui_round-robin_burst_1788020829991,round-robin,server-1,GET,/api/work,200,28,,5
1788020843880,ui_round-robin_burst_1788020829991,round-robin,server-1,GET,/api/work,200,28,,5
1788020843884,ui_round-robin_burst_1788020829991,round-robin,server-2,GET,/api/work,200,25,,5
1788020843889,ui_round-robin_burst_1788020829991,round-robin,server-3,GET,/api/work,200,26,,6
1788020843889,ui_round-robin_burst_1788020829991,round-robin,server-1,GET,/api/work,200,27,,5
1788020843891,ui_round-robin_burst_1788020829991,round-robin,server-3,GET,/api/work,200,26,,5
1788020843891,ui_round-robin_burst_1788020829991,round-robin,server-2,GET,/api/work,200,27,,6
1788020843893,ui_round-robin_burst_1788020829991,round-robin,server-1,GET,/api/work,200,26,,5
1788020843895,ui_round-robin_burst_1788020829991,round-robin,server-3,GET,/api/work,200,26,,5
1788020843895,ui_round-robin_burst_1788020829991,round-robin,server-2,GET,/api/work,200,27,,6
1788020843897,ui_round-robin_burst_1788020829991,round-robin,server-1,GET,/api/work,200,26,,6
1788020843900,ui_round-robin_burst_1788020829991,round-robin,server-2,GET,/api/work,200,26,,7
1788020843900,ui_round-robin_burst_1788020829991,round-robin,server-3,GET,/api/work,200,27,,6
1788020843901,ui_round-robin_burst_1788020829991,round-robin,server-1,GET,/api/work,200,27,,6
1788020843904,ui_round-robin_burst_1788020829991,round-robin,server-2,GET,/api/work,200,27,,7
1788020843906,ui_round-robin_burst_1788020829991,round-robin,server-3,GET,/api/work,200,27,,6
1788020843907,ui_round-robin_burst_1788020829991,round-robin,server-1,GET,/api/work,200,27,,6
1788020843908,ui_round-robin_burst_1788020829991,round-robin,server-3,GET,/api/work,200,26,,6
1788020843908,ui_round-robin_burst_1788020829991,round-robin,server-2,GET,/api/work,200,27,,6
1788020843909,ui_round-robin_burst_1788020829991,round-robin,server-1,GET,/api/work,200,26,,5
1788020843914,ui_round-robin_burst_1788020829991,round-robin,server-2,GET,/api/work,200,27,,7
1788020843914,ui_round-robin_burst_1788020829991,round-robin,server-3,GET,/api/work,200,27,,7
1788020843916,ui_round-robin_burst_1788020829991,round-robin,server-1,GET,/api/work,200,26,,6
1788020843916,ui_round-robin_burst_1788020829991,round-robin,server-2,GET,/api/work,200,26,,6
1788020843921,ui_round-robin_burst_1788020829991,round-robin,server-3,GET,/api/work,200,26,,6
1788020843921,ui_round-robin_burst_1788020829991,round-robin,server-2,GET,/api/work,200,26,,6
1788020843921,ui_round-robin_burst_1788020829991,round-robin,server-1,GET,/api/work,200,27,,6
1788020843922,ui_round-robin_burst_1788020829991,round-robin,server-3,GET,/api/work,200,27,,6
1788020843922,ui_round-robin_burst_1788020829991,round-robin,server-1,GET,/api/work,200,28,,6
1788020843924,ui_round-robin_burst_1788020829991,round-robin,server-3,GET,/api/work,200,26,,5
1788020843924,ui_round-robin_burst_1788020829991,round-robin,server-1,GET,/api/work,200,27,,5
1788020843924,ui_round-robin_burst_1788020829991,round-robin,server-2,GET,/api/work,200,28,,5
1788020843926,ui_round-robin_burst_1788020829991,round-robin,server-2,GET,/api/work,200,28,,5
1788020843928,ui_round-robin_burst_1788020829991,round-robin,server-3,GET,/api/work,200,27,,5
1788020843930,ui_round-robin_burst_1788020829991,round-robin,server-2,GET,/api/work,200,26,,5
1788020843930,ui_round-robin_burst_1788020829991,round-robin,server-1,GET,/api/work,200,27,,5
1788020843933,ui_round-robin_burst_1788020829991,round-robin,server-3,GET,/api/work,200,26,,5
1788020843937,ui_round-robin_burst_1788020829991,round-robin,server-1,GET,/api/work,200,27,,6
1788020843938,ui_round-robin_burst_1788020829991,round-robin,server-2,GET,/api/work,200,27,,5
1788020843939,ui_round-robin_burst_1788020829991,round-robin,server-3,GET,/api/work,200,26,,5
1788020843939,ui_round-robin_burst_1788020829991,round-robin,server-1,GET,/api/work,200,27,,5
1788020843940,ui_round-robin_burst_1788020829991,round-robin,server-2,GET,/api/work,200,27,,5
1788020843940,ui_round-robin_burst_1788020829991,round-robin,server-3,GET,/api/work,200,28,,5
1788020843945,ui_round-robin_burst_1788020829991,round-robin,server-1,GET,/api/work,200,27,,5
1788020843946,ui_round-robin_burst_1788020829991,round-robin,server-2,GET,/api/work,200,27,,5
1788020843948,ui_round-robin_burst_1788020829991,round-robin,server-3,GET,/api/work,200,27,,6
1788020843949,ui_round-robin_burst_1788020829991,round-robin,server-1,GET,/api/work,200,26,,5
1788020843953,ui_round-robin_burst_1788020829991,round-robin,server-1,GET,/api/work,200,26,,5
1788020843953,ui_round-robin_burst_1788020829991,round-robin,server-2,GET,/api/work,200,27,,5
1788020843954,ui_round-robin_burst_1788020829991,round-robin,server-2,GET,/api/work,200,27,,5
1788020843953,ui_round-robin_burst_1788020829991,round-robin,server-3,GET,/api/work,200,29,,6
1788020843958,ui_round-robin_burst_1788020829991,round-robin,server-3,GET,/api/work,200,26,,6
1788020843960,ui_round-robin_burst_1788020829991,round-robin,server-1,GET,/api/work,200,26,,6
1788020843960,ui_round-robin_burst_1788020829991,round-robin,server-2,GET,/api/work,200,27,,6
1788020843960,ui_round-robin_burst_1788020829991,round-robin,server-3,GET,/api/work,200,30,,7
1788020843963,ui_round-robin_burst_1788020829991,round-robin,server-1,GET,/api/work,200,29,,6
1788020843966,ui_round-robin_burst_1788020829991,round-robin,server-3,GET,/api/work,200,27,,6
1788020843966,ui_round-robin_burst_1788020829991,round-robin,server-2,GET,/api/work,200,27,,6
1788020843967,ui_round-robin_burst_1788020829991,round-robin,server-1,GET,/api/work,200,27,,6
1788020843967,ui_round-robin_burst_1788020829991,round-robin,server-2,GET,/api/work,200,27,,5
1788020843973,ui_round-robin_burst_1788020829991,round-robin,server-1,GET,/api/work,200,26,,6
1788020843973,ui_round-robin_burst_1788020829991,round-robin,server-2,GET,/api/work,200,27,,5
1788020843973,ui_round-robin_burst_1788020829991,round-robin,server-3,GET,/api/work,200,27,,6
1788020843974,ui_round-robin_burst_1788020829991,round-robin,server-3,GET,/api/work,200,27,,6
1788020843978,ui_round-robin_burst_1788020829991,round-robin,server-1,GET,/api/work,200,26,,6
1788020843981,ui_round-robin_burst_1788020829991,round-robin,server-1,GET,/api/work,200,26,,5
1788020843980,ui_round-robin_burst_1788020829991,round-robin,server-3,GET,/api/work,200,28,,6
1788020843980,ui_round-robin_burst_1788020829991,round-robin,server-2,GET,/api/work,200,29,,6
1788020843982,ui_round-robin_burst_1788020829991,round-robin,server-2,GET,/api/work,200,27,,5
1788020843982,ui_round-robin_burst_1788020829991,round-robin,server-3,GET,/api/work,200,28,,5
1788020843983,ui_round-robin_burst_1788020829991,round-robin,server-1,GET,/api/work,200,28,,5
1788020843983,ui_round-robin_burst_1788020829991,round-robin,server-2,GET,/api/work,200,28,,5
1788020843985,ui_round-robin_burst_1788020829991,round-robin,server-3,GET,/api/work,200,27,,5
1788020843987,ui_round-robin_burst_1788020829991,round-robin,server-1,GET,/api/work,200,27,,5
1788020843988,ui_round-robin_burst_1788020829991,round-robin,server-2,GET,/api/work,200,26,,5
1788020843988,ui_round-robin_burst_1788020829991,round-robin,server-3,GET,/api/work,200,27,,5
1788020843992,ui_round-robin_burst_1788020829991,round-robin,server-1,GET,/api/work,200,28,,5
1788020843995,ui_round-robin_burst_1788020829991,round-robin,server-2,GET,/api/work,200,26,,5
1788020843995,ui_round-robin_burst_1788020829991,round-robin,server-3,GET,/api/work,200,27,,5
1788020843997,ui_round-robin_burst_1788020829991,round-robin,server-1,GET,/api/work,200,26,,4
1788020844001,ui_round-robin_burst_1788020829991,round-robin,server-2,GET,/api/work,200,27,,6
1788020844001,ui_round-robin_burst_1788020829991,round-robin,server-3,GET,/api/work,200,27,,6
1788020844001,ui_round-robin_burst_1788020829991,round-robin,server-1,GET,/api/work,200,28,,5
1788020844003,ui_round-robin_burst_1788020829991,round-robin,server-2,GET,/api/work,200,26,,5
1788020844004,ui_round-robin_burst_1788020829991,round-robin,server-3,GET,/api/work,200,26,,5
1788020844010,ui_round-robin_burst_1788020829991,round-robin,server-1,GET,/api/work,200,26,,6
1788020844010,ui_round-robin_burst_1788020829991,round-robin,server-2,GET,/api/work,200,26,,6
1788020844011,ui_round-robin_burst_1788020829991,round-robin,server-3,GET,/api/work,200,26,,5
1788020844013,ui_round-robin_burst_1788020829991,round-robin,server-2,GET,/api/work,200,26,,5
1788020844012,ui_round-robin_burst_1788020829991,round-robin,server-1,GET,/api/work,200,28,,5
1788020844013,ui_round-robin_burst_1788020829991,round-robin,server-3,GET,/api/work,200,28,,5
1788020844014,ui_round-robin_burst_1788020829991,round-robin,server-1,GET,/api/work,200,27,,4
1788020844017,ui_round-robin_burst_1788020829991,round-robin,server-2,GET,/api/work,200,26,,6
1788020844018,ui_round-robin_burst_1788020829991,round-robin,server-3,GET,/api/work,200,26,,6
1788020844024,ui_round-robin_burst_1788020829991,round-robin,server-2,GET,/api/work,200,26,,7
1788020844024,ui_round-robin_burst_1788020829991,round-robin,server-1,GET,/api/work,200,26,,7
1788020844025,ui_round-robin_burst_1788020829991,round-robin,server-1,GET,/api/work,200,26,,6
1788020844026,ui_round-robin_burst_1788020829991,round-robin,server-2,GET,/api/work,200,26,,6
1788020844025,ui_round-robin_burst_1788020829991,round-robin,server-3,GET,/api/work,200,27,,6
1788020844027,ui_round-robin_burst_1788020829991,round-robin,server-3,GET,/api/work,200,26,,6
1788020844030,ui_round-robin_burst_1788020829991,round-robin,server-1,GET,/api/work,200,26,,6
1788020844032,ui_round-robin_burst_1788020829991,round-robin,server-2,GET,/api/work,200,26,,6
1788020844032,ui_round-robin_burst_1788020829991,round-robin,server-1,GET,/api/work,200,27,,5
1788020844032,ui_round-robin_burst_1788020829991,round-robin,server-3,GET,/api/work,200,28,,6
1788020844035,ui_round-robin_burst_1788020829991,round-robin,server-2,GET,/api/work,200,26,,6
1788020844039,ui_round-robin_burst_1788020829991,round-robin,server-3,GET,/api/work,200,28,,6
1788020844041,ui_round-robin_burst_1788020829991,round-robin,server-1,GET,/api/work,200,27,,6
1788020844042,ui_round-robin_burst_1788020829991,round-robin,server-1,GET,/api/work,200,27,,6
1788020844042,ui_round-robin_burst_1788020829991,round-robin,server-3,GET,/api/work,200,27,,6
1788020844042,ui_round-robin_burst_1788020829991,round-robin,server-2,GET,/api/work,200,28,,6
1788020844043,ui_round-robin_burst_1788020829991,round-robin,server-2,GET,/api/work,200,28,,6
1788020844043,ui_round-robin_burst_1788020829991,round-robin,server-3,GET,/api/work,200,29,,5
1788020844045,ui_round-robin_burst_1788020829991,round-robin,server-3,GET,/api/work,200,28,,4
1788020844043,ui_round-robin_burst_1788020829991,round-robin,server-1,GET,/api/work,200,30,,5
1788020844044,ui_round-robin_burst_1788020829991,round-robin,server-2,GET,/api/work,200,29,,5
1788020844046,ui_round-robin_burst_1788020829991,round-robin,server-1,GET,/api/work,200,29,,5
1788020844049,ui_round-robin_burst_1788020829991,round-robin,server-2,GET,/api/work,200,27,,5
1788020844052,ui_round-robin_burst_1788020829991,round-robin,server-3,GET,/api/work,200,26,,5
1788020844053,ui_round-robin_burst_1788020829991,round-robin,server-1,GET,/api/work,200,25,,5
1788020844054,ui_round-robin_burst_1788020829991,round-robin,server-2,GET,/api/work,200,25,,4
1788020844058,ui_round-robin_burst_1788020829991,round-robin,server-3,GET,/api/work,200,26,,6
1788020844059,ui_round-robin_burst_1788020829991,round-robin,server-2,GET,/api/work,200,26,,5
1788020844059,ui_round-robin_burst_1788020829991,round-robin,server-1,GET,/api/work,200,26,,6
1788020844060,ui_round-robin_burst_1788020829991,round-robin,server-3,GET,/api/work,200,26,,5
1788020844061,ui_round-robin_burst_1788020829991,round-robin,server-1,GET,/api/work,200,26,,5
1788020844068,ui_round-robin_burst_1788020829991,round-robin,server-2,GET,/api/work,200,26,,6
1788020844068,ui_round-robin_burst_1788020829991,round-robin,server-3,GET,/api/work,200,26,,6
1788020844068,ui_round-robin_burst_1788020829991,round-robin,server-1,GET,/api/work,200,29,,5
1788020844070,ui_round-robin_burst_1788020829991,round-robin,server-2,GET,/api/work,200,27,,5
1788020844074,ui_round-robin_burst_1788020829991,round-robin,server-2,GET,/api/work,200,27,,5
1788020844074,ui_round-robin_burst_1788020829991,round-robin,server-3,GET,/api/work,200,27,,6
1788020844074,ui_round-robin_burst_1788020829991,round-robin,server-1,GET,/api/work,200,28,,6
1788020844076,ui_round-robin_burst_1788020829991,round-robin,server-3,GET,/api/work,200,26,,5
1788020844076,ui_round-robin_burst_1788020829991,round-robin,server-1,GET,/api/work,200,27,,5
1788020844080,ui_round-robin_burst_1788020829991,round-robin,server-2,GET,/api/work,200,27,,6
1788020844081,ui_round-robin_burst_1788020829991,round-robin,server-3,GET,/api/work,200,26,,6
1788020844081,ui_round-robin_burst_1788020829991,round-robin,server-1,GET,/api/work,200,27,,6
1788020844083,ui_round-robin_burst_1788020829991,round-robin,server-2,GET,/api/work,200,28,,7
1788020844083,ui_round-robin_burst_1788020829991,round-robin,server-3,GET,/api/work,200,29,,6
1788020844084,ui_round-robin_burst_1788020829991,round-robin,server-1,GET,/api/work,200,29,,6
1788020844089,ui_round-robin_burst_1788020829991,round-robin,server-3,GET,/api/work,200,26,,6
1788020844088,ui_round-robin_burst_1788020829991,round-robin,server-2,GET,/api/work,200,32,,7
1788020844090,ui_round-robin_burst_1788020829991,round-robin,server-1,GET,/api/work,200,31,,7
1788020844090,ui_round-robin_burst_1788020829991,round-robin,server-2,GET,/api/work,200,31,,6
1788020844092,ui_round-robin_burst_1788020829991,round-robin,server-3,GET,/api/work,200,29,,6
1788020844098,ui_round-robin_burst_1788020829991,round-robin,server-1,GET,/api/work,200,27,,6
1788020844099,ui_round-robin_burst_1788020829991,round-robin,server-2,GET,/api/work,200,28,,6
1788020844099,ui_round-robin_burst_1788020829991,round-robin,server-3,GET,/api/work,200,28,,6
1788020844100,ui_round-robin_burst_1788020829991,round-robin,server-1,GET,/api/work,200,28,,6
1788020844103,ui_round-robin_burst_1788020829991,round-robin,server-2,GET,/api/work,200,26,,6
1788020844104,ui_round-robin_burst_1788020829991,round-robin,server-3,GET,/api/work,200,26,,6
1788020844105,ui_round-robin_burst_1788020829991,round-robin,server-2,GET,/api/work,200,26,,5
1788020844105,ui_round-robin_burst_1788020829991,round-robin,server-1,GET,/api/work,200,27,,6
1788020844106,ui_round-robin_burst_1788020829991,round-robin,server-1,GET,/api/work,200,27,,5
1788020844106,ui_round-robin_burst_1788020829991,round-robin,server-3,GET,/api/work,200,28,,5
1788020844108,ui_round-robin_burst_1788020829991,round-robin,server-2,GET,/api/work,200,27,,5
1788020844108,ui_round-robin_burst_1788020829991,round-robin,server-3,GET,/api/work,200,27,,5
1788020844109,ui_round-robin_burst_1788020829991,round-robin,server-1,GET,/api/work,200,27,,5
1788020844110,ui_round-robin_burst_1788020829991,round-robin,server-2,GET,/api/work,200,27,,5
1788020844112,ui_round-robin_burst_1788020829991,round-robin,server-3,GET,/api/work,200,26,,5
1788020844115,ui_round-robin_burst_1788020829991,round-robin,server-1,GET,/api/work,200,26,,5
1788020844115,ui_round-robin_burst_1788020829991,round-robin,server-2,GET,/api/work,200,26,,5
1788020844119,ui_round-robin_burst_1788020829991,round-robin,server-1,GET,/api/work,200,26,,5
1788020844119,ui_round-robin_burst_1788020829991,round-robin,server-3,GET,/api/work,200,28,,5
1788020844122,ui_round-robin_burst_1788020829991,round-robin,server-2,GET,/api/work,200,26,,5
1788020844126,ui_round-robin_burst_1788020829991,round-robin,server-3,GET,/api/work,200,26,,5
1788020844127,ui_round-robin_burst_1788020829991,round-robin,server-1,GET,/api/work,200,27,,6
1788020844128,ui_round-robin_burst_1788020829991,round-robin,server-2,GET,/api/work,200,28,,5
1788020844129,ui_round-robin_burst_1788020829991,round-robin,server-3,GET,/api/work,200,27,,5
1788020844132,ui_round-robin_burst_1788020829991,round-robin,server-1,GET,/api/work,200,27,,5
1788020844133,ui_round-robin_burst_1788020829991,round-robin,server-2,GET,/api/work,200,26,,5
1788020844134,ui_round-robin_burst_1788020829991,round-robin,server-3,GET,/api/work,200,27,,5
1788020844136,ui_round-robin_burst_1788020829991,round-robin,server-1,GET,/api/work,200,26,,6
1788020844136,ui_round-robin_burst_1788020829991,round-robin,server-2,GET,/api/work,200,27,,6
1788020844137,ui_round-robin_burst_1788020829991,round-robin,server-3,GET,/api/work,200,27,,5
1788020844139,ui_round-robin_burst_1788020829991,round-robin,server-1,GET,/api/work,200,26,,6
1788020844139,ui_round-robin_burst_1788020829991,round-robin,server-2,GET,/api/work,200,27,,5
1788020844145,ui_round-robin_burst_1788020829991,round-robin,server-1,GET,/api/work,200,26,,7
1788020844145,ui_round-robin_burst_1788020829991,round-robin,server-3,GET,/api/work,200,27,,7
1788020844146,ui_round-robin_burst_1788020829991,round-robin,server-2,GET,/api/work,200,27,,7
1788020844149,ui_round-robin_burst_1788020829991,round-robin,server-3,GET,/api/work,200,26,,7
1788020844153,ui_round-robin_burst_1788020829991,round-robin,server-3,GET,/api/work,200,26,,6
1788020844153,ui_round-robin_burst_1788020829991,round-robin,server-1,GET,/api/work,200,27,,7
1788020844153,ui_round-robin_burst_1788020829991,round-robin,server-2,GET,/api/work,200,27,,7
1788020844154,ui_round-robin_burst_1788020829991,round-robin,server-1,GET,/api/work,200,27,,6
1788020844158,ui_round-robin_burst_1788020829991,round-robin,server-2,GET,/api/work,200,26,,6
1788020844160,ui_round-robin_burst_1788020829991,round-robin,server-2,GET,/api/work,200,27,,6
1788020844160,ui_round-robin_burst_1788020829991,round-robin,server-3,GET,/api/work,200,27,,6
1788020844161,ui_round-robin_burst_1788020829991,round-robin,server-3,GET,/api/work,200,27,,5
1788020844160,ui_round-robin_burst_1788020829991,round-robin,server-1,GET,/api/work,200,28,,6
1788020844163,ui_round-robin_burst_1788020829991,round-robin,server-2,GET,/api/work,200,26,,5
1788020844161,ui_round-robin_burst_1788020829991,round-robin,server-1,GET,/api/work,200,29,,6
1788020844164,ui_round-robin_burst_1788020829991,round-robin,server-3,GET,/api/work,200,27,,5
1788020844165,ui_round-robin_burst_1788020829991,round-robin,server-1,GET,/api/work,200,27,,5
1788020844167,ui_round-robin_burst_1788020829991,round-robin,server-3,GET,/api/work,200,26,,5
1788020844166,ui_round-robin_burst_1788020829991,round-robin,server-2,GET,/api/work,200,28,,5
1788020844167,ui_round-robin_burst_1788020829991,round-robin,server-3,GET,/api/work,200,27,,4
1788020844167,ui_round-robin_burst_1788020829991,round-robin,server-2,GET,/api/work,200,28,,4
1788020844167,ui_round-robin_burst_1788020829991,round-robin,server-1,GET,/api/work,200,30,,5
1788020844169,ui_round-robin_burst_1788020829991,round-robin,server-1,GET,/api/work,200,30,,5
1788020844172,ui_round-robin_burst_1788020829991,round-robin,server-3,GET,/api/work,200,27,,4
1788020844172,ui_round-robin_burst_1788020829991,round-robin,server-2,GET,/api/work,200,28,,5
1788020844176,ui_round-robin_burst_1788020829991,round-robin,server-2,GET,/api/work,200,27,,4
1788020844176,ui_round-robin_burst_1788020829991,round-robin,server-1,GET,/api/work,200,27,,5
1788020844179,ui_round-robin_burst_1788020829991,round-robin,server-3,GET,/api/work,200,27,,5
1788020844183,ui_round-robin_burst_1788020829991,round-robin,server-1,GET,/api/work,200,27,,5
1788020844184,ui_round-robin_burst_1788020829991,round-robin,server-2,GET,/api/work,200,28,,6
1788020844188,ui_round-robin_burst_1788020829991,round-robin,server-3,GET,/api/work,200,26,,5
1788020844190,ui_round-robin_burst_1788020829991,round-robin,server-2,GET,/api/work,200,27,,5
1788020844189,ui_round-robin_burst_1788020829991,round-robin,server-1,GET,/api/work,200,28,,5
1788020844191,ui_round-robin_burst_1788020829991,round-robin,server-3,GET,/api/work,200,27,,5
1788020844195,ui_round-robin_burst_1788020829991,round-robin,server-2,GET,/api/work,200,28,,6
1788020844195,ui_round-robin_burst_1788020829991,round-robin,server-1,GET,/api/work,200,28,,6
1788020844198,ui_round-robin_burst_1788020829991,round-robin,server-3,GET,/api/work,200,27,,6
1788020844198,ui_round-robin_burst_1788020829991,round-robin,server-2,GET,/api/work,200,28,,6
1788020844198,ui_round-robin_burst_1788020829991,round-robin,server-1,GET,/api/work,200,29,,6
1788020844200,ui_round-robin_burst_1788020829991,round-robin,server-3,GET,/api/work,200,28,,5
1788020844202,ui_round-robin_burst_1788020829991,round-robin,server-1,GET,/api/work,200,29,,6
1788020844204,ui_round-robin_burst_1788020829991,round-robin,server-3,GET,/api/work,200,28,,6
1788020844204,ui_round-robin_burst_1788020829991,round-robin,server-2,GET,/api/work,200,28,,6
1788020844206,ui_round-robin_burst_1788020829991,round-robin,server-1,GET,/api/work,200,30,,7
1788020844210,ui_round-robin_burst_1788020829991,round-robin,server-2,GET,/api/work,200,28,,7
1788020844211,ui_round-robin_burst_1788020829991,round-robin,server-3,GET,/api/work,200,27,,7
1788020844211,ui_round-robin_burst_1788020829991,round-robin,server-1,GET,/api/work,200,27,,7
1788020844211,ui_round-robin_burst_1788020829991,round-robin,server-2,GET,/api/work,200,28,,6
1788020844216,ui_round-robin_burst_1788020829991,round-robin,server-3,GET,/api/work,200,27,,6
1788020844218,ui_round-robin_burst_1788020829991,round-robin,server-1,GET,/api/work,200,26,,6
1788020844218,ui_round-robin_burst_1788020829991,round-robin,server-2,GET,/api/work,200,27,,6
1788020844220,ui_round-robin_burst_1788020829991,round-robin,server-3,GET,/api/work,200,27,,6
1788020844220,ui_round-robin_burst_1788020829991,round-robin,server-1,GET,/api/work,200,28,,6
1788020844222,ui_round-robin_burst_1788020829991,round-robin,server-2,GET,/api/work,200,28,,6
1788020844223,ui_round-robin_burst_1788020829991,round-robin,server-3,GET,/api/work,200,28,,6
1788020844224,ui_round-robin_burst_1788020829991,round-robin,server-1,GET,/api/work,200,28,,6
1788020844225,ui_round-robin_burst_1788020829991,round-robin,server-2,GET,/api/work,200,27,,5
1788020844230,ui_round-robin_burst_1788020829991,round-robin,server-1,GET,/api/work,200,25,,5
1788020844229,ui_round-robin_burst_1788020829991,round-robin,server-3,GET,/api/work,200,27,,6
1788020844230,ui_round-robin_burst_1788020829991,round-robin,server-2,GET,/api/work,200,27,,5
1788020844230,ui_round-robin_burst_1788020829991,round-robin,server-3,GET,/api/work,200,27,,5
1788020844232,ui_round-robin_burst_1788020829991,round-robin,server-1,GET,/api/work,200,28,,5
1788020844234,ui_round-robin_burst_1788020829991,round-robin,server-1,GET,/api/work,200,26,,4
1788020844234,ui_round-robin_burst_1788020829991,round-robin,server-3,GET,/api/work,200,27,,5
1788020844234,ui_round-robin_burst_1788020829991,round-robin,server-2,GET,/api/work,200,27,,5
1788020844236,ui_round-robin_burst_1788020829991,round-robin,server-2,GET,/api/work,200,26,,4
1788020844236,ui_round-robin_burst_1788020829991,round-robin,server-3,GET,/api/work,200,27,,4
1788020844236,ui_round-robin_burst_1788020829991,round-robin,server-1,GET,/api/work,200,27,,4
1788020844241,ui_round-robin_burst_1788020829991,round-robin,server-2,GET,/api/work,200,26,,5
1788020844243,ui_round-robin_burst_1788020829991,round-robin,server-3,GET,/api/work,200,26,,5
1788020844246,ui_round-robin_burst_1788020829991,round-robin,server-1,GET,/api/work,200,25,,5
1788020844248,ui_round-robin_burst_1788020829991,round-robin,server-2,GET,/api/work,200,25,,5
1788020844248,ui_round-robin_burst_1788020829991,round-robin,server-3,GET,/api/work,200,26,,5
1788020844249,ui_round-robin_burst_1788020829991,round-robin,server-1,GET,/api/work,200,26,,5
1788020844254,ui_round-robin_burst_1788020829991,round-robin,server-2,GET,/api/work,200,26,,5
1788020844254,ui_round-robin_burst_1788020829991,round-robin,server-3,GET,/api/work,200,27,,5
1788020844258,ui_round-robin_burst_1788020829991,round-robin,server-1,GET,/api/work,200,25,,6
1788020844258,ui_round-robin_burst_1788020829991,round-robin,server-2,GET,/api/work,200,26,,6
1788020844260,ui_round-robin_burst_1788020829991,round-robin,server-3,GET,/api/work,200,26,,6
1788020844262,ui_round-robin_burst_1788020829991,round-robin,server-1,GET,/api/work,200,27,,7
1788020844266,ui_round-robin_burst_1788020829991,round-robin,server-3,GET,/api/work,200,26,,7
1788020844266,ui_round-robin_burst_1788020829991,round-robin,server-2,GET,/api/work,200,27,,8
1788020844266,ui_round-robin_burst_1788020829991,round-robin,server-2,GET,/api/work,200,27,,7
1788020844266,ui_round-robin_burst_1788020829991,round-robin,server-1,GET,/api/work,200,27,,7
1788020844268,ui_round-robin_burst_1788020829991,round-robin,server-3,GET,/api/work,200,26,,6
1788020844269,ui_round-robin_burst_1788020829991,round-robin,server-1,GET,/api/work,200,27,,7
1788020844270,ui_round-robin_burst_1788020829991,round-robin,server-3,GET,/api/work,200,26,,6
1788020844270,ui_round-robin_burst_1788020829991,round-robin,server-2,GET,/api/work,200,27,,7
1788020844274,ui_round-robin_burst_1788020829991,round-robin,server-1,GET,/api/work,200,27,,7
1788020844275,ui_round-robin_burst_1788020829991,round-robin,server-2,GET,/api/work,200,26,,6
1788020844275,ui_round-robin_burst_1788020829991,round-robin,server-3,GET,/api/work,200,26,,6
1788020844278,ui_round-robin_burst_1788020829991,round-robin,server-1,GET,/api/work,200,27,,6
1788020844281,ui_round-robin_burst_1788020829991,round-robin,server-2,GET,/api/work,200,27,,7
1788020844283,ui_round-robin_burst_1788020829991,round-robin,server-3,GET,/api/work,200,26,,6
1788020844283,ui_round-robin_burst_1788020829991,round-robin,server-2,GET,/api/work,200,26,,6
1788020844283,ui_round-robin_burst_1788020829991,round-robin,server-1,GET,/api/work,200,27,,6
1788020844283,ui_round-robin_burst_1788020829991,round-robin,server-3,GET,/api/work,200,28,,5
1788020844286,ui_round-robin_burst_1788020829991,round-robin,server-1,GET,/api/work,200,27,,6
1788020844287,ui_round-robin_burst_1788020829991,round-robin,server-2,GET,/api/work,200,27,,5
1788020844288,ui_round-robin_burst_1788020829991,round-robin,server-1,GET,/api/work,200,27,,5
1788020844288,ui_round-robin_burst_1788020829991,round-robin,server-3,GET,/api/work,200,27,,6
1788020844291,ui_round-robin_burst_1788020829991,round-robin,server-2,GET,/api/work,200,26,,5
1788020844292,ui_round-robin_burst_1788020829991,round-robin,server-3,GET,/api/work,200,27,,5
1788020844292,ui_round-robin_burst_1788020829991,round-robin,server-1,GET,/api/work,200,27,,5
1788020844292,ui_round-robin_burst_1788020829991,round-robin,server-2,GET,/api/work,200,28,,5
1788020844295,ui_round-robin_burst_1788020829991,round-robin,server-2,GET,/api/work,200,26,,4
1788020844295,ui_round-robin_burst_1788020829991,round-robin,server-3,GET,/api/work,200,26,,4
1788020844295,ui_round-robin_burst_1788020829991,round-robin,server-1,GET,/api/work,200,27,,4
1788020844298,ui_round-robin_burst_1788020829991,round-robin,server-3,GET,/api/work,200,26,,4
1788020844300,ui_round-robin_burst_1788020829991,round-robin,server-1,GET,/api/work,200,26,,4
1788020844302,ui_round-robin_burst_1788020829991,round-robin,server-2,GET,/api/work,200,26,,5
1788020844304,ui_round-robin_burst_1788020829991,round-robin,server-3,GET,/api/work,200,25,,5
1788020844305,ui_round-robin_burst_1788020829991,round-robin,server-1,GET,/api/work,200,26,,5
1788020844305,ui_round-robin_burst_1788020829991,round-robin,server-2,GET,/api/work,200,27,,5
1788020844311,ui_round-robin_burst_1788020829991,round-robin,server-3,GET,/api/work,200,26,,5
1788020844312,ui_round-robin_burst_1788020829991,round-robin,server-1,GET,/api/work,200,26,,5
1788020844314,ui_round-robin_burst_1788020829991,round-robin,server-2,GET,/api/work,200,26,,5
1788020844314,ui_round-robin_burst_1788020829991,round-robin,server-3,GET,/api/work,200,27,,5
1788020844318,ui_round-robin_burst_1788020829991,round-robin,server-1,GET,/api/work,200,26,,6
1788020844320,ui_round-robin_burst_1788020829991,round-robin,server-2,GET,/api/work,200,26,,6
1788020844324,ui_round-robin_burst_1788020829991,round-robin,server-2,GET,/api/work,200,26,,6
1788020844324,ui_round-robin_burst_1788020829991,round-robin,server-1,GET,/api/work,200,28,,7
1788020844324,ui_round-robin_burst_1788020829991,round-robin,server-3,GET,/api/work,200,28,,7
1788020844325,ui_round-robin_burst_1788020829991,round-robin,server-3,GET,/api/work,200,27,,6
1788020844327,ui_round-robin_burst_1788020829991,round-robin,server-1,GET,/api/work,200,27,,7
1788020844327,ui_round-robin_burst_1788020829991,round-robin,server-2,GET,/api/work,200,28,,7
1788020844329,ui_round-robin_burst_1788020829991,round-robin,server-3,GET,/api/work,200,26,,7
1788020844329,ui_round-robin_burst_1788020829991,round-robin,server-1,GET,/api/work,200,27,,7
1788020844331,ui_round-robin_burst_1788020829991,round-robin,server-2,GET,/api/work,200,26,,6
1788020844332,ui_round-robin_burst_1788020829991,round-robin,server-1,GET,/api/work,200,26,,6
1788020844332,ui_round-robin_burst_1788020829991,round-robin,server-3,GET,/api/work,200,27,,6
1788020844335,ui_round-robin_burst_1788020829991,round-robin,server-2,GET,/api/work,200,26,,6
1788020844340,ui_round-robin_burst_1788020829991,round-robin,server-3,GET,/api/work,200,26,,7
1788020844340,ui_round-robin_burst_1788020829991,round-robin,server-1,GET,/api/work,200,27,,6
1788020844341,ui_round-robin_burst_1788020829991,round-robin,server-2,GET,/api/work,200,27,,6
1788020844342,ui_round-robin_burst_1788020829991,round-robin,server-3,GET,/api/work,200,27,,6
1788020844342,ui_round-robin_burst_1788020829991,round-robin,server-1,GET,/api/work,200,28,,5
1788020844345,ui_round-robin_burst_1788020829991,round-robin,server-2,GET,/api/work,200,27,,6
1788020844345,ui_round-robin_burst_1788020829991,round-robin,server-3,GET,/api/work,200,28,,6
1788020844346,ui_round-robin_burst_1788020829991,round-robin,server-1,GET,/api/work,200,28,,5
1788020844347,ui_round-robin_burst_1788020829991,round-robin,server-2,GET,/api/work,200,27,,5
1788020844348,ui_round-robin_burst_1788020829991,round-robin,server-3,GET,/api/work,200,28,,5
1788020844351,ui_round-robin_burst_1788020829991,round-robin,server-2,GET,/api/work,200,26,,5
1788020844353,ui_round-robin_burst_1788020829991,round-robin,server-3,GET,/api/work,200,25,,5
1788020844351,ui_round-robin_burst_1788020829991,round-robin,server-1,GET,/api/work,200,28,,5
1788020844353,ui_round-robin_burst_1788020829991,round-robin,server-1,GET,/api/work,200,26,,4
1788020844354,ui_round-robin_burst_1788020829991,round-robin,server-3,GET,/api/work,200,27,,4
1788020844354,ui_round-robin_burst_1788020829991,round-robin,server-2,GET,/api/work,200,28,,4
1788020844355,ui_round-robin_burst_1788020829991,round-robin,server-1,GET,/api/work,200,28,,3
1788020844358,ui_round-robin_burst_1788020829991,round-robin,server-2,GET,/api/work,200,27,,4
1788020844360,ui_round-robin_burst_1788020829991,round-robin,server-1,GET,/api/work,200,26,,4
1788020844359,ui_round-robin_burst_1788020829991,round-robin,server-3,GET,/api/work,200,28,,5
1788020844362,ui_round-robin_burst_1788020829991,round-robin,server-2,GET,/api/work,200,27,,5
1788020844363,ui_round-robin_burst_1788020829991,round-robin,server-3,GET,/api/work,200,27,,5
1788020844370,ui_round-robin_burst_1788020829991,round-robin,server-1,GET,/api/work,200,27,,5
1788020844371,ui_round-robin_burst_1788020829991,round-robin,server-2,GET,/api/work,200,26,,5
1788020844371,ui_round-robin_burst_1788020829991,round-robin,server-3,GET,/api/work,200,27,,5
1788020844374,ui_round-robin_burst_1788020829991,round-robin,server-1,GET,/api/work,200,27,,6
1788020844377,ui_round-robin_burst_1788020829991,round-robin,server-3,GET,/api/work,200,25,,5
1788020844376,ui_round-robin_burst_1788020829991,round-robin,server-2,GET,/api/work,200,27,,6
1788020844383,ui_round-robin_burst_1788020829991,round-robin,server-1,GET,/api/work,200,27,,8
1788020844384,ui_round-robin_burst_1788020829991,round-robin,server-1,GET,/api/work,200,26,,7
1788020844384,ui_round-robin_burst_1788020829991,round-robin,server-2,GET,/api/work,200,27,,8
1788020844384,ui_round-robin_burst_1788020829991,round-robin,server-3,GET,/api/work,200,27,,7
1788020844385,ui_round-robin_burst_1788020829991,round-robin,server-2,GET,/api/work,200,27,,7
1788020844386,ui_round-robin_burst_1788020829991,round-robin,server-3,GET,/api/work,200,27,,7
1788020844387,ui_round-robin_burst_1788020829991,round-robin,server-2,GET,/api/work,200,26,,6
1788020844387,ui_round-robin_burst_1788020829991,round-robin,server-1,GET,/api/work,200,27,,6
1788020844388,ui_round-robin_burst_1788020829991,round-robin,server-3,GET,/api/work,200,27,,6
1788020844389,ui_round-robin_burst_1788020829991,round-robin,server-1,GET,/api/work,200,26,,6
1788020844389,ui_round-robin_burst_1788020829991,round-robin,server-2,GET,/api/work,200,28,,6
1788020844392,ui_round-robin_burst_1788020829991,round-robin,server-3,GET,/api/work,200,26,,6
1788020844398,ui_round-robin_burst_1788020829991,round-robin,server-1,GET,/api/work,200,25,,7
1788020844399,ui_round-robin_burst_1788020829991,round-robin,server-2,GET,/api/work,200,25,,6
1788020844401,ui_round-robin_burst_1788020829991,round-robin,server-2,GET,/api/work,200,26,,5
1788020844400,ui_round-robin_burst_1788020829991,round-robin,server-1,GET,/api/work,200,27,,6
1788020844400,ui_round-robin_burst_1788020829991,round-robin,server-3,GET,/api/work,200,28,,6
1788020844403,ui_round-robin_burst_1788020829991,round-robin,server-3,GET,/api/work,200,27,,6
1788020844405,ui_round-robin_burst_1788020829991,round-robin,server-1,GET,/api/work,200,25,,6
1788020844406,ui_round-robin_burst_1788020829991,round-robin,server-3,GET,/api/work,200,26,,5
1788020844407,ui_round-robin_burst_1788020829991,round-robin,server-1,GET,/api/work,200,26,,5
1788020844406,ui_round-robin_burst_1788020829991,round-robin,server-2,GET,/api/work,200,28,,6
1788020844408,ui_round-robin_burst_1788020829991,round-robin,server-3,GET,/api/work,200,26,,5
1788020844409,ui_round-robin_burst_1788020829991,round-robin,server-1,GET,/api/work,200,26,,5
1788020844408,ui_round-robin_burst_1788020829991,round-robin,server-2,GET,/api/work,200,27,,5
1788020844410,ui_round-robin_burst_1788020829991,round-robin,server-2,GET,/api/work,200,27,,4
1788020844412,ui_round-robin_burst_1788020829991,round-robin,server-3,GET,/api/work,200,26,,4
1788020844414,ui_round-robin_burst_1788020829991,round-robin,server-1,GET,/api/work,200,26,,4
1788020844414,ui_round-robin_burst_1788020829991,round-robin,server-2,GET,/api/work,200,27,,3
1788020844416,ui_round-robin_burst_1788020829991,round-robin,server-3,GET,/api/work,200,26,,4
1788020844418,ui_round-robin_burst_1788020829991,round-robin,server-1,GET,/api/work,200,25,,4
1788020844418,ui_round-robin_burst_1788020829991,round-robin,server-2,GET,/api/work,200,26,,4
1788020844419,ui_round-robin_burst_1788020829991,round-robin,server-3,GET,/api/work,200,27,,5
1788020844421,ui_round-robin_burst_1788020829991,round-robin,server-1,GET,/api/work,200,26,,5
1788020844428,ui_round-robin_burst_1788020829991,round-robin,server-2,GET,/api/work,200,26,,5
1788020844429,ui_round-robin_burst_1788020829991,round-robin,server-3,GET,/api/work,200,26,,6
1788020844429,ui_round-robin_burst_1788020829991,round-robin,server-1,GET,/api/work,200,27,,5
1788020844432,ui_round-robin_burst_1788020829991,round-robin,server-2,GET,/api/work,200,26,,5
1788020844433,ui_round-robin_burst_1788020829991,round-robin,server-3,GET,/api/work,200,27,,6
1788020844434,ui_round-robin_burst_1788020829991,round-robin,server-1,GET,/api/work,200,27,,6
1788020844441,ui_round-robin_burst_1788020829991,round-robin,server-3,GET,/api/work,200,26,,7
1788020844441,ui_round-robin_burst_1788020829991,round-robin,server-2,GET,/api/work,200,26,,8
1788020844442,ui_round-robin_burst_1788020829991,round-robin,server-1,GET,/api/work,200,26,,7
1788020844442,ui_round-robin_burst_1788020829991,round-robin,server-2,GET,/api/work,200,27,,7
1788020844444,ui_round-robin_burst_1788020829991,round-robin,server-1,GET,/api/work,200,26,,7
1788020844444,ui_round-robin_burst_1788020829991,round-robin,server-3,GET,/api/work,200,27,,7
1788020844445,ui_round-robin_burst_1788020829991,round-robin,server-3,GET,/api/work,200,26,,6
1788020844445,ui_round-robin_burst_1788020829991,round-robin,server-2,GET,/api/work,200,27,,7
1788020844447,ui_round-robin_burst_1788020829991,round-robin,server-2,GET,/api/work,200,26,,6
1788020844446,ui_round-robin_burst_1788020829991,round-robin,server-1,GET,/api/work,200,27,,6
1788020844448,ui_round-robin_burst_1788020829991,round-robin,server-3,GET,/api/work,200,26,,6
1788020844449,ui_round-robin_burst_1788020829991,round-robin,server-1,GET,/api/work,200,27,,6
1788020844455,ui_round-robin_burst_1788020829991,round-robin,server-2,GET,/api/work,200,26,,7
1788020844455,ui_round-robin_burst_1788020829991,round-robin,server-3,GET,/api/work,200,26,,6
1788020844459,ui_round-robin_burst_1788020829991,round-robin,server-2,GET,/api/work,200,26,,6
1788020844459,ui_round-robin_burst_1788020829991,round-robin,server-3,GET,/api/work,200,27,,6
1788020844459,ui_round-robin_burst_1788020829991,round-robin,server-1,GET,/api/work,200,27,,6
1788020844460,ui_round-robin_burst_1788020829991,round-robin,server-1,GET,/api/work,200,26,,5
1788020844461,ui_round-robin_burst_1788020829991,round-robin,server-2,GET,/api/work,200,26,,5
1788020844463,ui_round-robin_burst_1788020829991,round-robin,server-3,GET,/api/work,200,27,,6
1788020844464,ui_round-robin_burst_1788020829991,round-robin,server-1,GET,/api/work,200,26,,5
1788020844464,ui_round-robin_burst_1788020829991,round-robin,server-2,GET,/api/work,200,27,,5
1788020844466,ui_round-robin_burst_1788020829991,round-robin,server-1,GET,/api/work,200,26,,5
1788020844466,ui_round-robin_burst_1788020829991,round-robin,server-3,GET,/api/work,200,27,,5
1788020844466,ui_round-robin_burst_1788020829991,round-robin,server-2,GET,/api/work,200,27,,5
1788020844468,ui_round-robin_burst_1788020829991,round-robin,server-3,GET,/api/work,200,25,,4
1788020844469,ui_round-robin_burst_1788020829991,round-robin,server-1,GET,/api/work,200,27,,4
1788020844470,ui_round-robin_burst_1788020829991,round-robin,server-2,GET,/api/work,200,27,,4
1788020844472,ui_round-robin_burst_1788020829991,round-robin,server-3,GET,/api/work,200,26,,4
1788020844473,ui_round-robin_burst_1788020829991,round-robin,server-1,GET,/api/work,200,27,,4
1788020844475,ui_round-robin_burst_1788020829991,round-robin,server-2,GET,/api/work,200,26,,4
1788020844476,ui_round-robin_burst_1788020829991,round-robin,server-1,GET,/api/work,200,26,,4
1788020844476,ui_round-robin_burst_1788020829991,round-robin,server-3,GET,/api/work,200,27,,5
1788020844478,ui_round-robin_burst_1788020829991,round-robin,server-2,GET,/api/work,200,27,,5
1788020844485,ui_round-robin_burst_1788020829991,round-robin,server-3,GET,/api/work,200,26,,5
1788020844487,ui_round-robin_burst_1788020829991,round-robin,server-1,GET,/api/work,200,26,,6
1788020844487,ui_round-robin_burst_1788020829991,round-robin,server-2,GET,/api/work,200,27,,5
1788020844489,ui_round-robin_burst_1788020829991,round-robin,server-3,GET,/api/work,200,26,,5
1788020844491,ui_round-robin_burst_1788020829991,round-robin,server-2,GET,/api/work,200,26,,4
1788020844491,ui_round-robin_burst_1788020829991,round-robin,server-1,GET,/api/work,200,28,,6
1788020844498,ui_round-robin_burst_1788020829991,round-robin,server-1,GET,/api/work,200,26,,7
1788020844498,ui_round-robin_burst_1788020829991,round-robin,server-3,GET,/api/work,200,26,,7
1788020844499,ui_round-robin_burst_1788020829991,round-robin,server-2,GET,/api/work,200,27,,7
1788020844500,ui_round-robin_burst_1788020829991,round-robin,server-3,GET,/api/work,200,27,,7
1788020844501,ui_round-robin_burst_1788020829991,round-robin,server-1,GET,/api/work,200,26,,7
1788020844502,ui_round-robin_burst_1788020829991,round-robin,server-2,GET,/api/work,200,27,,7
1788020844503,ui_round-robin_burst_1788020829991,round-robin,server-3,GET,/api/work,200,26,,7
1788020844503,ui_round-robin_burst_1788020829991,round-robin,server-1,GET,/api/work,200,27,,7
1788020844504,ui_round-robin_burst_1788020829991,round-robin,server-2,GET,/api/work,200,26,,6
1788020844505,ui_round-robin_burst_1788020829991,round-robin,server-1,GET,/api/work,200,26,,6
1788020844505,ui_round-robin_burst_1788020829991,round-robin,server-3,GET,/api/work,200,26,,7
1788020844507,ui_round-robin_burst_1788020829991,round-robin,server-2,GET,/api/work,200,26,,6
1788020844512,ui_round-robin_burst_1788020829991,round-robin,server-1,GET,/api/work,200,26,,6
1788020844512,ui_round-robin_burst_1788020829991,round-robin,server-3,GET,/api/work,200,27,,7
1788020844518,ui_round-robin_burst_1788020829991,round-robin,server-2,GET,/api/work,200,25,,6
1788020844518,ui_round-robin_burst_1788020829991,round-robin,server-3,GET,/api/work,200,26,,7
1788020844519,ui_round-robin_burst_1788020829991,round-robin,server-3,GET,/api/work,200,26,,6
1788020844518,ui_round-robin_burst_1788020829991,round-robin,server-2,GET,/api/work,200,27,,6
1788020844518,ui_round-robin_burst_1788020829991,round-robin,server-1,GET,/api/work,200,27,,6
1788020844520,ui_round-robin_burst_1788020829991,round-robin,server-1,GET,/api/work,200,26,,5
1788020844521,ui_round-robin_burst_1788020829991,round-robin,server-2,GET,/api/work,200,26,,5
1788020844523,ui_round-robin_burst_1788020829991,round-robin,server-3,GET,/api/work,200,25,,5
1788020844523,ui_round-robin_burst_1788020829991,round-robin,server-1,GET,/api/work,200,26,,5
1788020844525,ui_round-robin_burst_1788020829991,round-robin,server-3,GET,/api/work,200,26,,5
1788020844525,ui_round-robin_burst_1788020829991,round-robin,server-2,GET,/api/work,200,26,,5
1788020844525,ui_round-robin_burst_1788020829991,round-robin,server-1,GET,/api/work,200,27,,4
1788020844526,ui_round-robin_burst_1788020829991,round-robin,server-2,GET,/api/work,200,26,,4
1788020844528,ui_round-robin_burst_1788020829991,round-robin,server-3,GET,/api/work,200,25,,4
1788020844529,ui_round-robin_burst_1788020829991,round-robin,server-1,GET,/api/work,200,26,,4
1788020844531,ui_round-robin_burst_1788020829991,round-robin,server-2,GET,/api/work,200,26,,4
1788020844531,ui_round-robin_burst_1788020829991,round-robin,server-3,GET,/api/work,200,27,,4
1788020844533,ui_round-robin_burst_1788020829991,round-robin,server-1,GET,/api/work,200,26,,4
1788020844534,ui_round-robin_burst_1788020829991,round-robin,server-2,GET,/api/work,200,26,,5
1788020844536,ui_round-robin_burst_1788020829991,round-robin,server-3,GET,/api/work,200,26,,5
1788020844542,ui_round-robin_burst_1788020829991,round-robin,server-1,GET,/api/work,200,26,,5
1788020844544,ui_round-robin_burst_1788020829991,round-robin,server-3,GET,/api/work,200,26,,5
1788020844544,ui_round-robin_burst_1788020829991,round-robin,server-2,GET,/api/work,200,26,,6
1788020844546,ui_round-robin_burst_1788020829991,round-robin,server-1,GET,/api/work,200,26,,5
1788020844549,ui_round-robin_burst_1788020829991,round-robin,server-2,GET,/api/work,200,27,,5
1788020844550,ui_round-robin_burst_1788020829991,round-robin,server-3,GET,/api/work,200,27,,5
1788020844555,ui_round-robin_burst_1788020829991,round-robin,server-1,GET,/api/work,200,27,,7
1788020844556,ui_round-robin_burst_1788020829991,round-robin,server-2,GET,/api/work,200,27,,8
1788020844557,ui_round-robin_burst_1788020829991,round-robin,server-3,GET,/api/work,200,27,,7
1788020844558,ui_round-robin_burst_1788020829991,round-robin,server-1,GET,/api/work,200,27,,7
1788020844558,ui_round-robin_burst_1788020829991,round-robin,server-2,GET,/api/work,200,27,,7
1788020844560,ui_round-robin_burst_1788020829991,round-robin,server-1,GET,/api/work,200,26,,7
1788020844560,ui_round-robin_burst_1788020829991,round-robin,server-2,GET,/api/work,200,27,,7
1788020844560,ui_round-robin_burst_1788020829991,round-robin,server-3,GET,/api/work,200,27,,7
1788020844561,ui_round-robin_burst_1788020829991,round-robin,server-3,GET,/api/work,200,27,,6
1788020844562,ui_round-robin_burst_1788020829991,round-robin,server-1,GET,/api/work,200,27,,6
1788020844562,ui_round-robin_burst_1788020829991,round-robin,server-2,GET,/api/work,200,27,,6
1788020844564,ui_round-robin_burst_1788020829991,round-robin,server-3,GET,/api/work,200,26,,6
1788020844569,ui_round-robin_burst_1788020829991,round-robin,server-1,GET,/api/work,200,27,,7
1788020844570,ui_round-robin_burst_1788020829991,round-robin,server-2,GET,/api/work,200,27,,6
1788020844574,ui_round-robin_burst_1788020829991,round-robin,server-3,GET,/api/work,200,26,,6
1788020844574,ui_round-robin_burst_1788020829991,round-robin,server-1,GET,/api/work,200,27,,7
1788020844578,ui_round-robin_burst_1788020829991,round-robin,server-1,GET,/api/work,200,26,,6
1788020844577,ui_round-robin_burst_1788020829991,round-robin,server-2,GET,/api/work,200,27,,7
1788020844579,ui_round-robin_burst_1788020829991,round-robin,server-1,GET,/api/work,200,26,,5
1788020844578,ui_round-robin_burst_1788020829991,round-robin,server-2,GET,/api/work,200,27,,6
1788020844577,ui_round-robin_burst_1788020829991,round-robin,server-3,GET,/api/work,200,29,,6
1788020844578,ui_round-robin_burst_1788020829991,round-robin,server-3,GET,/api/work,200,29,,5
1788020844580,ui_round-robin_burst_1788020829991,round-robin,server-2,GET,/api/work,200,28,,5
1788020844583,ui_round-robin_burst_1788020829991,round-robin,server-1,GET,/api/work,200,26,,4
1788020844582,ui_round-robin_burst_1788020829991,round-robin,server-3,GET,/api/work,200,27,,5
1788020844583,ui_round-robin_burst_1788020829991,round-robin,server-2,GET,/api/work,200,27,,4
1788020844584,ui_round-robin_burst_1788020829991,round-robin,server-3,GET,/api/work,200,27,,4
1788020844586,ui_round-robin_burst_1788020829991,round-robin,server-1,GET,/api/work,200,26,,4
1788020844587,ui_round-robin_burst_1788020829991,round-robin,server-2,GET,/api/work,200,25,,3
1788020844589,ui_round-robin_burst_1788020829991,round-robin,server-3,GET,/api/work,200,26,,3
1788020844590,ui_round-robin_burst_1788020829991,round-robin,server-2,GET,/api/work,200,26,,4
1788020844591,ui_round-robin_burst_1788020829991,round-robin,server-3,GET,/api/work,200,26,,4
1788020844590,ui_round-robin_burst_1788020829991,round-robin,server-1,GET,/api/work,200,27,,4
1788020844592,ui_round-robin_burst_1788020829991,round-robin,server-1,GET,/api/work,200,30,,6
1788020844599,ui_round-robin_burst_1788020829991,round-robin,server-2,GET,/api/work,200,27,,5
1788020844601,ui_round-robin_burst_1788020829991,round-robin,server-3,GET,/api/work,200,26,,5
1788020844601,ui_round-robin_burst_1788020829991,round-robin,server-1,GET,/api/work,200,27,,5
1788020844603,ui_round-robin_burst_1788020829991,round-robin,server-2,GET,/api/work,200,26,,5
1788020844608,ui_round-robin_burst_1788020829991,round-robin,server-3,GET,/api/work,200,26,,5
1788020844609,ui_round-robin_burst_1788020829991,round-robin,server-1,GET,/api/work,200,26,,5
1788020844614,ui_round-robin_burst_1788020829991,round-robin,server-2,GET,/api/work,200,26,,7
1788020844616,ui_round-robin_burst_1788020829991,round-robin,server-3,GET,/api/work,200,26,,8
1788020844616,ui_round-robin_burst_1788020829991,round-robin,server-1,GET,/api/work,200,26,,8
1788020844616,ui_round-robin_burst_1788020829991,round-robin,server-2,GET,/api/work,200,27,,7
1788020844616,ui_round-robin_burst_1788020829991,round-robin,server-3,GET,/api/work,200,27,,7
1788020844618,ui_round-robin_burst_1788020829991,round-robin,server-1,GET,/api/work,200,27,,7
1788020844618,ui_round-robin_burst_1788020829991,round-robin,server-2,GET,/api/work,200,27,,7
1788020844618,ui_round-robin_burst_1788020829991,round-robin,server-3,GET,/api/work,200,27,,7
1788020844619,ui_round-robin_burst_1788020829991,round-robin,server-1,GET,/api/work,200,27,,6
1788020844620,ui_round-robin_burst_1788020829991,round-robin,server-3,GET,/api/work,200,27,,6
1788020844620,ui_round-robin_burst_1788020829991,round-robin,server-2,GET,/api/work,200,27,,6
1788020844620,ui_round-robin_burst_1788020829991,round-robin,server-1,GET,/api/work,200,27,,6
1788020844627,ui_round-robin_burst_1788020829991,round-robin,server-3,GET,/api/work,200,26,,6
1788020844626,ui_round-robin_burst_1788020829991,round-robin,server-2,GET,/api/work,200,28,,7
1788020844631,ui_round-robin_burst_1788020829991,round-robin,server-1,GET,/api/work,200,26,,6
1788020844631,ui_round-robin_burst_1788020829991,round-robin,server-2,GET,/api/work,200,27,,6
1788020844635,ui_round-robin_burst_1788020829991,round-robin,server-3,GET,/api/work,200,25,,6
1788020844636,ui_round-robin_burst_1788020829991,round-robin,server-1,GET,/api/work,200,27,,6
1788020844636,ui_round-robin_burst_1788020829991,round-robin,server-2,GET,/api/work,200,27,,6
1788020844638,ui_round-robin_burst_1788020829991,round-robin,server-3,GET,/api/work,200,26,,6
1788020844638,ui_round-robin_burst_1788020829991,round-robin,server-1,GET,/api/work,200,26,,5
1788020844638,ui_round-robin_burst_1788020829991,round-robin,server-2,GET,/api/work,200,26,,5
1788020844639,ui_round-robin_burst_1788020829991,round-robin,server-3,GET,/api/work,200,26,,5
1788020844640,ui_round-robin_burst_1788020829991,round-robin,server-1,GET,/api/work,200,26,,5
1788020844641,ui_round-robin_burst_1788020829991,round-robin,server-2,GET,/api/work,200,26,,5
1788020844641,ui_round-robin_burst_1788020829991,round-robin,server-3,GET,/api/work,200,26,,4
1788020844641,ui_round-robin_burst_1788020829991,round-robin,server-1,GET,/api/work,200,27,,4
1788020844644,ui_round-robin_burst_1788020829991,round-robin,server-3,GET,/api/work,200,25,,3
1788020844643,ui_round-robin_burst_1788020829991,round-robin,server-2,GET,/api/work,200,26,,4
1788020844646,ui_round-robin_burst_1788020829991,round-robin,server-1,GET,/api/work,200,26,,3
1788020844647,ui_round-robin_burst_1788020829991,round-robin,server-2,GET,/api/work,200,27,,3
1788020844648,ui_round-robin_burst_1788020829991,round-robin,server-3,GET,/api/work,200,27,,4
1788020844648,ui_round-robin_burst_1788020829991,round-robin,server-1,GET,/api/work,200,27,,4
1788020844652,ui_round-robin_burst_1788020829991,round-robin,server-2,GET,/api/work,200,27,,6
1788020844656,ui_round-robin_burst_1788020829991,round-robin,server-3,GET,/api/work,200,26,,5
1788020844658,ui_round-robin_burst_1788020829991,round-robin,server-1,GET,/api/work,200,26,,5
1788020844659,ui_round-robin_burst_1788020829991,round-robin,server-2,GET,/api/work,200,26,,5
1788020844660,ui_round-robin_burst_1788020829991,round-robin,server-3,GET,/api/work,200,26,,5
1788020844665,ui_round-robin_burst_1788020829991,round-robin,server-1,GET,/api/work,200,26,,6
1788020844666,ui_round-robin_burst_1788020829991,round-robin,server-2,GET,/api/work,200,26,,5
1788020844671,ui_round-robin_burst_1788020829991,round-robin,server-3,GET,/api/work,200,27,,8
1788020844673,ui_round-robin_burst_1788020829991,round-robin,server-1,GET,/api/work,200,25,,8
1788020844674,ui_round-robin_burst_1788020829991,round-robin,server-2,GET,/api/work,200,26,,8
1788020844674,ui_round-robin_burst_1788020829991,round-robin,server-3,GET,/api/work,200,27,,8
1788020844675,ui_round-robin_burst_1788020829991,round-robin,server-1,GET,/api/work,200,26,,8
1788020844676,ui_round-robin_burst_1788020829991,round-robin,server-3,GET,/api/work,200,27,,7
1788020844676,ui_round-robin_burst_1788020829991,round-robin,server-2,GET,/api/work,200,27,,7
1788020844676,ui_round-robin_burst_1788020829991,round-robin,server-1,GET,/api/work,200,28,,7
1788020844676,ui_round-robin_burst_1788020829991,round-robin,server-2,GET,/api/work,200,28,,6
1788020844678,ui_round-robin_burst_1788020829991,round-robin,server-1,GET,/api/work,200,27,,6
1788020844678,ui_round-robin_burst_1788020829991,round-robin,server-3,GET,/api/work,200,27,,6
1788020844678,ui_round-robin_burst_1788020829991,round-robin,server-2,GET,/api/work,200,28,,6
1788020844684,ui_round-robin_burst_1788020829991,round-robin,server-3,GET,/api/work,200,26,,6
1788020844685,ui_round-robin_burst_1788020829991,round-robin,server-1,GET,/api/work,200,26,,6
1788020844688,ui_round-robin_burst_1788020829991,round-robin,server-2,GET,/api/work,200,27,,6
1788020844689,ui_round-robin_burst_1788020829991,round-robin,server-3,GET,/api/work,200,27,,6
1788020844691,ui_round-robin_burst_1788020829991,round-robin,server-1,GET,/api/work,200,27,,7
1788020844694,ui_round-robin_burst_1788020829991,round-robin,server-2,GET,/api/work,200,26,,6
1788020844694,ui_round-robin_burst_1788020829991,round-robin,server-1,GET,/api/work,200,27,,6
1788020844694,ui_round-robin_burst_1788020829991,round-robin,server-3,GET,/api/work,200,28,,6
1788020844695,ui_round-robin_burst_1788020829991,round-robin,server-2,GET,/api/work,200,28,,5
1788020844697,ui_round-robin_burst_1788020829991,round-robin,server-2,GET,/api/work,200,28,,5
1788020844698,ui_round-robin_burst_1788020829991,round-robin,server-2,GET,/api/work,200,27,,4
1788020844697,ui_round-robin_burst_1788020829991,round-robin,server-1,GET,/api/work,200,29,,5
1788020844698,ui_round-robin_burst_1788020829991,round-robin,server-1,GET,/api/work,200,29,,4
1788020844695,ui_round-robin_burst_1788020829991,round-robin,server-3,GET,/api/work,200,32,,6
1788020844697,ui_round-robin_burst_1788020829991,round-robin,server-3,GET,/api/work,200,31,,5
1788020844700,ui_round-robin_burst_1788020829991,round-robin,server-1,GET,/api/work,200,28,,3
1788020844700,ui_round-robin_burst_1788020829991,round-robin,server-3,GET,/api/work,200,29,,4
1788020844704,ui_round-robin_burst_1788020829991,round-robin,server-2,GET,/api/work,200,29,,5
1788020844707,ui_round-robin_burst_1788020829991,round-robin,server-2,GET,/api/work,200,27,,4
1788020844706,ui_round-robin_burst_1788020829991,round-robin,server-3,GET,/api/work,200,28,,4
1788020844707,ui_round-robin_burst_1788020829991,round-robin,server-1,GET,/api/work,200,28,,4
1788020844711,ui_round-robin_burst_1788020829991,round-robin,server-3,GET,/api/work,200,27,,5
1788020844713,ui_round-robin_burst_1788020829991,round-robin,server-1,GET,/api/work,200,27,,5
1788020844716,ui_round-robin_burst_1788020829991,round-robin,server-2,GET,/api/work,200,26,,5
1788020844716,ui_round-robin_burst_1788020829991,round-robin,server-3,GET,/api/work,200,27,,5
1788020844717,ui_round-robin_burst_1788020829991,round-robin,server-1,GET,/api/work,200,27,,5
1788020844723,ui_round-robin_burst_1788020829991,round-robin,server-2,GET,/api/work,200,27,,6
1788020844724,ui_round-robin_burst_1788020829991,round-robin,server-3,GET,/api/work,200,29,,6
1788020844730,ui_round-robin_burst_1788020829991,round-robin,server-2,GET,/api/work,200,26,,6
1788020844729,ui_round-robin_burst_1788020829991,round-robin,server-1,GET,/api/work,200,28,,6
1788020844731,ui_round-robin_burst_1788020829991,round-robin,server-1,GET,/api/work,200,27,,6
1788020844731,ui_round-robin_burst_1788020829991,round-robin,server-3,GET,/api/work,200,28,,7
1788020844732,ui_round-robin_burst_1788020829991,round-robin,server-2,GET,/api/work,200,27,,6
1788020844736,ui_round-robin_burst_1788020829991,round-robin,server-2,GET,/api/work,200,26,,7
1788020844736,ui_round-robin_burst_1788020829991,round-robin,server-1,GET,/api/work,200,26,,7
1788020844735,ui_round-robin_burst_1788020829991,round-robin,server-3,GET,/api/work,200,28,,7
1788020844737,ui_round-robin_burst_1788020829991,round-robin,server-3,GET,/api/work,200,27,,6
1788020844739,ui_round-robin_burst_1788020829991,round-robin,server-1,GET,/api/work,200,26,,6
1788020844739,ui_round-robin_burst_1788020829991,round-robin,server-3,GET,/api/work,200,27,,6
1788020844739,ui_round-robin_burst_1788020829991,round-robin,server-2,GET,/api/work,200,27,,6
1788020844741,ui_round-robin_burst_1788020829991,round-robin,server-1,GET,/api/work,200,26,,6
1788020844743,ui_round-robin_burst_1788020829991,round-robin,server-2,GET,/api/work,200,27,,6
1788020844746,ui_round-robin_burst_1788020829991,round-robin,server-1,GET,/api/work,200,26,,6
1788020844746,ui_round-robin_burst_1788020829991,round-robin,server-3,GET,/api/work,200,27,,6
1788020844748,ui_round-robin_burst_1788020829991,round-robin,server-2,GET,/api/work,200,27,,6
1788020844751,ui_round-robin_burst_1788020829991,round-robin,server-3,GET,/api/work,200,27,,6
1788020844751,ui_round-robin_burst_1788020829991,round-robin,server-1,GET,/api/work,200,27,,6
1788020844753,ui_round-robin_burst_1788020829991,round-robin,server-2,GET,/api/work,200,27,,6
1788020844754,ui_round-robin_burst_1788020829991,round-robin,server-3,GET,/api/work,200,27,,5
1788020844757,ui_round-robin_burst_1788020829991,round-robin,server-1,GET,/api/work,200,26,,5
1788020844757,ui_round-robin_burst_1788020829991,round-robin,server-2,GET,/api/work,200,27,,5
1788020844758,ui_round-robin_burst_1788020829991,round-robin,server-3,GET,/api/work,200,26,,5
1788020844759,ui_round-robin_burst_1788020829991,round-robin,server-1,GET,/api/work,200,26,,5
1788020844760,ui_round-robin_burst_1788020829991,round-robin,server-2,GET,/api/work,200,26,,4
1788020844761,ui_round-robin_burst_1788020829991,round-robin,server-2,GET,/api/work,200,25,,3
1788020844760,ui_round-robin_burst_1788020829991,round-robin,server-1,GET,/api/work,200,27,,4
1788020844760,ui_round-robin_burst_1788020829991,round-robin,server-3,GET,/api/work,200,28,,4
1788020844764,ui_round-robin_burst_1788020829991,round-robin,server-3,GET,/api/work,200,26,,4
1788020844766,ui_round-robin_burst_1788020829991,round-robin,server-1,GET,/api/work,200,26,,4
1788020844766,ui_round-robin_burst_1788020829991,round-robin,server-2,GET,/api/work,200,26,,4
1788020844767,ui_round-robin_burst_1788020829991,round-robin,server-3,GET,/api/work,200,27,,4
1788020844771,ui_round-robin_burst_1788020829991,round-robin,server-2,GET,/api/work,200,30,,5
1788020844771,ui_round-robin_burst_1788020829991,round-robin,server-1,GET,/api/work,200,30,,6
1788020844773,ui_round-robin_burst_1788020829991,round-robin,server-3,GET,/api/work,200,29,,5
1788020844775,ui_round-robin_burst_1788020829991,round-robin,server-2,GET,/api/work,200,29,,5
1788020844773,ui_round-robin_burst_1788020829991,round-robin,server-1,GET,/api/work,200,31,,5
1788020844782,ui_round-robin_burst_1788020829991,round-robin,server-3,GET,/api/work,200,28,,6
1788020844785,ui_round-robin_burst_1788020829991,round-robin,server-1,GET,/api/work,200,27,,6
1788020844789,ui_round-robin_burst_1788020829991,round-robin,server-2,GET,/api/work,200,26,,7
1788020844790,ui_round-robin_burst_1788020829991,round-robin,server-1,GET,/api/work,200,26,,6
1788020844789,ui_round-robin_burst_1788020829991,round-robin,server-3,GET,/api/work,200,29,,6
1788020844791,ui_round-robin_burst_1788020829991,round-robin,server-2,GET,/api/work,200,28,,7
1788020844791,ui_round-robin_burst_1788020829991,round-robin,server-3,GET,/api/work,200,29,,7
1788020844794,ui_round-robin_burst_1788020829991,round-robin,server-1,GET,/api/work,200,28,,7
1788020844794,ui_round-robin_burst_1788020829991,round-robin,server-2,GET,/api/work,200,28,,7
1788020844795,ui_round-robin_burst_1788020829991,round-robin,server-3,GET,/api/work,200,28,,7
1788020844796,ui_round-robin_burst_1788020829991,round-robin,server-1,GET,/api/work,200,28,,7
1788020844796,ui_round-robin_burst_1788020829991,round-robin,server-2,GET,/api/work,200,29,,7
1788020844797,ui_round-robin_burst_1788020829991,round-robin,server-1,GET,/api/work,200,29,,6
1788020844797,ui_round-robin_burst_1788020829991,round-robin,server-3,GET,/api/work,200,29,,6
1788020844802,ui_round-robin_burst_1788020829991,round-robin,server-3,GET,/api/work,200,26,,6
1788020844802,ui_round-robin_burst_1788020829991,round-robin,server-2,GET,/api/work,200,26,,6
1788020844805,ui_round-robin_burst_1788020829991,round-robin,server-1,GET,/api/work,200,27,,6
1788020844806,ui_round-robin_burst_1788020829991,round-robin,server-3,GET,/api/work,200,27,,5
1788020844805,ui_round-robin_burst_1788020829991,round-robin,server-2,GET,/api/work,200,28,,5
1788020844811,ui_round-robin_burst_1788020829991,round-robin,server-1,GET,/api/work,200,26,,6
1788020844811,ui_round-robin_burst_1788020829991,round-robin,server-2,GET,/api/work,200,27,,6
1788020844811,ui_round-robin_burst_1788020829991,round-robin,server-3,GET,/api/work,200,27,,6
1788020844812,ui_round-robin_burst_1788020829991,round-robin,server-1,GET,/api/work,200,28,,5
1788020844814,ui_round-robin_burst_1788020829991,round-robin,server-2,GET,/api/work,200,26,,5
1788020844819,ui_round-robin_burst_1788020829991,round-robin,server-1,GET,/api/work,200,26,,5
1788020844818,ui_round-robin_burst_1788020829991,round-robin,server-3,GET,/api/work,200,29,,5
1788020844820,ui_round-robin_burst_1788020829991,round-robin,server-1,GET,/api/work,200,27,,4
1788020844819,ui_round-robin_burst_1788020829991,round-robin,server-2,GET,/api/work,200,29,,5
1788020844819,ui_round-robin_burst_1788020829991,round-robin,server-3,GET,/api/work,200,29,,4
1788020844821,ui_round-robin_burst_1788020829991,round-robin,server-2,GET,/api/work,200,28,,4
1788020844821,ui_round-robin_burst_1788020829991,round-robin,server-3,GET,/api/work,200,28,,3
1788020844823,ui_round-robin_burst_1788020829991,round-robin,server-2,GET,/api/work,200,28,,3
1788020844823,ui_round-robin_burst_1788020829991,round-robin,server-1,GET,/api/work,200,28,,4
1788020844827,ui_round-robin_burst_1788020829991,round-robin,server-3,GET,/api/work,200,27,,4
1788020844827,ui_round-robin_burst_1788020829991,round-robin,server-1,GET,/api/work,200,28,,4
1788020844835,ui_round-robin_burst_1788020829991,round-robin,server-1,GET,/api/work,200,25,,6
1788020844834,ui_round-robin_burst_1788020829991,round-robin,server-2,GET,/api/work,200,26,,6
1788020844834,ui_round-robin_burst_1788020829991,round-robin,server-3,GET,/api/work,200,27,,6
1788020844836,ui_round-robin_burst_1788020829991,round-robin,server-2,GET,/api/work,200,27,,5
1788020844837,ui_round-robin_burst_1788020829991,round-robin,server-3,GET,/api/work,200,26,,5
1788020844841,ui_round-robin_burst_1788020829991,round-robin,server-1,GET,/api/work,200,27,,6
1788020844843,ui_round-robin_burst_1788020829991,round-robin,server-2,GET,/api/work,200,26,,6
1788020844850,ui_round-robin_burst_1788020829991,round-robin,server-3,GET,/api/work,200,26,,7
1788020844850,ui_round-robin_burst_1788020829991,round-robin,server-1,GET,/api/work,200,27,,6
1788020844852,ui_round-robin_burst_1788020829991,round-robin,server-2,GET,/api/work,200,26,,6
1788020844852,ui_round-robin_burst_1788020829991,round-robin,server-3,GET,/api/work,200,27,,6
1788020844853,ui_round-robin_burst_1788020829991,round-robin,server-1,GET,/api/work,200,28,,6
1788020844855,ui_round-robin_burst_1788020829991,round-robin,server-2,GET,/api/work,200,29,,7
1788020844855,ui_round-robin_burst_1788020829991,round-robin,server-3,GET,/api/work,200,29,,6
1788020844856,ui_round-robin_burst_1788020829991,round-robin,server-1,GET,/api/work,200,29,,7
1788020844858,ui_round-robin_burst_1788020829991,round-robin,server-2,GET,/api/work,200,29,,7
1788020844858,ui_round-robin_burst_1788020829991,round-robin,server-1,GET,/api/work,200,29,,6
1788020844858,ui_round-robin_burst_1788020829991,round-robin,server-3,GET,/api/work,200,29,,7
1788020844858,ui_round-robin_burst_1788020829991,round-robin,server-2,GET,/api/work,200,30,,6
1788020844859,ui_round-robin_burst_1788020829991,round-robin,server-3,GET,/api/work,200,29,,6
1788020844859,ui_round-robin_burst_1788020829991,round-robin,server-1,GET,/api/work,200,30,,5
1788020844864,ui_round-robin_burst_1788020829991,round-robin,server-2,GET,/api/work,200,27,,6
1788020844864,ui_round-robin_burst_1788020829991,round-robin,server-3,GET,/api/work,200,28,,6
1788020844864,ui_round-robin_burst_1788020829991,round-robin,server-1,GET,/api/work,200,28,,5
1788020844869,ui_round-robin_burst_1788020829991,round-robin,server-2,GET,/api/work,200,27,,6
1788020844870,ui_round-robin_burst_1788020829991,round-robin,server-3,GET,/api/work,200,26,,6
1788020844870,ui_round-robin_burst_1788020829991,round-robin,server-1,GET,/api/work,200,27,,6
1788020844871,ui_round-robin_burst_1788020829991,round-robin,server-3,GET,/api/work,200,27,,5
1788020844871,ui_round-robin_burst_1788020829991,round-robin,server-2,GET,/api/work,200,27,,5
1788020844877,ui_round-robin_burst_1788020829991,round-robin,server-1,GET,/api/work,200,27,,5
1788020844879,ui_round-robin_burst_1788020829991,round-robin,server-2,GET,/api/work,200,26,,5
1788020844881,ui_round-robin_burst_1788020829991,round-robin,server-3,GET,/api/work,200,27,,5
1788020844882,ui_round-robin_burst_1788020829991,round-robin,server-1,GET,/api/work,200,27,,5
1788020844882,ui_round-robin_burst_1788020829991,round-robin,server-2,GET,/api/work,200,28,,5
1788020844885,ui_round-robin_burst_1788020829991,round-robin,server-3,GET,/api/work,200,26,,5
1788020844885,ui_round-robin_burst_1788020829991,round-robin,server-1,GET,/api/work,200,26,,4
1788020844885,ui_round-robin_burst_1788020829991,round-robin,server-2,GET,/api/work,200,27,,4
1788020844886,ui_round-robin_burst_1788020829991,round-robin,server-3,GET,/api/work,200,27,,4
1788020844889,ui_round-robin_burst_1788020829991,round-robin,server-1,GET,/api/work,200,26,,4
1788020844889,ui_round-robin_burst_1788020829991,round-robin,server-2,GET,/api/work,200,26,,3
1788020844891,ui_round-robin_burst_1788020829991,round-robin,server-3,GET,/api/work,200,27,,4
1788020844893,ui_round-robin_burst_1788020829991,round-robin,server-2,GET,/api/work,200,25,,3
1788020844892,ui_round-robin_burst_1788020829991,round-robin,server-1,GET,/api/work,200,27,,4
1788020844895,ui_round-robin_burst_1788020829991,round-robin,server-1,GET,/api/work,200,26,,3
1788020844894,ui_round-robin_burst_1788020829991,round-robin,server-3,GET,/api/work,200,28,,3
1788020844899,ui_round-robin_burst_1788020829991,round-robin,server-2,GET,/api/work,200,26,,6
1788020844900,ui_round-robin_burst_1788020829991,round-robin,server-3,GET,/api/work,200,26,,5
1788020844908,ui_round-robin_burst_1788020829991,round-robin,server-1,GET,/api/work,200,26,,7
1788020844909,ui_round-robin_burst_1788020829991,round-robin,server-3,GET,/api/work,200,26,,7
1788020844908,ui_round-robin_burst_1788020829991,round-robin,server-2,GET,/api/work,200,29,,7
1788020844914,ui_round-robin_burst_1788020829991,round-robin,server-1,GET,/api/work,200,27,,7
1788020844916,ui_round-robin_burst_1788020829991,round-robin,server-2,GET,/api/work,200,27,,7
1788020844917,ui_round-robin_burst_1788020829991,round-robin,server-3,GET,/api/work,200,26,,7
1788020844918,ui_round-robin_burst_1788020829991,round-robin,server-1,GET,/api/work,200,26,,8
1788020844920,ui_round-robin_burst_1788020829991,round-robin,server-2,GET,/api/work,200,26,,7
1788020844922,ui_round-robin_burst_1788020829991,round-robin,server-3,GET,/api/work,200,26,,8
1788020844922,ui_round-robin_burst_1788020829991,round-robin,server-1,GET,/api/work,200,27,,7
1788020844922,ui_round-robin_burst_1788020829991,round-robin,server-2,GET,/api/work,200,27,,7
1788020844923,ui_round-robin_burst_1788020829991,round-robin,server-1,GET,/api/work,200,26,,7
1788020844922,ui_round-robin_burst_1788020829991,round-robin,server-3,GET,/api/work,200,28,,7
1788020844923,ui_round-robin_burst_1788020829991,round-robin,server-2,GET,/api/work,200,27,,6
1788020844924,ui_round-robin_burst_1788020829991,round-robin,server-1,GET,/api/work,200,27,,6
1788020844924,ui_round-robin_burst_1788020829991,round-robin,server-3,GET,/api/work,200,27,,6
1788020844924,ui_round-robin_burst_1788020829991,round-robin,server-2,GET,/api/work,200,28,,6
1788020844926,ui_round-robin_burst_1788020829991,round-robin,server-3,GET,/api/work,200,26,,6
1788020844927,ui_round-robin_burst_1788020829991,round-robin,server-1,GET,/api/work,200,27,,5
1788020844929,ui_round-robin_burst_1788020829991,round-robin,server-2,GET,/api/work,200,26,,6
1788020844930,ui_round-robin_burst_1788020829991,round-robin,server-1,GET,/api/work,200,26,,5
1788020844930,ui_round-robin_burst_1788020829991,round-robin,server-3,GET,/api/work,200,27,,6
1788020844935,ui_round-robin_burst_1788020829991,round-robin,server-3,GET,/api/work,200,27,,5
1788020844935,ui_round-robin_burst_1788020829991,round-robin,server-2,GET,/api/work,200,27,,5
1788020844940,ui_round-robin_burst_1788020829991,round-robin,server-2,GET,/api/work,200,26,,5
1788020844940,ui_round-robin_burst_1788020829991,round-robin,server-1,GET,/api/work,200,27,,5
1788020844940,ui_round-robin_burst_1788020829991,round-robin,server-3,GET,/api/work,200,27,,4
1788020844942,ui_round-robin_burst_1788020829991,round-robin,server-1,GET,/api/work,200,27,,5
1788020844944,ui_round-robin_burst_1788020829991,round-robin,server-1,GET,/api/work,200,26,,4
1788020844944,ui_round-robin_burst_1788020829991,round-robin,server-2,GET,/api/work,200,27,,4
1788020844944,ui_round-robin_burst_1788020829991,round-robin,server-3,GET,/api/work,200,28,,4
1788020844946,ui_round-robin_burst_1788020829991,round-robin,server-2,GET,/api/work,200,27,,4
1788020844947,ui_round-robin_burst_1788020829991,round-robin,server-3,GET,/api/work,200,27,,3
1788020844949,ui_round-robin_burst_1788020829991,round-robin,server-1,GET,/api/work,200,27,,4
1788020844951,ui_round-robin_burst_1788020829991,round-robin,server-2,GET,/api/work,200,26,,4
1788020844952,ui_round-robin_burst_1788020829991,round-robin,server-3,GET,/api/work,200,27,,4
1788020844954,ui_round-robin_burst_1788020829991,round-robin,server-1,GET,/api/work,200,26,,5
1788020844954,ui_round-robin_burst_1788020829991,round-robin,server-2,GET,/api/work,200,27,,5
1788020844956,ui_round-robin_burst_1788020829991,round-robin,server-3,GET,/api/work,200,27,,5
1788020844957,ui_round-robin_burst_1788020829991,round-robin,server-1,GET,/api/work,200,27,,6
1788020844965,ui_round-robin_burst_1788020829991,round-robin,server-2,GET,/api/work,200,26,,7
1788020844967,ui_round-robin_burst_1788020829991,round-robin,server-1,GET,/api/work,200,26,,6
1788020844967,ui_round-robin_burst_1788020829991,round-robin,server-3,GET,/api/work,200,27,,7
1788020844972,ui_round-robin_burst_1788020829991,round-robin,server-2,GET,/api/work,200,26,,7
1788020844975,ui_round-robin_burst_1788020829991,round-robin,server-2,GET,/api/work,200,26,,7
1788020844974,ui_round-robin_burst_1788020829991,round-robin,server-3,GET,/api/work,200,29,,8
1788020844976,ui_round-robin_burst_1788020829991,round-robin,server-3,GET,/api/work,200,27,,7
1788020844975,ui_round-robin_burst_1788020829991,round-robin,server-1,GET,/api/work,200,29,,8
1788020844979,ui_round-robin_burst_1788020829991,round-robin,server-1,GET,/api/work,200,26,,7
1788020844980,ui_round-robin_burst_1788020829991,round-robin,server-2,GET,/api/work,200,27,,7
1788020844980,ui_round-robin_burst_1788020829991,round-robin,server-1,GET,/api/work,200,27,,7
1788020844980,ui_round-robin_burst_1788020829991,round-robin,server-3,GET,/api/work,200,29,,7
1788020844982,ui_round-robin_burst_1788020829991,round-robin,server-3,GET,/api/work,200,28,,6
1788020844981,ui_round-robin_burst_1788020829991,round-robin,server-2,GET,/api/work,200,29,,7
1788020844982,ui_round-robin_burst_1788020829991,round-robin,server-1,GET,/api/work,200,29,,6
1788020844983,ui_round-robin_burst_1788020829991,round-robin,server-2,GET,/api/work,200,29,,6
1788020844983,ui_round-robin_burst_1788020829991,round-robin,server-1,GET,/api/work,200,29,,5
1788020844983,ui_round-robin_burst_1788020829991,round-robin,server-3,GET,/api/work,200,30,,6
1788020844985,ui_round-robin_burst_1788020829991,round-robin,server-2,GET,/api/work,200,30,,6
1788020844986,ui_round-robin_burst_1788020829991,round-robin,server-3,GET,/api/work,200,29,,5
1788020844987,ui_round-robin_burst_1788020829991,round-robin,server-1,GET,/api/work,200,29,,5
1788020844988,ui_round-robin_burst_1788020829991,round-robin,server-2,GET,/api/work,200,28,,5
1788020844994,ui_round-robin_burst_1788020829991,round-robin,server-3,GET,/api/work,200,26,,5
1788020844994,ui_round-robin_burst_1788020829991,round-robin,server-1,GET,/api/work,200,27,,5
1788020844997,ui_round-robin_burst_1788020829991,round-robin,server-2,GET,/api/work,200,26,,5
1788020844997,ui_round-robin_burst_1788020829991,round-robin,server-3,GET,/api/work,200,26,,5
1788020844997,ui_round-robin_burst_1788020829991,round-robin,server-1,GET,/api/work,200,28,,4
1788020844999,ui_round-robin_burst_1788020829991,round-robin,server-2,GET,/api/work,200,28,,5
1788020845002,ui_round-robin_burst_1788020829991,round-robin,server-1,GET,/api/work,200,27,,4
1788020845002,ui_round-robin_burst_1788020829991,round-robin,server-3,GET,/api/work,200,29,,4
1788020845004,ui_round-robin_burst_1788020829991,round-robin,server-2,GET,/api/work,200,28,,4
1788020845006,ui_round-robin_burst_1788020829991,round-robin,server-1,GET,/api/work,200,28,,4
1788020845005,ui_round-robin_burst_1788020829991,round-robin,server-3,GET,/api/work,200,30,,4
1788020845008,ui_round-robin_burst_1788020829991,round-robin,server-2,GET,/api/work,200,29,,4
1788020845010,ui_round-robin_burst_1788020829991,round-robin,server-3,GET,/api/work,200,29,,4
1788020845014,ui_round-robin_burst_1788020829991,round-robin,server-2,GET,/api/work,200,27,,4
1788020845017,ui_round-robin_burst_1788020829991,round-robin,server-2,GET,/api/work,200,27,,4
1788020845016,ui_round-robin_burst_1788020829991,round-robin,server-3,GET,/api/work,200,29,,4
1788020845014,ui_round-robin_burst_1788020829991,round-robin,server-1,GET,/api/work,200,33,,6
1788020845017,ui_round-robin_burst_1788020829991,round-robin,server-1,GET,/api/work,200,31,,5
1788020845022,ui_round-robin_burst_1788020829991,round-robin,server-3,GET,/api/work,200,29,,6
1788020845025,ui_round-robin_burst_1788020829991,round-robin,server-1,GET,/api/work,200,29,,7
1788020845025,ui_round-robin_burst_1788020829991,round-robin,server-2,GET,/api/work,200,30,,7
1788020845033,ui_round-robin_burst_1788020829991,round-robin,server-1,GET,/api/work,200,26,,7
1788020845031,ui_round-robin_burst_1788020829991,round-robin,server-3,GET,/api/work,200,29,,8
1788020845036,ui_round-robin_burst_1788020829991,round-robin,server-2,GET,/api/work,200,27,,7
1788020845036,ui_round-robin_burst_1788020829991,round-robin,server-3,GET,/api/work,200,29,,7
1788020845038,ui_round-robin_burst_1788020829991,round-robin,server-1,GET,/api/work,200,30,,7
1788020845038,ui_round-robin_burst_1788020829991,round-robin,server-2,GET,/api/work,200,32,,7
1788020845041,ui_round-robin_burst_1788020829991,round-robin,server-3,GET,/api/work,200,30,,7
1788020845042,ui_round-robin_burst_1788020829991,round-robin,server-2,GET,/api/work,200,31,,7
1788020845046,ui_round-robin_burst_1788020829991,round-robin,server-3,GET,/api/work,200,28,,7
1788020845048,ui_round-robin_burst_1788020829991,round-robin,server-2,GET,/api/work,200,27,,7
1788020845049,ui_round-robin_burst_1788020829991,round-robin,server-2,GET,/api/work,200,27,,6
1788020845049,ui_round-robin_burst_1788020829991,round-robin,server-3,GET,/api/work,200,28,,6
1788020845041,ui_round-robin_burst_1788020829991,round-robin,server-1,GET,/api/work,200,37,,8
1788020845046,ui_round-robin_burst_1788020829991,round-robin,server-1,GET,/api/work,200,32,,7
1788020845049,ui_round-robin_burst_1788020829991,round-robin,server-1,GET,/api/work,200,30,,6
1788020845050,ui_round-robin_burst_1788020829991,round-robin,server-1,GET,/api/work,200,30,,5
1788020845052,ui_round-robin_burst_1788020829991,round-robin,server-1,GET,/api/work,200,29,,4
1788020845049,ui_round-robin_burst_1788020829991,round-robin,server-3,GET,/api/work,200,33,,6
1788020845052,ui_round-robin_burst_1788020829991,round-robin,server-3,GET,/api/work,200,30,,5
1788020845052,ui_round-robin_burst_1788020829991,round-robin,server-2,GET,/api/work,200,31,,5
1788020845052,ui_round-robin_burst_1788020829991,round-robin,server-2,GET,/api/work,200,32,,4
1788020845053,ui_round-robin_burst_1788020829991,round-robin,server-3,GET,/api/work,200,33,,5
1788020845056,ui_round-robin_burst_1788020829991,round-robin,server-2,GET,/api/work,200,31,,4
1788020845054,ui_round-robin_burst_1788020829991,round-robin,server-1,GET,/api/work,200,33,,4
1788020845058,ui_round-robin_burst_1788020829991,round-robin,server-3,GET,/api/work,200,30,,4
1788020845061,ui_round-robin_burst_1788020829991,round-robin,server-1,GET,/api/work,200,29,,4
1788020845069,ui_round-robin_burst_1788020829991,round-robin,server-3,GET,/api/work,200,27,,5
1788020845068,ui_round-robin_burst_1788020829991,round-robin,server-2,GET,/api/work,200,30,,5
1788020845072,ui_round-robin_burst_1788020829991,round-robin,server-2,GET,/api/work,200,27,,4
1788020845074,ui_round-robin_burst_1788020829991,round-robin,server-2,GET,/api/work,200,26,,3
1788020845072,ui_round-robin_burst_1788020829991,round-robin,server-3,GET,/api/work,200,29,,4
1788020845071,ui_round-robin_burst_1788020829991,round-robin,server-1,GET,/api/work,200,32,,5
1788020845074,ui_round-robin_burst_1788020829991,round-robin,server-1,GET,/api/work,200,30,,4
1788020845080,ui_round-robin_burst_1788020829991,round-robin,server-3,GET,/api/work,200,28,,5
1788020845084,ui_round-robin_burst_1788020829991,round-robin,server-1,GET,/api/work,200,26,,5
1788020845085,ui_round-robin_burst_1788020829991,round-robin,server-2,GET,/api/work,200,27,,5
1788020845085,ui_round-robin_burst_1788020829991,round-robin,server-3,GET,/api/work,200,28,,5
1788020845089,ui_round-robin_burst_1788020829991,round-robin,server-1,GET,/api/work,200,27,,6
1788020845089,ui_round-robin_burst_1788020829991,round-robin,server-2,GET,/api/work,200,27,,5
1788020845091,ui_round-robin_burst_1788020829991,round-robin,server-2,GET,/api/work,200,27,,5
1788020845091,ui_round-robin_burst_1788020829991,round-robin,server-3,GET,/api/work,200,28,,6
1788020845091,ui_round-robin_burst_1788020829991,round-robin,server-1,GET,/api/work,200,29,,5
1788020845095,ui_round-robin_burst_1788020829991,round-robin,server-3,GET,/api/work,200,27,,6
1788020845100,ui_round-robin_burst_1788020829991,round-robin,server-1,GET,/api/work,200,26,,7
1788020845102,ui_round-robin_burst_1788020829991,round-robin,server-2,GET,/api/work,200,27,,7
1788020845103,ui_round-robin_burst_1788020829991,round-robin,server-3,GET,/api/work,200,27,,7
1788020845105,ui_round-robin_burst_1788020829991,round-robin,server-1,GET,/api/work,200,28,,7
1788020845105,ui_round-robin_burst_1788020829991,round-robin,server-2,GET,/api/work,200,30,,7
1788020845107,ui_round-robin_burst_1788020829991,round-robin,server-1,GET,/api/work,200,29,,7
1788020845106,ui_round-robin_burst_1788020829991,round-robin,server-3,GET,/api/work,200,31,,7
1788020845109,ui_round-robin_burst_1788020829991,round-robin,server-3,GET,/api/work,200,29,,6
1788020845108,ui_round-robin_burst_1788020829991,round-robin,server-2,GET,/api/work,200,31,,7
1788020845114,ui_round-robin_burst_1788020829991,round-robin,server-3,GET,/api/work,200,26,,6
1788020845114,ui_round-robin_burst_1788020829991,round-robin,server-2,GET,/api/work,200,28,,6
1788020845114,ui_round-robin_burst_1788020829991,round-robin,server-1,GET,/api/work,200,29,,7
1788020845115,ui_round-robin_burst_1788020829991,round-robin,server-1,GET,/api/work,200,28,,6
1788020845119,ui_round-robin_burst_1788020829991,round-robin,server-3,GET,/api/work,200,26,,6
1788020845117,ui_round-robin_burst_1788020829991,round-robin,server-2,GET,/api/work,200,30,,6
1788020845121,ui_round-robin_burst_1788020829991,round-robin,server-2,GET,/api/work,200,27,,5
1788020845121,ui_round-robin_burst_1788020829991,round-robin,server-3,GET,/api/work,200,30,,6
1788020845121,ui_round-robin_burst_1788020829991,round-robin,server-1,GET,/api/work,200,30,,6
1788020845123,ui_round-robin_burst_1788020829991,round-robin,server-1,GET,/api/work,200,28,,5
1788020845123,ui_round-robin_burst_1788020829991,round-robin,server-3,GET,/api/work,200,29,,5
1788020845123,ui_round-robin_burst_1788020829991,round-robin,server-2,GET,/api/work,200,29,,5
1788020845124,ui_round-robin_burst_1788020829991,round-robin,server-1,GET,/api/work,200,29,,4
1788020845124,ui_round-robin_burst_1788020829991,round-robin,server-2,GET,/api/work,200,30,,4
1788020845127,ui_round-robin_burst_1788020829991,round-robin,server-3,GET,/api/work,200,29,,5
1788020845130,ui_round-robin_burst_1788020829991,round-robin,server-1,GET,/api/work,200,28,,5
1788020845130,ui_round-robin_burst_1788020829991,round-robin,server-2,GET,/api/work,200,28,,5
1788020845134,ui_round-robin_burst_1788020829991,round-robin,server-3,GET,/api/work,200,26,,4
1788020845134,ui_round-robin_burst_1788020829991,round-robin,server-1,GET,/api/work,200,27,,4
1788020845137,ui_round-robin_burst_1788020829991,round-robin,server-2,GET,/api/work,200,26,,4
1788020845140,ui_round-robin_burst_1788020829991,round-robin,server-1,GET,/api/work,200,26,,4
1788020845139,ui_round-robin_burst_1788020829991,round-robin,server-3,GET,/api/work,200,27,,4
1788020845144,ui_round-robin_burst_1788020829991,round-robin,server-2,GET,/api/work,200,28,,5
1788020845145,ui_round-robin_burst_1788020829991,round-robin,server-3,GET,/api/work,200,27,,5
1788020845145,ui_round-robin_burst_1788020829991,round-robin,server-1,GET,/api/work,200,28,,5
1788020845149,ui_round-robin_burst_1788020829991,round-robin,server-3,GET,/api/work,200,27,,5
1788020845148,ui_round-robin_burst_1788020829991,round-robin,server-2,GET,/api/work,200,28,,6
1788020845155,ui_round-robin_burst_1788020829991,round-robin,server-1,GET,/api/work,200,25,,6
1788020845155,ui_round-robin_burst_1788020829991,round-robin,server-2,GET,/api/work,200,26,,6
1788020845155,ui_round-robin_burst_1788020829991,round-robin,server-3,GET,/api/work,200,27,,5
1788020845157,ui_round-robin_burst_1788020829991,round-robin,server-1,GET,/api/work,200,27,,5
1788020845158,ui_round-robin_burst_1788020829991,round-robin,server-2,GET,/api/work,200,26,,5
1788020845161,ui_round-robin_burst_1788020829991,round-robin,server-3,GET,/api/work,200,26,,7
1788020845164,ui_round-robin_burst_1788020829991,round-robin,server-1,GET,/api/work,200,26,,7
1788020845165,ui_round-robin_burst_1788020829991,round-robin,server-2,GET,/api/work,200,26,,7
1788020845168,ui_round-robin_burst_1788020829991,round-robin,server-1,GET,/api/work,200,26,,7
1788020845168,ui_round-robin_burst_1788020829991,round-robin,server-3,GET,/api/work,200,27,,8
1788020845170,ui_round-robin_burst_1788020829991,round-robin,server-2,GET,/api/work,200,26,,7
1788020845170,ui_round-robin_burst_1788020829991,round-robin,server-3,GET,/api/work,200,27,,7
1788020845171,ui_round-robin_burst_1788020829991,round-robin,server-1,GET,/api/work,200,27,,7
1788020845173,ui_round-robin_burst_1788020829991,round-robin,server-2,GET,/api/work,200,26,,7
1788020845175,ui_round-robin_burst_1788020829991,round-robin,server-1,GET,/api/work,200,26,,6
1788020845175,ui_round-robin_burst_1788020829991,round-robin,server-3,GET,/api/work,200,27,,6
1788020845175,ui_round-robin_burst_1788020829991,round-robin,server-2,GET,/api/work,200,27,,6
1788020845176,ui_round-robin_burst_1788020829991,round-robin,server-3,GET,/api/work,200,27,,5
1788020845178,ui_round-robin_burst_1788020829991,round-robin,server-1,GET,/api/work,200,27,,6
1788020845180,ui_round-robin_burst_1788020829991,round-robin,server-2,GET,/api/work,200,27,,6
1788020845185,ui_round-robin_burst_1788020829991,round-robin,server-2,GET,/api/work,200,25,,5
1788020845185,ui_round-robin_burst_1788020829991,round-robin,server-2,GET,/api/work,200,26,,4
1788020845184,ui_round-robin_burst_1788020829991,round-robin,server-3,GET,/api/work,200,28,,6
1788020845185,ui_round-robin_burst_1788020829991,round-robin,server-1,GET,/api/work,200,27,,6
1788020845185,ui_round-robin_burst_1788020829991,round-robin,server-1,GET,/api/work,200,27,,5
1788020845185,ui_round-robin_burst_1788020829991,round-robin,server-3,GET,/api/work,200,28,,5
1788020845188,ui_round-robin_burst_1788020829991,round-robin,server-1,GET,/api/work,200,26,,5
1788020845187,ui_round-robin_burst_1788020829991,round-robin,server-3,GET,/api/work,200,28,,5
1788020845189,ui_round-robin_burst_1788020829991,round-robin,server-3,GET,/api/work,200,27,,4
1788020845189,ui_round-robin_burst_1788020829991,round-robin,server-2,GET,/api/work,200,27,,5
1788020845192,ui_round-robin_burst_1788020829991,round-robin,server-1,GET,/api/work,200,26,,4
1788020845192,ui_round-robin_burst_1788020829991,round-robin,server-2,GET,/api/work,200,27,,4
1788020845194,ui_round-robin_burst_1788020829991,round-robin,server-3,GET,/api/work,200,25,,4
1788020845197,ui_round-robin_burst_1788020829991,round-robin,server-2,GET,/api/work,200,26,,4
1788020845197,ui_round-robin_burst_1788020829991,round-robin,server-1,GET,/api/work,200,27,,4
1788020845204,ui_round-robin_burst_1788020829991,round-robin,server-1,GET,/api/work,200,26,,5
1788020845204,ui_round-robin_burst_1788020829991,round-robin,server-2,GET,/api/work,200,26,,5
1788020845204,ui_round-robin_burst_1788020829991,round-robin,server-3,GET,/api/work,200,27,,6
1788020845208,ui_round-robin_burst_1788020829991,round-robin,server-1,GET,/api/work,200,25,,4
1788020845207,ui_round-robin_burst_1788020829991,round-robin,server-3,GET,/api/work,200,27,,5
1788020845212,ui_round-robin_burst_1788020829991,round-robin,server-2,GET,/api/work,200,26,,6
1788020845214,ui_round-robin_burst_1788020829991,round-robin,server-1,GET,/api/work,200,27,,5
1788020845214,ui_round-robin_burst_1788020829991,round-robin,server-3,GET,/api/work,200,27,,6
1788020845215,ui_round-robin_burst_1788020829991,round-robin,server-2,GET,/api/work,200,27,,5
1788020845216,ui_round-robin_burst_1788020829991,round-robin,server-3,GET,/api/work,200,27,,5
1788020845218,ui_round-robin_burst_1788020829991,round-robin,server-1,GET,/api/work,200,26,,5
1788020845220,ui_round-robin_burst_1788020829991,round-robin,server-2,GET,/api/work,200,26,,7
1788020845222,ui_round-robin_burst_1788020829991,round-robin,server-3,GET,/api/work,200,26,,7
1788020845224,ui_round-robin_burst_1788020829991,round-robin,server-1,GET,/api/work,200,27,,8
1788020845225,ui_round-robin_burst_1788020829991,round-robin,server-2,GET,/api/work,200,26,,7
1788020845227,ui_round-robin_burst_1788020829991,round-robin,server-3,GET,/api/work,200,26,,7
1788020845228,ui_round-robin_burst_1788020829991,round-robin,server-1,GET,/api/work,200,26,,7
1788020845229,ui_round-robin_burst_1788020829991,round-robin,server-2,GET,/api/work,200,26,,7
1788020845229,ui_round-robin_burst_1788020829991,round-robin,server-3,GET,/api/work,200,27,,7
1788020845234,ui_round-robin_burst_1788020829991,round-robin,server-2,GET,/api/work,200,27,,6
1788020845234,ui_round-robin_burst_1788020829991,round-robin,server-1,GET,/api/work,200,27,,6
1788020845234,ui_round-robin_burst_1788020829991,round-robin,server-3,GET,/api/work,200,27,,6
1788020845235,ui_round-robin_burst_1788020829991,round-robin,server-1,GET,/api/work,200,27,,5
1788020845236,ui_round-robin_burst_1788020829991,round-robin,server-2,GET,/api/work,200,27,,6
1788020845238,ui_round-robin_burst_1788020829991,round-robin,server-3,GET,/api/work,200,26,,6
1788020845242,ui_round-robin_burst_1788020829991,round-robin,server-1,GET,/api/work,200,26,,6
1788020845245,ui_round-robin_burst_1788020829991,round-robin,server-3,GET,/api/work,200,25,,6
1788020845245,ui_round-robin_burst_1788020829991,round-robin,server-1,GET,/api/work,200,27,,5
1788020845245,ui_round-robin_burst_1788020829991,round-robin,server-2,GET,/api/work,200,27,,6
1788020845245,ui_round-robin_burst_1788020829991,round-robin,server-3,GET,/api/work,200,28,,5
1788020845246,ui_round-robin_burst_1788020829991,round-robin,server-1,GET,/api/work,200,27,,4
1788020845245,ui_round-robin_burst_1788020829991,round-robin,server-2,GET,/api/work,200,28,,5
1788020845246,ui_round-robin_burst_1788020829991,round-robin,server-3,GET,/api/work,200,28,,4
1788020845246,ui_round-robin_burst_1788020829991,round-robin,server-1,GET,/api/work,200,28,,3
1788020845246,ui_round-robin_burst_1788020829991,round-robin,server-2,GET,/api/work,200,29,,4
1788020845249,ui_round-robin_burst_1788020829991,round-robin,server-2,GET,/api/work,200,27,,4
1788020845249,ui_round-robin_burst_1788020829991,round-robin,server-3,GET,/api/work,200,27,,4
1788020845250,ui_round-robin_burst_1788020829991,round-robin,server-1,GET,/api/work,200,27,,4
1788020845254,ui_round-robin_burst_1788020829991,round-robin,server-2,GET,/api/work,200,26,,4
1788020845254,ui_round-robin_burst_1788020829991,round-robin,server-3,GET,/api/work,200,28,,4
1788020845262,ui_round-robin_burst_1788020829991,round-robin,server-1,GET,/api/work,200,26,,6
1788020845262,ui_round-robin_burst_1788020829991,round-robin,server-2,GET,/api/work,200,26,,5
1788020845262,ui_round-robin_burst_1788020829991,round-robin,server-3,GET,/api/work,200,27,,5
1788020845264,ui_round-robin_burst_1788020829991,round-robin,server-1,GET,/api/work,200,26,,5
1788020845265,ui_round-robin_burst_1788020829991,round-robin,server-2,GET,/api/work,200,26,,4
1788020845269,ui_round-robin_burst_1788020829991,round-robin,server-3,GET,/api/work,200,25,,6
1788020845275,ui_round-robin_burst_1788020829991,round-robin,server-3,GET,/api/work,200,26,,6
1788020845275,ui_round-robin_burst_1788020829991,round-robin,server-1,GET,/api/work,200,26,,6
1788020845275,ui_round-robin_burst_1788020829991,round-robin,server-2,GET,/api/work,200,27,,6
1788020845276,ui_round-robin_burst_1788020829991,round-robin,server-1,GET,/api/work,200,26,,5
1788020845277,ui_round-robin_burst_1788020829991,round-robin,server-2,GET,/api/work,200,26,,5
1788020845277,ui_round-robin_burst_1788020829991,round-robin,server-3,GET,/api/work,200,27,,5
1788020845279,ui_round-robin_burst_1788020829991,round-robin,server-1,GET,/api/work,200,27,,6
1788020845282,ui_round-robin_burst_1788020829991,round-robin,server-3,GET,/api/work,200,26,,6
1788020845282,ui_round-robin_burst_1788020829991,round-robin,server-2,GET,/api/work,200,27,,7
1788020845284,ui_round-robin_burst_1788020829991,round-robin,server-1,GET,/api/work,200,26,,7
1788020845285,ui_round-robin_burst_1788020829991,round-robin,server-2,GET,/api/work,200,26,,7
1788020845286,ui_round-robin_burst_1788020829991,round-robin,server-3,GET,/api/work,200,26,,7
1788020845287,ui_round-robin_burst_1788020829991,round-robin,server-1,GET,/api/work,200,27,,7
1788020845291,ui_round-robin_burst_1788020829991,round-robin,server-2,GET,/api/work,200,26,,6
1788020845293,ui_round-robin_burst_1788020829991,round-robin,server-2,GET,/api/work,200,26,,6
1788020845293,ui_round-robin_burst_1788020829991,round-robin,server-3,GET,/api/work,200,26,,6
1788020845293,ui_round-robin_burst_1788020829991,round-robin,server-3,GET,/api/work,200,27,,6
1788020845293,ui_round-robin_burst_1788020829991,round-robin,server-1,GET,/api/work,200,28,,6
1788020845294,ui_round-robin_burst_1788020829991,round-robin,server-1,GET,/api/work,200,28,,5
1788020845299,ui_round-robin_burst_1788020829991,round-robin,server-2,GET,/api/work,200,26,,6
1788020845300,ui_round-robin_burst_1788020829991,round-robin,server-3,GET,/api/work,200,27,,6
1788020845304,ui_round-robin_burst_1788020829991,round-robin,server-2,GET,/api/work,200,26,,5
1788020845304,ui_round-robin_burst_1788020829991,round-robin,server-1,GET,/api/work,200,27,,6
1788020845304,ui_round-robin_burst_1788020829991,round-robin,server-3,GET,/api/work,200,27,,5
1788020845305,ui_round-robin_burst_1788020829991,round-robin,server-1,GET,/api/work,200,27,,5
1788020845305,ui_round-robin_burst_1788020829991,round-robin,server-2,GET,/api/work,200,27,,5
1788020845306,ui_round-robin_burst_1788020829991,round-robin,server-1,GET,/api/work,200,27,,4
1788020845305,ui_round-robin_burst_1788020829991,round-robin,server-3,GET,/api/work,200,29,,5
1788020845306,ui_round-robin_burst_1788020829991,round-robin,server-2,GET,/api/work,200,29,,5
1788020845309,ui_round-robin_burst_1788020829991,round-robin,server-1,GET,/api/work,200,27,,4
1788020845309,ui_round-robin_burst_1788020829991,round-robin,server-2,GET,/api/work,200,28,,4
1788020845309,ui_round-robin_burst_1788020829991,round-robin,server-3,GET,/api/work,200,29,,5
1788020845310,ui_round-robin_burst_1788020829991,round-robin,server-3,GET,/api/work,200,29,,4
1788020845313,ui_round-robin_burst_1788020829991,round-robin,server-1,GET,/api/work,200,27,,4
1788020845318,ui_round-robin_burst_1788020829991,round-robin,server-2,GET,/api/work,200,26,,5
1788020845320,ui_round-robin_burst_1788020829991,round-robin,server-3,GET,/api/work,200,26,,5
1788020845323,ui_round-robin_burst_1788020829991,round-robin,server-2,GET,/api/work,200,25,,5
1788020845323,ui_round-robin_burst_1788020829991,round-robin,server-3,GET,/api/work,200,26,,4
1788020845322,ui_round-robin_burst_1788020829991,round-robin,server-1,GET,/api/work,200,27,,5
1788020845325,ui_round-robin_burst_1788020829991,round-robin,server-1,GET,/api/work,200,26,,5
1788020845331,ui_round-robin_burst_1788020829991,round-robin,server-2,GET,/api/work,200,26,,6
1788020845333,ui_round-robin_burst_1788020829991,round-robin,server-3,GET,/api/work,200,27,,6
1788020845334,ui_round-robin_burst_1788020829991,round-robin,server-1,GET,/api/work,200,26,,6
1788020845334,ui_round-robin_burst_1788020829991,round-robin,server-2,GET,/api/work,200,27,,5
1788020845335,ui_round-robin_burst_1788020829991,round-robin,server-3,GET,/api/work,200,27,,5
1788020845338,ui_round-robin_burst_1788020829991,round-robin,server-1,GET,/api/work,200,27,,7
1788020845340,ui_round-robin_burst_1788020829991,round-robin,server-2,GET,/api/work,200,27,,7
1788020845341,ui_round-robin_burst_1788020829991,round-robin,server-3,GET,/api/work,200,26,,7
1788020845342,ui_round-robin_burst_1788020829991,round-robin,server-2,GET,/api/work,200,26,,6
1788020845343,ui_round-robin_burst_1788020829991,round-robin,server-3,GET,/api/work,200,26,,6
1788020845345,ui_round-robin_burst_1788020829991,round-robin,server-2,GET,/api/work,200,25,,5
1788020845342,ui_round-robin_burst_1788020829991,round-robin,server-1,GET,/api/work,200,29,,6
1788020845343,ui_round-robin_burst_1788020829991,round-robin,server-1,GET,/api/work,200,29,,6
1788020845350,ui_round-robin_burst_1788020829991,round-robin,server-3,GET,/api/work,200,26,,7
1788020845350,ui_round-robin_burst_1788020829991,round-robin,server-1,GET,/api/work,200,26,,6
1788020845352,ui_round-robin_burst_1788020829991,round-robin,server-2,GET,/api/work,200,26,,6
1788020845354,ui_round-robin_burst_1788020829991,round-robin,server-1,GET,/api/work,200,25,,6
1788020845354,ui_round-robin_burst_1788020829991,round-robin,server-3,GET,/api/work,200,26,,7
1788020845354,ui_round-robin_burst_1788020829991,round-robin,server-2,GET,/api/work,200,27,,6
1788020845355,ui_round-robin_burst_1788020829991,round-robin,server-3,GET,/api/work,200,27,,6
1788020845357,ui_round-robin_burst_1788020829991,round-robin,server-1,GET,/api/work,200,26,,6
1788020845363,ui_round-robin_burst_1788020829991,round-robin,server-2,GET,/api/work,200,26,,6
1788020845363,ui_round-robin_burst_1788020829991,round-robin,server-1,GET,/api/work,200,26,,5
1788020845363,ui_round-robin_burst_1788020829991,round-robin,server-3,GET,/api/work,200,27,,6
1788020845365,ui_round-robin_burst_1788020829991,round-robin,server-2,GET,/api/work,200,25,,5
1788020845365,ui_round-robin_burst_1788020829991,round-robin,server-3,GET,/api/work,200,26,,5
1788020845365,ui_round-robin_burst_1788020829991,round-robin,server-1,GET,/api/work,200,28,,5
1788020845366,ui_round-robin_burst_1788020829991,round-robin,server-3,GET,/api/work,200,27,,5
1788020845366,ui_round-robin_burst_1788020829991,round-robin,server-2,GET,/api/work,200,28,,5
1788020845371,ui_round-robin_burst_1788020829991,round-robin,server-2,GET,/api/work,200,26,,5
1788020845371,ui_round-robin_burst_1788020829991,round-robin,server-1,GET,/api/work,200,27,,5
1788020845371,ui_round-robin_burst_1788020829991,round-robin,server-3,GET,/api/work,200,27,,4
1788020845372,ui_round-robin_burst_1788020829991,round-robin,server-1,GET,/api/work,200,27,,4
1788020845373,ui_round-robin_burst_1788020829991,round-robin,server-2,GET,/api/work,200,27,,4
1788020845375,ui_round-robin_burst_1788020829991,round-robin,server-3,GET,/api/work,200,26,,5
1788020845377,ui_round-robin_burst_1788020829991,round-robin,server-1,GET,/api/work,200,26,,5
1788020845379,ui_round-robin_burst_1788020829991,round-robin,server-3,GET,/api/work,200,27,,5
1788020845379,ui_round-robin_burst_1788020829991,round-robin,server-2,GET,/api/work,200,27,,5
1788020845381,ui_round-robin_burst_1788020829991,round-robin,server-2,GET,/api/work,200,26,,5
1788020845381,ui_round-robin_burst_1788020829991,round-robin,server-1,GET,/api/work,200,27,,5
1788020845388,ui_round-robin_burst_1788020829991,round-robin,server-3,GET,/api/work,200,27,,6
1788020845392,ui_round-robin_burst_1788020829991,round-robin,server-3,GET,/api/work,200,26,,5
1788020845392,ui_round-robin_burst_1788020829991,round-robin,server-1,GET,/api/work,200,27,,6
1788020845392,ui_round-robin_burst_1788020829991,round-robin,server-2,GET,/api/work,200,27,,6
1788020845394,ui_round-robin_burst_1788020829991,round-robin,server-1,GET,/api/work,200,26,,6
1788020845396,ui_round-robin_burst_1788020829991,round-robin,server-2,GET,/api/work,200,26,,6
1788020845399,ui_round-robin_burst_1788020829991,round-robin,server-1,GET,/api/work,200,26,,6
1788020845399,ui_round-robin_burst_1788020829991,round-robin,server-3,GET,/api/work,200,27,,6
1788020845400,ui_round-robin_burst_1788020829991,round-robin,server-2,GET,/api/work,200,27,,6
1788020845401,ui_round-robin_burst_1788020829991,round-robin,server-3,GET,/api/work,200,26,,6
1788020845402,ui_round-robin_burst_1788020829991,round-robin,server-1,GET,/api/work,200,26,,6
1788020845402,ui_round-robin_burst_1788020829991,round-robin,server-2,GET,/api/work,200,27,,5
1788020845402,ui_round-robin_burst_1788020829991,round-robin,server-3,GET,/api/work,200,27,,5
1788020845407,ui_round-robin_burst_1788020829991,round-robin,server-2,GET,/api/work,200,27,,6
1788020845407,ui_round-robin_burst_1788020829991,round-robin,server-1,GET,/api/work,200,27,,7
1788020845408,ui_round-robin_burst_1788020829991,round-robin,server-3,GET,/api/work,200,27,,6
1788020845409,ui_round-robin_burst_1788020829991,round-robin,server-1,GET,/api/work,200,26,,6
1788020845412,ui_round-robin_burst_1788020829991,round-robin,server-3,GET,/api/work,200,26,,6
1788020845411,ui_round-robin_burst_1788020829991,round-robin,server-2,GET,/api/work,200,28,,6
1788020845413,ui_round-robin_burst_1788020829991,round-robin,server-2,GET,/api/work,200,27,,6
1788020845413,ui_round-robin_burst_1788020829991,round-robin,server-1,GET,/api/work,200,27,,6
1788020845420,ui_round-robin_burst_1788020829991,round-robin,server-1,GET,/api/work,200,25,,5
1788020845419,ui_round-robin_burst_1788020829991,round-robin,server-3,GET,/api/work,200,27,,6
1788020845421,ui_round-robin_burst_1788020829991,round-robin,server-3,GET,/api/work,200,26,,5
1788020845421,ui_round-robin_burst_1788020829991,round-robin,server-2,GET,/api/work,200,26,,5
1788020845423,ui_round-robin_burst_1788020829991,round-robin,server-1,GET,/api/work,200,27,,6
1788020845426,ui_round-robin_burst_1788020829991,round-robin,server-2,GET,/api/work,200,26,,6
1788020845426,ui_round-robin_burst_1788020829991,round-robin,server-3,GET,/api/work,200,26,,5
1788020845426,ui_round-robin_burst_1788020829991,round-robin,server-1,GET,/api/work,200,27,,5
1788020845429,ui_round-robin_burst_1788020829991,round-robin,server-2,GET,/api/work,200,26,,5
1788020845431,ui_round-robin_burst_1788020829991,round-robin,server-3,GET,/api/work,200,26,,5
1788020845431,ui_round-robin_burst_1788020829991,round-robin,server-2,GET,/api/work,200,28,,5
1788020845432,ui_round-robin_burst_1788020829991,round-robin,server-3,GET,/api/work,200,27,,5
1788020845431,ui_round-robin_burst_1788020829991,round-robin,server-1,GET,/api/work,200,29,,5
1788020845432,ui_round-robin_burst_1788020829991,round-robin,server-1,GET,/api/work,200,28,,4
1788020845434,ui_round-robin_burst_1788020829991,round-robin,server-2,GET,/api/work,200,27,,5
1788020845437,ui_round-robin_burst_1788020829991,round-robin,server-3,GET,/api/work,200,26,,5
1788020845438,ui_round-robin_burst_1788020829991,round-robin,server-1,GET,/api/work,200,26,,5
1788020845439,ui_round-robin_burst_1788020829991,round-robin,server-3,GET,/api/work,200,26,,5
1788020845439,ui_round-robin_burst_1788020829991,round-robin,server-2,GET,/api/work,200,27,,5
1788020845445,ui_round-robin_burst_1788020829991,round-robin,server-1,GET,/api/work,200,27,,6
1788020845449,ui_round-robin_burst_1788020829991,round-robin,server-1,GET,/api/work,200,26,,5
1788020845449,ui_round-robin_burst_1788020829991,round-robin,server-2,GET,/api/work,200,27,,6
1788020845449,ui_round-robin_burst_1788020829991,round-robin,server-3,GET,/api/work,200,28,,6
1788020845451,ui_round-robin_burst_1788020829991,round-robin,server-2,GET,/api/work,200,27,,6
1788020845454,ui_round-robin_burst_1788020829991,round-robin,server-3,GET,/api/work,200,26,,6
1788020845455,ui_round-robin_burst_1788020829991,round-robin,server-1,GET,/api/work,200,26,,6
1788020845457,ui_round-robin_burst_1788020829991,round-robin,server-2,GET,/api/work,200,26,,6
1788020845458,ui_round-robin_burst_1788020829991,round-robin,server-3,GET,/api/work,200,27,,6
1788020845460,ui_round-robin_burst_1788020829991,round-robin,server-2,GET,/api/work,200,26,,6
1788020845460,ui_round-robin_burst_1788020829991,round-robin,server-1,GET,/api/work,200,27,,6
1788020845462,ui_round-robin_burst_1788020829991,round-robin,server-1,GET,/api/work,200,26,,5
1788020845462,ui_round-robin_burst_1788020829991,round-robin,server-3,GET,/api/work,200,27,,6
1788020845465,ui_round-robin_burst_1788020829991,round-robin,server-3,GET,/api/work,200,26,,6
1788020845466,ui_round-robin_burst_1788020829991,round-robin,server-1,GET,/api/work,200,26,,6
1788020845465,ui_round-robin_burst_1788020829991,round-robin,server-2,GET,/api/work,200,28,,7
1788020845466,ui_round-robin_burst_1788020829991,round-robin,server-2,GET,/api/work,200,27,,6
1788020845469,ui_round-robin_burst_1788020829991,round-robin,server-1,GET,/api/work,200,26,,6
1788020845469,ui_round-robin_burst_1788020829991,round-robin,server-3,GET,/api/work,200,27,,7
1788020845471,ui_round-robin_burst_1788020829991,round-robin,server-3,GET,/api/work,200,27,,6
1788020845471,ui_round-robin_burst_1788020829991,round-robin,server-2,GET,/api/work,200,27,,6
1788020845476,ui_round-robin_burst_1788020829991,round-robin,server-1,GET,/api/work,200,27,,6
1788020845476,ui_round-robin_burst_1788020829991,round-robin,server-2,GET,/api/work,200,27,,5
1788020845477,ui_round-robin_burst_1788020829991,round-robin,server-3,GET,/api/work,200,27,,5
1788020845478,ui_round-robin_burst_1788020829991,round-robin,server-1,GET,/api/work,200,27,,5
1788020845481,ui_round-robin_burst_1788020829991,round-robin,server-2,GET,/api/work,200,25,,5
1788020845483,ui_round-robin_burst_1788020829991,round-robin,server-3,GET,/api/work,200,25,,5
1788020845483,ui_round-robin_burst_1788020829991,round-robin,server-1,GET,/api/work,200,27,,5
1788020845485,ui_round-robin_burst_1788020829991,round-robin,server-2,GET,/api/work,200,26,,5
1788020845485,ui_round-robin_burst_1788020829991,round-robin,server-3,GET,/api/work,200,27,,5
1788020845490,ui_round-robin_burst_1788020829991,round-robin,server-1,GET,/api/work,200,26,,6
1788020845491,ui_round-robin_burst_1788020829991,round-robin,server-1,GET,/api/work,200,26,,5
1788020845491,ui_round-robin_burst_1788020829991,round-robin,server-2,GET,/api/work,200,27,,5
1788020845492,ui_round-robin_burst_1788020829991,round-robin,server-2,GET,/api/work,200,26,,4
1788020845491,ui_round-robin_burst_1788020829991,round-robin,server-3,GET,/api/work,200,29,,6
1788020845493,ui_round-robin_burst_1788020829991,round-robin,server-3,GET,/api/work,200,28,,5
1788020845494,ui_round-robin_burst_1788020829991,round-robin,server-1,GET,/api/work,200,28,,4
1788020845495,ui_round-robin_burst_1788020829991,round-robin,server-2,GET,/api/work,200,28,,5
1788020845496,ui_round-robin_burst_1788020829991,round-robin,server-3,GET,/api/work,200,28,,4
1788020845497,ui_round-robin_burst_1788020829991,round-robin,server-1,GET,/api/work,200,28,,4
1788020845504,ui_round-robin_burst_1788020829991,round-robin,server-2,GET,/api/work,200,27,,6
1788020845506,ui_round-robin_burst_1788020829991,round-robin,server-3,GET,/api/work,200,26,,6
1788020845507,ui_round-robin_burst_1788020829991,round-robin,server-1,GET,/api/work,200,26,,6
1788020845509,ui_round-robin_burst_1788020829991,round-robin,server-3,GET,/api/work,200,26,,6
1788020845509,ui_round-robin_burst_1788020829991,round-robin,server-2,GET,/api/work,200,27,,6
1788020845511,ui_round-robin_burst_1788020829991,round-robin,server-1,GET,/api/work,200,27,,6
1788020845513,ui_round-robin_burst_1788020829991,round-robin,server-2,GET,/api/work,200,26,,6
1788020845513,ui_round-robin_burst_1788020829991,round-robin,server-3,GET,/api/work,200,27,,6
1788020845515,ui_round-robin_burst_1788020829991,round-robin,server-1,GET,/api/work,200,26,,6
1788020845519,ui_round-robin_burst_1788020829991,round-robin,server-3,GET,/api/work,200,26,,6
1788020845519,ui_round-robin_burst_1788020829991,round-robin,server-2,GET,/api/work,200,27,,7
1788020845522,ui_round-robin_burst_1788020829991,round-robin,server-1,GET,/api/work,200,27,,6
1788020845522,ui_round-robin_burst_1788020829991,round-robin,server-2,GET,/api/work,200,27,,6
1788020845524,ui_round-robin_burst_1788020829991,round-robin,server-3,GET,/api/work,200,28,,6
1788020845526,ui_round-robin_burst_1788020829991,round-robin,server-1,GET,/api/work,200,27,,6
1788020845526,ui_round-robin_burst_1788020829991,round-robin,server-2,GET,/api/work,200,27,,6
1788020845527,ui_round-robin_burst_1788020829991,round-robin,server-2,GET,/api/work,200,27,,5
1788020845526,ui_round-robin_burst_1788020829991,round-robin,server-3,GET,/api/work,200,28,,6
1788020845527,ui_round-robin_burst_1788020829991,round-robin,server-1,GET,/api/work,200,28,,6
1788020845530,ui_round-robin_burst_1788020829991,round-robin,server-1,GET,/api/work,200,26,,5
1788020845529,ui_round-robin_burst_1788020829991,round-robin,server-3,GET,/api/work,200,28,,6
1788020845534,ui_round-robin_burst_1788020829991,round-robin,server-2,GET,/api/work,200,26,,6
1788020845534,ui_round-robin_burst_1788020829991,round-robin,server-3,GET,/api/work,200,26,,5
1788020845535,ui_round-robin_burst_1788020829991,round-robin,server-1,GET,/api/work,200,26,,5
1788020845536,ui_round-robin_burst_1788020829991,round-robin,server-2,GET,/api/work,200,26,,5
1788020845536,ui_round-robin_burst_1788020829991,round-robin,server-3,GET,/api/work,200,27,,5
1788020845540,ui_round-robin_burst_1788020829991,round-robin,server-1,GET,/api/work,200,27,,5
1788020845541,ui_round-robin_burst_1788020829991,round-robin,server-2,GET,/api/work,200,26,,5
1788020845543,ui_round-robin_burst_1788020829991,round-robin,server-3,GET,/api/work,200,26,,5
1788020845543,ui_round-robin_burst_1788020829991,round-robin,server-1,GET,/api/work,200,27,,5
1788020845546,ui_round-robin_burst_1788020829991,round-robin,server-2,GET,/api/work,200,26,,6
1788020845550,ui_round-robin_burst_1788020829991,round-robin,server-3,GET,/api/work,200,25,,5
1788020845551,ui_round-robin_burst_1788020829991,round-robin,server-2,GET,/api/work,200,26,,5
1788020845551,ui_round-robin_burst_1788020829991,round-robin,server-1,GET,/api/work,200,27,,6
1788020845553,ui_round-robin_burst_1788020829991,round-robin,server-3,GET,/api/work,200,26,,5
1788020845554,ui_round-robin_burst_1788020829991,round-robin,server-1,GET,/api/work,200,25,,5
1788020845555,ui_round-robin_burst_1788020829991,round-robin,server-2,GET,/api/work,200,27,,5
1788020845556,ui_round-robin_burst_1788020829991,round-robin,server-3,GET,/api/work,200,27,,5
1788020845557,ui_round-robin_burst_1788020829991,round-robin,server-1,GET,/api/work,200,26,,4
1788020845557,ui_round-robin_burst_1788020829991,round-robin,server-2,GET,/api/work,200,27,,4
1788020845561,ui_round-robin_burst_1788020829991,round-robin,server-3,GET,/api/work,200,27,,6
1788020845563,ui_round-robin_burst_1788020829991,round-robin,server-1,GET,/api/work,200,26,,6
1788020845564,ui_round-robin_burst_1788020829991,round-robin,server-2,GET,/api/work,200,26,,6
1788020845566,ui_round-robin_burst_1788020829991,round-robin,server-3,GET,/api/work,200,26,,6
1788020845567,ui_round-robin_burst_1788020829991,round-robin,server-1,GET,/api/work,200,26,,6
1788020845568,ui_round-robin_burst_1788020829991,round-robin,server-2,GET,/api/work,200,27,,6
1788020845571,ui_round-robin_burst_1788020829991,round-robin,server-3,GET,/api/work,200,27,,6
1788020845571,ui_round-robin_burst_1788020829991,round-robin,server-1,GET,/api/work,200,28,,6
1788020845572,ui_round-robin_burst_1788020829991,round-robin,server-2,GET,/api/work,200,27,,5
1788020845576,ui_round-robin_burst_1788020829991,round-robin,server-3,GET,/api/work,200,27,,6
1788020845578,ui_round-robin_burst_1788020829991,round-robin,server-1,GET,/api/work,200,26,,6
1788020845578,ui_round-robin_burst_1788020829991,round-robin,server-2,GET,/api/work,200,27,,6
1788020845580,ui_round-robin_burst_1788020829991,round-robin,server-3,GET,/api/work,200,26,,6
1788020845585,ui_round-robin_burst_1788020829991,round-robin,server-2,GET,/api/work,200,25,,7
1788020845584,ui_round-robin_burst_1788020829991,round-robin,server-1,GET,/api/work,200,27,,7
1788020845585,ui_round-robin_burst_1788020829991,round-robin,server-3,GET,/api/work,200,27,,6
1788020845587,ui_round-robin_burst_1788020829991,round-robin,server-2,GET,/api/work,200,26,,6
1788020845587,ui_round-robin_burst_1788020829991,round-robin,server-3,GET,/api/work,200,26,,6
1788020845587,ui_round-robin_burst_1788020829991,round-robin,server-1,GET,/api/work,200,27,,7
1788020845588,ui_round-robin_burst_1788020829991,round-robin,server-1,GET,/api/work,200,26,,6
1788020845588,ui_round-robin_burst_1788020829991,round-robin,server-2,GET,/api/work,200,27,,5
1788020845591,ui_round-robin_burst_1788020829991,round-robin,server-1,GET,/api/work,200,25,,5
1788020845590,ui_round-robin_burst_1788020829991,round-robin,server-3,GET,/api/work,200,26,,6
1788020845592,ui_round-robin_burst_1788020829991,round-robin,server-2,GET,/api/work,200,26,,5
1788020845593,ui_round-robin_burst_1788020829991,round-robin,server-3,GET,/api/work,200,26,,5
1788020845594,ui_round-robin_burst_1788020829991,round-robin,server-1,GET,/api/work,200,26,,5
1788020845599,ui_round-robin_burst_1788020829991,round-robin,server-2,GET,/api/work,200,26,,6
1788020845599,ui_round-robin_burst_1788020829991,round-robin,server-3,GET,/api/work,200,27,,6
1788020845601,ui_round-robin_burst_1788020829991,round-robin,server-1,GET,/api/work,200,26,,5
1788020845601,ui_round-robin_burst_1788020829991,round-robin,server-2,GET,/api/work,200,27,,5
1788020845603,ui_round-robin_burst_1788020829991,round-robin,server-3,GET,/api/work,200,26,,5
1788020845606,ui_round-robin_burst_1788020829991,round-robin,server-1,GET,/api/work,200,26,,5
1788020845608,ui_round-robin_burst_1788020829991,round-robin,server-2,GET,/api/work,200,27,,6
1788020845609,ui_round-robin_burst_1788020829991,round-robin,server-3,GET,/api/work,200,27,,6
1788020845610,ui_round-robin_burst_1788020829991,round-robin,server-1,GET,/api/work,200,27,,5
1788020845610,ui_round-robin_burst_1788020829991,round-robin,server-2,GET,/api/work,200,27,,5
1788020845612,ui_round-robin_burst_1788020829991,round-robin,server-3,GET,/api/work,200,26,,5
1788020845612,ui_round-robin_burst_1788020829991,round-robin,server-1,GET,/api/work,200,27,,5
1788020845615,ui_round-robin_burst_1788020829991,round-robin,server-3,GET,/api/work,200,26,,4
1788020845615,ui_round-robin_burst_1788020829991,round-robin,server-2,GET,/api/work,200,27,,4
1788020845619,ui_round-robin_burst_1788020829991,round-robin,server-1,GET,/api/work,200,26,,6
1788020845620,ui_round-robin_burst_1788020829991,round-robin,server-2,GET,/api/work,200,26,,6
1788020845621,ui_round-robin_burst_1788020829991,round-robin,server-3,GET,/api/work,200,26,,6
1788020845623,ui_round-robin_burst_1788020829991,round-robin,server-1,GET,/api/work,200,26,,6
1788020845624,ui_round-robin_burst_1788020829991,round-robin,server-3,GET,/api/work,200,26,,6
1788020845624,ui_round-robin_burst_1788020829991,round-robin,server-2,GET,/api/work,200,27,,7
1788020845629,ui_round-robin_burst_1788020829991,round-robin,server-3,GET,/api/work,200,27,,5
1788020845629,ui_round-robin_burst_1788020829991,round-robin,server-1,GET,/api/work,200,27,,6
1788020845629,ui_round-robin_burst_1788020829991,round-robin,server-2,GET,/api/work,200,28,,6
1788020845634,ui_round-robin_burst_1788020829991,round-robin,server-2,GET,/api/work,200,27,,6
1788020845634,ui_round-robin_burst_1788020829991,round-robin,server-1,GET,/api/work,200,27,,7
1788020845635,ui_round-robin_burst_1788020829991,round-robin,server-3,GET,/api/work,200,27,,6
1788020845637,ui_round-robin_burst_1788020829991,round-robin,server-1,GET,/api/work,200,26,,6
1788020845642,ui_round-robin_burst_1788020829991,round-robin,server-2,GET,/api/work,200,26,,7
1788020845642,ui_round-robin_burst_1788020829991,round-robin,server-3,GET,/api/work,200,26,,7
1788020845643,ui_round-robin_burst_1788020829991,round-robin,server-1,GET,/api/work,200,26,,6
1788020845645,ui_round-robin_burst_1788020829991,round-robin,server-1,GET,/api/work,200,26,,6
1788020845644,ui_round-robin_burst_1788020829991,round-robin,server-2,GET,/api/work,200,28,,7
1788020845644,ui_round-robin_burst_1788020829991,round-robin,server-3,GET,/api/work,200,28,,6
1788020845645,ui_round-robin_burst_1788020829991,round-robin,server-2,GET,/api/work,200,28,,6
1788020845646,ui_round-robin_burst_1788020829991,round-robin,server-3,GET,/api/work,200,28,,6
1788020845647,ui_round-robin_burst_1788020829991,round-robin,server-1,GET,/api/work,200,27,,5
1788020845647,ui_round-robin_burst_1788020829991,round-robin,server-2,GET,/api/work,200,28,,5
1788020845649,ui_round-robin_burst_1788020829991,round-robin,server-3,GET,/api/work,200,27,,5
1788020845650,ui_round-robin_burst_1788020829991,round-robin,server-1,GET,/api/work,200,26,,5
1788020845651,ui_round-robin_burst_1788020829991,round-robin,server-2,GET,/api/work,200,27,,5
1788020845657,ui_round-robin_burst_1788020829991,round-robin,server-3,GET,/api/work,200,27,,6
1788020845657,ui_round-robin_burst_1788020829991,round-robin,server-1,GET,/api/work,200,27,,6
1788020845658,ui_round-robin_burst_1788020829991,round-robin,server-3,GET,/api/work,200,26,,5
1788020845658,ui_round-robin_burst_1788020829991,round-robin,server-1,GET,/api/work,200,27,,5
1788020845658,ui_round-robin_burst_1788020829991,round-robin,server-2,GET,/api/work,200,27,,5
1788020845662,ui_round-robin_burst_1788020829991,round-robin,server-2,GET,/api/work,200,27,,5
1788020845665,ui_round-robin_burst_1788020829991,round-robin,server-3,GET,/api/work,200,25,,5
1788020845667,ui_round-robin_burst_1788020829991,round-robin,server-2,GET,/api/work,200,26,,5
1788020845668,ui_round-robin_burst_1788020829991,round-robin,server-3,GET,/api/work,200,26,,5
1788020845667,ui_round-robin_burst_1788020829991,round-robin,server-1,GET,/api/work,200,28,,5
1788020845669,ui_round-robin_burst_1788020829991,round-robin,server-2,GET,/api/work,200,27,,4
1788020845669,ui_round-robin_burst_1788020829991,round-robin,server-1,GET,/api/work,200,28,,5
1788020845673,ui_round-robin_burst_1788020829991,round-robin,server-3,GET,/api/work,200,26,,5
1788020845675,ui_round-robin_burst_1788020829991,round-robin,server-1,GET,/api/work,200,27,,5
1788020845677,ui_round-robin_burst_1788020829991,round-robin,server-3,GET,/api/work,200,26,,4
1788020845677,ui_round-robin_burst_1788020829991,round-robin,server-2,GET,/api/work,200,27,,5
1788020845678,ui_round-robin_burst_1788020829991,round-robin,server-1,GET,/api/work,200,27,,4
1788020845680,ui_round-robin_burst_1788020829991,round-robin,server-2,GET,/api/work,200,26,,5
1788020845680,ui_round-robin_burst_1788020829991,round-robin,server-3,GET,/api/work,200,28,,6
1788020845682,ui_round-robin_burst_1788020829991,round-robin,server-1,GET,/api/work,200,27,,6
1788020845687,ui_round-robin_burst_1788020829991,round-robin,server-2,GET,/api/work,200,26,,6
1788020845688,ui_round-robin_burst_1788020829991,round-robin,server-3,GET,/api/work,200,26,,6
1788020845689,ui_round-robin_burst_1788020829991,round-robin,server-1,GET,/api/work,200,26,,6
1788020845692,ui_round-robin_burst_1788020829991,round-robin,server-2,GET,/api/work,200,26,,7
1788020845692,ui_round-robin_burst_1788020829991,round-robin,server-3,GET,/api/work,200,26,,6
1788020845695,ui_round-robin_burst_1788020829991,round-robin,server-1,GET,/api/work,200,27,,7
1788020845697,ui_round-robin_burst_1788020829991,round-robin,server-2,GET,/api/work,200,27,,6
1788020845699,ui_round-robin_burst_1788020829991,round-robin,server-3,GET,/api/work,200,27,,6
1788020845700,ui_round-robin_burst_1788020829991,round-robin,server-2,GET,/api/work,200,27,,6
1788020845700,ui_round-robin_burst_1788020829991,round-robin,server-1,GET,/api/work,200,28,,7
1788020845704,ui_round-robin_burst_1788020829991,round-robin,server-3,GET,/api/work,200,27,,7
1788020845706,ui_round-robin_burst_1788020829991,round-robin,server-3,GET,/api/work,200,25,,6
1788020845705,ui_round-robin_burst_1788020829991,round-robin,server-1,GET,/api/work,200,27,,7
1788020845706,ui_round-robin_burst_1788020829991,round-robin,server-2,GET,/api/work,200,27,,7
1788020845707,ui_round-robin_burst_1788020829991,round-robin,server-1,GET,/api/work,200,26,,6
1788020845707,ui_round-robin_burst_1788020829991,round-robin,server-2,GET,/api/work,200,26,,6
1788020845707,ui_round-robin_burst_1788020829991,round-robin,server-3,GET,/api/work,200,27,,5
1788020845707,ui_round-robin_burst_1788020829991,round-robin,server-1,GET,/api/work,200,27,,5
1788020845708,ui_round-robin_burst_1788020829991,round-robin,server-2,GET,/api/work,200,27,,5
1788020845709,ui_round-robin_burst_1788020829991,round-robin,server-3,GET,/api/work,200,27,,5
1788020845714,ui_round-robin_burst_1788020829991,round-robin,server-1,GET,/api/work,200,26,,6
1788020845714,ui_round-robin_burst_1788020829991,round-robin,server-2,GET,/api/work,200,27,,6
1788020845716,ui_round-robin_burst_1788020829991,round-robin,server-1,GET,/api/work,200,26,,5
1788020845716,ui_round-robin_burst_1788020829991,round-robin,server-3,GET,/api/work,200,26,,5
1788020845717,ui_round-robin_burst_1788020829991,round-robin,server-2,GET,/api/work,200,26,,5
1788020845720,ui_round-robin_burst_1788020829991,round-robin,server-3,GET,/api/work,200,27,,5
1788020845720,ui_round-robin_burst_1788020829991,round-robin,server-1,GET,/api/work,200,27,,5
1788020845724,ui_round-robin_burst_1788020829991,round-robin,server-2,GET,/api/work,200,26,,5
1788020845727,ui_round-robin_burst_1788020829991,round-robin,server-1,GET,/api/work,200,26,,5
1788020845727,ui_round-robin_burst_1788020829991,round-robin,server-3,GET,/api/work,200,27,,5
1788020845729,ui_round-robin_burst_1788020829991,round-robin,server-3,GET,/api/work,200,25,,4
1788020845728,ui_round-robin_burst_1788020829991,round-robin,server-2,GET,/api/work,200,27,,5
1788020845730,ui_round-robin_burst_1788020829991,round-robin,server-1,GET,/api/work,200,26,,4
1788020845732,ui_round-robin_burst_1788020829991,round-robin,server-2,GET,/api/work,200,26,,4
1788020845735,ui_round-robin_burst_1788020829991,round-robin,server-3,GET,/api/work,200,27,,5
1788020845736,ui_round-robin_burst_1788020829991,round-robin,server-1,GET,/api/work,200,26,,5
1788020845736,ui_round-robin_burst_1788020829991,round-robin,server-2,GET,/api/work,200,27,,5
1788020845738,ui_round-robin_burst_1788020829991,round-robin,server-3,GET,/api/work,200,26,,6
1788020845739,ui_round-robin_burst_1788020829991,round-robin,server-1,GET,/api/work,200,26,,6
1788020845739,ui_round-robin_burst_1788020829991,round-robin,server-2,GET,/api/work,200,27,,6
1788020845745,ui_round-robin_burst_1788020829991,round-robin,server-1,GET,/api/work,200,28,,6
1788020845744,ui_round-robin_burst_1788020829991,round-robin,server-3,GET,/api/work,200,29,,6
1788020845746,ui_round-robin_burst_1788020829991,round-robin,server-2,GET,/api/work,200,27,,5
1788020845747,ui_round-robin_burst_1788020829991,round-robin,server-3,GET,/api/work,200,27,,5
1788020845749,ui_round-robin_burst_1788020829991,round-robin,server-1,GET,/api/work,200,27,,6
1788020845753,ui_round-robin_burst_1788020829991,round-robin,server-2,GET,/api/work,200,27,,7
1788020845755,ui_round-robin_burst_1788020829991,round-robin,server-3,GET,/api/work,200,27,,7
1788020845757,ui_round-robin_burst_1788020829991,round-robin,server-1,GET,/api/work,200,27,,6
1788020845758,ui_round-robin_burst_1788020829991,round-robin,server-2,GET,/api/work,200,26,,6
1788020845759,ui_round-robin_burst_1788020829991,round-robin,server-3,GET,/api/work,200,26,,6
1788020845761,ui_round-robin_burst_1788020829991,round-robin,server-1,GET,/api/work,200,30,,7
1788020845762,ui_round-robin_burst_1788020829991,round-robin,server-2,GET,/api/work,200,29,,7
1788020845764,ui_round-robin_burst_1788020829991,round-robin,server-2,GET,/api/work,200,28,,6
1788020845763,ui_round-robin_burst_1788020829991,round-robin,server-3,GET,/api/work,200,29,,7
1788020845764,ui_round-robin_burst_1788020829991,round-robin,server-3,GET,/api/work,200,29,,6
1788020845765,ui_round-robin_burst_1788020829991,round-robin,server-2,GET,/api/work,200,28,,5
1788020845763,ui_round-robin_burst_1788020829991,round-robin,server-1,GET,/api/work,200,31,,6
1788020845765,ui_round-robin_burst_1788020829991,round-robin,server-3,GET,/api/work,200,29,,5
1788020845764,ui_round-robin_burst_1788020829991,round-robin,server-1,GET,/api/work,200,30,,5
1788020845767,ui_round-robin_burst_1788020829991,round-robin,server-1,GET,/api/work,200,29,,5
1788020845775,ui_round-robin_burst_1788020829991,round-robin,server-2,GET,/api/work,200,27,,6
1788020845775,ui_round-robin_burst_1788020829991,round-robin,server-3,GET,/api/work,200,28,,6
1788020845776,ui_round-robin_burst_1788020829991,round-robin,server-3,GET,/api/work,200,28,,5
1788020845775,ui_round-robin_burst_1788020829991,round-robin,server-1,GET,/api/work,200,29,,5
1788020845776,ui_round-robin_burst_1788020829991,round-robin,server-2,GET,/api/work,200,29,,5
1788020845778,ui_round-robin_burst_1788020829991,round-robin,server-1,GET,/api/work,200,28,,5
1788020845779,ui_round-robin_burst_1788020829991,round-robin,server-2,GET,/api/work,200,29,,5
1788020845781,ui_round-robin_burst_1788020829991,round-robin,server-3,GET,/api/work,200,28,,5
1788020845785,ui_round-robin_burst_1788020829991,round-robin,server-1,GET,/api/work,200,27,,5
1788020845786,ui_round-robin_burst_1788020829991,round-robin,server-1,GET,/api/work,200,27,,4
1788020845786,ui_round-robin_burst_1788020829991,round-robin,server-2,GET,/api/work,200,27,,5
1788020845786,ui_round-robin_burst_1788020829991,round-robin,server-3,GET,/api/work,200,28,,5
1788020845789,ui_round-robin_burst_1788020829991,round-robin,server-2,GET,/api/work,200,26,,4
1788020845792,ui_round-robin_burst_1788020829991,round-robin,server-3,GET,/api/work,200,26,,5
1788020845795,ui_round-robin_burst_1788020829991,round-robin,server-1,GET,/api/work,200,28,,5
1788020845797,ui_round-robin_burst_1788020829991,round-robin,server-1,GET,/api/work,200,26,,4
1788020845797,ui_round-robin_burst_1788020829991,round-robin,server-2,GET,/api/work,200,27,,4
1788020845797,ui_round-robin_burst_1788020829991,round-robin,server-3,GET,/api/work,200,28,,4
1788020845798,ui_round-robin_burst_1788020829991,round-robin,server-3,GET,/api/work,200,28,,3
1788020845798,ui_round-robin_burst_1788020829991,round-robin,server-2,GET,/api/work,200,29,,3
1788020845805,ui_round-robin_burst_1788020829991,round-robin,server-2,GET,/api/work,200,26,,6
1788020845805,ui_round-robin_burst_1788020829991,round-robin,server-1,GET,/api/work,200,27,,6
1788020845807,ui_round-robin_burst_1788020829991,round-robin,server-3,GET,/api/work,200,26,,5
1788020845807,ui_round-robin_burst_1788020829991,round-robin,server-1,GET,/api/work,200,27,,5
1788020845809,ui_round-robin_burst_1788020829991,round-robin,server-2,GET,/api/work,200,27,,6
1788020845810,ui_round-robin_burst_1788020829991,round-robin,server-3,GET,/api/work,200,27,,6
1788020845813,ui_round-robin_burst_1788020829991,round-robin,server-1,GET,/api/work,200,27,,6
1788020845816,ui_round-robin_burst_1788020829991,round-robin,server-2,GET,/api/work,200,26,,6
1788020845816,ui_round-robin_burst_1788020829991,round-robin,server-1,GET,/api/work,200,27,,6
1788020845816,ui_round-robin_burst_1788020829991,round-robin,server-3,GET,/api/work,200,28,,6
1788020845827,ui_round-robin_burst_1788020829991,round-robin,server-2,GET,/api/work,200,26,,7
1788020845828,ui_round-robin_burst_1788020829991,round-robin,server-1,GET,/api/work,200,26,,7
1788020845828,ui_round-robin_burst_1788020829991,round-robin,server-3,GET,/api/work,200,27,,7
1788020845829,ui_round-robin_burst_1788020829991,round-robin,server-3,GET,/api/work,200,27,,7
1788020845829,ui_round-robin_burst_1788020829991,round-robin,server-2,GET,/api/work,200,27,,7
1788020845830,ui_round-robin_burst_1788020829991,round-robin,server-3,GET,/api/work,200,27,,6
1788020845830,ui_round-robin_burst_1788020829991,round-robin,server-2,GET,/api/work,200,27,,6
1788020845830,ui_round-robin_burst_1788020829991,round-robin,server-1,GET,/api/work,200,28,,7
1788020845830,ui_round-robin_burst_1788020829991,round-robin,server-2,GET,/api/work,200,28,,5
1788020845830,ui_round-robin_burst_1788020829991,round-robin,server-1,GET,/api/work,200,28,,6
1788020845835,ui_round-robin_burst_1788020829991,round-robin,server-1,GET,/api/work,200,26,,6
1788020845836,ui_round-robin_burst_1788020829991,round-robin,server-2,GET,/api/work,200,26,,6
1788020845835,ui_round-robin_burst_1788020829991,round-robin,server-3,GET,/api/work,200,28,,6
1788020845837,ui_round-robin_burst_1788020829991,round-robin,server-1,GET,/api/work,200,27,,5
1788020845836,ui_round-robin_burst_1788020829991,round-robin,server-3,GET,/api/work,200,28,,6
1788020845838,ui_round-robin_burst_1788020829991,round-robin,server-2,GET,/api/work,200,27,,5
1788020845840,ui_round-robin_burst_1788020829991,round-robin,server-3,GET,/api/work,200,26,,5
1788020845841,ui_round-robin_burst_1788020829991,round-robin,server-1,GET,/api/work,200,27,,5
1788020845843,ui_round-robin_burst_1788020829991,round-robin,server-2,GET,/api/work,200,27,,5
1788020845845,ui_round-robin_burst_1788020829991,round-robin,server-3,GET,/api/work,200,25,,5
1788020845845,ui_round-robin_burst_1788020829991,round-robin,server-2,GET,/api/work,200,26,,4
1788020845845,ui_round-robin_burst_1788020829991,round-robin,server-3,GET,/api/work,200,26,,4
1788020845845,ui_round-robin_burst_1788020829991,round-robin,server-1,GET,/api/work,200,27,,5
1788020845849,ui_round-robin_burst_1788020829991,round-robin,server-1,GET,/api/work,200,27,,5
1788020845854,ui_round-robin_burst_1788020829991,round-robin,server-2,GET,/api/work,200,26,,5
1788020845855,ui_round-robin_burst_1788020829991,round-robin,server-3,GET,/api/work,200,27,,4
1788020845856,ui_round-robin_burst_1788020829991,round-robin,server-1,GET,/api/work,200,26,,4
1788020845859,ui_round-robin_burst_1788020829991,round-robin,server-3,GET,/api/work,200,26,,4
1788020845859,ui_round-robin_burst_1788020829991,round-robin,server-1,GET,/api/work,200,27,,4
1788020845859,ui_round-robin_burst_1788020829991,round-robin,server-2,GET,/api/work,200,28,,4
1788020845862,ui_round-robin_burst_1788020829991,round-robin,server-2,GET,/api/work,200,27,,4
1788020845863,ui_round-robin_burst_1788020829991,round-robin,server-3,GET,/api/work,200,27,,6
1788020845864,ui_round-robin_burst_1788020829991,round-robin,server-1,GET,/api/work,200,27,,5
1788020845865,ui_round-robin_burst_1788020829991,round-robin,server-2,GET,/api/work,200,27,,5
1788020845867,ui_round-robin_burst_1788020829991,round-robin,server-3,GET,/api/work,200,26,,5
1788020845868,ui_round-robin_burst_1788020829991,round-robin,server-1,GET,/api/work,200,26,,5
1788020845872,ui_round-robin_burst_1788020829991,round-robin,server-2,GET,/api/work,200,27,,6
1788020845873,ui_round-robin_burst_1788020829991,round-robin,server-3,GET,/api/work,200,27,,6
1788020845875,ui_round-robin_burst_1788020829991,round-robin,server-1,GET,/api/work,200,26,,7
1788020845876,ui_round-robin_burst_1788020829991,round-robin,server-2,GET,/api/work,200,27,,7
1788020845884,ui_round-robin_burst_1788020829991,round-robin,server-3,GET,/api/work,200,27,,7
1788020845886,ui_round-robin_burst_1788020829991,round-robin,server-1,GET,/api/work,200,27,,8
1788020845887,ui_round-robin_burst_1788020829991,round-robin,server-2,GET,/api/work,200,27,,7
1788020845888,ui_round-robin_burst_1788020829991,round-robin,server-3,GET,/api/work,200,26,,7
1788020845888,ui_round-robin_burst_1788020829991,round-robin,server-1,GET,/api/work,200,27,,7
1788020845889,ui_round-robin_burst_1788020829991,round-robin,server-2,GET,/api/work,200,26,,7
1788020845889,ui_round-robin_burst_1788020829991,round-robin,server-3,GET,/api/work,200,27,,6
1788020845889,ui_round-robin_burst_1788020829991,round-robin,server-1,GET,/api/work,200,27,,6
1788020845890,ui_round-robin_burst_1788020829991,round-robin,server-3,GET,/api/work,200,26,,5
1788020845890,ui_round-robin_burst_1788020829991,round-robin,server-2,GET,/api/work,200,27,,6
1788020845892,ui_round-robin_burst_1788020829991,round-robin,server-1,GET,/api/work,200,26,,6
1788020845895,ui_round-robin_burst_1788020829991,round-robin,server-1,GET,/api/work,200,26,,5
1788020845895,ui_round-robin_burst_1788020829991,round-robin,server-2,GET,/api/work,200,27,,6
1788020845895,ui_round-robin_burst_1788020829991,round-robin,server-2,GET,/api/work,200,27,,5
1788020845895,ui_round-robin_burst_1788020829991,round-robin,server-3,GET,/api/work,200,27,,6
1788020845896,ui_round-robin_burst_1788020829991,round-robin,server-3,GET,/api/work,200,27,,5
1788020845897,ui_round-robin_burst_1788020829991,round-robin,server-1,GET,/api/work,200,26,,5
1788020845900,ui_round-robin_burst_1788020829991,round-robin,server-3,GET,/api/work,200,26,,5
1788020845900,ui_round-robin_burst_1788020829991,round-robin,server-1,GET,/api/work,200,27,,5
1788020845899,ui_round-robin_burst_1788020829991,round-robin,server-2,GET,/api/work,200,28,,6
1788020845901,ui_round-robin_burst_1788020829991,round-robin,server-2,GET,/api/work,200,26,,5
1788020845902,ui_round-robin_burst_1788020829991,round-robin,server-3,GET,/api/work,200,26,,4
1788020845903,ui_round-robin_burst_1788020829991,round-robin,server-1,GET,/api/work,200,26,,4
1788020845907,ui_round-robin_burst_1788020829991,round-robin,server-2,GET,/api/work,200,25,,5
1788020845913,ui_round-robin_burst_1788020829991,round-robin,server-3,GET,/api/work,200,26,,5
1788020845913,ui_round-robin_burst_1788020829991,round-robin,server-1,GET,/api/work,200,26,,4
1788020845914,ui_round-robin_burst_1788020829991,round-robin,server-2,GET,/api/work,200,26,,4
1788020845917,ui_round-robin_burst_1788020829991,round-robin,server-3,GET,/api/work,200,26,,4
1788020845918,ui_round-robin_burst_1788020829991,round-robin,server-2,GET,/api/work,200,25,,3
1788020845918,ui_round-robin_burst_1788020829991,round-robin,server-1,GET,/api/work,200,26,,4
1788020845922,ui_round-robin_burst_1788020829991,round-robin,server-1,GET,/api/work,200,25,,5
1788020845921,ui_round-robin_burst_1788020829991,round-robin,server-3,GET,/api/work,200,27,,5
1788020845924,ui_round-robin_burst_1788020829991,round-robin,server-2,GET,/api/work,200,26,,6
1788020845924,ui_round-robin_burst_1788020829991,round-robin,server-2,GET,/api/work,200,26,,5
1788020845924,ui_round-robin_burst_1788020829991,round-robin,server-3,GET,/api/work,200,27,,5
1788020845924,ui_round-robin_burst_1788020829991,round-robin,server-1,GET,/api/work,200,27,,5
1788020845930,ui_round-robin_burst_1788020829991,round-robin,server-3,GET,/api/work,200,26,,6
1788020845931,ui_round-robin_burst_1788020829991,round-robin,server-1,GET,/api/work,200,27,,6
1788020845931,ui_round-robin_burst_1788020829991,round-robin,server-2,GET,/api/work,200,27,,6
1788020845933,ui_round-robin_burst_1788020829991,round-robin,server-3,GET,/api/work,200,26,,7
1788020845943,ui_round-robin_burst_1788020829991,round-robin,server-1,GET,/api/work,200,26,,7
1788020845945,ui_round-robin_burst_1788020829991,round-robin,server-1,GET,/api/work,200,26,,7
1788020845945,ui_round-robin_burst_1788020829991,round-robin,server-3,GET,/api/work,200,26,,7
1788020845944,ui_round-robin_burst_1788020829991,round-robin,server-2,GET,/api/work,200,28,,8
1788020845946,ui_round-robin_burst_1788020829991,round-robin,server-2,GET,/api/work,200,26,,7
1788020845947,ui_round-robin_burst_1788020829991,round-robin,server-2,GET,/api/work,200,26,,6
1788020845947,ui_round-robin_burst_1788020829991,round-robin,server-1,GET,/api/work,200,26,,6
1788020845946,ui_round-robin_burst_1788020829991,round-robin,server-3,GET,/api/work,200,27,,7
1788020845948,ui_round-robin_burst_1788020829991,round-robin,server-3,GET,/api/work,200,28,,6
1788020845949,ui_round-robin_burst_1788020829991,round-robin,server-2,GET,/api/work,200,27,,6
1788020845948,ui_round-robin_burst_1788020829991,round-robin,server-1,GET,/api/work,200,29,,6
1788020845953,ui_round-robin_burst_1788020829991,round-robin,server-3,GET,/api/work,200,25,,6
1788020845953,ui_round-robin_burst_1788020829991,round-robin,server-1,GET,/api/work,200,26,,6
1788020845954,ui_round-robin_burst_1788020829991,round-robin,server-1,GET,/api/work,200,26,,5
1788020845954,ui_round-robin_burst_1788020829991,round-robin,server-3,GET,/api/work,200,27,,5
1788020845954,ui_round-robin_burst_1788020829991,round-robin,server-2,GET,/api/work,200,27,,6
1788020845955,ui_round-robin_burst_1788020829991,round-robin,server-2,GET,/api/work,200,27,,5
1788020845957,ui_round-robin_burst_1788020829991,round-robin,server-3,GET,/api/work,200,26,,6
1788020845959,ui_round-robin_burst_1788020829991,round-robin,server-2,GET,/api/work,200,25,,5
1788020845958,ui_round-robin_burst_1788020829991,round-robin,server-1,GET,/api/work,200,27,,5
1788020845959,ui_round-robin_burst_1788020829991,round-robin,server-1,GET,/api/work,200,27,,4
1788020845959,ui_round-robin_burst_1788020829991,round-robin,server-3,GET,/api/work,200,27,,5
1788020845960,ui_round-robin_burst_1788020829991,round-robin,server-2,GET,/api/work,200,26,,4
1788020845963,ui_round-robin_burst_1788020829991,round-robin,server-3,GET,/api/work,200,26,,4
1788020845970,ui_round-robin_burst_1788020829991,round-robin,server-2,GET,/api/work,200,26,,4
1788020845970,ui_round-robin_burst_1788020829991,round-robin,server-1,GET,/api/work,200,26,,5
1788020845971,ui_round-robin_burst_1788020829991,round-robin,server-3,GET,/api/work,200,26,,4
1788020845976,ui_round-robin_burst_1788020829991,round-robin,server-2,GET,/api/work,200,26,,4
1788020845976,ui_round-robin_burst_1788020829991,round-robin,server-1,GET,/api/work,200,27,,5
1788020845977,ui_round-robin_burst_1788020829991,round-robin,server-3,GET,/api/work,200,26,,4
1788020845978,ui_round-robin_burst_1788020829991,round-robin,server-2,GET,/api/work,200,26,,4
1788020845977,ui_round-robin_burst_1788020829991,round-robin,server-1,GET,/api/work,200,28,,4
1788020845982,ui_round-robin_burst_1788020829991,round-robin,server-1,GET,/api/work,200,25,,5
1788020845981,ui_round-robin_burst_1788020829991,round-robin,server-3,GET,/api/work,200,27,,5
1788020845983,ui_round-robin_burst_1788020829991,round-robin,server-3,GET,/api/work,200,25,,5
1788020845982,ui_round-robin_burst_1788020829991,round-robin,server-2,GET,/api/work,200,27,,5
1788020845987,ui_round-robin_burst_1788020829991,round-robin,server-1,GET,/api/work,200,26,,5
1788020845990,ui_round-robin_burst_1788020829991,round-robin,server-3,GET,/api/work,200,26,,7
1788020845990,ui_round-robin_burst_1788020829991,round-robin,server-2,GET,/api/work,200,27,,7
1788020845990,ui_round-robin_burst_1788020829991,round-robin,server-1,GET,/api/work,200,27,,6
1788020846000,ui_round-robin_burst_1788020829991,round-robin,server-2,GET,/api/work,200,27,,7
1788020846002,ui_round-robin_burst_1788020829991,round-robin,server-3,GET,/api/work,200,26,,8
1788020846002,ui_round-robin_burst_1788020829991,round-robin,server-1,GET,/api/work,200,27,,8
1788020846004,ui_round-robin_burst_1788020829991,round-robin,server-2,GET,/api/work,200,27,,7
1788020846005,ui_round-robin_burst_1788020829991,round-robin,server-1,GET,/api/work,200,26,,7
1788020846004,ui_round-robin_burst_1788020829991,round-robin,server-3,GET,/api/work,200,27,,7
1788020846007,ui_round-robin_burst_1788020829991,round-robin,server-1,GET,/api/work,200,25,,6
1788020846006,ui_round-robin_burst_1788020829991,round-robin,server-2,GET,/api/work,200,27,,6
1788020846007,ui_round-robin_burst_1788020829991,round-robin,server-2,GET,/api/work,200,26,,5
1788020846006,ui_round-robin_burst_1788020829991,round-robin,server-3,GET,/api/work,200,28,,6
1788020846008,ui_round-robin_burst_1788020829991,round-robin,server-3,GET,/api/work,200,27,,6
1788020846009,ui_round-robin_burst_1788020829991,round-robin,server-1,GET,/api/work,200,29,,6
1788020846011,ui_round-robin_burst_1788020829991,round-robin,server-3,GET,/api/work,200,28,,6
1788020846009,ui_round-robin_burst_1788020829991,round-robin,server-2,GET,/api/work,200,30,,6
1788020846014,ui_round-robin_burst_1788020829991,round-robin,server-1,GET,/api/work,200,27,,6
1788020846014,ui_round-robin_burst_1788020829991,round-robin,server-2,GET,/api/work,200,28,,5
1788020846014,ui_round-robin_burst_1788020829991,round-robin,server-2,GET,/api/work,200,29,,5
1788020846014,ui_round-robin_burst_1788020829991,round-robin,server-1,GET,/api/work,200,30,,5
1788020846014,ui_round-robin_burst_1788020829991,round-robin,server-3,GET,/api/work,200,31,,6
1788020846018,ui_round-robin_burst_1788020829991,round-robin,server-2,GET,/api/work,200,28,,4
1788020846016,ui_round-robin_burst_1788020829991,round-robin,server-3,GET,/api/work,200,30,,5
1788020846018,ui_round-robin_burst_1788020829991,round-robin,server-3,GET,/api/work,200,29,,4
1788020846017,ui_round-robin_burst_1788020829991,round-robin,server-1,GET,/api/work,200,30,,5
1788020846020,ui_round-robin_burst_1788020829991,round-robin,server-1,GET,/api/work,200,28,,4
1788020846027,ui_round-robin_burst_1788020829991,round-robin,server-3,GET,/api/work,200,28,,4
1788020846028,ui_round-robin_burst_1788020829991,round-robin,server-1,GET,/api/work,200,28,,4
1788020846027,ui_round-robin_burst_1788020829991,round-robin,server-2,GET,/api/work,200,29,,5
1788020846034,ui_round-robin_burst_1788020829991,round-robin,server-3,GET,/api/work,200,26,,4
1788020846034,ui_round-robin_burst_1788020829991,round-robin,server-2,GET,/api/work,200,28,,6
1788020846037,ui_round-robin_burst_1788020829991,round-robin,server-3,GET,/api/work,200,26,,5
1788020846035,ui_round-robin_burst_1788020829991,round-robin,server-1,GET,/api/work,200,29,,5
1788020846037,ui_round-robin_burst_1788020829991,round-robin,server-2,GET,/api/work,200,28,,6
1788020846040,ui_round-robin_burst_1788020829991,round-robin,server-1,GET,/api/work,200,26,,5
1788020846042,ui_round-robin_burst_1788020829991,round-robin,server-2,GET,/api/work,200,28,,5
1788020846044,ui_round-robin_burst_1788020829991,round-robin,server-1,GET,/api/work,200,27,,5
1788020846044,ui_round-robin_burst_1788020829991,round-robin,server-3,GET,/api/work,200,28,,6
1788020846048,ui_round-robin_burst_1788020829991,round-robin,server-2,GET,/api/work,200,26,,5
1788020846049,ui_round-robin_burst_1788020829991,round-robin,server-3,GET,/api/work,200,26,,5
1788020846049,ui_round-robin_burst_1788020829991,round-robin,server-1,GET,/api/work,200,27,,5
1788020846049,ui_round-robin_burst_1788020829991,round-robin,server-2,GET,/api/work,200,28,,5
1788020846057,ui_round-robin_burst_1788020829991,round-robin,server-3,GET,/api/work,200,26,,7
1788020846058,ui_round-robin_burst_1788020829991,round-robin,server-1,GET,/api/work,200,26,,7
1788020846059,ui_round-robin_burst_1788020829991,round-robin,server-2,GET,/api/work,200,26,,7
1788020846062,ui_round-robin_burst_1788020829991,round-robin,server-1,GET,/api/work,200,26,,7
1788020846062,ui_round-robin_burst_1788020829991,round-robin,server-3,GET,/api/work,200,27,,7
1788020846063,ui_round-robin_burst_1788020829991,round-robin,server-3,GET,/api/work,200,26,,6
1788020846062,ui_round-robin_burst_1788020829991,round-robin,server-2,GET,/api/work,200,28,,7
1788020846064,ui_round-robin_burst_1788020829991,round-robin,server-2,GET,/api/work,200,27,,6
1788020846064,ui_round-robin_burst_1788020829991,round-robin,server-1,GET,/api/work,200,28,,6
1788020846067,ui_round-robin_burst_1788020829991,round-robin,server-1,GET,/api/work,200,27,,5
1788020846067,ui_round-robin_burst_1788020829991,round-robin,server-3,GET,/api/work,200,27,,6
1788020846071,ui_round-robin_burst_1788020829991,round-robin,server-3,GET,/api/work,200,26,,6
1788020846071,ui_round-robin_burst_1788020829991,round-robin,server-1,GET,/api/work,200,27,,6
1788020846071,ui_round-robin_burst_1788020829991,round-robin,server-2,GET,/api/work,200,27,,7
1788020846075,ui_round-robin_burst_1788020829991,round-robin,server-2,GET,/api/work,200,26,,6
1788020846076,ui_round-robin_burst_1788020829991,round-robin,server-3,GET,/api/work,200,26,,6
1788020846076,ui_round-robin_burst_1788020829991,round-robin,server-1,GET,/api/work,200,27,,6
1788020846077,ui_round-robin_burst_1788020829991,round-robin,server-2,GET,/api/work,200,26,,6
1788020846078,ui_round-robin_burst_1788020829991,round-robin,server-1,GET,/api/work,200,26,,5
1788020846078,ui_round-robin_burst_1788020829991,round-robin,server-3,GET,/api/work,200,27,,5
1788020846080,ui_round-robin_burst_1788020829991,round-robin,server-3,GET,/api/work,200,27,,5
1788020846080,ui_round-robin_burst_1788020829991,round-robin,server-2,GET,/api/work,200,28,,6
1788020846080,ui_round-robin_burst_1788020829991,round-robin,server-1,GET,/api/work,200,29,,5
1788020846080,ui_round-robin_burst_1788020829991,round-robin,server-2,GET,/api/work,200,29,,5
1788020846088,ui_round-robin_burst_1788020829991,round-robin,server-2,GET,/api/work,200,25,,4
1788020846087,ui_round-robin_burst_1788020829991,round-robin,server-1,GET,/api/work,200,27,,4
1788020846087,ui_round-robin_burst_1788020829991,round-robin,server-3,GET,/api/work,200,27,,5
1788020846091,ui_round-robin_burst_1788020829991,round-robin,server-3,GET,/api/work,200,27,,5
1788020846094,ui_round-robin_burst_1788020829991,round-robin,server-2,GET,/api/work,200,27,,4
1788020846094,ui_round-robin_burst_1788020829991,round-robin,server-1,GET,/api/work,200,28,,5
1788020846095,ui_round-robin_burst_1788020829991,round-robin,server-1,GET,/api/work,200,28,,4
1788020846095,ui_round-robin_burst_1788020829991,round-robin,server-3,GET,/api/work,200,29,,5
1788020846097,ui_round-robin_burst_1788020829991,round-robin,server-2,GET,/api/work,200,29,,5
1788020846101,ui_round-robin_burst_1788020829991,round-robin,server-3,GET,/api/work,200,26,,5
1788020846102,ui_round-robin_burst_1788020829991,round-robin,server-1,GET,/api/work,200,26,,5
1788020846102,ui_round-robin_burst_1788020829991,round-robin,server-2,GET,/api/work,200,27,,5
1788020846105,ui_round-robin_burst_1788020829991,round-robin,server-3,GET,/api/work,200,27,,5
1788020846106,ui_round-robin_burst_1788020829991,round-robin,server-1,GET,/api/work,200,27,,5
1788020846107,ui_round-robin_burst_1788020829991,round-robin,server-2,GET,/api/work,200,27,,5
1788020846108,ui_round-robin_burst_1788020829991,round-robin,server-3,GET,/api/work,200,26,,5
1788020846115,ui_round-robin_burst_1788020829991,round-robin,server-1,GET,/api/work,200,25,,7
1788020846115,ui_round-robin_burst_1788020829991,round-robin,server-2,GET,/api/work,200,27,,7
1788020846115,ui_round-robin_burst_1788020829991,round-robin,server-3,GET,/api/work,200,27,,7
1788020846121,ui_round-robin_burst_1788020829991,round-robin,server-1,GET,/api/work,200,26,,7
1788020846121,ui_round-robin_burst_1788020829991,round-robin,server-2,GET,/api/work,200,27,,7
1788020846122,ui_round-robin_burst_1788020829991,round-robin,server-3,GET,/api/work,200,27,,7
1788020846124,ui_round-robin_burst_1788020829991,round-robin,server-1,GET,/api/work,200,26,,7
1788020846125,ui_round-robin_burst_1788020829991,round-robin,server-3,GET,/api/work,200,26,,6
1788020846125,ui_round-robin_burst_1788020829991,round-robin,server-2,GET,/api/work,200,27,,6
1788020846126,ui_round-robin_burst_1788020829991,round-robin,server-2,GET,/api/work,200,26,,5
1788020846126,ui_round-robin_burst_1788020829991,round-robin,server-1,GET,/api/work,200,27,,6
1788020846128,ui_round-robin_burst_1788020829991,round-robin,server-3,GET,/api/work,200,27,,6
1788020846130,ui_round-robin_burst_1788020829991,round-robin,server-1,GET,/api/work,200,25,,5
1788020846130,ui_round-robin_burst_1788020829991,round-robin,server-2,GET,/api/work,200,26,,6
1788020846133,ui_round-robin_burst_1788020829991,round-robin,server-3,GET,/api/work,200,25,,6
1788020846134,ui_round-robin_burst_1788020829991,round-robin,server-1,GET,/api/work,200,27,,6
1788020846135,ui_round-robin_burst_1788020829991,round-robin,server-2,GET,/api/work,200,26,,6
1788020846135,ui_round-robin_burst_1788020829991,round-robin,server-1,GET,/api/work,200,27,,5
1788020846135,ui_round-robin_burst_1788020829991,round-robin,server-3,GET,/api/work,200,27,,6
1788020846136,ui_round-robin_burst_1788020829991,round-robin,server-2,GET,/api/work,200,26,,5
1788020846139,ui_round-robin_burst_1788020829991,round-robin,server-1,GET,/api/work,200,26,,5
1788020846139,ui_round-robin_burst_1788020829991,round-robin,server-3,GET,/api/work,200,26,,5
1788020846140,ui_round-robin_burst_1788020829991,round-robin,server-2,GET,/api/work,200,26,,4
1788020846140,ui_round-robin_burst_1788020829991,round-robin,server-3,GET,/api/work,200,26,,4
1788020846145,ui_round-robin_burst_1788020829991,round-robin,server-2,GET,/api/work,200,27,,5
1788020846145,ui_round-robin_burst_1788020829991,round-robin,server-1,GET,/api/work,200,27,,5
1788020846145,ui_round-robin_burst_1788020829991,round-robin,server-3,GET,/api/work,200,27,,4
1788020846148,ui_round-robin_burst_1788020829991,round-robin,server-1,GET,/api/work,200,26,,5
1788020846153,ui_round-robin_burst_1788020829991,round-robin,server-2,GET,/api/work,200,26,,5
1788020846154,ui_round-robin_burst_1788020829991,round-robin,server-3,GET,/api/work,200,28,,5
1788020846156,ui_round-robin_burst_1788020829991,round-robin,server-2,GET,/api/work,200,26,,5
1788020846156,ui_round-robin_burst_1788020829991,round-robin,server-1,GET,/api/work,200,27,,6
1788020846157,ui_round-robin_burst_1788020829991,round-robin,server-3,GET,/api/work,200,26,,5
1788020846159,ui_round-robin_burst_1788020829991,round-robin,server-1,GET,/api/work,200,25,,5
1788020846160,ui_round-robin_burst_1788020829991,round-robin,server-3,GET,/api/work,200,26,,5
1788020846160,ui_round-robin_burst_1788020829991,round-robin,server-2,GET,/api/work,200,27,,5
1788020846163,ui_round-robin_burst_1788020829991,round-robin,server-1,GET,/api/work,200,26,,5
1788020846166,ui_round-robin_burst_1788020829991,round-robin,server-2,GET,/api/work,200,27,,6
1788020846167,ui_round-robin_burst_1788020829991,round-robin,server-1,GET,/api/work,200,27,,5
1788020846167,ui_round-robin_burst_1788020829991,round-robin,server-3,GET,/api/work,200,27,,5
1788020846171,ui_round-robin_burst_1788020829991,round-robin,server-2,GET,/api/work,200,28,,7
1788020846173,ui_round-robin_burst_1788020829991,round-robin,server-3,GET,/api/work,200,26,,7
1788020846173,ui_round-robin_burst_1788020829991,round-robin,server-1,GET,/api/work,200,27,,7
1788020846178,ui_round-robin_burst_1788020829991,round-robin,server-2,GET,/api/work,200,27,,8
1788020846179,ui_round-robin_burst_1788020829991,round-robin,server-3,GET,/api/work,200,26,,7
1788020846179,ui_round-robin_burst_1788020829991,round-robin,server-1,GET,/api/work,200,27,,7
1788020846181,ui_round-robin_burst_1788020829991,round-robin,server-2,GET,/api/work,200,27,,7
1788020846182,ui_round-robin_burst_1788020829991,round-robin,server-3,GET,/api/work,200,27,,6
1788020846182,ui_round-robin_burst_1788020829991,round-robin,server-1,GET,/api/work,200,27,,6
1788020846183,ui_round-robin_burst_1788020829991,round-robin,server-2,GET,/api/work,200,26,,6
1788020846185,ui_round-robin_burst_1788020829991,round-robin,server-3,GET,/api/work,200,27,,6
1788020846188,ui_round-robin_burst_1788020829991,round-robin,server-1,GET,/api/work,200,26,,7
1788020846188,ui_round-robin_burst_1788020829991,round-robin,server-2,GET,/api/work,200,27,,6
1788020846189,ui_round-robin_burst_1788020829991,round-robin,server-1,GET,/api/work,200,26,,6
1788020846188,ui_round-robin_burst_1788020829991,round-robin,server-3,GET,/api/work,200,28,,6
1788020846191,ui_round-robin_burst_1788020829991,round-robin,server-2,GET,/api/work,200,26,,6
1788020846194,ui_round-robin_burst_1788020829991,round-robin,server-3,GET,/api/work,200,26,,6
1788020846195,ui_round-robin_burst_1788020829991,round-robin,server-2,GET,/api/work,200,26,,6
1788020846195,ui_round-robin_burst_1788020829991,round-robin,server-1,GET,/api/work,200,26,,6
1788020846196,ui_round-robin_burst_1788020829991,round-robin,server-3,GET,/api/work,200,26,,5
1788020846197,ui_round-robin_burst_1788020829991,round-robin,server-1,GET,/api/work,200,26,,5
1788020846197,ui_round-robin_burst_1788020829991,round-robin,server-3,GET,/api/work,200,26,,4
1788020846197,ui_round-robin_burst_1788020829991,round-robin,server-2,GET,/api/work,200,27,,5
1788020846198,ui_round-robin_burst_1788020829991,round-robin,server-1,GET,/api/work,200,27,,4
1788020846204,ui_round-robin_burst_1788020829991,round-robin,server-3,GET,/api/work,200,26,,4
1788020846204,ui_round-robin_burst_1788020829991,round-robin,server-1,GET,/api/work,200,27,,5
1788020846204,ui_round-robin_burst_1788020829991,round-robin,server-2,GET,/api/work,200,27,,6
1788020846204,ui_round-robin_burst_1788020829991,round-robin,server-2,GET,/api/work,200,28,,5
1788020846210,ui_round-robin_burst_1788020829991,round-robin,server-3,GET,/api/work,200,26,,4
1788020846212,ui_round-robin_burst_1788020829991,round-robin,server-1,GET,/api/work,200,27,,5
1788020846213,ui_round-robin_burst_1788020829991,round-robin,server-2,GET,/api/work,200,26,,5
1788020846214,ui_round-robin_burst_1788020829991,round-robin,server-1,GET,/api/work,200,26,,5
1788020846214,ui_round-robin_burst_1788020829991,round-robin,server-3,GET,/api/work,200,27,,6
1788020846215,ui_round-robin_burst_1788020829991,round-robin,server-2,GET,/api/work,200,27,,5
1788020846217,ui_round-robin_burst_1788020829991,round-robin,server-3,GET,/api/work,200,26,,5
1788020846218,ui_round-robin_burst_1788020829991,round-robin,server-1,GET,/api/work,200,26,,5
1788020846220,ui_round-robin_burst_1788020829991,round-robin,server-2,GET,/api/work,200,27,,6
1788020846226,ui_round-robin_burst_1788020829991,round-robin,server-3,GET,/api/work,200,25,,6
1788020846227,ui_round-robin_burst_1788020829991,round-robin,server-1,GET,/api/work,200,26,,7
1788020846227,ui_round-robin_burst_1788020829991,round-robin,server-2,GET,/api/work,200,26,,6
1788020846231,ui_round-robin_burst_1788020829991,round-robin,server-2,GET,/api/work,200,25,,6
1788020846230,ui_round-robin_burst_1788020829991,round-robin,server-3,GET,/api/work,200,27,,7
1788020846231,ui_round-robin_burst_1788020829991,round-robin,server-1,GET,/api/work,200,26,,7
1788020846236,ui_round-robin_burst_1788020829991,round-robin,server-1,GET,/api/work,200,27,,7
1788020846237,ui_round-robin_burst_1788020829991,round-robin,server-2,GET,/api/work,200,27,,7
1788020846236,ui_round-robin_burst_1788020829991,round-robin,server-3,GET,/api/work,200,28,,8
1788020846240,ui_round-robin_burst_1788020829991,round-robin,server-3,GET,/api/work,200,25,,7
1788020846240,ui_round-robin_burst_1788020829991,round-robin,server-1,GET,/api/work,200,26,,7
1788020846241,ui_round-robin_burst_1788020829991,round-robin,server-3,GET,/api/work,200,25,,6
1788020846240,ui_round-robin_burst_1788020829991,round-robin,server-2,GET,/api/work,200,27,,6
1788020846243,ui_round-robin_burst_1788020829991,round-robin,server-1,GET,/api/work,200,27,,6
1788020846246,ui_round-robin_burst_1788020829991,round-robin,server-2,GET,/api/work,200,25,,6
1788020846246,ui_round-robin_burst_1788020829991,round-robin,server-3,GET,/api/work,200,25,,6
1788020846246,ui_round-robin_burst_1788020829991,round-robin,server-1,GET,/api/work,200,26,,6
1788020846246,ui_round-robin_burst_1788020829991,round-robin,server-2,GET,/api/work,200,27,,6
1788020846247,ui_round-robin_burst_1788020829991,round-robin,server-3,GET,/api/work,200,26,,6
1788020846251,ui_round-robin_burst_1788020829991,round-robin,server-1,GET,/api/work,200,25,,6
1788020846251,ui_round-robin_burst_1788020829991,round-robin,server-2,GET,/api/work,200,26,,6
1788020846252,ui_round-robin_burst_1788020829991,round-robin,server-3,GET,/api/work,200,26,,6
1788020846252,ui_round-robin_burst_1788020829991,round-robin,server-1,GET,/api/work,200,27,,5
1788020846254,ui_round-robin_burst_1788020829991,round-robin,server-1,GET,/api/work,200,26,,4
1788020846254,ui_round-robin_burst_1788020829991,round-robin,server-3,GET,/api/work,200,27,,5
1788020846254,ui_round-robin_burst_1788020829991,round-robin,server-2,GET,/api/work,200,27,,5
1788020846256,ui_round-robin_burst_1788020829991,round-robin,server-2,GET,/api/work,200,26,,4
1788020846262,ui_round-robin_burst_1788020829991,round-robin,server-2,GET,/api/work,200,27,,5
1788020846262,ui_round-robin_burst_1788020829991,round-robin,server-1,GET,/api/work,200,28,,5
1788020846262,ui_round-robin_burst_1788020829991,round-robin,server-3,GET,/api/work,200,28,,6
1788020846263,ui_round-robin_burst_1788020829991,round-robin,server-3,GET,/api/work,200,28,,5
1788020846265,ui_round-robin_burst_1788020829991,round-robin,server-1,GET,/api/work,200,26,,4
1788020846270,ui_round-robin_burst_1788020829991,round-robin,server-2,GET,/api/work,200,27,,5
1788020846270,ui_round-robin_burst_1788020829991,round-robin,server-3,GET,/api/work,200,27,,5
1788020846271,ui_round-robin_burst_1788020829991,round-robin,server-1,GET,/api/work,200,27,,5
1788020846272,ui_round-robin_burst_1788020829991,round-robin,server-2,GET,/api/work,200,27,,5
1788020846272,ui_round-robin_burst_1788020829991,round-robin,server-3,GET,/api/work,200,27,,5
1788020846273,ui_round-robin_burst_1788020829991,round-robin,server-1,GET,/api/work,200,27,,5
1788020846275,ui_round-robin_burst_1788020829991,round-robin,server-2,GET,/api/work,200,26,,5
1788020846277,ui_round-robin_burst_1788020829991,round-robin,server-3,GET,/api/work,200,26,,5
1788020846282,ui_round-robin_burst_1788020829991,round-robin,server-1,GET,/api/work,200,25,,6
1788020846284,ui_round-robin_burst_1788020829991,round-robin,server-2,GET,/api/work,200,25,,6
1788020846285,ui_round-robin_burst_1788020829991,round-robin,server-3,GET,/api/work,200,27,,7
1788020846288,ui_round-robin_burst_1788020829991,round-robin,server-1,GET,/api/work,200,26,,7
1788020846288,ui_round-robin_burst_1788020829991,round-robin,server-2,GET,/api/work,200,27,,7
1788020846288,ui_round-robin_burst_1788020829991,round-robin,server-3,GET,/api/work,200,28,,7
1788020846295,ui_round-robin_burst_1788020829991,round-robin,server-1,GET,/api/work,200,26,,8
1788020846296,ui_round-robin_burst_1788020829991,round-robin,server-2,GET,/api/work,200,26,,7
1788020846296,ui_round-robin_burst_1788020829991,round-robin,server-3,GET,/api/work,200,27,,7
1788020846298,ui_round-robin_burst_1788020829991,round-robin,server-3,GET,/api/work,200,25,,6
1788020846297,ui_round-robin_burst_1788020829991,round-robin,server-1,GET,/api/work,200,26,,7
1788020846297,ui_round-robin_burst_1788020829991,round-robin,server-2,GET,/api/work,200,27,,7
1788020846298,ui_round-robin_burst_1788020829991,round-robin,server-1,GET,/api/work,200,26,,6
1788020846300,ui_round-robin_burst_1788020829991,round-robin,server-2,GET,/api/work,200,27,,6
1788020846303,ui_round-robin_burst_1788020829991,round-robin,server-1,GET,/api/work,200,25,,5
1788020846302,ui_round-robin_burst_1788020829991,round-robin,server-3,GET,/api/work,200,27,,5
1788020846303,ui_round-robin_burst_1788020829991,round-robin,server-2,GET,/api/work,200,27,,6
1788020846304,ui_round-robin_burst_1788020829991,round-robin,server-3,GET,/api/work,200,27,,5
1788020846304,ui_round-robin_burst_1788020829991,round-robin,server-1,GET,/api/work,200,28,,5
1788020846308,ui_round-robin_burst_1788020829991,round-robin,server-2,GET,/api/work,200,25,,6
1788020846308,ui_round-robin_burst_1788020829991,round-robin,server-1,GET,/api/work,200,26,,6
1788020846308,ui_round-robin_burst_1788020829991,round-robin,server-3,GET,/api/work,200,27,,6
1788020846309,ui_round-robin_burst_1788020829991,round-robin,server-2,GET,/api/work,200,26,,5
1788020846311,ui_round-robin_burst_1788020829991,round-robin,server-3,GET,/api/work,200,26,,5
1788020846313,ui_round-robin_burst_1788020829991,round-robin,server-1,GET,/api/work,200,26,,5
1788020846313,ui_round-robin_burst_1788020829991,round-robin,server-3,GET,/api/work,200,27,,4
1788020846313,ui_round-robin_burst_1788020829991,round-robin,server-2,GET,/api/work,200,27,,5
1788020846320,ui_round-robin_burst_1788020829991,round-robin,server-1,GET,/api/work,200,26,,5
1788020846321,ui_round-robin_burst_1788020829991,round-robin,server-3,GET,/api/work,200,26,,5
1788020846320,ui_round-robin_burst_1788020829991,round-robin,server-2,GET,/api/work,200,27,,5
1788020846321,ui_round-robin_burst_1788020829991,round-robin,server-1,GET,/api/work,200,27,,5
1788020846322,ui_round-robin_burst_1788020829991,round-robin,server-2,GET,/api/work,200,26,,4
1788020846329,ui_round-robin_burst_1788020829991,round-robin,server-2,GET,/api/work,200,26,,6
1788020846329,ui_round-robin_burst_1788020829991,round-robin,server-3,GET,/api/work,200,27,,6
1788020846329,ui_round-robin_burst_1788020829991,round-robin,server-1,GET,/api/work,200,27,,6
1788020846332,ui_round-robin_burst_1788020829991,round-robin,server-3,GET,/api/work,200,26,,6
1788020846332,ui_round-robin_burst_1788020829991,round-robin,server-2,GET,/api/work,200,26,,5
1788020846333,ui_round-robin_burst_1788020829991,round-robin,server-3,GET,/api/work,200,26,,5
1788020846332,ui_round-robin_burst_1788020829991,round-robin,server-1,GET,/api/work,200,27,,5
1788020846334,ui_round-robin_burst_1788020829991,round-robin,server-1,GET,/api/work,200,27,,5
1788020846338,ui_round-robin_burst_1788020829991,round-robin,server-2,GET,/api/work,200,27,,5
1788020846340,ui_round-robin_burst_1788020829991,round-robin,server-3,GET,/api/work,200,26,,7
1788020846343,ui_round-robin_burst_1788020829991,round-robin,server-1,GET,/api/work,200,26,,7
1788020846344,ui_round-robin_burst_1788020829991,round-robin,server-2,GET,/api/work,200,26,,7
1788020846346,ui_round-robin_burst_1788020829991,round-robin,server-3,GET,/api/work,200,26,,7
1788020846347,ui_round-robin_burst_1788020829991,round-robin,server-1,GET,/api/work,200,26,,7
1788020846352,ui_round-robin_burst_1788020829991,round-robin,server-2,GET,/api/work,200,26,,6
1788020846352,ui_round-robin_burst_1788020829991,round-robin,server-3,GET,/api/work,200,27,,6
1788020846353,ui_round-robin_burst_1788020829991,round-robin,server-1,GET,/api/work,200,26,,6
1788020846354,ui_round-robin_burst_1788020829991,round-robin,server-2,GET,/api/work,200,26,,7
1788020846354,ui_round-robin_burst_1788020829991,round-robin,server-3,GET,/api/work,200,27,,7
1788020846355,ui_round-robin_burst_1788020829991,round-robin,server-2,GET,/api/work,200,26,,6
1788020846355,ui_round-robin_burst_1788020829991,round-robin,server-1,GET,/api/work,200,27,,6
1788020846357,ui_round-robin_burst_1788020829991,round-robin,server-3,GET,/api/work,200,26,,6
1788020846360,ui_round-robin_burst_1788020829991,round-robin,server-1,GET,/api/work,200,27,,6
1788020846360,ui_round-robin_burst_1788020829991,round-robin,server-2,GET,/api/work,200,28,,5
1788020846360,ui_round-robin_burst_1788020829991,round-robin,server-3,GET,/api/work,200,29,,6
1788020846365,ui_round-robin_burst_1788020829991,round-robin,server-1,GET,/api/work,200,27,,7
1788020846366,ui_round-robin_burst_1788020829991,round-robin,server-1,GET,/api/work,200,26,,6
1788020846365,ui_round-robin_burst_1788020829991,round-robin,server-3,GET,/api/work,200,27,,6
1788020846366,ui_round-robin_burst_1788020829991,round-robin,server-3,GET,/api/work,200,27,,5
1788020846365,ui_round-robin_burst_1788020829991,round-robin,server-2,GET,/api/work,200,28,,6
1788020846366,ui_round-robin_burst_1788020829991,round-robin,server-2,GET,/api/work,200,28,,5
1788020846368,ui_round-robin_burst_1788020829991,round-robin,server-1,GET,/api/work,200,27,,5
1788020846369,ui_round-robin_burst_1788020829991,round-robin,server-2,GET,/api/work,200,27,,5
1788020846371,ui_round-robin_burst_1788020829991,round-robin,server-3,GET,/api/work,200,26,,5
1788020846371,ui_round-robin_burst_1788020829991,round-robin,server-1,GET,/api/work,200,27,,5
1788020846379,ui_round-robin_burst_1788020829991,round-robin,server-2,GET,/api/work,200,26,,6
1788020846380,ui_round-robin_burst_1788020829991,round-robin,server-1,GET,/api/work,200,26,,5
1788020846380,ui_round-robin_burst_1788020829991,round-robin,server-3,GET,/api/work,200,26,,5
1788020846380,ui_round-robin_burst_1788020829991,round-robin,server-3,GET,/api/work,200,27,,4
1788020846380,ui_round-robin_burst_1788020829991,round-robin,server-2,GET,/api/work,200,27,,5
1788020846386,ui_round-robin_burst_1788020829991,round-robin,server-1,GET,/api/work,200,27,,6
1788020846388,ui_round-robin_burst_1788020829991,round-robin,server-3,GET,/api/work,200,26,,6
1788020846388,ui_round-robin_burst_1788020829991,round-robin,server-2,GET,/api/work,200,27,,6
1788020846389,ui_round-robin_burst_1788020829991,round-robin,server-1,GET,/api/work,200,26,,6
1788020846391,ui_round-robin_burst_1788020829991,round-robin,server-1,GET,/api/work,200,25,,5
1788020846390,ui_round-robin_burst_1788020829991,round-robin,server-2,GET,/api/work,200,26,,5
1788020846390,ui_round-robin_burst_1788020829991,round-robin,server-3,GET,/api/work,200,27,,5
1788020846395,ui_round-robin_burst_1788020829991,round-robin,server-2,GET,/api/work,200,26,,5
1788020846396,ui_round-robin_burst_1788020829991,round-robin,server-3,GET,/api/work,200,26,,5
1788020846397,ui_round-robin_burst_1788020829991,round-robin,server-1,GET,/api/work,200,27,,6
1788020846400,ui_round-robin_burst_1788020829991,round-robin,server-2,GET,/api/work,200,26,,7
1788020846400,ui_round-robin_burst_1788020829991,round-robin,server-3,GET,/api/work,200,27,,7
1788020846402,ui_round-robin_burst_1788020829991,round-robin,server-1,GET,/api/work,200,26,,7
1788020846404,ui_round-robin_burst_1788020829991,round-robin,server-2,GET,/api/work,200,27,,7
1788020846410,ui_round-robin_burst_1788020829991,round-robin,server-3,GET,/api/work,200,26,,6
1788020846411,ui_round-robin_burst_1788020829991,round-robin,server-2,GET,/api/work,200,26,,6
1788020846410,ui_round-robin_burst_1788020829991,round-robin,server-1,GET,/api/work,200,27,,6
1788020846411,ui_round-robin_burst_1788020829991,round-robin,server-3,GET,/api/work,200,27,,6
1788020846412,ui_round-robin_burst_1788020829991,round-robin,server-1,GET,/api/work,200,27,,6
1788020846413,ui_round-robin_burst_1788020829991,round-robin,server-2,GET,/api/work,200,27,,6
1788020846413,ui_round-robin_burst_1788020829991,round-robin,server-3,GET,/api/work,200,27,,6
1788020846413,ui_round-robin_burst_1788020829991,round-robin,server-1,GET,/api/work,200,27,,6
1788020846419,ui_round-robin_burst_1788020829991,round-robin,server-2,GET,/api/work,200,26,,6
1788020846419,ui_round-robin_burst_1788020829991,round-robin,server-3,GET,/api/work,200,27,,6
1788020846420,ui_round-robin_burst_1788020829991,round-robin,server-1,GET,/api/work,200,26,,6
1788020846423,ui_round-robin_burst_1788020829991,round-robin,server-3,GET,/api/work,200,26,,6
1788020846423,ui_round-robin_burst_1788020829991,round-robin,server-1,GET,/api/work,200,26,,6
1788020846423,ui_round-robin_burst_1788020829991,round-robin,server-2,GET,/api/work,200,27,,7
1788020846423,ui_round-robin_burst_1788020829991,round-robin,server-2,GET,/api/work,200,27,,6
1788020846424,ui_round-robin_burst_1788020829991,round-robin,server-3,GET,/api/work,200,27,,5
1788020846425,ui_round-robin_burst_1788020829991,round-robin,server-2,GET,/api/work,200,26,,5
1788020846425,ui_round-robin_burst_1788020829991,round-robin,server-3,GET,/api/work,200,26,,4
1788020846425,ui_round-robin_burst_1788020829991,round-robin,server-1,GET,/api/work,200,27,,5
1788020846427,ui_round-robin_burst_1788020829991,round-robin,server-1,GET,/api/work,200,26,,5
1788020846427,ui_round-robin_burst_1788020829991,round-robin,server-2,GET,/api/work,200,27,,4
1788020846437,ui_round-robin_burst_1788020829991,round-robin,server-3,GET,/api/work,200,26,,6
1788020846438,ui_round-robin_burst_1788020829991,round-robin,server-1,GET,/api/work,200,26,,5
1788020846439,ui_round-robin_burst_1788020829991,round-robin,server-2,GET,/api/work,200,25,,5
1788020846439,ui_round-robin_burst_1788020829991,round-robin,server-3,GET,/api/work,200,26,,5
1788020846439,ui_round-robin_burst_1788020829991,round-robin,server-1,GET,/api/work,200,26,,4
1788020846444,ui_round-robin_burst_1788020829991,round-robin,server-2,GET,/api/work,200,26,,6
1788020846445,ui_round-robin_burst_1788020829991,round-robin,server-3,GET,/api/work,200,27,,6
1788020846447,ui_round-robin_burst_1788020829991,round-robin,server-2,GET,/api/work,200,25,,6
1788020846447,ui_round-robin_burst_1788020829991,round-robin,server-3,GET,/api/work,200,26,,5
1788020846445,ui_round-robin_burst_1788020829991,round-robin,server-1,GET,/api/work,200,28,,6
1788020846447,ui_round-robin_burst_1788020829991,round-robin,server-1,GET,/api/work,200,26,,5
1788020846447,ui_round-robin_burst_1788020829991,round-robin,server-2,GET,/api/work,200,27,,5
1788020846452,ui_round-robin_burst_1788020829991,round-robin,server-3,GET,/api/work,200,26,,5
1788020846453,ui_round-robin_burst_1788020829991,round-robin,server-1,GET,/api/work,200,26,,5
1788020846455,ui_round-robin_burst_1788020829991,round-robin,server-2,GET,/api/work,200,26,,5
1788020846457,ui_round-robin_burst_1788020829991,round-robin,server-3,GET,/api/work,200,26,,7
1788020846459,ui_round-robin_burst_1788020829991,round-robin,server-1,GET,/api/work,200,25,,7
1788020846459,ui_round-robin_burst_1788020829991,round-robin,server-2,GET,/api/work,200,26,,7
1788020846461,ui_round-robin_burst_1788020829991,round-robin,server-3,GET,/api/work,200,26,,7
1788020846467,ui_round-robin_burst_1788020829991,round-robin,server-1,GET,/api/work,200,25,,6
1788020846468,ui_round-robin_burst_1788020829991,round-robin,server-2,GET,/api/work,200,26,,6
1788020846470,ui_round-robin_burst_1788020829991,round-robin,server-2,GET,/api/work,200,25,,5
1788020846469,ui_round-robin_burst_1788020829991,round-robin,server-3,GET,/api/work,200,27,,7
1788020846471,ui_round-robin_burst_1788020829991,round-robin,server-3,GET,/api/work,200,26,,6
1788020846471,ui_round-robin_burst_1788020829991,round-robin,server-2,GET,/api/work,200,26,,6
1788020846470,ui_round-robin_burst_1788020829991,round-robin,server-1,GET,/api/work,200,28,,7
1788020846471,ui_round-robin_burst_1788020829991,round-robin,server-1,GET,/api/work,200,27,,6
1788020846477,ui_round-robin_burst_1788020829991,round-robin,server-1,GET,/api/work,200,28,,5
1788020846477,ui_round-robin_burst_1788020829991,round-robin,server-3,GET,/api/work,200,29,,6
1788020846480,ui_round-robin_burst_1788020829991,round-robin,server-3,GET,/api/work,200,27,,5
1788020846477,ui_round-robin_burst_1788020829991,round-robin,server-2,GET,/api/work,200,31,,6
1788020846482,ui_round-robin_burst_1788020829991,round-robin,server-1,GET,/api/work,200,27,,6
1788020846482,ui_round-robin_burst_1788020829991,round-robin,server-3,GET,/api/work,200,27,,6
1788020846482,ui_round-robin_burst_1788020829991,round-robin,server-1,GET,/api/work,200,27,,5
1788020846483,ui_round-robin_burst_1788020829991,round-robin,server-3,GET,/api/work,200,27,,5
1788020846482,ui_round-robin_burst_1788020829991,round-robin,server-2,GET,/api/work,200,30,,6
1788020846483,ui_round-robin_burst_1788020829991,round-robin,server-2,GET,/api/work,200,29,,5
1788020846483,ui_round-robin_burst_1788020829991,round-robin,server-1,GET,/api/work,200,29,,5
1788020846484,ui_round-robin_burst_1788020829991,round-robin,server-3,GET,/api/work,200,29,,4
1788020846484,ui_round-robin_burst_1788020829991,round-robin,server-2,GET,/api/work,200,29,,5
1788020846494,ui_round-robin_burst_1788020829991,round-robin,server-1,GET,/api/work,200,25,,6
1788020846495,ui_round-robin_burst_1788020829991,round-robin,server-1,GET,/api/work,200,26,,5
1788020846495,ui_round-robin_burst_1788020829991,round-robin,server-2,GET,/api/work,200,26,,5
1788020846495,ui_round-robin_burst_1788020829991,round-robin,server-3,GET,/api/work,200,27,,5
1788020846496,ui_round-robin_burst_1788020829991,round-robin,server-2,GET,/api/work,200,26,,4
1788020846501,ui_round-robin_burst_1788020829991,round-robin,server-3,GET,/api/work,200,28,,7
1788020846507,ui_round-robin_burst_1788020829991,round-robin,server-3,GET,/api/work,200,26,,6
1788020846507,ui_round-robin_burst_1788020829991,round-robin,server-1,GET,/api/work,200,27,,6
1788020846508,ui_round-robin_burst_1788020829991,round-robin,server-3,GET,/api/work,200,26,,5
1788020846507,ui_round-robin_burst_1788020829991,round-robin,server-2,GET,/api/work,200,28,,6
1788020846508,ui_round-robin_burst_1788020829991,round-robin,server-2,GET,/api/work,200,27,,5
1788020846508,ui_round-robin_burst_1788020829991,round-robin,server-1,GET,/api/work,200,28,,5
1788020846510,ui_round-robin_burst_1788020829991,round-robin,server-1,GET,/api/work,200,26,,4
1788020846513,ui_round-robin_burst_1788020829991,round-robin,server-2,GET,/api/work,200,26,,5
1788020846514,ui_round-robin_burst_1788020829991,round-robin,server-1,GET,/api/work,200,26,,5
1788020846514,ui_round-robin_burst_1788020829991,round-robin,server-2,GET,/api/work,200,27,,4
1788020846514,ui_round-robin_burst_1788020829991,round-robin,server-3,GET,/api/work,200,27,,5
1788020846516,ui_round-robin_burst_1788020829991,round-robin,server-3,GET,/api/work,200,26,,5
1788020846518,ui_round-robin_burst_1788020829991,round-robin,server-1,GET,/api/work,200,27,,6
1788020846523,ui_round-robin_burst_1788020829991,round-robin,server-2,GET,/api/work,200,26,,6
1788020846525,ui_round-robin_burst_1788020829991,round-robin,server-1,GET,/api/work,200,26,,6
1788020846525,ui_round-robin_burst_1788020829991,round-robin,server-3,GET,/api/work,200,27,,7
1788020846527,ui_round-robin_burst_1788020829991,round-robin,server-3,GET,/api/work,200,26,,6
1788020846527,ui_round-robin_burst_1788020829991,round-robin,server-2,GET,/api/work,200,26,,6
1788020846528,ui_round-robin_burst_1788020829991,round-robin,server-1,GET,/api/work,200,26,,6
1788020846529,ui_round-robin_burst_1788020829991,round-robin,server-3,GET,/api/work,200,25,,6
1788020846529,ui_round-robin_burst_1788020829991,round-robin,server-2,GET,/api/work,200,26,,6
1788020846537,ui_round-robin_burst_1788020829991,round-robin,server-2,GET,/api/work,200,26,,5
1788020846537,ui_round-robin_burst_1788020829991,round-robin,server-1,GET,/api/work,200,26,,6
1788020846539,ui_round-robin_burst_1788020829991,round-robin,server-3,GET,/api/work,200,25,,6
1788020846539,ui_round-robin_burst_1788020829991,round-robin,server-1,GET,/api/work,200,27,,6
1788020846541,ui_round-robin_burst_1788020829991,round-robin,server-2,GET,/api/work,200,26,,6
1788020846542,ui_round-robin_burst_1788020829991,round-robin,server-3,GET,/api/work,200,26,,6
1788020846542,ui_round-robin_burst_1788020829991,round-robin,server-1,GET,/api/work,200,26,,6
1788020846543,ui_round-robin_burst_1788020829991,round-robin,server-2,GET,/api/work,200,26,,6
1788020846544,ui_round-robin_burst_1788020829991,round-robin,server-1,GET,/api/work,200,26,,5
1788020846544,ui_round-robin_burst_1788020829991,round-robin,server-3,GET,/api/work,200,26,,6
1788020846545,ui_round-robin_burst_1788020829991,round-robin,server-3,GET,/api/work,200,25,,5
1788020846544,ui_round-robin_burst_1788020829991,round-robin,server-2,GET,/api/work,200,27,,5
1788020846545,ui_round-robin_burst_1788020829991,round-robin,server-1,GET,/api/work,200,27,,5
1788020846550,ui_round-robin_burst_1788020829991,round-robin,server-2,GET,/api/work,200,26,,6
1788020846550,ui_round-robin_burst_1788020829991,round-robin,server-3,GET,/api/work,200,26,,5
1788020846552,ui_round-robin_burst_1788020829991,round-robin,server-1,GET,/api/work,200,25,,5
1788020846554,ui_round-robin_burst_1788020829991,round-robin,server-2,GET,/api/work,200,25,,5
1788020846554,ui_round-robin_burst_1788020829991,round-robin,server-3,GET,/api/work,200,26,,5
1788020846560,ui_round-robin_burst_1788020829991,round-robin,server-1,GET,/api/work,200,26,,7
1788020846564,ui_round-robin_burst_1788020829991,round-robin,server-3,GET,/api/work,200,26,,6
1788020846565,ui_round-robin_burst_1788020829991,round-robin,server-1,GET,/api/work,200,25,,6
1788020846564,ui_round-robin_burst_1788020829991,round-robin,server-2,GET,/api/work,200,27,,6
1788020846566,ui_round-robin_burst_1788020829991,round-robin,server-2,GET,/api/work,200,26,,5
1788020846567,ui_round-robin_burst_1788020829991,round-robin,server-3,GET,/api/work,200,28,,6
1788020846568,ui_round-robin_burst_1788020829991,round-robin,server-2,GET,/api/work,200,27,,5
1788020846568,ui_round-robin_burst_1788020829991,round-robin,server-1,GET,/api/work,200,28,,6
1788020846569,ui_round-robin_burst_1788020829991,round-robin,server-3,GET,/api/work,200,28,,5
1788020846571,ui_round-robin_burst_1788020829991,round-robin,server-1,GET,/api/work,200,27,,5
1788020846572,ui_round-robin_burst_1788020829991,round-robin,server-2,GET,/api/work,200,26,,5
1788020846572,ui_round-robin_burst_1788020829991,round-robin,server-1,GET,/api/work,200,27,,4
1788020846572,ui_round-robin_burst_1788020829991,round-robin,server-3,GET,/api/work,200,28,,5
1788020846576,ui_round-robin_burst_1788020829991,round-robin,server-2,GET,/api/work,200,27,,5
1788020846579,ui_round-robin_burst_1788020829991,round-robin,server-3,GET,/api/work,200,25,,6
1788020846582,ui_round-robin_burst_1788020829991,round-robin,server-1,GET,/api/work,200,26,,7
1788020846583,ui_round-robin_burst_1788020829991,round-robin,server-2,GET,/api/work,200,26,,7
1788020846585,ui_round-robin_burst_1788020829991,round-robin,server-2,GET,/api/work,200,25,,6
1788020846584,ui_round-robin_burst_1788020829991,round-robin,server-3,GET,/api/work,200,26,,6
1788020846584,ui_round-robin_burst_1788020829991,round-robin,server-1,GET,/api/work,200,27,,7
1788020846585,ui_round-robin_burst_1788020829991,round-robin,server-1,GET,/api/work,200,26,,6
1788020846585,ui_round-robin_burst_1788020829991,round-robin,server-3,GET,/api/work,200,27,,6
1788020846594,ui_round-robin_burst_1788020829991,round-robin,server-3,GET,/api/work,200,26,,5
1788020846594,ui_round-robin_burst_1788020829991,round-robin,server-2,GET,/api/work,200,27,,6
1788020846596,ui_round-robin_burst_1788020829991,round-robin,server-1,GET,/api/work,200,25,,6
1788020846597,ui_round-robin_burst_1788020829991,round-robin,server-2,GET,/api/work,200,26,,6
1788020846598,ui_round-robin_burst_1788020829991,round-robin,server-3,GET,/api/work,200,26,,6
1788020846600,ui_round-robin_burst_1788020829991,round-robin,server-1,GET,/api/work,200,26,,5
1788020846600,ui_round-robin_burst_1788020829991,round-robin,server-2,GET,/api/work,200,27,,5
1788020846600,ui_round-robin_burst_1788020829991,round-robin,server-3,GET,/api/work,200,27,,5
1788020846601,ui_round-robin_burst_1788020829991,round-robin,server-1,GET,/api/work,200,27,,5
1788020846603,ui_round-robin_burst_1788020829991,round-robin,server-3,GET,/api/work,200,26,,5
1788020846603,ui_round-robin_burst_1788020829991,round-robin,server-1,GET,/api/work,200,26,,5
1788020846603,ui_round-robin_burst_1788020829991,round-robin,server-2,GET,/api/work,200,27,,6
1788020846604,ui_round-robin_burst_1788020829991,round-robin,server-2,GET,/api/work,200,26,,5
1788020846607,ui_round-robin_burst_1788020829991,round-robin,server-1,GET,/api/work,200,26,,5
1788020846607,ui_round-robin_burst_1788020829991,round-robin,server-3,GET,/api/work,200,27,,5
1788020846607,ui_round-robin_burst_1788020829991,round-robin,server-2,GET,/api/work,200,27,,5
1788020846611,ui_round-robin_burst_1788020829991,round-robin,server-3,GET,/api/work,200,25,,5
1788020846611,ui_round-robin_burst_1788020829991,round-robin,server-1,GET,/api/work,200,26,,5
1788020846616,ui_round-robin_burst_1788020829991,round-robin,server-2,GET,/api/work,200,27,,6
1788020846621,ui_round-robin_burst_1788020829991,round-robin,server-3,GET,/api/work,200,26,,6
1788020846621,ui_round-robin_burst_1788020829991,round-robin,server-1,GET,/api/work,200,26,,6
1788020846622,ui_round-robin_burst_1788020829991,round-robin,server-2,GET,/api/work,200,26,,6
1788020846623,ui_round-robin_burst_1788020829991,round-robin,server-3,GET,/api/work,200,27,,5
1788020846627,ui_round-robin_burst_1788020829991,round-robin,server-1,GET,/api/work,200,26,,6
1788020846627,ui_round-robin_burst_1788020829991,round-robin,server-2,GET,/api/work,200,27,,6
1788020846628,ui_round-robin_burst_1788020829991,round-robin,server-1,GET,/api/work,200,27,,5
1788020846628,ui_round-robin_burst_1788020829991,round-robin,server-2,GET,/api/work,200,27,,5
1788020846628,ui_round-robin_burst_1788020829991,round-robin,server-3,GET,/api/work,200,28,,6
1788020846630,ui_round-robin_burst_1788020829991,round-robin,server-1,GET,/api/work,200,27,,5
1788020846630,ui_round-robin_burst_1788020829991,round-robin,server-3,GET,/api/work,200,27,,5
1788020846631,ui_round-robin_burst_1788020829991,round-robin,server-2,GET,/api/work,200,27,,5
1788020846634,ui_round-robin_burst_1788020829991,round-robin,server-3,GET,/api/work,200,26,,5
1788020846635,ui_round-robin_burst_1788020829991,round-robin,server-1,GET,/api/work,200,26,,6
1788020846639,ui_round-robin_burst_1788020829991,round-robin,server-2,GET,/api/work,200,26,,7
1788020846640,ui_round-robin_burst_1788020829991,round-robin,server-3,GET,/api/work,200,26,,7
1788020846641,ui_round-robin_burst_1788020829991,round-robin,server-1,GET,/api/work,200,26,,6
1788020846642,ui_round-robin_burst_1788020829991,round-robin,server-2,GET,/api/work,200,27,,7
1788020846643,ui_round-robin_burst_1788020829991,round-robin,server-2,GET,/api/work,200,26,,6
1788020846643,ui_round-robin_burst_1788020829991,round-robin,server-3,GET,/api/work,200,26,,6
1788020846643,ui_round-robin_burst_1788020829991,round-robin,server-1,GET,/api/work,200,27,,6
1788020846651,ui_round-robin_burst_1788020829991,round-robin,server-3,GET,/api/work,200,26,,6
1788020846652,ui_round-robin_burst_1788020829991,round-robin,server-1,GET,/api/work,200,25,,5
1788020846652,ui_round-robin_burst_1788020829991,round-robin,server-2,GET,/api/work,200,26,,6
1788020846654,ui_round-robin_burst_1788020829991,round-robin,server-3,GET,/api/work,200,27,,6
1788020846656,ui_round-robin_burst_1788020829991,round-robin,server-1,GET,/api/work,200,26,,6
1788020846658,ui_round-robin_burst_1788020829991,round-robin,server-2,GET,/api/work,200,25,,5
1788020846659,ui_round-robin_burst_1788020829991,round-robin,server-3,GET,/api/work,200,25,,5
1788020846659,ui_round-robin_burst_1788020829991,round-robin,server-1,GET,/api/work,200,26,,5
1788020846659,ui_round-robin_burst_1788020829991,round-robin,server-2,GET,/api/work,200,27,,5
1788020846660,ui_round-robin_burst_1788020829991,round-robin,server-1,GET,/api/work,200,26,,4
1788020846660,ui_round-robin_burst_1788020829991,round-robin,server-3,GET,/api/work,200,27,,5
1788020846661,ui_round-robin_burst_1788020829991,round-robin,server-2,GET,/api/work,200,27,,4
1788020846661,ui_round-robin_burst_1788020829991,round-robin,server-3,GET,/api/work,200,27,,5
1788020846665,ui_round-robin_burst_1788020829991,round-robin,server-3,GET,/api/work,200,25,,4
1788020846664,ui_round-robin_burst_1788020829991,round-robin,server-2,GET,/api/work,200,26,,5
1788020846664,ui_round-robin_burst_1788020829991,round-robin,server-1,GET,/api/work,200,27,,5
1788020846668,ui_round-robin_burst_1788020829991,round-robin,server-1,GET,/api/work,200,25,,5
1788020846668,ui_round-robin_burst_1788020829991,round-robin,server-2,GET,/api/work,200,26,,5
1788020846674,ui_round-robin_burst_1788020829991,round-robin,server-3,GET,/api/work,200,26,,5
1788020846678,ui_round-robin_burst_1788020829991,round-robin,server-2,GET,/api/work,200,26,,6
1788020846678,ui_round-robin_burst_1788020829991,round-robin,server-1,GET,/api/work,200,26,,6
1788020846679,ui_round-robin_burst_1788020829991,round-robin,server-3,GET,/api/work,200,26,,6
1788020846680,ui_round-robin_burst_1788020829991,round-robin,server-1,GET,/api/work,200,26,,5
1788020846684,ui_round-robin_burst_1788020829991,round-robin,server-2,GET,/api/work,200,26,,6
1788020846684,ui_round-robin_burst_1788020829991,round-robin,server-3,GET,/api/work,200,26,,6
1788020846687,ui_round-robin_burst_1788020829991,round-robin,server-1,GET,/api/work,200,26,,6
1788020846688,ui_round-robin_burst_1788020829991,round-robin,server-3,GET,/api/work,200,26,,6
1788020846688,ui_round-robin_burst_1788020829991,round-robin,server-2,GET,/api/work,200,26,,6
1788020846689,ui_round-robin_burst_1788020829991,round-robin,server-1,GET,/api/work,200,26,,6
1788020846690,ui_round-robin_burst_1788020829991,round-robin,server-3,GET,/api/work,200,26,,5
1788020846690,ui_round-robin_burst_1788020829991,round-robin,server-2,GET,/api/work,200,26,,5
1788020846691,ui_round-robin_burst_1788020829991,round-robin,server-1,GET,/api/work,200,27,,5
1788020846691,ui_round-robin_burst_1788020829991,round-robin,server-2,GET,/api/work,200,28,,5
1788020846696,ui_round-robin_burst_1788020829991,round-robin,server-1,GET,/api/work,200,27,,6
1788020846696,ui_round-robin_burst_1788020829991,round-robin,server-3,GET,/api/work,200,27,,7
1788020846698,ui_round-robin_burst_1788020829991,round-robin,server-2,GET,/api/work,200,27,,6
1788020846700,ui_round-robin_burst_1788020829991,round-robin,server-1,GET,/api/work,200,26,,6
1788020846701,ui_round-robin_burst_1788020829991,round-robin,server-2,GET,/api/work,200,26,,6
1788020846700,ui_round-robin_burst_1788020829991,round-robin,server-3,GET,/api/work,200,30,,7
1788020846701,ui_round-robin_burst_1788020829991,round-robin,server-3,GET,/api/work,200,30,,6
1788020846708,ui_round-robin_burst_1788020829991,round-robin,server-1,GET,/api/work,200,26,,6
1788020846709,ui_round-robin_burst_1788020829991,round-robin,server-2,GET,/api/work,200,26,,5
1788020846710,ui_round-robin_burst_1788020829991,round-robin,server-3,GET,/api/work,200,27,,6
1788020846711,ui_round-robin_burst_1788020829991,round-robin,server-1,GET,/api/work,200,26,,6
1788020846714,ui_round-robin_burst_1788020829991,round-robin,server-2,GET,/api/work,200,26,,6
1788020846714,ui_round-robin_burst_1788020829991,round-robin,server-3,GET,/api/work,200,27,,6
1788020846715,ui_round-robin_burst_1788020829991,round-robin,server-1,GET,/api/work,200,27,,6
1788020846717,ui_round-robin_burst_1788020829991,round-robin,server-3,GET,/api/work,200,26,,5
1788020846717,ui_round-robin_burst_1788020829991,round-robin,server-2,GET,/api/work,200,27,,5
1788020846719,ui_round-robin_burst_1788020829991,round-robin,server-3,GET,/api/work,200,26,,4
1788020846719,ui_round-robin_burst_1788020829991,round-robin,server-1,GET,/api/work,200,27,,5
1788020846720,ui_round-robin_burst_1788020829991,round-robin,server-1,GET,/api/work,200,27,,5
1788020846719,ui_round-robin_burst_1788020829991,round-robin,server-2,GET,/api/work,200,28,,5
1788020846721,ui_round-robin_burst_1788020829991,round-robin,server-2,GET,/api/work,200,28,,5
1788020846722,ui_round-robin_burst_1788020829991,round-robin,server-3,GET,/api/work,200,28,,5
1788020846725,ui_round-robin_burst_1788020829991,round-robin,server-1,GET,/api/work,200,26,,5
1788020846725,ui_round-robin_burst_1788020829991,round-robin,server-2,GET,/api/work,200,27,,5
1788020846725,ui_round-robin_burst_1788020829991,round-robin,server-3,GET,/api/work,200,29,,5
1788020846732,ui_round-robin_burst_1788020829991,round-robin,server-1,GET,/api/work,200,27,,6
1788020846735,ui_round-robin_burst_1788020829991,round-robin,server-2,GET,/api/work,200,27,,6
1788020846736,ui_round-robin_burst_1788020829991,round-robin,server-3,GET,/api/work,200,27,,5
1788020846736,ui_round-robin_burst_1788020829991,round-robin,server-1,GET,/api/work,200,28,,6
1788020846736,ui_round-robin_burst_1788020829991,round-robin,server-2,GET,/api/work,200,28,,5
1788020846740,ui_round-robin_burst_1788020829991,round-robin,server-3,GET,/api/work,200,27,,5
1788020846742,ui_round-robin_burst_1788020829991,round-robin,server-1,GET,/api/work,200,26,,6
1788020846745,ui_round-robin_burst_1788020829991,round-robin,server-3,GET,/api/work,200,26,,5
1788020846744,ui_round-robin_burst_1788020829991,round-robin,server-2,GET,/api/work,200,28,,6
1788020846746,ui_round-robin_burst_1788020829991,round-robin,server-1,GET,/api/work,200,27,,6
1788020846747,ui_round-robin_burst_1788020829991,round-robin,server-2,GET,/api/work,200,26,,6
1788020846748,ui_round-robin_burst_1788020829991,round-robin,server-3,GET,/api/work,200,26,,5
1788020846748,ui_round-robin_burst_1788020829991,round-robin,server-1,GET,/api/work,200,27,,5
1788020846750,ui_round-robin_burst_1788020829991,round-robin,server-2,GET,/api/work,200,26,,5
1788020846750,ui_round-robin_burst_1788020829991,round-robin,server-3,GET,/api/work,200,27,,5
1788020846755,ui_round-robin_burst_1788020829991,round-robin,server-2,GET,/api/work,200,26,,6
1788020846755,ui_round-robin_burst_1788020829991,round-robin,server-1,GET,/api/work,200,27,,6
1788020846756,ui_round-robin_burst_1788020829991,round-robin,server-3,GET,/api/work,200,27,,6
1788020846756,ui_round-robin_burst_1788020829991,round-robin,server-1,GET,/api/work,200,27,,6
1788020846759,ui_round-robin_burst_1788020829991,round-robin,server-2,GET,/api/work,200,27,,6
1788020846763,ui_round-robin_burst_1788020829991,round-robin,server-3,GET,/api/work,200,26,,6
1788020846764,ui_round-robin_burst_1788020829991,round-robin,server-1,GET,/api/work,200,26,,6
1788020846765,ui_round-robin_burst_1788020829991,round-robin,server-2,GET,/api/work,200,26,,6
1788020846767,ui_round-robin_burst_1788020829991,round-robin,server-2,GET,/api/work,200,27,,5
1788020846767,ui_round-robin_burst_1788020829991,round-robin,server-3,GET,/api/work,200,27,,5
1788020846767,ui_round-robin_burst_1788020829991,round-robin,server-1,GET,/api/work,200,27,,5
1788020846772,ui_round-robin_burst_1788020829991,round-robin,server-3,GET,/api/work,200,26,,6
1788020846772,ui_round-robin_burst_1788020829991,round-robin,server-1,GET,/api/work,200,27,,6
1788020846773,ui_round-robin_burst_1788020829991,round-robin,server-2,GET,/api/work,200,27,,6
1788020846774,ui_round-robin_burst_1788020829991,round-robin,server-3,GET,/api/work,200,27,,5
1788020846775,ui_round-robin_burst_1788020829991,round-robin,server-1,GET,/api/work,200,26,,5
1788020846777,ui_round-robin_burst_1788020829991,round-robin,server-2,GET,/api/work,200,26,,5
1788020846778,ui_round-robin_burst_1788020829991,round-robin,server-3,GET,/api/work,200,26,,5
1788020846778,ui_round-robin_burst_1788020829991,round-robin,server-1,GET,/api/work,200,26,,5
1788020846778,ui_round-robin_burst_1788020829991,round-robin,server-2,GET,/api/work,200,28,,5
1788020846780,ui_round-robin_burst_1788020829991,round-robin,server-3,GET,/api/work,200,26,,5
1788020846782,ui_round-robin_burst_1788020829991,round-robin,server-1,GET,/api/work,200,27,,5
1788020846782,ui_round-robin_burst_1788020829991,round-robin,server-2,GET,/api/work,200,27,,5
1788020846783,ui_round-robin_burst_1788020829991,round-robin,server-3,GET,/api/work,200,27,,5
1788020846785,ui_round-robin_burst_1788020829991,round-robin,server-1,GET,/api/work,200,26,,5
1788020846790,ui_round-robin_burst_1788020829991,round-robin,server-2,GET,/api/work,200,26,,6
1788020846795,ui_round-robin_burst_1788020829991,round-robin,server-3,GET,/api/work,200,25,,6
1788020846795,ui_round-robin_burst_1788020829991,round-robin,server-2,GET,/api/work,200,26,,6
1788020846795,ui_round-robin_burst_1788020829991,round-robin,server-3,GET,/api/work,200,27,,5
1788020846795,ui_round-robin_burst_1788020829991,round-robin,server-1,GET,/api/work,200,27,,6
1788020846797,ui_round-robin_burst_1788020829991,round-robin,server-1,GET,/api/work,200,25,,5
1788020846799,ui_round-robin_burst_1788020829991,round-robin,server-2,GET,/api/work,200,27,,6
1788020846801,ui_round-robin_burst_1788020829991,round-robin,server-3,GET,/api/work,200,27,,6
1788020846803,ui_round-robin_burst_1788020829991,round-robin,server-1,GET,/api/work,200,26,,5
1788020846805,ui_round-robin_burst_1788020829991,round-robin,server-2,GET,/api/work,200,26,,6
1788020846805,ui_round-robin_burst_1788020829991,round-robin,server-1,GET,/api/work,200,26,,6
1788020846805,ui_round-robin_burst_1788020829991,round-robin,server-3,GET,/api/work,200,27,,6
1788020846806,ui_round-robin_burst_1788020829991,round-robin,server-2,GET,/api/work,200,27,,6
1788020846809,ui_round-robin_burst_1788020829991,round-robin,server-1,GET,/api/work,200,26,,5
1788020846809,ui_round-robin_burst_1788020829991,round-robin,server-3,GET,/api/work,200,27,,6
1788020846811,ui_round-robin_burst_1788020829991,round-robin,server-2,GET,/api/work,200,27,,6
1788020846813,ui_round-robin_burst_1788020829991,round-robin,server-3,GET,/api/work,200,26,,6
1788020846814,ui_round-robin_burst_1788020829991,round-robin,server-2,GET,/api/work,200,26,,6
1788020846814,ui_round-robin_burst_1788020829991,round-robin,server-1,GET,/api/work,200,27,,6
1788020846817,ui_round-robin_burst_1788020829991,round-robin,server-3,GET,/api/work,200,26,,6
1788020846820,ui_round-robin_burst_1788020829991,round-robin,server-1,GET,/api/work,200,26,,6
1788020846821,ui_round-robin_burst_1788020829991,round-robin,server-2,GET,/api/work,200,26,,6
1788020846822,ui_round-robin_burst_1788020829991,round-robin,server-3,GET,/api/work,200,26,,6
1788020846825,ui_round-robin_burst_1788020829991,round-robin,server-1,GET,/api/work,200,26,,5
1788020846825,ui_round-robin_burst_1788020829991,round-robin,server-2,GET,/api/work,200,26,,5
1788020846826,ui_round-robin_burst_1788020829991,round-robin,server-3,GET,/api/work,200,26,,5
1788020846830,ui_round-robin_burst_1788020829991,round-robin,server-3,GET,/api/work,200,27,,5
1788020846830,ui_round-robin_burst_1788020829991,round-robin,server-1,GET,/api/work,200,27,,6
1788020846830,ui_round-robin_burst_1788020829991,round-robin,server-2,GET,/api/work,200,27,,6
1788020846831,ui_round-robin_burst_1788020829991,round-robin,server-1,GET,/api/work,200,27,,5
1788020846832,ui_round-robin_burst_1788020829991,round-robin,server-2,GET,/api/work,200,27,,5
1788020846836,ui_round-robin_burst_1788020829991,round-robin,server-3,GET,/api/work,200,27,,5
1788020846836,ui_round-robin_burst_1788020829991,round-robin,server-1,GET,/api/work,200,27,,5
1788020846837,ui_round-robin_burst_1788020829991,round-robin,server-3,GET,/api/work,200,27,,5
1788020846837,ui_round-robin_burst_1788020829991,round-robin,server-1,GET,/api/work,200,27,,5
1788020846837,ui_round-robin_burst_1788020829991,round-robin,server-2,GET,/api/work,200,28,,6
1788020846840,ui_round-robin_burst_1788020829991,round-robin,server-2,GET,/api/work,200,26,,5
1788020846840,ui_round-robin_burst_1788020829991,round-robin,server-3,GET,/api/work,200,27,,5
1788020846841,ui_round-robin_burst_1788020829991,round-robin,server-1,GET,/api/work,200,26,,5
1788020846841,ui_round-robin_burst_1788020829991,round-robin,server-2,GET,/api/work,200,28,,5
1788020846847,ui_round-robin_burst_1788020829991,round-robin,server-3,GET,/api/work,200,26,,6
1788020846852,ui_round-robin_burst_1788020829991,round-robin,server-1,GET,/api/work,200,25,,6
1788020846853,ui_round-robin_burst_1788020829991,round-robin,server-2,GET,/api/work,200,25,,5
1788020846853,ui_round-robin_burst_1788020829991,round-robin,server-1,GET,/api/work,200,26,,6
1788020846853,ui_round-robin_burst_1788020829991,round-robin,server-3,GET,/api/work,200,27,,6
1788020846854,ui_round-robin_burst_1788020829991,round-robin,server-2,GET,/api/work,200,26,,5
1788020846858,ui_round-robin_burst_1788020829991,round-robin,server-3,GET,/api/work,200,26,,6
1788020846859,ui_round-robin_burst_1788020829991,round-robin,server-1,GET,/api/work,200,27,,6
1788020846860,ui_round-robin_burst_1788020829991,round-robin,server-2,GET,/api/work,200,26,,5
1788020846863,ui_round-robin_burst_1788020829991,round-robin,server-3,GET,/api/work,200,27,,6
1788020846865,ui_round-robin_burst_1788020829991,round-robin,server-3,GET,/api/work,200,25,,5
1788020846864,ui_round-robin_burst_1788020829991,round-robin,server-2,GET,/api/work,200,27,,6
1788020846864,ui_round-robin_burst_1788020829991,round-robin,server-1,GET,/api/work,200,27,,6
1788020846866,ui_round-robin_burst_1788020829991,round-robin,server-1,GET,/api/work,200,26,,5
1788020846867,ui_round-robin_burst_1788020829991,round-robin,server-2,GET,/api/work,200,26,,5
1788020846869,ui_round-robin_burst_1788020829991,round-robin,server-3,GET,/api/work,200,26,,5
1788020846871,ui_round-robin_burst_1788020829991,round-robin,server-1,GET,/api/work,200,26,,4
1788020846871,ui_round-robin_burst_1788020829991,round-robin,server-3,GET,/api/work,200,27,,5
1788020846871,ui_round-robin_burst_1788020829991,round-robin,server-2,GET,/api/work,200,28,,6
1788020846874,ui_round-robin_burst_1788020829991,round-robin,server-1,GET,/api/work,200,26,,6
1788020846878,ui_round-robin_burst_1788020829991,round-robin,server-2,GET,/api/work,200,26,,6
1788020846879,ui_round-robin_burst_1788020829991,round-robin,server-1,GET,/api/work,200,26,,6
1788020846879,ui_round-robin_burst_1788020829991,round-robin,server-3,GET,/api/work,200,26,,6
1788020846882,ui_round-robin_burst_1788020829991,round-robin,server-2,GET,/api/work,200,26,,6
1788020846882,ui_round-robin_burst_1788020829991,round-robin,server-3,GET,/api/work,200,27,,5
1788020846884,ui_round-robin_burst_1788020829991,round-robin,server-1,GET,/api/work,200,26,,5
1788020846888,ui_round-robin_burst_1788020829991,round-robin,server-2,GET,/api/work,200,27,,6
1788020846889,ui_round-robin_burst_1788020829991,round-robin,server-3,GET,/api/work,200,27,,6
1788020846890,ui_round-robin_burst_1788020829991,round-robin,server-1,GET,/api/work,200,26,,6
1788020846890,ui_round-robin_burst_1788020829991,round-robin,server-2,GET,/api/work,200,27,,6
1788020846893,ui_round-robin_burst_1788020829991,round-robin,server-3,GET,/api/work,200,25,,6
1788020846897,ui_round-robin_burst_1788020829991,round-robin,server-2,GET,/api/work,200,26,,7
1788020846897,ui_round-robin_burst_1788020829991,round-robin,server-1,GET,/api/work,200,27,,7
1788020846898,ui_round-robin_burst_1788020829991,round-robin,server-2,GET,/api/work,200,26,,6
1788020846898,ui_round-robin_burst_1788020829991,round-robin,server-1,GET,/api/work,200,26,,6
1788020846897,ui_round-robin_burst_1788020829991,round-robin,server-3,GET,/api/work,200,28,,6
1788020846899,ui_round-robin_burst_1788020829991,round-robin,server-1,GET,/api/work,200,27,,5
1788020846899,ui_round-robin_burst_1788020829991,round-robin,server-3,GET,/api/work,200,28,,6
1788020846900,ui_round-robin_burst_1788020829991,round-robin,server-3,GET,/api/work,200,27,,5
1788020846900,ui_round-robin_burst_1788020829991,round-robin,server-2,GET,/api/work,200,27,,5
1788020846903,ui_round-robin_burst_1788020829991,round-robin,server-1,GET,/api/work,200,27,,5
1788020846907,ui_round-robin_burst_1788020829991,round-robin,server-2,GET,/api/work,200,26,,6
1788020846910,ui_round-robin_burst_1788020829991,round-robin,server-1,GET,/api/work,200,25,,5
1788020846909,ui_round-robin_burst_1788020829991,round-robin,server-3,GET,/api/work,200,26,,6
1788020846911,ui_round-robin_burst_1788020829991,round-robin,server-2,GET,/api/work,200,26,,6
1788020846912,ui_round-robin_burst_1788020829991,round-robin,server-3,GET,/api/work,200,26,,5
1788020846915,ui_round-robin_burst_1788020829991,round-robin,server-1,GET,/api/work,200,26,,6
1788020846915,ui_round-robin_burst_1788020829991,round-robin,server-2,GET,/api/work,200,27,,6
1788020846917,ui_round-robin_burst_1788020829991,round-robin,server-3,GET,/api/work,200,26,,5
1788020846921,ui_round-robin_burst_1788020829991,round-robin,server-1,GET,/api/work,200,26,,5
1788020846923,ui_round-robin_burst_1788020829991,round-robin,server-1,GET,/api/work,200,26,,6
1788020846923,ui_round-robin_burst_1788020829991,round-robin,server-2,GET,/api/work,200,27,,6
1788020846923,ui_round-robin_burst_1788020829991,round-robin,server-3,GET,/api/work,200,27,,6
1788020846923,ui_round-robin_burst_1788020829991,round-robin,server-2,GET,/api/work,200,27,,5
1788020846926,ui_round-robin_burst_1788020829991,round-robin,server-3,GET,/api/work,200,26,,5
1788020846926,ui_round-robin_burst_1788020829991,round-robin,server-1,GET,/api/work,200,26,,5
1788020846928,ui_round-robin_burst_1788020829991,round-robin,server-2,GET,/api/work,200,27,,4
1788020846931,ui_round-robin_burst_1788020829991,round-robin,server-2,GET,/api/work,200,26,,5
1788020846931,ui_round-robin_burst_1788020829991,round-robin,server-3,GET,/api/work,200,26,,6
1788020846931,ui_round-robin_burst_1788020829991,round-robin,server-1,GET,/api/work,200,26,,5
1788020846934,ui_round-robin_burst_1788020829991,round-robin,server-3,GET,/api/work,200,27,,6
1788020846936,ui_round-robin_burst_1788020829991,round-robin,server-2,GET,/api/work,200,26,,6
1788020846936,ui_round-robin_burst_1788020829991,round-robin,server-1,GET,/api/work,200,26,,6
1788020846939,ui_round-robin_burst_1788020829991,round-robin,server-3,GET,/api/work,200,26,,6
1788020846939,ui_round-robin_burst_1788020829991,round-robin,server-1,GET,/api/work,200,26,,5
1788020846939,ui_round-robin_burst_1788020829991,round-robin,server-2,GET,/api/work,200,27,,5
1788020846945,ui_round-robin_burst_1788020829991,round-robin,server-3,GET,/api/work,200,25,,6
1788020846947,ui_round-robin_burst_1788020829991,round-robin,server-1,GET,/api/work,200,26,,6
1788020846947,ui_round-robin_burst_1788020829991,round-robin,server-2,GET,/api/work,200,26,,6
1788020846948,ui_round-robin_burst_1788020829991,round-robin,server-3,GET,/api/work,200,26,,6
1788020846949,ui_round-robin_burst_1788020829991,round-robin,server-1,GET,/api/work,200,26,,6
1788020846956,ui_round-robin_burst_1788020829991,round-robin,server-3,GET,/api/work,200,26,,7
1788020846956,ui_round-robin_burst_1788020829991,round-robin,server-1,GET,/api/work,200,27,,6
1788020846956,ui_round-robin_burst_1788020829991,round-robin,server-2,GET,/api/work,200,27,,7
1788020846956,ui_round-robin_burst_1788020829991,round-robin,server-3,GET,/api/work,200,27,,6
1788020846956,ui_round-robin_burst_1788020829991,round-robin,server-2,GET,/api/work,200,27,,6
1788020846958,ui_round-robin_burst_1788020829991,round-robin,server-2,GET,/api/work,200,26,,6
1788020846958,ui_round-robin_burst_1788020829991,round-robin,server-3,GET,/api/work,200,27,,5
1788020846958,ui_round-robin_burst_1788020829991,round-robin,server-1,GET,/api/work,200,27,,6
1788020846959,ui_round-robin_burst_1788020829991,round-robin,server-1,GET,/api/work,200,26,,5
1788020846961,ui_round-robin_burst_1788020829991,round-robin,server-2,GET,/api/work,200,26,,5
1788020846964,ui_round-robin_burst_1788020829991,round-robin,server-3,GET,/api/work,200,26,,6
1788020846966,ui_round-robin_burst_1788020829991,round-robin,server-1,GET,/api/work,200,26,,6
1788020846966,ui_round-robin_burst_1788020829991,round-robin,server-2,GET,/api/work,200,27,,5
1788020846968,ui_round-robin_burst_1788020829991,round-robin,server-1,GET,/api/work,200,26,,5
1788020846968,ui_round-robin_burst_1788020829991,round-robin,server-3,GET,/api/work,200,26,,6
1788020846973,ui_round-robin_burst_1788020829991,round-robin,server-2,GET,/api/work,200,26,,6
1788020846973,ui_round-robin_burst_1788020829991,round-robin,server-3,GET,/api/work,200,26,,6
1788020846974,ui_round-robin_burst_1788020829991,round-robin,server-1,GET,/api/work,200,26,,6
1788020846978,ui_round-robin_burst_1788020829991,round-robin,server-2,GET,/api/work,200,26,,5
1788020846981,ui_round-robin_burst_1788020829991,round-robin,server-1,GET,/api/work,200,27,,6
1788020846981,ui_round-robin_burst_1788020829991,round-robin,server-2,GET,/api/work,200,27,,6
1788020846981,ui_round-robin_burst_1788020829991,round-robin,server-3,GET,/api/work,200,27,,6
1788020846982,ui_round-robin_burst_1788020829991,round-robin,server-3,GET,/api/work,200,27,,5
1788020846984,ui_round-robin_burst_1788020829991,round-robin,server-1,GET,/api/work,200,25,,5
1788020846984,ui_round-robin_burst_1788020829991,round-robin,server-2,GET,/api/work,200,26,,5
1788020846986,ui_round-robin_burst_1788020829991,round-robin,server-3,GET,/api/work,200,25,,4
1788020846987,ui_round-robin_burst_1788020829991,round-robin,server-1,GET,/api/work,200,26,,4
1788020846988,ui_round-robin_burst_1788020829991,round-robin,server-2,GET,/api/work,200,26,,4
1788020846988,ui_round-robin_burst_1788020829991,round-robin,server-3,GET,/api/work,200,26,,4
1788020846991,ui_round-robin_burst_1788020829991,round-robin,server-1,GET,/api/work,200,26,,6
1788020846993,ui_round-robin_burst_1788020829991,round-robin,server-3,GET,/api/work,200,26,,6
1788020846993,ui_round-robin_burst_1788020829991,round-robin,server-2,GET,/api/work,200,27,,6
1788020846996,ui_round-robin_burst_1788020829991,round-robin,server-1,GET,/api/work,200,27,,6
1788020846996,ui_round-robin_burst_1788020829991,round-robin,server-2,GET,/api/work,200,27,,5
1788020846997,ui_round-robin_burst_1788020829991,round-robin,server-3,GET,/api/work,200,27,,5
1788020847000,ui_round-robin_burst_1788020829991,round-robin,server-1,GET,/api/work,200,25,,6
1788020847004,ui_round-robin_burst_1788020829991,round-robin,server-2,GET,/api/work,200,26,,6
1788020847006,ui_round-robin_burst_1788020829991,round-robin,server-1,GET,/api/work,200,25,,6
1788020847006,ui_round-robin_burst_1788020829991,round-robin,server-3,GET,/api/work,200,25,,6
1788020847006,ui_round-robin_burst_1788020829991,round-robin,server-2,GET,/api/work,200,26,,6
1788020847013,ui_round-robin_burst_1788020829991,round-robin,server-3,GET,/api/work,200,26,,6
1788020847015,ui_round-robin_burst_1788020829991,round-robin,server-1,GET,/api/work,200,26,,7
1788020847015,ui_round-robin_burst_1788020829991,round-robin,server-2,GET,/api/work,200,28,,7
1788020847016,ui_round-robin_burst_1788020829991,round-robin,server-1,GET,/api/work,200,28,,6
1788020847016,ui_round-robin_burst_1788020829991,round-robin,server-2,GET,/api/work,200,28,,6
1788020847016,ui_round-robin_burst_1788020829991,round-robin,server-1,GET,/api/work,200,28,,5
1788020847016,ui_round-robin_burst_1788020829991,round-robin,server-3,GET,/api/work,200,29,,7
1788020847016,ui_round-robin_burst_1788020829991,round-robin,server-3,GET,/api/work,200,29,,6
1788020847017,ui_round-robin_burst_1788020829991,round-robin,server-2,GET,/api/work,200,29,,5
1788020847018,ui_round-robin_burst_1788020829991,round-robin,server-3,GET,/api/work,200,28,,5
1788020847020,ui_round-robin_burst_1788020829991,round-robin,server-1,GET,/api/work,200,27,,6
1788020847024,ui_round-robin_burst_1788020829991,round-robin,server-2,GET,/api/work,200,27,,6
1788020847025,ui_round-robin_burst_1788020829991,round-robin,server-2,GET,/api/work,200,27,,5
1788020847024,ui_round-robin_burst_1788020829991,round-robin,server-1,GET,/api/work,200,28,,6
1788020847024,ui_round-robin_burst_1788020829991,round-robin,server-3,GET,/api/work,200,29,,6
1788020847031,ui_round-robin_burst_1788020829991,round-robin,server-1,GET,/api/work,200,26,,6
1788020847032,ui_round-robin_burst_1788020829991,round-robin,server-2,GET,/api/work,200,25,,6
1788020847030,ui_round-robin_burst_1788020829991,round-robin,server-3,GET,/api/work,200,28,,6
1788020847034,ui_round-robin_burst_1788020829991,round-robin,server-3,GET,/api/work,200,26,,5
1788020847040,ui_round-robin_burst_1788020829991,round-robin,server-2,GET,/api/work,200,26,,6
1788020847040,ui_round-robin_burst_1788020829991,round-robin,server-1,GET,/api/work,200,27,,6
1788020847041,ui_round-robin_burst_1788020829991,round-robin,server-2,GET,/api/work,200,26,,5
1788020847041,ui_round-robin_burst_1788020829991,round-robin,server-1,GET,/api/work,200,27,,5
1788020847040,ui_round-robin_burst_1788020829991,round-robin,server-3,GET,/api/work,200,28,,6
1788020847043,ui_round-robin_burst_1788020829991,round-robin,server-3,GET,/api/work,200,26,,5
1788020847045,ui_round-robin_burst_1788020829991,round-robin,server-1,GET,/api/work,200,26,,5
1788020847047,ui_round-robin_burst_1788020829991,round-robin,server-2,GET,/api/work,200,26,,4
1788020847047,ui_round-robin_burst_1788020829991,round-robin,server-3,GET,/api/work,200,27,,4
1788020847047,ui_round-robin_burst_1788020829991,round-robin,server-1,GET,/api/work,200,27,,4
1788020847051,ui_round-robin_burst_1788020829991,round-robin,server-1,GET,/api/work,200,26,,5
1788020847050,ui_round-robin_burst_1788020829991,round-robin,server-2,GET,/api/work,200,29,,6
1788020847050,ui_round-robin_burst_1788020829991,round-robin,server-3,GET,/api/work,200,30,,6
1788020847053,ui_round-robin_burst_1788020829991,round-robin,server-2,GET,/api/work,200,27,,5
1788020847054,ui_round-robin_burst_1788020829991,round-robin,server-3,GET,/api/work,200,26,,5
1788020847055,ui_round-robin_burst_1788020829991,round-robin,server-1,GET,/api/work,200,26,,5
1788020847056,ui_round-robin_burst_1788020829991,round-robin,server-2,GET,/api/work,200,26,,5
1788020847061,ui_round-robin_burst_1788020829991,round-robin,server-3,GET,/api/work,200,27,,6
1788020847062,ui_round-robin_burst_1788020829991,round-robin,server-3,GET,/api/work,200,26,,5
1788020847062,ui_round-robin_burst_1788020829991,round-robin,server-1,GET,/api/work,200,27,,5
1788020847062,ui_round-robin_burst_1788020829991,round-robin,server-2,GET,/api/work,200,27,,5
1788020847070,ui_round-robin_burst_1788020829991,round-robin,server-1,GET,/api/work,200,27,,6
1788020847074,ui_round-robin_burst_1788020829991,round-robin,server-2,GET,/api/work,200,26,,7
1788020847076,ui_round-robin_burst_1788020829991,round-robin,server-3,GET,/api/work,200,26,,7
1788020847076,ui_round-robin_burst_1788020829991,round-robin,server-1,GET,/api/work,200,27,,7
1788020847077,ui_round-robin_burst_1788020829991,round-robin,server-3,GET,/api/work,200,26,,6
1788020847077,ui_round-robin_burst_1788020829991,round-robin,server-1,GET,/api/work,200,27,,6
1788020847076,ui_round-robin_burst_1788020829991,round-robin,server-2,GET,/api/work,200,28,,7
1788020847077,ui_round-robin_burst_1788020829991,round-robin,server-2,GET,/api/work,200,27,,6
1788020847079,ui_round-robin_burst_1788020829991,round-robin,server-3,GET,/api/work,200,26,,6
1788020847079,ui_round-robin_burst_1788020829991,round-robin,server-1,GET,/api/work,200,27,,6
1788020847081,ui_round-robin_burst_1788020829991,round-robin,server-2,GET,/api/work,200,26,,6
1788020847082,ui_round-robin_burst_1788020829991,round-robin,server-3,GET,/api/work,200,26,,5
1788020847083,ui_round-robin_burst_1788020829991,round-robin,server-1,GET,/api/work,200,26,,5
1788020847083,ui_round-robin_burst_1788020829991,round-robin,server-2,GET,/api/work,200,27,,5
1788020847084,ui_round-robin_burst_1788020829991,round-robin,server-3,GET,/api/work,200,26,,5
1788020847090,ui_round-robin_burst_1788020829991,round-robin,server-2,GET,/api/work,200,25,,6
1788020847089,ui_round-robin_burst_1788020829991,round-robin,server-1,GET,/api/work,200,27,,6
1788020847090,ui_round-robin_burst_1788020829991,round-robin,server-3,GET,/api/work,200,27,,6
1788020847091,ui_round-robin_burst_1788020829991,round-robin,server-1,GET,/api/work,200,26,,5
1788020847098,ui_round-robin_burst_1788020829991,round-robin,server-2,GET,/api/work,200,26,,6
1788020847099,ui_round-robin_burst_1788020829991,round-robin,server-3,GET,/api/work,200,26,,6
1788020847099,ui_round-robin_burst_1788020829991,round-robin,server-1,GET,/api/work,200,26,,6
1788020847099,ui_round-robin_burst_1788020829991,round-robin,server-2,GET,/api/work,200,27,,5
1788020847100,ui_round-robin_burst_1788020829991,round-robin,server-3,GET,/api/work,200,27,,5
1788020847100,ui_round-robin_burst_1788020829991,round-robin,server-1,GET,/api/work,200,28,,5
1788020847102,ui_round-robin_burst_1788020829991,round-robin,server-2,GET,/api/work,200,27,,5
1788020847105,ui_round-robin_burst_1788020829991,round-robin,server-3,GET,/api/work,200,27,,5
1788020847106,ui_round-robin_burst_1788020829991,round-robin,server-1,GET,/api/work,200,26,,4
1788020847106,ui_round-robin_burst_1788020829991,round-robin,server-2,GET,/api/work,200,27,,4
1788020847108,ui_round-robin_burst_1788020829991,round-robin,server-3,GET,/api/work,200,27,,5
1788020847112,ui_round-robin_burst_1788020829991,round-robin,server-2,GET,/api/work,200,25,,6
1788020847112,ui_round-robin_burst_1788020829991,round-robin,server-3,GET,/api/work,200,27,,6
1788020847111,ui_round-robin_burst_1788020829991,round-robin,server-1,GET,/api/work,200,28,,6
1788020847112,ui_round-robin_burst_1788020829991,round-robin,server-1,GET,/api/work,200,28,,5
1788020847112,ui_round-robin_burst_1788020829991,round-robin,server-3,GET,/api/work,200,28,,5
1788020847112,ui_round-robin_burst_1788020829991,round-robin,server-2,GET,/api/work,200,29,,5
1788020847119,ui_round-robin_burst_1788020829991,round-robin,server-1,GET,/api/work,200,27,,6
1788020847120,ui_round-robin_burst_1788020829991,round-robin,server-2,GET,/api/work,200,27,,5
1788020847120,ui_round-robin_burst_1788020829991,round-robin,server-1,GET,/api/work,200,27,,5
1788020847120,ui_round-robin_burst_1788020829991,round-robin,server-3,GET,/api/work,200,28,,5
1788020847128,ui_round-robin_burst_1788020829991,round-robin,server-2,GET,/api/work,200,26,,6
1788020847131,ui_round-robin_burst_1788020829991,round-robin,server-3,GET,/api/work,200,26,,6
1788020847132,ui_round-robin_burst_1788020829991,round-robin,server-1,GET,/api/work,200,27,,7
1788020847135,ui_round-robin_burst_1788020829991,round-robin,server-2,GET,/api/work,200,25,,7
1788020847135,ui_round-robin_burst_1788020829991,round-robin,server-3,GET,/api/work,200,26,,7
1788020847135,ui_round-robin_burst_1788020829991,round-robin,server-1,GET,/api/work,200,27,,6
1788020847136,ui_round-robin_burst_1788020829991,round-robin,server-2,GET,/api/work,200,27,,6
1788020847136,ui_round-robin_burst_1788020829991,round-robin,server-3,GET,/api/work,200,28,,6
1788020847137,ui_round-robin_burst_1788020829991,round-robin,server-1,GET,/api/work,200,27,,6
1788020847137,ui_round-robin_burst_1788020829991,round-robin,server-2,GET,/api/work,200,28,,5
1788020847138,ui_round-robin_burst_1788020829991,round-robin,server-3,GET,/api/work,200,28,,6
1788020847142,ui_round-robin_burst_1788020829991,round-robin,server-2,GET,/api/work,200,25,,5
1788020847141,ui_round-robin_burst_1788020829991,round-robin,server-1,GET,/api/work,200,27,,6
1788020847142,ui_round-robin_burst_1788020829991,round-robin,server-1,GET,/api/work,200,27,,5
1788020847142,ui_round-robin_burst_1788020829991,round-robin,server-3,GET,/api/work,200,28,,5
1788020847148,ui_round-robin_burst_1788020829991,round-robin,server-2,GET,/api/work,200,27,,6
1788020847149,ui_round-robin_burst_1788020829991,round-robin,server-3,GET,/api/work,200,27,,6
1788020847149,ui_round-robin_burst_1788020829991,round-robin,server-1,GET,/api/work,200,28,,6
1788020847150,ui_round-robin_burst_1788020829991,round-robin,server-2,GET,/api/work,200,27,,5
1788020847156,ui_round-robin_burst_1788020829991,round-robin,server-1,GET,/api/work,200,27,,6
1788020847157,ui_round-robin_burst_1788020829991,round-robin,server-2,GET,/api/work,200,27,,6
1788020847158,ui_round-robin_burst_1788020829991,round-robin,server-1,GET,/api/work,200,27,,5
1788020847159,ui_round-robin_burst_1788020829991,round-robin,server-2,GET,/api/work,200,27,,5
1788020847155,ui_round-robin_burst_1788020829991,round-robin,server-3,GET,/api/work,200,32,,7
1788020847157,ui_round-robin_burst_1788020829991,round-robin,server-3,GET,/api/work,200,31,,6
1788020847160,ui_round-robin_burst_1788020829991,round-robin,server-3,GET,/api/work,200,29,,5
1788020847165,ui_round-robin_burst_1788020829991,round-robin,server-2,GET,/api/work,200,26,,5
1788020847166,ui_round-robin_burst_1788020829991,round-robin,server-3,GET,/api/work,200,28,,4
1788020847163,ui_round-robin_burst_1788020829991,round-robin,server-1,GET,/api/work,200,32,,5
1788020847167,ui_round-robin_burst_1788020829991,round-robin,server-1,GET,/api/work,200,28,,4
1788020847171,ui_round-robin_burst_1788020829991,round-robin,server-3,GET,/api/work,200,27,,4
1788020847170,ui_round-robin_burst_1788020829991,round-robin,server-2,GET,/api/work,200,31,,6
1788020847172,ui_round-robin_burst_1788020829991,round-robin,server-2,GET,/api/work,200,30,,5
1788020847173,ui_round-robin_burst_1788020829991,round-robin,server-3,GET,/api/work,200,30,,5
1788020847172,ui_round-robin_burst_1788020829991,round-robin,server-1,GET,/api/work,200,33,,7
1788020847173,ui_round-robin_burst_1788020829991,round-robin,server-1,GET,/api/work,200,33,,6
1788020847178,ui_round-robin_burst_1788020829991,round-robin,server-2,GET,/api/work,200,30,,6
1788020847180,ui_round-robin_burst_1788020829991,round-robin,server-2,GET,/api/work,200,29,,5
1788020847178,ui_round-robin_burst_1788020829991,round-robin,server-3,GET,/api/work,200,32,,5
1788020847179,ui_round-robin_burst_1788020829991,round-robin,server-1,GET,/api/work,200,33,,6
1788020847186,ui_round-robin_burst_1788020829991,round-robin,server-3,GET,/api/work,200,27,,6
1788020847190,ui_round-robin_burst_1788020829991,round-robin,server-2,GET,/api/work,200,26,,6
1788020847189,ui_round-robin_burst_1788020829991,round-robin,server-1,GET,/api/work,200,28,,6
1788020847196,ui_round-robin_burst_1788020829991,round-robin,server-3,GET,/api/work,200,28,,7
1788020847197,ui_round-robin_burst_1788020829991,round-robin,server-2,GET,/api/work,200,27,,6
1788020847199,ui_round-robin_burst_1788020829991,round-robin,server-3,GET,/api/work,200,27,,6
1788020847200,ui_round-robin_burst_1788020829991,round-robin,server-3,GET,/api/work,200,27,,5
1788020847196,ui_round-robin_burst_1788020829991,round-robin,server-1,GET,/api/work,200,32,,7
1788020847200,ui_round-robin_burst_1788020829991,round-robin,server-2,GET,/api/work,200,31,,6
1788020847199,ui_round-robin_burst_1788020829991,round-robin,server-1,GET,/api/work,200,33,,7
1788020847204,ui_round-robin_burst_1788020829991,round-robin,server-2,GET,/api/work,200,29,,6
1788020847204,ui_round-robin_burst_1788020829991,round-robin,server-1,GET,/api/work,200,30,,6
1788020847204,ui_round-robin_burst_1788020829991,round-robin,server-1,GET,/api/work,200,30,,5
1788020847204,ui_round-robin_burst_1788020829991,round-robin,server-3,GET,/api/work,200,35,,7
1788020847211,ui_round-robin_burst_1788020829991,round-robin,server-3,GET,/api/work,200,29,,6
1788020847204,ui_round-robin_burst_1788020829991,round-robin,server-2,GET,/api/work,200,42,,7
1788020847211,ui_round-robin_burst_1788020829991,round-robin,server-2,GET,/api/work,200,36,,6
1788020847216,ui_round-robin_burst_1788020829991,round-robin,server-2,GET,/api/work,200,32,,5
1788020847211,ui_round-robin_burst_1788020829991,round-robin,server-3,GET,/api/work,200,44,,7
1788020847216,ui_round-robin_burst_1788020829991,round-robin,server-3,GET,/api/work,200,39,,6
1788020847211,ui_round-robin_burst_1788020829991,round-robin,server-1,GET,/api/work,200,45,,8
1788020847214,ui_round-robin_burst_1788020829991,round-robin,server-1,GET,/api/work,200,42,,7
1788020847221,ui_round-robin_burst_1788020829991,round-robin,server-1,GET,/api/work,200,35,,6
1788020847221,ui_round-robin_burst_1788020829991,round-robin,server-2,GET,/api/work,200,36,,5
1788020847222,ui_round-robin_burst_1788020829991,round-robin,server-1,GET,/api/work,200,36,,5
1788020847225,ui_round-robin_burst_1788020829991,round-robin,server-2,GET,/api/work,200,35,,4
1788020847222,ui_round-robin_burst_1788020829991,round-robin,server-3,GET,/api/work,200,38,,5
1788020847231,ui_round-robin_burst_1788020829991,round-robin,server-1,GET,/api/work,200,35,,6
1788020847231,ui_round-robin_burst_1788020829991,round-robin,server-3,GET,/api/work,200,37,,8
1788020847235,ui_round-robin_burst_1788020829991,round-robin,server-3,GET,/api/work,200,34,,7
1788020847232,ui_round-robin_burst_1788020829991,round-robin,server-2,GET,/api/work,200,38,,7
1788020847239,ui_round-robin_burst_1788020829991,round-robin,server-2,GET,/api/work,200,32,,7
1788020847239,ui_round-robin_burst_1788020829991,round-robin,server-3,GET,/api/work,200,37,,7
1788020847249,ui_round-robin_burst_1788020829991,round-robin,server-3,GET,/api/work,200,28,,6
1788020847245,ui_round-robin_burst_1788020829991,round-robin,server-2,GET,/api/work,200,33,,6
1788020847235,ui_round-robin_burst_1788020829991,round-robin,server-1,GET,/api/work,200,44,,7
1788020847242,ui_round-robin_burst_1788020829991,round-robin,server-1,GET,/api/work,200,38,,6
1788020847253,ui_round-robin_burst_1788020829991,round-robin,server-2,GET,/api/work,200,28,,5
1788020847254,ui_round-robin_burst_1788020829991,round-robin,server-3,GET,/api/work,200,28,,5
1788020847249,ui_round-robin_burst_1788020829991,round-robin,server-1,GET,/api/work,200,33,,5
1788020847254,ui_round-robin_burst_1788020829991,round-robin,server-1,GET,/api/work,200,36,,5
1788020847261,ui_round-robin_burst_1788020829991,round-robin,server-2,GET,/api/work,200,31,,5
1788020847263,ui_round-robin_burst_1788020829991,round-robin,server-1,GET,/api/work,200,30,,5
1788020847261,ui_round-robin_burst_1788020829991,round-robin,server-3,GET,/api/work,200,34,,5
1788020847263,ui_round-robin_burst_1788020829991,round-robin,server-2,GET,/api/work,200,33,,5
1788020847263,ui_round-robin_burst_1788020829991,round-robin,server-1,GET,/api/work,200,34,,4
1788020847266,ui_round-robin_burst_1788020829991,round-robin,server-1,GET,/api/work,200,32,,3
1788020847264,ui_round-robin_burst_1788020829991,round-robin,server-2,GET,/api/work,200,35,,4
1788020847263,ui_round-robin_burst_1788020829991,round-robin,server-3,GET,/api/work,200,36,,4
1788020847267,ui_round-robin_burst_1788020829991,round-robin,server-1,GET,/api/work,200,33,,2
1788020847264,ui_round-robin_burst_1788020829991,round-robin,server-3,GET,/api/work,200,37,,3
1788020847267,ui_round-robin_burst_1788020829991,round-robin,server-3,GET,/api/work,200,35,,2
1788020847266,ui_round-robin_burst_1788020829991,round-robin,server-2,GET,/api/work,200,39,,5
1788020847271,ui_round-robin_burst_1788020829991,round-robin,server-2,GET,/api/work,200,35,,4
1788020847273,ui_round-robin_burst_1788020829991,round-robin,server-3,GET,/api/work,200,34,,4
1788020847288,ui_round-robin_burst_1788020829991,round-robin,server-3,GET,/api/work,200,26,,7
1788020847288,ui_round-robin_burst_1788020829991,round-robin,server-1,GET,/api/work,200,27,,8
1788020847288,ui_round-robin_burst_1788020829991,round-robin,server-2,GET,/api/work,200,28,,7
1788020847293,ui_round-robin_burst_1788020829991,round-robin,server-1,GET,/api/work,200,27,,7
1788020847294,ui_round-robin_burst_1788020829991,round-robin,server-2,GET,/api/work,200,27,,6
1788020847303,ui_round-robin_burst_1788020829991,round-robin,server-1,GET,/api/work,200,26,,6
1788020847304,ui_round-robin_burst_1788020829991,round-robin,server-1,GET,/api/work,200,25,,5
1788020847303,ui_round-robin_burst_1788020829991,round-robin,server-3,GET,/api/work,200,27,,7
1788020847303,ui_round-robin_burst_1788020829991,round-robin,server-3,GET,/api/work,200,27,,6
1788020847304,ui_round-robin_burst_1788020829991,round-robin,server-3,GET,/api/work,200,27,,5
1788020847303,ui_round-robin_burst_1788020829991,round-robin,server-2,GET,/api/work,200,28,,6
1788020847304,ui_round-robin_burst_1788020829991,round-robin,server-2,GET,/api/work,200,27,,5
1788020847309,ui_round-robin_burst_1788020829991,round-robin,server-3,GET,/api/work,200,27,,4
1788020847309,ui_round-robin_burst_1788020829991,round-robin,server-2,GET,/api/work,200,28,,5
1788020847310,ui_round-robin_burst_1788020829991,round-robin,server-3,GET,/api/work,200,28,,4
1788020847309,ui_round-robin_burst_1788020829991,round-robin,server-2,GET,/api/work,200,30,,4
1788020847308,ui_round-robin_burst_1788020829991,round-robin,server-1,GET,/api/work,200,31,,5
1788020847309,ui_round-robin_burst_1788020829991,round-robin,server-1,GET,/api/work,200,31,,4
1788020847310,ui_round-robin_burst_1788020829991,round-robin,server-1,GET,/api/work,200,30,,3
1788020847311,ui_round-robin_burst_1788020829991,round-robin,server-1,GET,/api/work,200,30,,2
1788020847311,ui_round-robin_burst_1788020829991,round-robin,server-3,GET,/api/work,200,30,,3
1788020847310,ui_round-robin_burst_1788020829991,round-robin,server-2,GET,/api/work,200,32,,3
1788020847314,ui_round-robin_burst_1788020829991,round-robin,server-3,GET,/api/work,200,32,,3
1788020847314,ui_round-robin_burst_1788020829991,round-robin,server-2,GET,/api/work,200,32,,4
1788020847314,ui_round-robin_burst_1788020829991,round-robin,server-1,GET,/api/work,200,33,,3
1788020847322,ui_round-robin_burst_1788020829991,round-robin,server-2,GET,/api/work,200,27,,5
1788020847327,ui_round-robin_burst_1788020829991,round-robin,server-3,GET,/api/work,200,26,,6
1788020847332,ui_round-robin_burst_1788020829991,round-robin,server-1,GET,/api/work,200,26,,5
1788020847336,ui_round-robin_burst_1788020829991,round-robin,server-2,GET,/api/work,200,26,,7
1788020847337,ui_round-robin_burst_1788020829991,round-robin,server-3,GET,/api/work,200,26,,7
1788020847342,ui_round-robin_burst_1788020829991,round-robin,server-1,GET,/api/work,200,26,,7
1788020847342,ui_round-robin_burst_1788020829991,round-robin,server-2,GET,/api/work,200,26,,6
1788020847343,ui_round-robin_burst_1788020829991,round-robin,server-3,GET,/api/work,200,26,,6
1788020847343,ui_round-robin_burst_1788020829991,round-robin,server-2,GET,/api/work,200,27,,5
1788020847343,ui_round-robin_burst_1788020829991,round-robin,server-1,GET,/api/work,200,27,,6
1788020847347,ui_round-robin_burst_1788020829991,round-robin,server-1,GET,/api/work,200,26,,5
1788020847347,ui_round-robin_burst_1788020829991,round-robin,server-3,GET,/api/work,200,26,,6
1788020847348,ui_round-robin_burst_1788020829991,round-robin,server-1,GET,/api/work,200,26,,4
1788020847348,ui_round-robin_burst_1788020829991,round-robin,server-3,GET,/api/work,200,26,,5
1788020847347,ui_round-robin_burst_1788020829991,round-robin,server-2,GET,/api/work,200,28,,5
1788020847348,ui_round-robin_burst_1788020829991,round-robin,server-2,GET,/api/work,200,27,,4
1788020847349,ui_round-robin_burst_1788020829991,round-robin,server-3,GET,/api/work,200,27,,4
1788020847349,ui_round-robin_burst_1788020829991,round-robin,server-1,GET,/api/work,200,28,,4
1788020847351,ui_round-robin_burst_1788020829991,round-robin,server-2,GET,/api/work,200,28,,6
1788020847352,ui_round-robin_burst_1788020829991,round-robin,server-3,GET,/api/work,200,28,,5
1788020847360,ui_round-robin_burst_1788020829991,round-robin,server-1,GET,/api/work,200,25,,7
1788020847361,ui_round-robin_burst_1788020829991,round-robin,server-2,GET,/api/work,200,26,,6
1788020847362,ui_round-robin_burst_1788020829991,round-robin,server-2,GET,/api/work,200,26,,5
1788020847361,ui_round-robin_burst_1788020829991,round-robin,server-3,GET,/api/work,200,27,,6
1788020847362,ui_round-robin_burst_1788020829991,round-robin,server-3,GET,/api/work,200,27,,5
1788020847362,ui_round-robin_burst_1788020829991,round-robin,server-1,GET,/api/work,200,28,,6
1788020847362,ui_round-robin_burst_1788020829991,round-robin,server-1,GET,/api/work,200,28,,5
1788020847371,ui_round-robin_burst_1788020829991,round-robin,server-2,GET,/api/work,200,25,,5
1788020847372,ui_round-robin_burst_1788020829991,round-robin,server-3,GET,/api/work,200,26,,5
1788020847376,ui_round-robin_burst_1788020829991,round-robin,server-1,GET,/api/work,200,26,,6
1788020847378,ui_round-robin_burst_1788020829991,round-robin,server-3,GET,/api/work,200,25,,6
1788020847378,ui_round-robin_burst_1788020829991,round-robin,server-2,GET,/api/work,200,25,,6
1788020847378,ui_round-robin_burst_1788020829991,round-robin,server-1,GET,/api/work,200,26,,6
1788020847378,ui_round-robin_burst_1788020829991,round-robin,server-3,GET,/api/work,200,27,,5
1788020847378,ui_round-robin_burst_1788020829991,round-robin,server-1,GET,/api/work,200,27,,5
1788020847378,ui_round-robin_burst_1788020829991,round-robin,server-2,GET,/api/work,200,28,,5
1788020847379,ui_round-robin_burst_1788020829991,round-robin,server-2,GET,/api/work,200,27,,4
1788020847380,ui_round-robin_burst_1788020829991,round-robin,server-3,GET,/api/work,200,27,,4
1788020847381,ui_round-robin_burst_1788020829991,round-robin,server-3,GET,/api/work,200,27,,4
1788020847380,ui_round-robin_burst_1788020829991,round-robin,server-1,GET,/api/work,200,29,,5
1788020847380,ui_round-robin_burst_1788020829991,round-robin,server-2,GET,/api/work,200,29,,4
1788020847384,ui_round-robin_burst_1788020829991,round-robin,server-1,GET,/api/work,200,27,,6
1788020847390,ui_round-robin_burst_1788020829991,round-robin,server-2,GET,/api/work,200,26,,5
1788020847393,ui_round-robin_burst_1788020829991,round-robin,server-1,GET,/api/work,200,26,,5
1788020847393,ui_round-robin_burst_1788020829991,round-robin,server-3,GET,/api/work,200,27,,6
1788020847399,ui_round-robin_burst_1788020829991,round-robin,server-3,GET,/api/work,200,26,,6
1788020847399,ui_round-robin_burst_1788020829991,round-robin,server-2,GET,/api/work,200,27,,7
1788020847401,ui_round-robin_burst_1788020829991,round-robin,server-1,GET,/api/work,200,25,,6
1788020847401,ui_round-robin_burst_1788020829991,round-robin,server-3,GET,/api/work,200,26,,5
1788020847401,ui_round-robin_burst_1788020829991,round-robin,server-2,GET,/api/work,200,26,,6
1788020847404,ui_round-robin_burst_1788020829991,round-robin,server-1,GET,/api/work,200,26,,6
1788020847407,ui_round-robin_burst_1788020829991,round-robin,server-3,GET,/api/work,200,26,,5
1788020847407,ui_round-robin_burst_1788020829991,round-robin,server-2,GET,/api/work,200,26,,6
1788020847408,ui_round-robin_burst_1788020829991,round-robin,server-1,GET,/api/work,200,26,,5
1788020847410,ui_round-robin_burst_1788020829991,round-robin,server-2,GET,/api/work,200,25,,5
1788020847410,ui_round-robin_burst_1788020829991,round-robin,server-1,GET,/api/work,200,27,,5
1788020847410,ui_round-robin_burst_1788020829991,round-robin,server-3,GET,/api/work,200,27,,5
1788020847411,ui_round-robin_burst_1788020829991,round-robin,server-1,GET,/api/work,200,27,,4
1788020847411,ui_round-robin_burst_1788020829991,round-robin,server-3,GET,/api/work,200,27,,4
1788020847411,ui_round-robin_burst_1788020829991,round-robin,server-2,GET,/api/work,200,28,,4
1788020847416,ui_round-robin_burst_1788020829991,round-robin,server-2,GET,/api/work,200,27,,7
1788020847419,ui_round-robin_burst_1788020829991,round-robin,server-3,GET,/api/work,200,26,,6
1788020847420,ui_round-robin_burst_1788020829991,round-robin,server-1,GET,/api/work,200,26,,6
1788020847421,ui_round-robin_burst_1788020829991,round-robin,server-2,GET,/api/work,200,25,,6
1788020847421,ui_round-robin_burst_1788020829991,round-robin,server-1,GET,/api/work,200,26,,5
1788020847422,ui_round-robin_burst_1788020829991,round-robin,server-2,GET,/api/work,200,26,,5
1788020847421,ui_round-robin_burst_1788020829991,round-robin,server-3,GET,/api/work,200,27,,6
1788020847428,ui_round-robin_burst_1788020829991,round-robin,server-3,GET,/api/work,200,26,,5
1788020847429,ui_round-robin_burst_1788020829991,round-robin,server-1,GET,/api/work,200,26,,5
1788020847432,ui_round-robin_burst_1788020829991,round-robin,server-2,GET,/api/work,200,26,,5
1788020847434,ui_round-robin_burst_1788020829991,round-robin,server-3,GET,/api/work,200,26,,6
1788020847435,ui_round-robin_burst_1788020829991,round-robin,server-1,GET,/api/work,200,25,,6
1788020847439,ui_round-robin_burst_1788020829991,round-robin,server-2,GET,/api/work,200,26,,6
1788020847439,ui_round-robin_burst_1788020829991,round-robin,server-1,GET,/api/work,200,27,,6
1788020847440,ui_round-robin_burst_1788020829991,round-robin,server-1,GET,/api/work,200,27,,5
1788020847439,ui_round-robin_burst_1788020829991,round-robin,server-3,GET,/api/work,200,29,,6
1788020847440,ui_round-robin_burst_1788020829991,round-robin,server-3,GET,/api/work,200,29,,6
1788020847441,ui_round-robin_burst_1788020829991,round-robin,server-1,GET,/api/work,200,29,,4
1788020847440,ui_round-robin_burst_1788020829991,round-robin,server-2,GET,/api/work,200,30,,6
1788020847441,ui_round-robin_burst_1788020829991,round-robin,server-2,GET,/api/work,200,29,,5
1788020847441,ui_round-robin_burst_1788020829991,round-robin,server-3,GET,/api/work,200,30,,5
1788020847442,ui_round-robin_burst_1788020829991,round-robin,server-2,GET,/api/work,200,29,,4
1788020847447,ui_round-robin_burst_1788020829991,round-robin,server-3,GET,/api/work,200,27,,6
1788020847450,ui_round-robin_burst_1788020829991,round-robin,server-1,GET,/api/work,200,27,,6
1788020847450,ui_round-robin_burst_1788020829991,round-robin,server-2,GET,/api/work,200,28,,5
1788020847456,ui_round-robin_burst_1788020829991,round-robin,server-3,GET,/api/work,200,26,,7
1788020847456,ui_round-robin_burst_1788020829991,round-robin,server-1,GET,/api/work,200,27,,6
1788020847459,ui_round-robin_burst_1788020829991,round-robin,server-2,GET,/api/work,200,26,,6
1788020847459,ui_round-robin_burst_1788020829991,round-robin,server-1,GET,/api/work,200,27,,6
1788020847459,ui_round-robin_burst_1788020829991,round-robin,server-3,GET,/api/work,200,27,,6
1788020847461,ui_round-robin_burst_1788020829991,round-robin,server-2,GET,/api/work,200,26,,6
1788020847463,ui_round-robin_burst_1788020829991,round-robin,server-3,GET,/api/work,200,28,,6
1788020847466,ui_round-robin_burst_1788020829991,round-robin,server-2,GET,/api/work,200,27,,6
1788020847466,ui_round-robin_burst_1788020829991,round-robin,server-1,GET,/api/work,200,27,,6
1788020847468,ui_round-robin_burst_1788020829991,round-robin,server-3,GET,/api/work,200,26,,5
1788020847472,ui_round-robin_burst_1788020829991,round-robin,server-3,GET,/api/work,200,26,,5
1788020847472,ui_round-robin_burst_1788020829991,round-robin,server-2,GET,/api/work,200,27,,5
1788020847471,ui_round-robin_burst_1788020829991,round-robin,server-1,GET,/api/work,200,28,,5
1788020847473,ui_round-robin_burst_1788020829991,round-robin,server-1,GET,/api/work,200,26,,4
1788020847473,ui_round-robin_burst_1788020829991,round-robin,server-3,GET,/api/work,200,27,,4
1788020847473,ui_round-robin_burst_1788020829991,round-robin,server-2,GET,/api/work,200,28,,4
1788020847476,ui_round-robin_burst_1788020829991,round-robin,server-1,GET,/api/work,200,28,,6
1788020847478,ui_round-robin_burst_1788020829991,round-robin,server-2,GET,/api/work,200,26,,6
1788020847478,ui_round-robin_burst_1788020829991,round-robin,server-3,GET,/api/work,200,27,,6
1788020847480,ui_round-robin_burst_1788020829991,round-robin,server-1,GET,/api/work,200,25,,6
1788020847480,ui_round-robin_burst_1788020829991,round-robin,server-2,GET,/api/work,200,26,,5
1788020847480,ui_round-robin_burst_1788020829991,round-robin,server-3,GET,/api/work,200,26,,5
1788020847484,ui_round-robin_burst_1788020829991,round-robin,server-1,GET,/api/work,200,26,,5
1788020847487,ui_round-robin_burst_1788020829991,round-robin,server-2,GET,/api/work,200,27,,6
1788020847489,ui_round-robin_burst_1788020829991,round-robin,server-3,GET,/api/work,200,26,,5
1788020847492,ui_round-robin_burst_1788020829991,round-robin,server-1,GET,/api/work,200,26,,6
1788020847492,ui_round-robin_burst_1788020829991,round-robin,server-2,GET,/api/work,200,27,,6
1788020847497,ui_round-robin_burst_1788020829991,round-robin,server-3,GET,/api/work,200,26,,6
1788020847501,ui_round-robin_burst_1788020829991,round-robin,server-1,GET,/api/work,200,27,,7
1788020847502,ui_round-robin_burst_1788020829991,round-robin,server-1,GET,/api/work,200,26,,6
1788020847502,ui_round-robin_burst_1788020829991,round-robin,server-2,GET,/api/work,200,27,,6
1788020847502,ui_round-robin_burst_1788020829991,round-robin,server-3,GET,/api/work,200,27,,6
1788020847503,ui_round-robin_burst_1788020829991,round-robin,server-3,GET,/api/work,200,27,,5
1788020847503,ui_round-robin_burst_1788020829991,round-robin,server-1,GET,/api/work,200,27,,5
1788020847503,ui_round-robin_burst_1788020829991,round-robin,server-2,GET,/api/work,200,28,,5
1788020847503,ui_round-robin_burst_1788020829991,round-robin,server-2,GET,/api/work,200,28,,4
1788020847503,ui_round-robin_burst_1788020829991,round-robin,server-3,GET,/api/work,200,29,,4
1788020847505,ui_round-robin_burst_1788020829991,round-robin,server-1,GET,/api/work,200,28,,5
1788020847508,ui_round-robin_burst_1788020829991,round-robin,server-2,GET,/api/work,200,27,,5
1788020847508,ui_round-robin_burst_1788020829991,round-robin,server-3,GET,/api/work,200,27,,5
1788020847513,ui_round-robin_burst_1788020829991,round-robin,server-1,GET,/api/work,200,26,,7
1788020847513,ui_round-robin_burst_1788020829991,round-robin,server-2,GET,/api/work,200,27,,6
1788020847516,ui_round-robin_burst_1788020829991,round-robin,server-3,GET,/api/work,200,26,,6
1788020847517,ui_round-robin_burst_1788020829991,round-robin,server-1,GET,/api/work,200,26,,6
1788020847517,ui_round-robin_burst_1788020829991,round-robin,server-2,GET,/api/work,200,27,,6
1788020847518,ui_round-robin_burst_1788020829991,round-robin,server-3,GET,/api/work,200,27,,6
1788020847522,ui_round-robin_burst_1788020829991,round-robin,server-1,GET,/api/work,200,25,,6
1788020847524,ui_round-robin_burst_1788020829991,round-robin,server-2,GET,/api/work,200,26,,6
1788020847524,ui_round-robin_burst_1788020829991,round-robin,server-3,GET,/api/work,200,27,,6
1788020847524,ui_round-robin_burst_1788020829991,round-robin,server-1,GET,/api/work,200,27,,5
1788020847532,ui_round-robin_burst_1788020829991,round-robin,server-2,GET,/api/work,200,26,,5
1788020847532,ui_round-robin_burst_1788020829991,round-robin,server-3,GET,/api/work,200,26,,5
1788020847532,ui_round-robin_burst_1788020829991,round-robin,server-1,GET,/api/work,200,27,,5
1788020847534,ui_round-robin_burst_1788020829991,round-robin,server-1,GET,/api/work,200,26,,5
1788020847534,ui_round-robin_burst_1788020829991,round-robin,server-2,GET,/api/work,200,27,,5
1788020847535,ui_round-robin_burst_1788020829991,round-robin,server-2,GET,/api/work,200,27,,4
1788020847534,ui_round-robin_burst_1788020829991,round-robin,server-3,GET,/api/work,200,29,,5
1788020847536,ui_round-robin_burst_1788020829991,round-robin,server-3,GET,/api/work,200,28,,4
1788020847537,ui_round-robin_burst_1788020829991,round-robin,server-2,GET,/api/work,200,28,,4
1788020847536,ui_round-robin_burst_1788020829991,round-robin,server-1,GET,/api/work,200,30,,4
1788020847537,ui_round-robin_burst_1788020829991,round-robin,server-3,GET,/api/work,200,30,,4
1788020847537,ui_round-robin_burst_1788020829991,round-robin,server-1,GET,/api/work,200,31,,3
1788020847540,ui_round-robin_burst_1788020829991,round-robin,server-2,GET,/api/work,200,30,,5
1788020847544,ui_round-robin_burst_1788020829991,round-robin,server-3,GET,/api/work,200,28,,5
1788020847545,ui_round-robin_burst_1788020829991,round-robin,server-1,GET,/api/work,200,28,,5
1788020847549,ui_round-robin_burst_1788020829991,round-robin,server-2,GET,/api/work,200,26,,6
1788020847550,ui_round-robin_burst_1788020829991,round-robin,server-3,GET,/api/work,200,26,,5
1788020847554,ui_round-robin_burst_1788020829991,round-robin,server-1,GET,/api/work,200,27,,6
1788020847559,ui_round-robin_burst_1788020829991,round-robin,server-2,GET,/api/work,200,27,,7
1788020847560,ui_round-robin_burst_1788020829991,round-robin,server-1,GET,/api/work,200,27,,6
1788020847560,ui_round-robin_burst_1788020829991,round-robin,server-3,GET,/api/work,200,27,,6
1788020847564,ui_round-robin_burst_1788020829991,round-robin,server-2,GET,/api/work,200,27,,7
1788020847565,ui_round-robin_burst_1788020829991,round-robin,server-3,GET,/api/work,200,27,,6
1788020847569,ui_round-robin_burst_1788020829991,round-robin,server-1,GET,/api/work,200,25,,6
1788020847569,ui_round-robin_burst_1788020829991,round-robin,server-2,GET,/api/work,200,26,,6
1788020847569,ui_round-robin_burst_1788020829991,round-robin,server-2,GET,/api/work,200,27,,5
1788020847569,ui_round-robin_burst_1788020829991,round-robin,server-3,GET,/api/work,200,27,,6
1788020847569,ui_round-robin_burst_1788020829991,round-robin,server-1,GET,/api/work,200,28,,6
1788020847571,ui_round-robin_burst_1788020829991,round-robin,server-3,GET,/api/work,200,26,,5
1788020847571,ui_round-robin_burst_1788020829991,round-robin,server-1,GET,/api/work,200,28,,5
1788020847572,ui_round-robin_burst_1788020829991,round-robin,server-2,GET,/api/work,200,27,,5
1788020847573,ui_round-robin_burst_1788020829991,round-robin,server-3,GET,/api/work,200,27,,5
1788020847574,ui_round-robin_burst_1788020829991,round-robin,server-1,GET,/api/work,200,27,,5
1788020847574,ui_round-robin_burst_1788020829991,round-robin,server-2,GET,/api/work,200,28,,5
1788020847576,ui_round-robin_burst_1788020829991,round-robin,server-3,GET,/api/work,200,27,,6
1788020847576,ui_round-robin_burst_1788020829991,round-robin,server-1,GET,/api/work,200,27,,5
1788020847578,ui_round-robin_burst_1788020829991,round-robin,server-2,GET,/api/work,200,26,,6
1788020847582,ui_round-robin_burst_1788020829991,round-robin,server-3,GET,/api/work,200,26,,6
1788020847582,ui_round-robin_burst_1788020829991,round-robin,server-1,GET,/api/work,200,26,,6
1788020847583,ui_round-robin_burst_1788020829991,round-robin,server-2,GET,/api/work,200,26,,5
1788020847589,ui_round-robin_burst_1788020829991,round-robin,server-3,GET,/api/work,200,26,,5
1788020847589,ui_round-robin_burst_1788020829991,round-robin,server-2,GET,/api/work,200,27,,5
1788020847589,ui_round-robin_burst_1788020829991,round-robin,server-1,GET,/api/work,200,27,,5
1788020847592,ui_round-robin_burst_1788020829991,round-robin,server-3,GET,/api/work,200,27,,5
1788020847595,ui_round-robin_burst_1788020829991,round-robin,server-1,GET,/api/work,200,26,,5
1788020847597,ui_round-robin_burst_1788020829991,round-robin,server-2,GET,/api/work,200,26,,5
1788020847600,ui_round-robin_burst_1788020829991,round-robin,server-3,GET,/api/work,200,26,,5
1788020847601,ui_round-robin_burst_1788020829991,round-robin,server-1,GET,/api/work,200,26,,5
1788020847601,ui_round-robin_burst_1788020829991,round-robin,server-2,GET,/api/work,200,27,,6
1788020847602,ui_round-robin_burst_1788020829991,round-robin,server-3,GET,/api/work,200,26,,5
1788020847602,ui_round-robin_burst_1788020829991,round-robin,server-2,GET,/api/work,200,27,,5
1788020847603,ui_round-robin_burst_1788020829991,round-robin,server-3,GET,/api/work,200,26,,5
1788020847602,ui_round-robin_burst_1788020829991,round-robin,server-1,GET,/api/work,200,28,,5
1788020847604,ui_round-robin_burst_1788020829991,round-robin,server-1,GET,/api/work,200,27,,5
1788020847604,ui_round-robin_burst_1788020829991,round-robin,server-2,GET,/api/work,200,27,,4
1788020847607,ui_round-robin_burst_1788020829991,round-robin,server-1,GET,/api/work,200,27,,5
1788020847607,ui_round-robin_burst_1788020829991,round-robin,server-3,GET,/api/work,200,28,,6
1788020847611,ui_round-robin_burst_1788020829991,round-robin,server-2,GET,/api/work,200,26,,6
1788020847617,ui_round-robin_burst_1788020829991,round-robin,server-3,GET,/api/work,200,26,,7
1788020847617,ui_round-robin_burst_1788020829991,round-robin,server-2,GET,/api/work,200,26,,6
1788020847617,ui_round-robin_burst_1788020829991,round-robin,server-1,GET,/api/work,200,27,,6
1788020847622,ui_round-robin_burst_1788020829991,round-robin,server-3,GET,/api/work,200,26,,7
1788020847622,ui_round-robin_burst_1788020829991,round-robin,server-1,GET,/api/work,200,27,,6
1788020847625,ui_round-robin_burst_1788020829991,round-robin,server-2,GET,/api/work,200,27,,6
1788020847626,ui_round-robin_burst_1788020829991,round-robin,server-3,GET,/api/work,200,26,,6
1788020847627,ui_round-robin_burst_1788020829991,round-robin,server-2,GET,/api/work,200,26,,6
1788020847627,ui_round-robin_burst_1788020829991,round-robin,server-1,GET,/api/work,200,27,,6
1788020847628,ui_round-robin_burst_1788020829991,round-robin,server-3,GET,/api/work,200,26,,6
1788020847630,ui_round-robin_burst_1788020829991,round-robin,server-1,GET,/api/work,200,26,,5
1788020847633,ui_round-robin_burst_1788020829991,round-robin,server-3,GET,/api/work,200,25,,5
1788020847632,ui_round-robin_burst_1788020829991,round-robin,server-2,GET,/api/work,200,27,,5
1788020847633,ui_round-robin_burst_1788020829991,round-robin,server-1,GET,/api/work,200,27,,5
1788020847633,ui_round-robin_burst_1788020829991,round-robin,server-2,GET,/api/work,200,27,,4
1788020847634,ui_round-robin_burst_1788020829991,round-robin,server-3,GET,/api/work,200,27,,4
1788020847635,ui_round-robin_burst_1788020829991,round-robin,server-3,GET,/api/work,200,27,,4
1788020847635,ui_round-robin_burst_1788020829991,round-robin,server-2,GET,/api/work,200,28,,5
1788020847635,ui_round-robin_burst_1788020829991,round-robin,server-1,GET,/api/work,200,28,,6
1788020847640,ui_round-robin_burst_1788020829991,round-robin,server-3,GET,/api/work,200,25,,5
1788020847639,ui_round-robin_burst_1788020829991,round-robin,server-1,GET,/api/work,200,27,,6
1788020847639,ui_round-robin_burst_1788020829991,round-robin,server-2,GET,/api/work,200,28,,6
1788020847647,ui_round-robin_burst_1788020829991,round-robin,server-1,GET,/api/work,200,27,,5
1788020847648,ui_round-robin_burst_1788020829991,round-robin,server-2,GET,/api/work,200,27,,5
1788020847648,ui_round-robin_burst_1788020829991,round-robin,server-3,GET,/api/work,200,27,,5
1788020847649,ui_round-robin_burst_1788020829991,round-robin,server-1,GET,/api/work,200,27,,5
1788020847652,ui_round-robin_burst_1788020829991,round-robin,server-2,GET,/api/work,200,27,,5
1788020847654,ui_round-robin_burst_1788020829991,round-robin,server-3,GET,/api/work,200,26,,5
1788020847657,ui_round-robin_burst_1788020829991,round-robin,server-1,GET,/api/work,200,28,,6
1788020847660,ui_round-robin_burst_1788020829991,round-robin,server-2,GET,/api/work,200,26,,6
1788020847661,ui_round-robin_burst_1788020829991,round-robin,server-3,GET,/api/work,200,27,,6
1788020847662,ui_round-robin_burst_1788020829991,round-robin,server-3,GET,/api/work,200,26,,5
1788020847662,ui_round-robin_burst_1788020829991,round-robin,server-1,GET,/api/work,200,27,,6
1788020847662,ui_round-robin_burst_1788020829991,round-robin,server-1,GET,/api/work,200,28,,5
1788020847662,ui_round-robin_burst_1788020829991,round-robin,server-2,GET,/api/work,200,28,,6
1788020847664,ui_round-robin_burst_1788020829991,round-robin,server-2,GET,/api/work,200,27,,5
1788020847665,ui_round-robin_burst_1788020829991,round-robin,server-1,GET,/api/work,200,27,,4
1788020847664,ui_round-robin_burst_1788020829991,round-robin,server-3,GET,/api/work,200,29,,5
1788020847667,ui_round-robin_burst_1788020829991,round-robin,server-2,GET,/api/work,200,28,,5
1788020847668,ui_round-robin_burst_1788020829991,round-robin,server-3,GET,/api/work,200,28,,5
1788020847676,ui_round-robin_burst_1788020829991,round-robin,server-2,GET,/api/work,200,25,,6
1788020847675,ui_round-robin_burst_1788020829991,round-robin,server-1,GET,/api/work,200,27,,7
1788020847676,ui_round-robin_burst_1788020829991,round-robin,server-3,GET,/api/work,200,26,,6
1788020847681,ui_round-robin_burst_1788020829991,round-robin,server-2,GET,/api/work,200,27,,6
1788020847683,ui_round-robin_burst_1788020829991,round-robin,server-3,GET,/api/work,200,26,,6
1788020847681,ui_round-robin_burst_1788020829991,round-robin,server-1,GET,/api/work,200,29,,7
1788020847683,ui_round-robin_burst_1788020829991,round-robin,server-1,GET,/api/work,200,28,,6
1788020847685,ui_round-robin_burst_1788020829991,round-robin,server-2,GET,/api/work,200,27,,6
1788020847685,ui_round-robin_burst_1788020829991,round-robin,server-3,GET,/api/work,200,27,,5
1788020847686,ui_round-robin_burst_1788020829991,round-robin,server-1,GET,/api/work,200,27,,5
1788020847687,ui_round-robin_burst_1788020829991,round-robin,server-2,GET,/api/work,200,28,,5
1788020847691,ui_round-robin_burst_1788020829991,round-robin,server-3,GET,/api/work,200,26,,5
1788020847692,ui_round-robin_burst_1788020829991,round-robin,server-2,GET,/api/work,200,26,,5
1788020847692,ui_round-robin_burst_1788020829991,round-robin,server-1,GET,/api/work,200,27,,5
1788020847693,ui_round-robin_burst_1788020829991,round-robin,server-3,GET,/api/work,200,26,,5
1788020847695,ui_round-robin_burst_1788020829991,round-robin,server-2,GET,/api/work,200,26,,5
1788020847695,ui_round-robin_burst_1788020829991,round-robin,server-1,GET,/api/work,200,27,,5
1788020847697,ui_round-robin_burst_1788020829991,round-robin,server-3,GET,/api/work,200,27,,6
1788020847697,ui_round-robin_burst_1788020829991,round-robin,server-1,GET,/api/work,200,27,,5
1788020847697,ui_round-robin_burst_1788020829991,round-robin,server-3,GET,/api/work,200,28,,5
1788020847698,ui_round-robin_burst_1788020829991,round-robin,server-1,GET,/api/work,200,27,,4
1788020847697,ui_round-robin_burst_1788020829991,round-robin,server-2,GET,/api/work,200,29,,5
1788020847705,ui_round-robin_burst_1788020829991,round-robin,server-2,GET,/api/work,200,26,,5
1788020847706,ui_round-robin_burst_1788020829991,round-robin,server-3,GET,/api/work,200,26,,5
1788020847708,ui_round-robin_burst_1788020829991,round-robin,server-1,GET,/api/work,200,26,,6
1788020847709,ui_round-robin_burst_1788020829991,round-robin,server-2,GET,/api/work,200,26,,5
1788020847713,ui_round-robin_burst_1788020829991,round-robin,server-1,GET,/api/work,200,27,,5
1788020847713,ui_round-robin_burst_1788020829991,round-robin,server-3,GET,/api/work,200,27,,5
1788020847716,ui_round-robin_burst_1788020829991,round-robin,server-2,GET,/api/work,200,25,,5
1788020847718,ui_round-robin_burst_1788020829991,round-robin,server-3,GET,/api/work,200,26,,5
1788020847719,ui_round-robin_burst_1788020829991,round-robin,server-1,GET,/api/work,200,26,,6
1788020847720,ui_round-robin_burst_1788020829991,round-robin,server-2,GET,/api/work,200,26,,6
1788020847722,ui_round-robin_burst_1788020829991,round-robin,server-3,GET,/api/work,200,26,,6
1788020847723,ui_round-robin_burst_1788020829991,round-robin,server-1,GET,/api/work,200,26,,6
1788020847723,ui_round-robin_burst_1788020829991,round-robin,server-3,GET,/api/work,200,27,,6
1788020847723,ui_round-robin_burst_1788020829991,round-robin,server-2,GET,/api/work,200,28,,6
1788020847727,ui_round-robin_burst_1788020829991,round-robin,server-2,GET,/api/work,200,25,,5
1788020847726,ui_round-robin_burst_1788020829991,round-robin,server-1,GET,/api/work,200,26,,6
1788020847727,ui_round-robin_burst_1788020829991,round-robin,server-3,GET,/api/work,200,26,,5
1788020847727,ui_round-robin_burst_1788020829991,round-robin,server-1,GET,/api/work,200,27,,5
1788020847733,ui_round-robin_burst_1788020829991,round-robin,server-2,GET,/api/work,200,25,,7
1788020847733,ui_round-robin_burst_1788020829991,round-robin,server-1,GET,/api/work,200,26,,6
1788020847733,ui_round-robin_burst_1788020829991,round-robin,server-3,GET,/api/work,200,27,,6
1788020847740,ui_round-robin_burst_1788020829991,round-robin,server-2,GET,/api/work,200,26,,7
1788020847740,ui_round-robin_burst_1788020829991,round-robin,server-3,GET,/api/work,200,27,,7
1788020847742,ui_round-robin_burst_1788020829991,round-robin,server-1,GET,/api/work,200,26,,6
1788020847744,ui_round-robin_burst_1788020829991,round-robin,server-2,GET,/api/work,200,26,,6
1788020847744,ui_round-robin_burst_1788020829991,round-robin,server-3,GET,/api/work,200,26,,6
1788020847744,ui_round-robin_burst_1788020829991,round-robin,server-2,GET,/api/work,200,27,,5
1788020847744,ui_round-robin_burst_1788020829991,round-robin,server-1,GET,/api/work,200,27,,5
1788020847745,ui_round-robin_burst_1788020829991,round-robin,server-3,GET,/api/work,200,27,,5
1788020847748,ui_round-robin_burst_1788020829991,round-robin,server-1,GET,/api/work,200,26,,5
1788020847749,ui_round-robin_burst_1788020829991,round-robin,server-2,GET,/api/work,200,26,,5
1788020847749,ui_round-robin_burst_1788020829991,round-robin,server-3,GET,/api/work,200,27,,5
1788020847750,ui_round-robin_burst_1788020829991,round-robin,server-1,GET,/api/work,200,26,,5
1788020847753,ui_round-robin_burst_1788020829991,round-robin,server-2,GET,/api/work,200,26,,5
1788020847754,ui_round-robin_burst_1788020829991,round-robin,server-1,GET,/api/work,200,26,,5
1788020847754,ui_round-robin_burst_1788020829991,round-robin,server-3,GET,/api/work,200,27,,5
1788020847756,ui_round-robin_burst_1788020829991,round-robin,server-2,GET,/api/work,200,26,,5
1788020847758,ui_round-robin_burst_1788020829991,round-robin,server-3,GET,/api/work,200,26,,6
1788020847758,ui_round-robin_burst_1788020829991,round-robin,server-2,GET,/api/work,200,26,,5
1788020847758,ui_round-robin_burst_1788020829991,round-robin,server-1,GET,/api/work,200,27,,5
1788020847761,ui_round-robin_burst_1788020829991,round-robin,server-3,GET,/api/work,200,26,,5
1788020847763,ui_round-robin_burst_1788020829991,round-robin,server-1,GET,/api/work,200,26,,5
1788020847764,ui_round-robin_burst_1788020829991,round-robin,server-2,GET,/api/work,200,26,,5
1788020847765,ui_round-robin_burst_1788020829991,round-robin,server-3,GET,/api/work,200,26,,5
1788020847772,ui_round-robin_burst_1788020829991,round-robin,server-1,GET,/api/work,200,26,,6
1788020847773,ui_round-robin_burst_1788020829991,round-robin,server-2,GET,/api/work,200,25,,5
1788020847773,ui_round-robin_burst_1788020829991,round-robin,server-3,GET,/api/work,200,26,,5
1788020847775,ui_round-robin_burst_1788020829991,round-robin,server-1,GET,/api/work,200,26,,5
1788020847777,ui_round-robin_burst_1788020829991,round-robin,server-2,GET,/api/work,200,26,,6
1788020847778,ui_round-robin_burst_1788020829991,round-robin,server-3,GET,/api/work,200,25,,6
1788020847780,ui_round-robin_burst_1788020829991,round-robin,server-1,GET,/api/work,200,26,,6
1788020847780,ui_round-robin_burst_1788020829991,round-robin,server-2,GET,/api/work,200,27,,6
1788020847782,ui_round-robin_burst_1788020829991,round-robin,server-3,GET,/api/work,200,25,,6
1788020847782,ui_round-robin_burst_1788020829991,round-robin,server-1,GET,/api/work,200,27,,6
1788020847783,ui_round-robin_burst_1788020829991,round-robin,server-2,GET,/api/work,200,26,,6
1788020847783,ui_round-robin_burst_1788020829991,round-robin,server-3,GET,/api/work,200,27,,6
1788020847785,ui_round-robin_burst_1788020829991,round-robin,server-1,GET,/api/work,200,26,,5
1788020847785,ui_round-robin_burst_1788020829991,round-robin,server-2,GET,/api/work,200,27,,5
1788020847790,ui_round-robin_burst_1788020829991,round-robin,server-1,GET,/api/work,200,26,,6
1788020847790,ui_round-robin_burst_1788020829991,round-robin,server-3,GET,/api/work,200,27,,7
1788020847791,ui_round-robin_burst_1788020829991,round-robin,server-2,GET,/api/work,200,26,,6
1788020847797,ui_round-robin_burst_1788020829991,round-robin,server-3,GET,/api/work,200,26,,7
1788020847797,ui_round-robin_burst_1788020829991,round-robin,server-1,GET,/api/work,200,26,,7
1788020847799,ui_round-robin_burst_1788020829991,round-robin,server-2,GET,/api/work,200,27,,6
1788020847801,ui_round-robin_burst_1788020829991,round-robin,server-3,GET,/api/work,200,27,,6
1788020847802,ui_round-robin_burst_1788020829991,round-robin,server-2,GET,/api/work,200,26,,5
1788020847802,ui_round-robin_burst_1788020829991,round-robin,server-1,GET,/api/work,200,27,,6
1788020847803,ui_round-robin_burst_1788020829991,round-robin,server-1,GET,/api/work,200,27,,5
1788020847802,ui_round-robin_burst_1788020829991,round-robin,server-3,GET,/api/work,200,28,,6
1788020847805,ui_round-robin_burst_1788020829991,round-robin,server-2,GET,/api/work,200,26,,5
1788020847806,ui_round-robin_burst_1788020829991,round-robin,server-3,GET,/api/work,200,26,,5
1788020847808,ui_round-robin_burst_1788020829991,round-robin,server-1,GET,/api/work,200,26,,5
1788020847808,ui_round-robin_burst_1788020829991,round-robin,server-2,GET,/api/work,200,26,,5
1788020847810,ui_round-robin_burst_1788020829991,round-robin,server-3,GET,/api/work,200,27,,5
1788020847813,ui_round-robin_burst_1788020829991,round-robin,server-2,GET,/api/work,200,25,,5
1788020847812,ui_round-robin_burst_1788020829991,round-robin,server-1,GET,/api/work,200,27,,6
1788020847814,ui_round-robin_burst_1788020829991,round-robin,server-3,GET,/api/work,200,25,,5
1788020847816,ui_round-robin_burst_1788020829991,round-robin,server-3,GET,/api/work,200,25,,5
1788020847816,ui_round-robin_burst_1788020829991,round-robin,server-2,GET,/api/work,200,25,,5
1788020847815,ui_round-robin_burst_1788020829991,round-robin,server-1,GET,/api/work,200,27,,5
1788020847818,ui_round-robin_burst_1788020829991,round-robin,server-1,GET,/api/work,200,26,,5
1788020847819,ui_round-robin_burst_1788020829991,round-robin,server-2,GET,/api/work,200,26,,5
1788020847821,ui_round-robin_burst_1788020829991,round-robin,server-3,GET,/api/work,200,26,,5
1788020847822,ui_round-robin_burst_1788020829991,round-robin,server-1,GET,/api/work,200,27,,5
1788020847829,ui_round-robin_burst_1788020829991,round-robin,server-2,GET,/api/work,200,26,,6
1788020847829,ui_round-robin_burst_1788020829991,round-robin,server-3,GET,/api/work,200,26,,5
1788020847831,ui_round-robin_burst_1788020829991,round-robin,server-1,GET,/api/work,200,25,,5
1788020847832,ui_round-robin_burst_1788020829991,round-robin,server-2,GET,/api/work,200,27,,6
1788020847835,ui_round-robin_burst_1788020829991,round-robin,server-3,GET,/api/work,200,25,,5
1788020847835,ui_round-robin_burst_1788020829991,round-robin,server-1,GET,/api/work,200,26,,5
1788020847837,ui_round-robin_burst_1788020829991,round-robin,server-3,GET,/api/work,200,26,,6
1788020847838,ui_round-robin_burst_1788020829991,round-robin,server-1,GET,/api/work,200,25,,6
1788020847837,ui_round-robin_burst_1788020829991,round-robin,server-2,GET,/api/work,200,27,,6
1788020847839,ui_round-robin_burst_1788020829991,round-robin,server-2,GET,/api/work,200,26,,5
1788020847840,ui_round-robin_burst_1788020829991,round-robin,server-3,GET,/api/work,200,26,,6
1788020847842,ui_round-robin_burst_1788020829991,round-robin,server-1,GET,/api/work,200,26,,6
1788020847843,ui_round-robin_burst_1788020829991,round-robin,server-3,GET,/api/work,200,26,,5
1788020847843,ui_round-robin_burst_1788020829991,round-robin,server-2,GET,/api/work,200,27,,5
1788020847848,ui_round-robin_burst_1788020829991,round-robin,server-2,GET,/api/work,200,27,,6
1788020847848,ui_round-robin_burst_1788020829991,round-robin,server-3,GET,/api/work,200,27,,6
1788020847848,ui_round-robin_burst_1788020829991,round-robin,server-1,GET,/api/work,200,28,,7
1788020847854,ui_round-robin_burst_1788020829991,round-robin,server-1,GET,/api/work,200,26,,7
1788020847855,ui_round-robin_burst_1788020829991,round-robin,server-2,GET,/api/work,200,25,,7
1788020847856,ui_round-robin_burst_1788020829991,round-robin,server-3,GET,/api/work,200,26,,6
1788020847858,ui_round-robin_burst_1788020829991,round-robin,server-1,GET,/api/work,200,26,,6
1788020847858,ui_round-robin_burst_1788020829991,round-robin,server-2,GET,/api/work,200,27,,6
1788020847861,ui_round-robin_burst_1788020829991,round-robin,server-2,GET,/api/work,200,26,,6
1788020847861,ui_round-robin_burst_1788020829991,round-robin,server-3,GET,/api/work,200,27,,6
1788020847861,ui_round-robin_burst_1788020829991,round-robin,server-1,GET,/api/work,200,27,,6
1788020847862,ui_round-robin_burst_1788020829991,round-robin,server-3,GET,/api/work,200,27,,5
1788020847863,ui_round-robin_burst_1788020829991,round-robin,server-1,GET,/api/work,200,26,,5
1788020847865,ui_round-robin_burst_1788020829991,round-robin,server-2,GET,/api/work,200,27,,5
1788020847865,ui_round-robin_burst_1788020829991,round-robin,server-3,GET,/api/work,200,27,,5
1788020847867,ui_round-robin_burst_1788020829991,round-robin,server-1,GET,/api/work,200,26,,5
1788020847870,ui_round-robin_burst_1788020829991,round-robin,server-2,GET,/api/work,200,26,,6
1788020847871,ui_round-robin_burst_1788020829991,round-robin,server-1,GET,/api/work,200,26,,5
1788020847871,ui_round-robin_burst_1788020829991,round-robin,server-3,GET,/api/work,200,26,,6
1788020847872,ui_round-robin_burst_1788020829991,round-robin,server-3,GET,/api/work,200,26,,5
1788020847873,ui_round-robin_burst_1788020829991,round-robin,server-1,GET,/api/work,200,26,,5
1788020847872,ui_round-robin_burst_1788020829991,round-robin,server-2,GET,/api/work,200,27,,6
1788020847876,ui_round-robin_burst_1788020829991,round-robin,server-2,GET,/api/work,200,26,,5
1788020847876,ui_round-robin_burst_1788020829991,round-robin,server-3,GET,/api/work,200,27,,5
1788020847878,ui_round-robin_burst_1788020829991,round-robin,server-1,GET,/api/work,200,26,,5
1788020847879,ui_round-robin_burst_1788020829991,round-robin,server-2,GET,/api/work,200,27,,5
1788020847887,ui_round-robin_burst_1788020829991,round-robin,server-3,GET,/api/work,200,25,,6
1788020847887,ui_round-robin_burst_1788020829991,round-robin,server-1,GET,/api/work,200,26,,5
1788020847887,ui_round-robin_burst_1788020829991,round-robin,server-2,GET,/api/work,200,27,,5
1788020847890,ui_round-robin_burst_1788020829991,round-robin,server-3,GET,/api/work,200,25,,5
1788020847891,ui_round-robin_burst_1788020829991,round-robin,server-1,GET,/api/work,200,26,,5
1788020847892,ui_round-robin_burst_1788020829991,round-robin,server-2,GET,/api/work,200,26,,5
1788020847893,ui_round-robin_burst_1788020829991,round-robin,server-3,GET,/api/work,200,27,,5
1788020847894,ui_round-robin_burst_1788020829991,round-robin,server-1,GET,/api/work,200,27,,5
1788020847894,ui_round-robin_burst_1788020829991,round-robin,server-2,GET,/api/work,200,28,,6
1788020847895,ui_round-robin_burst_1788020829991,round-robin,server-3,GET,/api/work,200,28,,5
1788020847897,ui_round-robin_burst_1788020829991,round-robin,server-1,GET,/api/work,200,27,,5
1788020847898,ui_round-robin_burst_1788020829991,round-robin,server-2,GET,/api/work,200,27,,6
1788020847900,ui_round-robin_burst_1788020829991,round-robin,server-3,GET,/api/work,200,25,,5
1788020847901,ui_round-robin_burst_1788020829991,round-robin,server-1,GET,/api/work,200,27,,5
1788020847906,ui_round-robin_burst_1788020829991,round-robin,server-2,GET,/api/work,200,25,,7
1788020847907,ui_round-robin_burst_1788020829991,round-robin,server-3,GET,/api/work,200,26,,6
1788020847907,ui_round-robin_burst_1788020829991,round-robin,server-1,GET,/api/work,200,26,,6
1788020847911,ui_round-robin_burst_1788020829991,round-robin,server-3,GET,/api/work,200,27,,6
1788020847910,ui_round-robin_burst_1788020829991,round-robin,server-2,GET,/api/work,200,28,,7
1788020847913,ui_round-robin_burst_1788020829991,round-robin,server-1,GET,/api/work,200,27,,6
1788020847916,ui_round-robin_burst_1788020829991,round-robin,server-2,GET,/api/work,200,26,,6
1788020847916,ui_round-robin_burst_1788020829991,round-robin,server-3,GET,/api/work,200,27,,6
1788020847918,ui_round-robin_burst_1788020829991,round-robin,server-1,GET,/api/work,200,27,,6
1788020847919,ui_round-robin_burst_1788020829991,round-robin,server-2,GET,/api/work,200,27,,6
1788020847921,ui_round-robin_burst_1788020829991,round-robin,server-2,GET,/api/work,200,26,,5
1788020847921,ui_round-robin_burst_1788020829991,round-robin,server-3,GET,/api/work,200,27,,6
1788020847921,ui_round-robin_burst_1788020829991,round-robin,server-1,GET,/api/work,200,27,,6
1788020847923,ui_round-robin_burst_1788020829991,round-robin,server-3,GET,/api/work,200,26,,5
1788020847924,ui_round-robin_burst_1788020829991,round-robin,server-2,GET,/api/work,200,26,,5
1788020847924,ui_round-robin_burst_1788020829991,round-robin,server-1,GET,/api/work,200,27,,5
1788020847929,ui_round-robin_burst_1788020829991,round-robin,server-3,GET,/api/work,200,26,,6
1788020847929,ui_round-robin_burst_1788020829991,round-robin,server-2,GET,/api/work,200,27,,6
1788020847929,ui_round-robin_burst_1788020829991,round-robin,server-1,GET,/api/work,200,27,,6
1788020847929,ui_round-robin_burst_1788020829991,round-robin,server-3,GET,/api/work,200,28,,5
1788020847930,ui_round-robin_burst_1788020829991,round-robin,server-1,GET,/api/work,200,27,,5
1788020847930,ui_round-robin_burst_1788020829991,round-robin,server-2,GET,/api/work,200,28,,5
1788020847935,ui_round-robin_burst_1788020829991,round-robin,server-1,GET,/api/work,200,27,,5
1788020847935,ui_round-robin_burst_1788020829991,round-robin,server-3,GET,/api/work,200,27,,6
1788020847936,ui_round-robin_burst_1788020829991,round-robin,server-2,GET,/api/work,200,27,,5
1788020847939,ui_round-robin_burst_1788020829991,round-robin,server-3,GET,/api/work,200,26,,5
1788020847944,ui_round-robin_burst_1788020829991,round-robin,server-3,GET,/api/work,200,26,,4
1788020847944,ui_round-robin_burst_1788020829991,round-robin,server-1,GET,/api/work,200,26,,5
1788020847944,ui_round-robin_burst_1788020829991,round-robin,server-2,GET,/api/work,200,27,,5
1788020847947,ui_round-robin_burst_1788020829991,round-robin,server-1,GET,/api/work,200,26,,5
1788020847949,ui_round-robin_burst_1788020829991,round-robin,server-2,GET,/api/work,200,26,,5
1788020847950,ui_round-robin_burst_1788020829991,round-robin,server-3,GET,/api/work,200,26,,5
1788020847954,ui_round-robin_burst_1788020829991,round-robin,server-1,GET,/api/work,200,25,,5
1788020847954,ui_round-robin_burst_1788020829991,round-robin,server-3,GET,/api/work,200,26,,5
1788020847954,ui_round-robin_burst_1788020829991,round-robin,server-2,GET,/api/work,200,27,,6
1788020847954,ui_round-robin_burst_1788020829991,round-robin,server-1,GET,/api/work,200,27,,5
1788020847954,ui_round-robin_burst_1788020829991,round-robin,server-2,GET,/api/work,200,28,,5
1788020847957,ui_round-robin_burst_1788020829991,round-robin,server-3,GET,/api/work,200,26,,6
1788020847957,ui_round-robin_burst_1788020829991,round-robin,server-1,GET,/api/work,200,27,,5
1788020847959,ui_round-robin_burst_1788020829991,round-robin,server-2,GET,/api/work,200,26,,5
1788020847961,ui_round-robin_burst_1788020829991,round-robin,server-3,GET,/api/work,200,27,,5
1788020847965,ui_round-robin_burst_1788020829991,round-robin,server-1,GET,/api/work,200,25,,6
1788020847966,ui_round-robin_burst_1788020829991,round-robin,server-2,GET,/api/work,200,27,,6
1788020847972,ui_round-robin_burst_1788020829991,round-robin,server-1,GET,/api/work,200,25,,7
1788020847971,ui_round-robin_burst_1788020829991,round-robin,server-3,GET,/api/work,200,27,,7
1788020847972,ui_round-robin_burst_1788020829991,round-robin,server-2,GET,/api/work,200,27,,6
1788020847973,ui_round-robin_burst_1788020829991,round-robin,server-3,GET,/api/work,200,26,,6
1788020847974,ui_round-robin_burst_1788020829991,round-robin,server-1,GET,/api/work,200,27,,6
1788020847977,ui_round-robin_burst_1788020829991,round-robin,server-3,GET,/api/work,200,27,,6
1788020847980,ui_round-robin_burst_1788020829991,round-robin,server-1,GET,/api/work,200,26,,6
1788020847977,ui_round-robin_burst_1788020829991,round-robin,server-2,GET,/api/work,200,31,,7
1788020847982,ui_round-robin_burst_1788020829991,round-robin,server-1,GET,/api/work,200,27,,6
1788020847980,ui_round-robin_burst_1788020829991,round-robin,server-2,GET,/api/work,200,31,,6
1788020847982,ui_round-robin_burst_1788020829991,round-robin,server-3,GET,/api/work,200,29,,6
1788020847982,ui_round-robin_burst_1788020829991,round-robin,server-3,GET,/api/work,200,29,,5
1788020847982,ui_round-robin_burst_1788020829991,round-robin,server-2,GET,/api/work,200,30,,5
1788020847988,ui_round-robin_burst_1788020829991,round-robin,server-2,GET,/api/work,200,27,,6
1788020847986,ui_round-robin_burst_1788020829991,round-robin,server-1,GET,/api/work,200,29,,6
1788020847988,ui_round-robin_burst_1788020829991,round-robin,server-3,GET,/api/work,200,28,,6
1788020847989,ui_round-robin_burst_1788020829991,round-robin,server-2,GET,/api/work,200,28,,6
1788020847989,ui_round-robin_burst_1788020829991,round-robin,server-1,GET,/api/work,200,28,,6
1788020847990,ui_round-robin_burst_1788020829991,round-robin,server-3,GET,/api/work,200,28,,5
1788020847994,ui_round-robin_burst_1788020829991,round-robin,server-2,GET,/api/work,200,25,,5
1788020847993,ui_round-robin_burst_1788020829991,round-robin,server-1,GET,/api/work,200,26,,6
1788020847995,ui_round-robin_burst_1788020829991,round-robin,server-3,GET,/api/work,200,25,,5
1788020847996,ui_round-robin_burst_1788020829991,round-robin,server-1,GET,/api/work,200,26,,5
1788020848001,ui_round-robin_burst_1788020829991,round-robin,server-3,GET,/api/work,200,26,,5
1788020848001,ui_round-robin_burst_1788020829991,round-robin,server-2,GET,/api/work,200,27,,5
1788020848003,ui_round-robin_burst_1788020829991,round-robin,server-1,GET,/api/work,200,26,,5
1788020848006,ui_round-robin_burst_1788020829991,round-robin,server-3,GET,/api/work,200,26,,5
1788020848007,ui_round-robin_burst_1788020829991,round-robin,server-1,GET,/api/work,200,27,,5
1788020848003,ui_round-robin_burst_1788020829991,round-robin,server-2,GET,/api/work,200,32,,6
1788020848012,ui_round-robin_burst_1788020829991,round-robin,server-2,GET,/api/work,200,26,,5
1788020848012,ui_round-robin_burst_1788020829991,round-robin,server-3,GET,/api/work,200,26,,5
1788020848013,ui_round-robin_burst_1788020829991,round-robin,server-1,GET,/api/work,200,27,,5
1788020848013,ui_round-robin_burst_1788020829991,round-robin,server-2,GET,/api/work,200,27,,4
1788020848014,ui_round-robin_burst_1788020829991,round-robin,server-3,GET,/api/work,200,27,,4
1788020848017,ui_round-robin_burst_1788020829991,round-robin,server-2,GET,/api/work,200,25,,4
1788020848016,ui_round-robin_burst_1788020829991,round-robin,server-1,GET,/api/work,200,27,,5
1788020848018,ui_round-robin_burst_1788020829991,round-robin,server-3,GET,/api/work,200,27,,5
1788020848019,ui_round-robin_burst_1788020829991,round-robin,server-1,GET,/api/work,200,26,,5
1788020848021,ui_round-robin_burst_1788020829991,round-robin,server-2,GET,/api/work,200,25,,4
1788020848024,ui_round-robin_burst_1788020829991,round-robin,server-3,GET,/api/work,200,27,,7
1788020848028,ui_round-robin_burst_1788020829991,round-robin,server-1,GET,/api/work,200,26,,7
1788020848029,ui_round-robin_burst_1788020829991,round-robin,server-2,GET,/api/work,200,26,,7
1788020848030,ui_round-robin_burst_1788020829991,round-robin,server-1,GET,/api/work,200,26,,6
1788020848029,ui_round-robin_burst_1788020829991,round-robin,server-3,GET,/api/work,200,27,,6
1788020848031,ui_round-robin_burst_1788020829991,round-robin,server-2,GET,/api/work,200,27,,6
1788020848036,ui_round-robin_burst_1788020829991,round-robin,server-3,GET,/api/work,200,26,,6
1788020848037,ui_round-robin_burst_1788020829991,round-robin,server-1,GET,/api/work,200,26,,6
1788020848042,ui_round-robin_burst_1788020829991,round-robin,server-3,GET,/api/work,200,26,,6
1788020848042,ui_round-robin_burst_1788020829991,round-robin,server-2,GET,/api/work,200,26,,7
1788020848043,ui_round-robin_burst_1788020829991,round-robin,server-1,GET,/api/work,200,26,,6
1788020848043,ui_round-robin_burst_1788020829991,round-robin,server-2,GET,/api/work,200,27,,6
1788020848044,ui_round-robin_burst_1788020829991,round-robin,server-1,GET,/api/work,200,27,,6
1788020848044,ui_round-robin_burst_1788020829991,round-robin,server-3,GET,/api/work,200,27,,6
1788020848048,ui_round-robin_burst_1788020829991,round-robin,server-1,GET,/api/work,200,26,,6
1788020848048,ui_round-robin_burst_1788020829991,round-robin,server-2,GET,/api/work,200,27,,6
1788020848048,ui_round-robin_burst_1788020829991,round-robin,server-3,GET,/api/work,200,27,,6
1788020848049,ui_round-robin_burst_1788020829991,round-robin,server-1,GET,/api/work,200,27,,5
1788020848049,ui_round-robin_burst_1788020829991,round-robin,server-3,GET,/api/work,200,27,,5
1788020848048,ui_round-robin_burst_1788020829991,round-robin,server-2,GET,/api/work,200,28,,5
1788020848050,ui_round-robin_burst_1788020829991,round-robin,server-2,GET,/api/work,200,28,,6
1788020848051,ui_round-robin_burst_1788020829991,round-robin,server-3,GET,/api/work,200,27,,5
1788020848051,ui_round-robin_burst_1788020829991,round-robin,server-1,GET,/api/work,200,28,,5
1788020848053,ui_round-robin_burst_1788020829991,round-robin,server-2,GET,/api/work,200,26,,5
1788020848058,ui_round-robin_burst_1788020829991,round-robin,server-3,GET,/api/work,200,26,,5
1788020848058,ui_round-robin_burst_1788020829991,round-robin,server-1,GET,/api/work,200,27,,5
1788020848060,ui_round-robin_burst_1788020829991,round-robin,server-2,GET,/api/work,200,26,,5
1788020848064,ui_round-robin_burst_1788020829991,round-robin,server-1,GET,/api/work,200,25,,5
1788020848063,ui_round-robin_burst_1788020829991,round-robin,server-3,GET,/api/work,200,27,,6
1788020848066,ui_round-robin_burst_1788020829991,round-robin,server-2,GET,/api/work,200,26,,5
1788020848070,ui_round-robin_burst_1788020829991,round-robin,server-3,GET,/api/work,200,25,,5
1788020848070,ui_round-robin_burst_1788020829991,round-robin,server-1,GET,/api/work,200,26,,5
1788020848071,ui_round-robin_burst_1788020829991,round-robin,server-2,GET,/api/work,200,26,,5
1788020848072,ui_round-robin_burst_1788020829991,round-robin,server-1,GET,/api/work,200,26,,4
1788020848072,ui_round-robin_burst_1788020829991,round-robin,server-3,GET,/api/work,200,26,,4
1788020848077,ui_round-robin_burst_1788020829991,round-robin,server-2,GET,/api/work,200,25,,5
1788020848077,ui_round-robin_burst_1788020829991,round-robin,server-1,GET,/api/work,200,26,,5
1788020848077,ui_round-robin_burst_1788020829991,round-robin,server-3,GET,/api/work,200,27,,5
1788020848077,ui_round-robin_burst_1788020829991,round-robin,server-2,GET,/api/work,200,27,,5
1788020848078,ui_round-robin_burst_1788020829991,round-robin,server-3,GET,/api/work,200,26,,4
1788020848082,ui_round-robin_burst_1788020829991,round-robin,server-1,GET,/api/work,200,26,,5
1788020848085,ui_round-robin_burst_1788020829991,round-robin,server-2,GET,/api/work,200,26,,7
1788020848086,ui_round-robin_burst_1788020829991,round-robin,server-1,GET,/api/work,200,26,,6
1788020848086,ui_round-robin_burst_1788020829991,round-robin,server-3,GET,/api/work,200,26,,7
1788020848087,ui_round-robin_burst_1788020829991,round-robin,server-2,GET,/api/work,200,26,,6
1788020848088,ui_round-robin_burst_1788020829991,round-robin,server-3,GET,/api/work,200,26,,6
1788020848092,ui_round-robin_burst_1788020829991,round-robin,server-1,GET,/api/work,200,27,,6
1788020848094,ui_round-robin_burst_1788020829991,round-robin,server-2,GET,/api/work,200,26,,7
1788020848099,ui_round-robin_burst_1788020829991,round-robin,server-3,GET,/api/work,200,26,,7
1788020848099,ui_round-robin_burst_1788020829991,round-robin,server-1,GET,/api/work,200,27,,6
1788020848101,ui_round-robin_burst_1788020829991,round-robin,server-2,GET,/api/work,200,26,,7
1788020848102,ui_round-robin_burst_1788020829991,round-robin,server-3,GET,/api/work,200,25,,7
1788020848103,ui_round-robin_burst_1788020829991,round-robin,server-1,GET,/api/work,200,25,,6
1788020848103,ui_round-robin_burst_1788020829991,round-robin,server-2,GET,/api/work,200,27,,7
1788020848106,ui_round-robin_burst_1788020829991,round-robin,server-3,GET,/api/work,200,26,,6
1788020848108,ui_round-robin_burst_1788020829991,round-robin,server-1,GET,/api/work,200,25,,6
1788020848108,ui_round-robin_burst_1788020829991,round-robin,server-3,GET,/api/work,200,27,,6
1788020848108,ui_round-robin_burst_1788020829991,round-robin,server-2,GET,/api/work,200,27,,7
1788020848109,ui_round-robin_burst_1788020829991,round-robin,server-3,GET,/api/work,200,27,,5
1788020848109,ui_round-robin_burst_1788020829991,round-robin,server-2,GET,/api/work,200,27,,6
1788020848110,ui_round-robin_burst_1788020829991,round-robin,server-3,GET,/api/work,200,26,,4
1788020848109,ui_round-robin_burst_1788020829991,round-robin,server-1,GET,/api/work,200,28,,6
1788020848109,ui_round-robin_burst_1788020829991,round-robin,server-1,GET,/api/work,200,29,,6
1788020848109,ui_round-robin_burst_1788020829991,round-robin,server-2,GET,/api/work,200,29,,5
1788020848115,ui_round-robin_burst_1788020829991,round-robin,server-1,GET,/api/work,200,25,,5
1788020848116,ui_round-robin_burst_1788020829991,round-robin,server-2,GET,/api/work,200,26,,5
1788020848116,ui_round-robin_burst_1788020829991,round-robin,server-3,GET,/api/work,200,27,,5
1788020848119,ui_round-robin_burst_1788020829991,round-robin,server-1,GET,/api/work,200,26,,6
1788020848119,ui_round-robin_burst_1788020829991,round-robin,server-2,GET,/api/work,200,27,,5
1788020848123,ui_round-robin_burst_1788020829991,round-robin,server-3,GET,/api/work,200,26,,5
1788020848126,ui_round-robin_burst_1788020829991,round-robin,server-3,GET,/api/work,200,26,,5
1788020848126,ui_round-robin_burst_1788020829991,round-robin,server-2,GET,/api/work,200,26,,5
1788020848126,ui_round-robin_burst_1788020829991,round-robin,server-1,GET,/api/work,200,27,,5
1788020848129,ui_round-robin_burst_1788020829991,round-robin,server-1,GET,/api/work,200,25,,4
1788020848129,ui_round-robin_burst_1788020829991,round-robin,server-2,GET,/api/work,200,27,,4
1788020848133,ui_round-robin_burst_1788020829991,round-robin,server-3,GET,/api/work,200,25,,5
1788020848133,ui_round-robin_burst_1788020829991,round-robin,server-1,GET,/api/work,200,26,,5
1788020848134,ui_round-robin_burst_1788020829991,round-robin,server-2,GET,/api/work,200,26,,5
1788020848137,ui_round-robin_burst_1788020829991,round-robin,server-3,GET,/api/work,200,26,,5
1788020848137,ui_round-robin_burst_1788020829991,round-robin,server-1,GET,/api/work,200,26,,4
1788020848139,ui_round-robin_burst_1788020829991,round-robin,server-2,GET,/api/work,200,27,,5
1788020848143,ui_round-robin_burst_1788020829991,round-robin,server-3,GET,/api/work,200,25,,6
1788020848143,ui_round-robin_burst_1788020829991,round-robin,server-2,GET,/api/work,200,26,,5
1788020848143,ui_round-robin_burst_1788020829991,round-robin,server-3,GET,/api/work,200,27,,5
1788020848143,ui_round-robin_burst_1788020829991,round-robin,server-1,GET,/api/work,200,27,,7
1788020848145,ui_round-robin_burst_1788020829991,round-robin,server-1,GET,/api/work,200,26,,6
1788020848150,ui_round-robin_burst_1788020829991,round-robin,server-2,GET,/api/work,200,26,,7
1788020848151,ui_round-robin_burst_1788020829991,round-robin,server-3,GET,/api/work,200,26,,7
1788020848157,ui_round-robin_burst_1788020829991,round-robin,server-3,GET,/api/work,200,25,,6
1788020848156,ui_round-robin_burst_1788020829991,round-robin,server-1,GET,/api/work,200,26,,7
1788020848156,ui_round-robin_burst_1788020829991,round-robin,server-2,GET,/api/work,200,27,,6
1788020848159,ui_round-robin_burst_1788020829991,round-robin,server-2,GET,/api/work,200,25,,6
1788020848158,ui_round-robin_burst_1788020829991,round-robin,server-1,GET,/api/work,200,27,,7
1788020848160,ui_round-robin_burst_1788020829991,round-robin,server-3,GET,/api/work,200,26,,6
1788020848163,ui_round-robin_burst_1788020829991,round-robin,server-1,GET,/api/work,200,26,,6
1788020848164,ui_round-robin_burst_1788020829991,round-robin,server-2,GET,/api/work,200,26,,6
1788020848166,ui_round-robin_burst_1788020829991,round-robin,server-3,GET,/api/work,200,27,,7
1788020848168,ui_round-robin_burst_1788020829991,round-robin,server-1,GET,/api/work,200,26,,7
1788020848168,ui_round-robin_burst_1788020829991,round-robin,server-3,GET,/api/work,200,27,,6
1788020848168,ui_round-robin_burst_1788020829991,round-robin,server-2,GET,/api/work,200,27,,7
1788020848169,ui_round-robin_burst_1788020829991,round-robin,server-1,GET,/api/work,200,27,,6
1788020848169,ui_round-robin_burst_1788020829991,round-robin,server-2,GET,/api/work,200,27,,6
1788020848170,ui_round-robin_burst_1788020829991,round-robin,server-1,GET,/api/work,200,27,,5
1788020848170,ui_round-robin_burst_1788020829991,round-robin,server-3,GET,/api/work,200,27,,6
1788020848171,ui_round-robin_burst_1788020829991,round-robin,server-2,GET,/api/work,200,27,,5
1788020848173,ui_round-robin_burst_1788020829991,round-robin,server-3,GET,/api/work,200,25,,5
1788020848174,ui_round-robin_burst_1788020829991,round-robin,server-1,GET,/api/work,200,26,,5
1788020848175,ui_round-robin_burst_1788020829991,round-robin,server-3,GET,/api/work,200,26,,5
1788020848175,ui_round-robin_burst_1788020829991,round-robin,server-2,GET,/api/work,200,27,,5
1788020848180,ui_round-robin_burst_1788020829991,round-robin,server-1,GET,/api/work,200,27,,5
1788020848183,ui_round-robin_burst_1788020829991,round-robin,server-2,GET,/api/work,200,26,,5
1788020848183,ui_round-robin_burst_1788020829991,round-robin,server-3,GET,/api/work,200,26,,5
1788020848183,ui_round-robin_burst_1788020829991,round-robin,server-1,GET,/api/work,200,27,,5
1788020848185,ui_round-robin_burst_1788020829991,round-robin,server-2,GET,/api/work,200,26,,4
1788020848187,ui_round-robin_burst_1788020829991,round-robin,server-3,GET,/api/work,200,27,,5
1788020848190,ui_round-robin_burst_1788020829991,round-robin,server-2,GET,/api/work,200,26,,5
1788020848190,ui_round-robin_burst_1788020829991,round-robin,server-1,GET,/api/work,200,27,,5
1788020848191,ui_round-robin_burst_1788020829991,round-robin,server-3,GET,/api/work,200,26,,5
1788020848193,ui_round-robin_burst_1788020829991,round-robin,server-1,GET,/api/work,200,26,,5
1788020848194,ui_round-robin_burst_1788020829991,round-robin,server-2,GET,/api/work,200,27,,5
1788020848197,ui_round-robin_burst_1788020829991,round-robin,server-3,GET,/api/work,200,27,,5
1788020848199,ui_round-robin_burst_1788020829991,round-robin,server-1,GET,/api/work,200,26,,5
1788020848201,ui_round-robin_burst_1788020829991,round-robin,server-2,GET,/api/work,200,27,,5
1788020848201,ui_round-robin_burst_1788020829991,round-robin,server-3,GET,/api/work,200,27,,6
1788020848203,ui_round-robin_burst_1788020829991,round-robin,server-2,GET,/api/work,200,26,,6
1788020848201,ui_round-robin_burst_1788020829991,round-robin,server-1,GET,/api/work,200,29,,7
1788020848208,ui_round-robin_burst_1788020829991,round-robin,server-3,GET,/api/work,200,26,,7
1788020848208,ui_round-robin_burst_1788020829991,round-robin,server-1,GET,/api/work,200,28,,7
1788020848213,ui_round-robin_burst_1788020829991,round-robin,server-3,GET,/api/work,200,26,,6
1788020848213,ui_round-robin_burst_1788020829991,round-robin,server-1,GET,/api/work,200,26,,6
1788020848213,ui_round-robin_burst_1788020829991,round-robin,server-2,GET,/api/work,200,28,,7
1788020848215,ui_round-robin_burst_1788020829991,round-robin,server-2,GET,/api/work,200,27,,6
1788020848215,ui_round-robin_burst_1788020829991,round-robin,server-3,GET,/api/work,200,27,,6
1788020848217,ui_round-robin_burst_1788020829991,round-robin,server-1,GET,/api/work,200,27,,6
1788020848220,ui_round-robin_burst_1788020829991,round-robin,server-2,GET,/api/work,200,26,,6
1788020848222,ui_round-robin_burst_1788020829991,round-robin,server-3,GET,/api/work,200,25,,6
1788020848224,ui_round-robin_burst_1788020829991,round-robin,server-1,GET,/api/work,200,26,,7
1788020848225,ui_round-robin_burst_1788020829991,round-robin,server-3,GET,/api/work,200,26,,6
1788020848225,ui_round-robin_burst_1788020829991,round-robin,server-2,GET,/api/work,200,27,,7
1788020848226,ui_round-robin_burst_1788020829991,round-robin,server-1,GET,/api/work,200,27,,6
1788020848228,ui_round-robin_burst_1788020829991,round-robin,server-1,GET,/api/work,200,26,,5
1788020848228,ui_round-robin_burst_1788020829991,round-robin,server-3,GET,/api/work,200,27,,6
1788020848229,ui_round-robin_burst_1788020829991,round-robin,server-3,GET,/api/work,200,27,,5
1788020848230,ui_round-robin_burst_1788020829991,round-robin,server-1,GET,/api/work,200,26,,4
1788020848228,ui_round-robin_burst_1788020829991,round-robin,server-2,GET,/api/work,200,29,,6
1788020848229,ui_round-robin_burst_1788020829991,round-robin,server-2,GET,/api/work,200,28,,5
1788020848231,ui_round-robin_burst_1788020829991,round-robin,server-2,GET,/api/work,200,27,,5
1788020848234,ui_round-robin_burst_1788020829991,round-robin,server-1,GET,/api/work,200,25,,5
1788020848233,ui_round-robin_burst_1788020829991,round-robin,server-3,GET,/api/work,200,27,,5
1788020848238,ui_round-robin_burst_1788020829991,round-robin,server-2,GET,/api/work,200,26,,5
1788020848240,ui_round-robin_burst_1788020829991,round-robin,server-3,GET,/api/work,200,27,,5
1788020848242,ui_round-robin_burst_1788020829991,round-robin,server-1,GET,/api/work,200,25,,5
1788020848242,ui_round-robin_burst_1788020829991,round-robin,server-2,GET,/api/work,200,27,,5
1788020848243,ui_round-robin_burst_1788020829991,round-robin,server-3,GET,/api/work,200,26,,5
1788020848244,ui_round-robin_burst_1788020829991,round-robin,server-1,GET,/api/work,200,26,,5
1788020848248,ui_round-robin_burst_1788020829991,round-robin,server-2,GET,/api/work,200,26,,5
1788020848248,ui_round-robin_burst_1788020829991,round-robin,server-3,GET,/api/work,200,28,,5
1788020848251,ui_round-robin_burst_1788020829991,round-robin,server-2,GET,/api/work,200,25,,5
1788020848252,ui_round-robin_burst_1788020829991,round-robin,server-3,GET,/api/work,200,25,,5
1788020848248,ui_round-robin_burst_1788020829991,round-robin,server-1,GET,/api/work,200,29,,5
1788020848256,ui_round-robin_burst_1788020829991,round-robin,server-1,GET,/api/work,200,26,,5
1788020848258,ui_round-robin_burst_1788020829991,round-robin,server-2,GET,/api/work,200,26,,6
1788020848259,ui_round-robin_burst_1788020829991,round-robin,server-1,GET,/api/work,200,25,,5
1788020848259,ui_round-robin_burst_1788020829991,round-robin,server-3,GET,/api/work,200,26,,5
1788020848260,ui_round-robin_burst_1788020829991,round-robin,server-2,GET,/api/work,200,26,,5
1788020848260,ui_round-robin_burst_1788020829991,round-robin,server-3,GET,/api/work,200,27,,4
1788020848265,ui_round-robin_burst_1788020829991,round-robin,server-1,GET,/api/work,200,27,,7
1788020848266,ui_round-robin_burst_1788020829991,round-robin,server-2,GET,/api/work,200,26,,7
1788020848269,ui_round-robin_burst_1788020829991,round-robin,server-3,GET,/api/work,200,26,,7
1788020848270,ui_round-robin_burst_1788020829991,round-robin,server-1,GET,/api/work,200,26,,6
1788020848274,ui_round-robin_burst_1788020829991,round-robin,server-3,GET,/api/work,200,26,,7
1788020848273,ui_round-robin_burst_1788020829991,round-robin,server-2,GET,/api/work,200,27,,7
1788020848275,ui_round-robin_burst_1788020829991,round-robin,server-2,GET,/api/work,200,26,,7
1788020848274,ui_round-robin_burst_1788020829991,round-robin,server-1,GET,/api/work,200,28,,7
1788020848277,ui_round-robin_burst_1788020829991,round-robin,server-3,GET,/api/work,200,26,,6
1788020848278,ui_round-robin_burst_1788020829991,round-robin,server-1,GET,/api/work,200,26,,6
1788020848282,ui_round-robin_burst_1788020829991,round-robin,server-2,GET,/api/work,200,25,,7
1788020848282,ui_round-robin_burst_1788020829991,round-robin,server-3,GET,/api/work,200,26,,7
1788020848283,ui_round-robin_burst_1788020829991,round-robin,server-1,GET,/api/work,200,26,,7
1788020848283,ui_round-robin_burst_1788020829991,round-robin,server-2,GET,/api/work,200,26,,6
1788020848287,ui_round-robin_burst_1788020829991,round-robin,server-1,GET,/api/work,200,26,,6
1788020848288,ui_round-robin_burst_1788020829991,round-robin,server-1,GET,/api/work,200,26,,5
1788020848287,ui_round-robin_burst_1788020829991,round-robin,server-3,GET,/api/work,200,27,,6
1788020848288,ui_round-robin_burst_1788020829991,round-robin,server-2,GET,/api/work,200,26,,6
1788020848288,ui_round-robin_burst_1788020829991,round-robin,server-3,GET,/api/work,200,27,,5
1788020848289,ui_round-robin_burst_1788020829991,round-robin,server-2,GET,/api/work,200,26,,5
1788020848289,ui_round-robin_burst_1788020829991,round-robin,server-3,GET,/api/work,200,27,,4
1788020848290,ui_round-robin_burst_1788020829991,round-robin,server-1,GET,/api/work,200,27,,5
1788020848291,ui_round-robin_burst_1788020829991,round-robin,server-2,GET,/api/work,200,27,,5
1788020848295,ui_round-robin_burst_1788020829991,round-robin,server-3,GET,/api/work,200,26,,5
1788020848298,ui_round-robin_burst_1788020829991,round-robin,server-2,GET,/api/work,200,26,,5
1788020848298,ui_round-robin_burst_1788020829991,round-robin,server-1,GET,/api/work,200,26,,5
1788020848299,ui_round-robin_burst_1788020829991,round-robin,server-3,GET,/api/work,200,27,,5
1788020848300,ui_round-robin_burst_1788020829991,round-robin,server-1,GET,/api/work,200,27,,5
1788020848301,ui_round-robin_burst_1788020829991,round-robin,server-2,GET,/api/work,200,27,,5
1788020848305,ui_round-robin_burst_1788020829991,round-robin,server-1,GET,/api/work,200,26,,4
1788020848305,ui_round-robin_burst_1788020829991,round-robin,server-3,GET,/api/work,200,27,,4
1788020848308,ui_round-robin_burst_1788020829991,round-robin,server-3,GET,/api/work,200,25,,4
1788020848307,ui_round-robin_burst_1788020829991,round-robin,server-2,GET,/api/work,200,27,,5
1788020848308,ui_round-robin_burst_1788020829991,round-robin,server-1,GET,/api/work,200,26,,5
1788020848313,ui_round-robin_burst_1788020829991,round-robin,server-2,GET,/api/work,200,27,,5
1788020848317,ui_round-robin_burst_1788020829991,round-robin,server-2,GET,/api/work,200,25,,5
1788020848317,ui_round-robin_burst_1788020829991,round-robin,server-1,GET,/api/work,200,26,,5
1788020848316,ui_round-robin_burst_1788020829991,round-robin,server-3,GET,/api/work,200,27,,6
1788020848318,ui_round-robin_burst_1788020829991,round-robin,server-1,GET,/api/work,200,26,,4
1788020848318,ui_round-robin_burst_1788020829991,round-robin,server-3,GET,/api/work,200,26,,5
1788020848323,ui_round-robin_burst_1788020829991,round-robin,server-2,GET,/api/work,200,26,,7
1788020848323,ui_round-robin_burst_1788020829991,round-robin,server-3,GET,/api/work,200,26,,7
1788020848326,ui_round-robin_burst_1788020829991,round-robin,server-1,GET,/api/work,200,26,,6
1788020848327,ui_round-robin_burst_1788020829991,round-robin,server-2,GET,/api/work,200,26,,6
1788020848333,ui_round-robin_burst_1788020829991,round-robin,server-2,GET,/api/work,200,25,,7
1788020848332,ui_round-robin_burst_1788020829991,round-robin,server-3,GET,/api/work,200,26,,8
1788020848332,ui_round-robin_burst_1788020829991,round-robin,server-1,GET,/api/work,200,27,,7
1788020848333,ui_round-robin_burst_1788020829991,round-robin,server-3,GET,/api/work,200,26,,7
1788020848333,ui_round-robin_burst_1788020829991,round-robin,server-1,GET,/api/work,200,27,,6
1788020848335,ui_round-robin_burst_1788020829991,round-robin,server-2,GET,/api/work,200,25,,6
1788020848338,ui_round-robin_burst_1788020829991,round-robin,server-3,GET,/api/work,200,27,,7
1788020848338,ui_round-robin_burst_1788020829991,round-robin,server-1,GET,/api/work,200,27,,7
1788020848340,ui_round-robin_burst_1788020829991,round-robin,server-2,GET,/api/work,200,26,,7
1788020848340,ui_round-robin_burst_1788020829991,round-robin,server-3,GET,/api/work,200,26,,6
1788020848344,ui_round-robin_burst_1788020829991,round-robin,server-1,GET,/api/work,200,27,,6
1788020848345,ui_round-robin_burst_1788020829991,round-robin,server-2,GET,/api/work,200,26,,6
1788020848346,ui_round-robin_burst_1788020829991,round-robin,server-1,GET,/api/work,200,26,,5
1788020848346,ui_round-robin_burst_1788020829991,round-robin,server-3,GET,/api/work,200,26,,6
1788020848346,ui_round-robin_burst_1788020829991,round-robin,server-2,GET,/api/work,200,27,,5
1788020848347,ui_round-robin_burst_1788020829991,round-robin,server-3,GET,/api/work,200,26,,5
1788020848348,ui_round-robin_burst_1788020829991,round-robin,server-1,GET,/api/work,200,27,,6
1788020848348,ui_round-robin_burst_1788020829991,round-robin,server-2,GET,/api/work,200,28,,6
1788020848348,ui_round-robin_burst_1788020829991,round-robin,server-3,GET,/api/work,200,29,,5
1788020848352,ui_round-robin_burst_1788020829991,round-robin,server-1,GET,/api/work,200,29,,5
1788020848354,ui_round-robin_burst_1788020829991,round-robin,server-2,GET,/api/work,200,27,,5
1788020848355,ui_round-robin_burst_1788020829991,round-robin,server-3,GET,/api/work,200,27,,4
1788020848358,ui_round-robin_burst_1788020829991,round-robin,server-1,GET,/api/work,200,25,,5
1788020848358,ui_round-robin_burst_1788020829991,round-robin,server-2,GET,/api/work,200,26,,5
1788020848358,ui_round-robin_burst_1788020829991,round-robin,server-3,GET,/api/work,200,27,,5
1788020848363,ui_round-robin_burst_1788020829991,round-robin,server-1,GET,/api/work,200,25,,4
1788020848363,ui_round-robin_burst_1788020829991,round-robin,server-2,GET,/api/work,200,25,,4
1788020848364,ui_round-robin_burst_1788020829991,round-robin,server-1,GET,/api/work,200,26,,4
1788020848364,ui_round-robin_burst_1788020829991,round-robin,server-3,GET,/api/work,200,26,,4
1788020848365,ui_round-robin_burst_1788020829991,round-robin,server-2,GET,/api/work,200,27,,5
1788020848371,ui_round-robin_burst_1788020829991,round-robin,server-3,GET,/api/work,200,27,,6
1788020848373,ui_round-robin_burst_1788020829991,round-robin,server-1,GET,/api/work,200,26,,6
1788020848374,ui_round-robin_burst_1788020829991,round-robin,server-1,GET,/api/work,200,26,,5
1788020848374,ui_round-robin_burst_1788020829991,round-robin,server-2,GET,/api/work,200,27,,5
1788020848375,ui_round-robin_burst_1788020829991,round-robin,server-2,GET,/api/work,200,26,,4
1788020848374,ui_round-robin_burst_1788020829991,round-robin,server-3,GET,/api/work,200,30,,6
1788020848382,ui_round-robin_burst_1788020829991,round-robin,server-1,GET,/api/work,200,26,,7
1788020848383,ui_round-robin_burst_1788020829991,round-robin,server-2,GET,/api/work,200,26,,6
1788020848382,ui_round-robin_burst_1788020829991,round-robin,server-3,GET,/api/work,200,28,,7
1788020848384,ui_round-robin_burst_1788020829991,round-robin,server-3,GET,/api/work,200,26,,6
1788020848389,ui_round-robin_burst_1788020829991,round-robin,server-1,GET,/api/work,200,26,,8
1788020848391,ui_round-robin_burst_1788020829991,round-robin,server-3,GET,/api/work,200,26,,7
1788020848391,ui_round-robin_burst_1788020829991,round-robin,server-1,GET,/api/work,200,26,,7
1788020848392,ui_round-robin_burst_1788020829991,round-robin,server-3,GET,/api/work,200,26,,6
1788020848391,ui_round-robin_burst_1788020829991,round-robin,server-2,GET,/api/work,200,27,,7
1788020848391,ui_round-robin_burst_1788020829991,round-robin,server-2,GET,/api/work,200,28,,6
1788020848397,ui_round-robin_burst_1788020829991,round-robin,server-3,GET,/api/work,200,25,,6
1788020848397,ui_round-robin_burst_1788020829991,round-robin,server-2,GET,/api/work,200,26,,7
1788020848397,ui_round-robin_burst_1788020829991,round-robin,server-1,GET,/api/work,200,26,,7
1788020848397,ui_round-robin_burst_1788020829991,round-robin,server-1,GET,/api/work,200,27,,6
1788020848402,ui_round-robin_burst_1788020829991,round-robin,server-3,GET,/api/work,200,25,,6
1788020848401,ui_round-robin_burst_1788020829991,round-robin,server-2,GET,/api/work,200,27,,6
1788020848403,ui_round-robin_burst_1788020829991,round-robin,server-1,GET,/api/work,200,26,,6
1788020848404,ui_round-robin_burst_1788020829991,round-robin,server-3,GET,/api/work,200,27,,5
1788020848404,ui_round-robin_burst_1788020829991,round-robin,server-2,GET,/api/work,200,27,,6
1788020848404,ui_round-robin_burst_1788020829991,round-robin,server-1,GET,/api/work,200,27,,5
1788020848406,ui_round-robin_burst_1788020829991,round-robin,server-2,GET,/api/work,200,26,,5
1788020848406,ui_round-robin_burst_1788020829991,round-robin,server-3,GET,/api/work,200,27,,5
1788020848407,ui_round-robin_burst_1788020829991,round-robin,server-1,GET,/api/work,200,27,,5
1788020848412,ui_round-robin_burst_1788020829991,round-robin,server-1,GET,/api/work,200,26,,4
1788020848412,ui_round-robin_burst_1788020829991,round-robin,server-3,GET,/api/work,200,26,,5
1788020848412,ui_round-robin_burst_1788020829991,round-robin,server-2,GET,/api/work,200,27,,5
1788020848414,ui_round-robin_burst_1788020829991,round-robin,server-2,GET,/api/work,200,25,,4
1788020848415,ui_round-robin_burst_1788020829991,round-robin,server-1,GET,/api/work,200,26,,5
1788020848415,ui_round-robin_burst_1788020829991,round-robin,server-3,GET,/api/work,200,27,,5
1788020848419,ui_round-robin_burst_1788020829991,round-robin,server-3,GET,/api/work,200,26,,4
1788020848419,ui_round-robin_burst_1788020829991,round-robin,server-2,GET,/api/work,200,26,,4
1788020848421,ui_round-robin_burst_1788020829991,round-robin,server-1,GET,/api/work,200,25,,4
1788020848422,ui_round-robin_burst_1788020829991,round-robin,server-2,GET,/api/work,200,26,,4
1788020848423,ui_round-robin_burst_1788020829991,round-robin,server-3,GET,/api/work,200,26,,4
1788020848429,ui_round-robin_burst_1788020829991,round-robin,server-2,GET,/api/work,200,25,,5
1788020848428,ui_round-robin_burst_1788020829991,round-robin,server-1,GET,/api/work,200,27,,6
1788020848432,ui_round-robin_burst_1788020829991,round-robin,server-3,GET,/api/work,200,27,,5
1788020848433,ui_round-robin_burst_1788020829991,round-robin,server-2,GET,/api/work,200,26,,5
1788020848432,ui_round-robin_burst_1788020829991,round-robin,server-1,GET,/api/work,200,28,,5
1788020848434,ui_round-robin_burst_1788020829991,round-robin,server-3,GET,/api/work,200,27,,4
1788020848440,ui_round-robin_burst_1788020829991,round-robin,server-3,GET,/api/work,200,26,,3
1788020848440,ui_round-robin_burst_1788020829991,round-robin,server-1,GET,/api/work,200,27,,4
1788020848440,ui_round-robin_burst_1788020829991,round-robin,server-2,GET,/api/work,200,27,,4
1788020848441,ui_round-robin_burst_1788020829991,round-robin,server-1,GET,/api/work,200,27,,3
1788020848446,ui_round-robin_burst_1788020829991,round-robin,server-2,GET,/api/work,200,26,,3
1788020848448,ui_round-robin_burst_1788020829991,round-robin,server-3,GET,/api/work,200,27,,2
1788020848449,ui_round-robin_burst_1788020829991,round-robin,server-1,GET,/api/work,200,27,,2
1788020848450,ui_round-robin_burst_1788020829991,round-robin,server-2,GET,/api/work,200,26,,2
1788020848450,ui_round-robin_burst_1788020829991,round-robin,server-3,GET,/api/work,200,27,,1
1788020848450,ui_round-robin_burst_1788020829991,round-robin,server-1,GET,/api/work,200,27,,1
1788020848453,ui_round-robin_burst_1788020829991,round-robin,server-2,GET,/api/work,200,26,,1
1788020848454,ui_round-robin_burst_1788020829991,round-robin,server-3,GET,/api/work,200,27,,0
1788020848455,ui_round-robin_burst_1788020829991,round-robin,server-1,GET,/api/work,200,27,,0
1788020848455,ui_round-robin_burst_1788020829991,round-robin,server-2,GET,/api/work,200,27,,0
