timestamp,runId,algorithm,serverId,method,path,statusCode,responseTimeMs,error,activeConnections
1788020856835,ui_least-connections_ramp-up_1788020856832,least-connections,server-1,GET,/api/work,200,29,,0
1788020856895,ui_least-connections_ramp-up_1788020856832,least-connections,server-1,GET,/api/work,200,26,,0
1788020856952,ui_least-connections_ramp-up_1788020856832,least-connections,server-1,GET,/api/work,200,26,,0
1788020857010,ui_least-connections_ramp-up_1788020856832,least-connections,server-1,GET,/api/work,200,27,,0
1788020857069,ui_least-connections_ramp-up_1788020856832,least-connections,server-1,GET,/api/work,200,27,,0
1788020857128,ui_least-connections_ramp-up_1788020856832,least-connections,server-1,GET,/api/work,200,27,,0
1788020857187,ui_least-connections_ramp-up_1788020856832,least-connections,server-1,GET,/api/work,200,28,,0
1788020857246,ui_least-connections_ramp-up_1788020856832,least-connections,server-1,GET,/api/work,200,28,,0
1788020857306,ui_least-connections_ramp-up_1788020856832,least-connections,server-1,GET,/api/work,200,27,,0
1788020857364,ui_least-connections_ramp-up_1788020856832,least-connections,server-1,GET,/api/work,200,26,,0
1788020857421,ui_least-connections_ramp-up_1788020856832,least-connections,server-1,GET,/api/work,200,26,,0
1788020857478,ui_least-connections_ramp-up_1788020856832,least-connections,server-1,GET,/api/work,200,27,,0
1788020857537,ui_least-connections_ramp-up_1788020856832,least-connections,server-1,GET,/api/work,200,28,,0
1788020857597,ui_least-connections_ramp-up_1788020856832,least-connections,server-1,GET,/api/work,200,28,,0
1788020857636,ui_least-connections_ramp-up_1788020856832,least-connections,server-1,GET,/api/work,200,28,,0
1788020857657,ui_least-connections_ramp-up_1788020856832,least-connections,server-2,GET,/api/work,200,28,,0
1788020857697,ui_least-connections_ramp-up_1788020856832,least-connections,server-1,GET,/api/work,200,27,,0
1788020857716,ui_least-connections_ramp-up_1788020856832,least-connections,server-2,GET,/api/work,200,27,,0
1788020857756,ui_least-connections_ramp-up_1788020856832,least-connections,server-1,GET,/api/work,200,27,,0
1788020857776,ui_least-connections_ramp-up_1788020856832,least-connections,server-2,GET,/api/work,200,28,,0
1788020857814,ui_least-connections_ramp-up_1788020856832,least-connections,server-1,GET,/api/work,200,26,,0
1788020857835,ui_least-connections_ramp-up_1788020856832,least-connections,server-2,GET,/api/work,200,26,,0
1788020857871,ui_least-connections_ramp-up_1788020856832,least-connections,server-1,GET,/api/work,200,25,,0
1788020857892,ui_least-connections_ramp-up_1788020856832,least-connections,server-2,GET,/api/work,200,27,,0
1788020857926,ui_least-connections_ramp-up_1788020856832,least-connections,server-1,GET,/api/work,200,26,,0
1788020857949,ui_least-connections_ramp-up_1788020856832,least-connections,server-2,GET,/api/work,200,27,,0
1788020857983,ui_least-connections_ramp-up_1788020856832,least-connections,server-1,GET,/api/work,200,28,,0
1788020858009,ui_least-connections_ramp-up_1788020856832,least-connections,server-2,GET,/api/work,200,28,,0
1788020858038,ui_least-connections_ramp-up_1788020856832,least-connections,server-1,GET,/api/work,200,28,,0
1788020858042,ui_least-connections_ramp-up_1788020856832,least-connections,server-2,GET,/api/work,200,28,,0
1788020858068,ui_least-connections_ramp-up_1788020856832,least-connections,server-1,GET,/api/work,200,28,,0
1788020858098,ui_least-connections_ramp-up_1788020856832,least-connections,server-1,GET,/api/work,200,28,,0
1788020858103,ui_least-connections_ramp-up_1788020856832,least-connections,server-2,GET,/api/work,200,28,,0
1788020858128,ui_least-connections_ramp-up_1788020856832,least-connections,server-1,GET,/api/work,200,28,,0
1788020858158,ui_least-connections_ramp-up_1788020856832,least-connections,server-1,GET,/api/work,200,28,,0
1788020858164,ui_least-connections_ramp-up_1788020856832,least-connections,server-2,GET,/api/work,200,29,,0
1788020858189,ui_least-connections_ramp-up_1788020856832,least-connections,server-1,GET,/api/work,200,27,,0
1788020858217,ui_least-connections_ramp-up_1788020856832,least-connections,server-1,GET,/api/work,200,27,,0
1788020858226,ui_least-connections_ramp-up_1788020856832,least-connections,server-2,GET,/api/work,200,27,,0
1788020858248,ui_least-connections_ramp-up_1788020856832,least-connections,server-1,GET,/api/work,200,27,,0
1788020858276,ui_least-connections_ramp-up_1788020856832,least-connections,server-1,GET,/api/work,200,27,,0
1788020858284,ui_least-connections_ramp-up_1788020856832,least-connections,server-2,GET,/api/work,200,28,,0
1788020858306,ui_least-connections_ramp-up_1788020856832,least-connections,server-1,GET,/api/work,200,28,,0
1788020858336,ui_least-connections_ramp-up_1788020856832,least-connections,server-1,GET,/api/work,200,27,,0
1788020858343,ui_least-connections_ramp-up_1788020856832,least-connections,server-2,GET,/api/work,200,28,,0
1788020858366,ui_least-connections_ramp-up_1788020856832,least-connections,server-1,GET,/api/work,200,28,,0
1788020858395,ui_least-connections_ramp-up_1788020856832,least-connections,server-1,GET,/api/work,200,28,,0
1788020858404,ui_least-connections_ramp-up_1788020856832,least-connections,server-2,GET,/api/work,200,27,,0
1788020858426,ui_least-connections_ramp-up_1788020856832,least-connections,server-1,GET,/api/work,200,28,,0
1788020858439,ui_least-connections_ramp-up_1788020856832,least-connections,server-2,GET,/api/work,200,28,,0
1788020858456,ui_least-connections_ramp-up_1788020856832,least-connections,server-1,GET,/api/work,200,28,,0
1788020858462,ui_least-connections_ramp-up_1788020856832,least-connections,server-3,GET,/api/work,200,27,,0
1788020858487,ui_least-connections_ramp-up_1788020856832,least-connections,server-1,GET,/api/work,200,27,,0
1788020858498,ui_least-connections_ramp-up_1788020856832,least-connections,server-2,GET,/api/work,200,28,,0
1788020858515,ui_least-connections_ramp-up_1788020856832,least-connections,server-1,GET,/api/work,200,28,,0
1788020858520,ui_least-connections_ramp-up_1788020856832,least-connections,server-3,GET,/api/work,200,29,,0
1788020858546,ui_least-connections_ramp-up_1788020856832,least-connections,server-1,GET,/api/work,200,27,,0
1788020858558,ui_least-connections_ramp-up_1788020856832,least-connections,server-2,GET,/api/work,200,28,,0
1788020858575,ui_least-connections_ramp-up_1788020856832,least-connections,server-1,GET,/api/work,200,28,,0
1788020858580,ui_least-connections_ramp-up_1788020856832,least-connections,server-3,GET,/api/work,200,28,,0
1788020858604,ui_least-connections_ramp-up_1788020856832,least-connections,server-1,GET,/api/work,200,28,,0
1788020858617,ui_least-connections_ramp-up_1788020856832,least-connections,server-2,GET,/api/work,200,27,,0
1788020858635,ui_least-connections_ramp-up_1788020856832,least-connections,server-1,GET,/api/work,200,27,,0
1788020858640,ui_least-connections_ramp-up_1788020856832,least-connections,server-3,GET,/api/work,200,27,,0
1788020858665,ui_least-connections_ramp-up_1788020856832,least-connections,server-1,GET,/api/work,200,27,,0
1788020858675,ui_least-connections_ramp-up_1788020856832,least-connections,server-2,GET,/api/work,200,28,,0
1788020858694,ui_least-connections_ramp-up_1788020856832,least-connections,server-1,GET,/api/work,200,27,,0
1788020858699,ui_least-connections_ramp-up_1788020856832,least-connections,server-3,GET,/api/work,200,27,,0
1788020858724,ui_least-connections_ramp-up_1788020856832,least-connections,server-1,GET,/api/work,200,28,,0
1788020858734,ui_least-connections_ramp-up_1788020856832,least-connections,server-2,GET,/api/work,200,28,,0
1788020858754,ui_least-connections_ramp-up_1788020856832,least-connections,server-1,GET,/api/work,200,27,,0
1788020858758,ui_least-connections_ramp-up_1788020856832,least-connections,server-3,GET,/api/work,200,27,,0
1788020858784,ui_least-connections_ramp-up_1788020856832,least-connections,server-1,GET,/api/work,200,28,,0
1788020858795,ui_least-connections_ramp-up_1788020856832,least-connections,server-2,GET,/api/work,200,27,,0
1788020858813,ui_least-connections_ramp-up_1788020856832,least-connections,server-1,GET,/api/work,200,27,,0
1788020858816,ui_least-connections_ramp-up_1788020856832,least-connections,server-3,GET,/api/work,200,28,,0
1788020858843,ui_least-connections_ramp-up_1788020856832,least-connections,server-1,GET,/api/work,200,28,,0
1788020858854,ui_least-connections_ramp-up_1788020856832,least-connections,server-2,GET,/api/work,200,27,,0
1788020858873,ui_least-connections_ramp-up_1788020856832,least-connections,server-1,GET,/api/work,200,27,,0
1788020858876,ui_least-connections_ramp-up_1788020856832,least-connections,server-3,GET,/api/work,200,27,,0
1788020858904,ui_least-connections_ramp-up_1788020856832,least-connections,server-1,GET,/api/work,200,28,,0
1788020858913,ui_least-connections_ramp-up_1788020856832,least-connections,server-2,GET,/api/work,200,29,,0
1788020858934,ui_least-connections_ramp-up_1788020856832,least-connections,server-1,GET,/api/work,200,27,,0
1788020858937,ui_least-connections_ramp-up_1788020856832,least-connections,server-3,GET,/api/work,200,28,,0
1788020858967,ui_least-connections_ramp-up_1788020856832,least-connections,server-1,GET,/api/work,200,26,,0
1788020858974,ui_least-connections_ramp-up_1788020856832,least-connections,server-2,GET,/api/work,200,28,,0
1788020858994,ui_least-connections_ramp-up_1788020856832,least-connections,server-1,GET,/api/work,200,27,,0
1788020858997,ui_least-connections_ramp-up_1788020856832,least-connections,server-3,GET,/api/work,200,27,,0
1788020859025,ui_least-connections_ramp-up_1788020856832,least-connections,server-1,GET,/api/work,200,27,,0
1788020859034,ui_least-connections_ramp-up_1788020856832,least-connections,server-2,GET,/api/work,200,27,,0
1788020859041,ui_least-connections_ramp-up_1788020856832,least-connections,server-3,GET,/api/work,200,27,,0
1788020859053,ui_least-connections_ramp-up_1788020856832,least-connections,server-1,GET,/api/work,200,26,,1
1788020859055,ui_least-connections_ramp-up_1788020856832,least-connections,server-1,GET,/api/work,200,28,,0
1788020859084,ui_least-connections_ramp-up_1788020856832,least-connections,server-1,GET,/api/work,200,27,,1
1788020859092,ui_least-connections_ramp-up_1788020856832,least-connections,server-2,GET,/api/work,200,27,,0
1788020859099,ui_least-connections_ramp-up_1788020856832,least-connections,server-3,GET,/api/work,200,27,,0
1788020859110,ui_least-connections_ramp-up_1788020856832,least-connections,server-1,GET,/api/work,200,27,,1
1788020859114,ui_least-connections_ramp-up_1788020856832,least-connections,server-1,GET,/api/work,200,27,,0
1788020859142,ui_least-connections_ramp-up_1788020856832,least-connections,server-1,GET,/api/work,200,27,,1
1788020859150,ui_least-connections_ramp-up_1788020856832,least-connections,server-2,GET,/api/work,200,27,,0
1788020859157,ui_least-connections_ramp-up_1788020856832,least-connections,server-3,GET,/api/work,200,27,,0
1788020859168,ui_least-connections_ramp-up_1788020856832,least-connections,server-1,GET,/api/work,200,27,,1
1788020859172,ui_least-connections_ramp-up_1788020856832,least-connections,server-1,GET,/api/work,200,27,,0
1788020859200,ui_least-connections_ramp-up_1788020856832,least-connections,server-1,GET,/api/work,200,27,,1
1788020859208,ui_least-connections_ramp-up_1788020856832,least-connections,server-2,GET,/api/work,200,27,,0
1788020859215,ui_least-connections_ramp-up_1788020856832,least-connections,server-3,GET,/api/work,200,27,,0
1788020859227,ui_least-connections_ramp-up_1788020856832,least-connections,server-1,GET,/api/work,200,27,,1
1788020859230,ui_least-connections_ramp-up_1788020856832,least-connections,server-1,GET,/api/work,200,27,,0
1788020859258,ui_least-connections_ramp-up_1788020856832,least-connections,server-1,GET,/api/work,200,27,,0
1788020859266,ui_least-connections_ramp-up_1788020856832,least-connections,server-2,GET,/api/work,200,26,,0
1788020859273,ui_least-connections_ramp-up_1788020856832,least-connections,server-3,GET,/api/work,200,27,,0
1788020859286,ui_least-connections_ramp-up_1788020856832,least-connections,server-1,GET,/api/work,200,27,,1
1788020859288,ui_least-connections_ramp-up_1788020856832,least-connections,server-1,GET,/api/work,200,27,,0
1788020859315,ui_least-connections_ramp-up_1788020856832,least-connections,server-1,GET,/api/work,200,27,,0
1788020859323,ui_least-connections_ramp-up_1788020856832,least-connections,server-2,GET,/api/work,200,27,,0
1788020859331,ui_least-connections_ramp-up_1788020856832,least-connections,server-3,GET,/api/work,200,27,,0
1788020859344,ui_least-connections_ramp-up_1788020856832,least-connections,server-1,GET,/api/work,200,26,,1
1788020859346,ui_least-connections_ramp-up_1788020856832,least-connections,server-1,GET,/api/work,200,27,,0
1788020859374,ui_least-connections_ramp-up_1788020856832,least-connections,server-1,GET,/api/work,200,27,,0
1788020859381,ui_least-connections_ramp-up_1788020856832,least-connections,server-2,GET,/api/work,200,27,,0
1788020859390,ui_least-connections_ramp-up_1788020856832,least-connections,server-3,GET,/api/work,200,26,,0
1788020859402,ui_least-connections_ramp-up_1788020856832,least-connections,server-1,GET,/api/work,200,26,,1
1788020859403,ui_least-connections_ramp-up_1788020856832,least-connections,server-1,GET,/api/work,200,27,,0
1788020859432,ui_least-connections_ramp-up_1788020856832,least-connections,server-1,GET,/api/work,200,27,,1
1788020859439,ui_least-connections_ramp-up_1788020856832,least-connections,server-2,GET,/api/work,200,27,,1
1788020859442,ui_least-connections_ramp-up_1788020856832,least-connections,server-3,GET,/api/work,200,27,,0
1788020859447,ui_least-connections_ramp-up_1788020856832,least-connections,server-1,GET,/api/work,200,27,,1
1788020859460,ui_least-connections_ramp-up_1788020856832,least-connections,server-1,GET,/api/work,200,27,,0
1788020859460,ui_least-connections_ramp-up_1788020856832,least-connections,server-2,GET,/api/work,200,28,,0
1788020859490,ui_least-connections_ramp-up_1788020856832,least-connections,server-1,GET,/api/work,200,27,,1
1788020859497,ui_least-connections_ramp-up_1788020856832,least-connections,server-2,GET,/api/work,200,28,,1
1788020859500,ui_least-connections_ramp-up_1788020856832,least-connections,server-3,GET,/api/work,200,27,,0
1788020859505,ui_least-connections_ramp-up_1788020856832,least-connections,server-1,GET,/api/work,200,27,,1
1788020859518,ui_least-connections_ramp-up_1788020856832,least-connections,server-1,GET,/api/work,200,27,,0
1788020859519,ui_least-connections_ramp-up_1788020856832,least-connections,server-2,GET,/api/work,200,27,,0
1788020859548,ui_least-connections_ramp-up_1788020856832,least-connections,server-1,GET,/api/work,200,27,,1
1788020859556,ui_least-connections_ramp-up_1788020856832,least-connections,server-2,GET,/api/work,200,27,,1
1788020859558,ui_least-connections_ramp-up_1788020856832,least-connections,server-3,GET,/api/work,200,27,,0
1788020859563,ui_least-connections_ramp-up_1788020856832,least-connections,server-1,GET,/api/work,200,27,,1
1788020859576,ui_least-connections_ramp-up_1788020856832,least-connections,server-1,GET,/api/work,200,27,,0
1788020859577,ui_least-connections_ramp-up_1788020856832,least-connections,server-2,GET,/api/work,200,27,,0
1788020859606,ui_least-connections_ramp-up_1788020856832,least-connections,server-1,GET,/api/work,200,27,,1
1788020859614,ui_least-connections_ramp-up_1788020856832,least-connections,server-2,GET,/api/work,200,27,,1
1788020859616,ui_least-connections_ramp-up_1788020856832,least-connections,server-3,GET,/api/work,200,27,,0
1788020859622,ui_least-connections_ramp-up_1788020856832,least-connections,server-1,GET,/api/work,200,27,,1
1788020859634,ui_least-connections_ramp-up_1788020856832,least-connections,server-1,GET,/api/work,200,27,,0
1788020859634,ui_least-connections_ramp-up_1788020856832,least-connections,server-2,GET,/api/work,200,27,,0
1788020859665,ui_least-connections_ramp-up_1788020856832,least-connections,server-1,GET,/api/work,200,26,,1
1788020859672,ui_least-connections_ramp-up_1788020856832,least-connections,server-2,GET,/api/work,200,26,,1
1788020859674,ui_least-connections_ramp-up_1788020856832,least-connections,server-3,GET,/api/work,200,27,,0
1788020859680,ui_least-connections_ramp-up_1788020856832,least-connections,server-1,GET,/api/work,200,29,,1
1788020859693,ui_least-connections_ramp-up_1788020856832,least-connections,server-1,GET,/api/work,200,27,,0
1788020859694,ui_least-connections_ramp-up_1788020856832,least-connections,server-2,GET,/api/work,200,27,,0
1788020859723,ui_least-connections_ramp-up_1788020856832,least-connections,server-1,GET,/api/work,200,28,,1
1788020859729,ui_least-connections_ramp-up_1788020856832,least-connections,server-2,GET,/api/work,200,28,,1
1788020859732,ui_least-connections_ramp-up_1788020856832,least-connections,server-3,GET,/api/work,200,28,,0
1788020859740,ui_least-connections_ramp-up_1788020856832,least-connections,server-1,GET,/api/work,200,26,,1
1788020859752,ui_least-connections_ramp-up_1788020856832,least-connections,server-1,GET,/api/work,200,27,,0
1788020859753,ui_least-connections_ramp-up_1788020856832,least-connections,server-2,GET,/api/work,200,27,,0
1788020859782,ui_least-connections_ramp-up_1788020856832,least-connections,server-1,GET,/api/work,200,28,,1
1788020859788,ui_least-connections_ramp-up_1788020856832,least-connections,server-2,GET,/api/work,200,28,,1
1788020859791,ui_least-connections_ramp-up_1788020856832,least-connections,server-3,GET,/api/work,200,27,,0
1788020859798,ui_least-connections_ramp-up_1788020856832,least-connections,server-1,GET,/api/work,200,26,,1
1788020859812,ui_least-connections_ramp-up_1788020856832,least-connections,server-2,GET,/api/work,200,27,,0
1788020859811,ui_least-connections_ramp-up_1788020856832,least-connections,server-1,GET,/api/work,200,29,,0
1788020859842,ui_least-connections_ramp-up_1788020856832,least-connections,server-1,GET,/api/work,200,27,,1
1788020859842,ui_least-connections_ramp-up_1788020856832,least-connections,server-2,GET,/api/work,200,28,,1
1788020859847,ui_least-connections_ramp-up_1788020856832,least-connections,server-3,GET,/api/work,200,27,,0
1788020859850,ui_least-connections_ramp-up_1788020856832,least-connections,server-1,GET,/api/work,200,27,,1
1788020859856,ui_least-connections_ramp-up_1788020856832,least-connections,server-2,GET,/api/work,200,27,,1
1788020859872,ui_least-connections_ramp-up_1788020856832,least-connections,server-2,GET,/api/work,200,27,,0
1788020859871,ui_least-connections_ramp-up_1788020856832,least-connections,server-1,GET,/api/work,200,29,,0
1788020859901,ui_least-connections_ramp-up_1788020856832,least-connections,server-1,GET,/api/work,200,27,,1
1788020859905,ui_least-connections_ramp-up_1788020856832,least-connections,server-3,GET,/api/work,200,27,,0
1788020859902,ui_least-connections_ramp-up_1788020856832,least-connections,server-2,GET,/api/work,200,31,,1
1788020859910,ui_least-connections_ramp-up_1788020856832,least-connections,server-1,GET,/api/work,200,26,,1
1788020859917,ui_least-connections_ramp-up_1788020856832,least-connections,server-2,GET,/api/work,200,27,,0
1788020859931,ui_least-connections_ramp-up_1788020856832,least-connections,server-1,GET,/api/work,200,26,,0
1788020859933,ui_least-connections_ramp-up_1788020856832,least-connections,server-3,GET,/api/work,200,27,,0
1788020859959,ui_least-connections_ramp-up_1788020856832,least-connections,server-1,GET,/api/work,200,26,,1
1788020859966,ui_least-connections_ramp-up_1788020856832,least-connections,server-2,GET,/api/work,200,25,,1
1788020859967,ui_least-connections_ramp-up_1788020856832,least-connections,server-1,GET,/api/work,200,27,,1
1788020859966,ui_least-connections_ramp-up_1788020856832,least-connections,server-3,GET,/api/work,200,28,,1
1788020859974,ui_least-connections_ramp-up_1788020856832,least-connections,server-2,GET,/api/work,200,30,,0
1788020859988,ui_least-connections_ramp-up_1788020856832,least-connections,server-1,GET,/api/work,200,26,,0
1788020859991,ui_least-connections_ramp-up_1788020856832,least-connections,server-3,GET,/api/work,200,28,,0
1788020860016,ui_least-connections_ramp-up_1788020856832,least-connections,server-1,GET,/api/work,200,27,,1
1788020860022,ui_least-connections_ramp-up_1788020856832,least-connections,server-2,GET,/api/work,200,26,,1
1788020860026,ui_least-connections_ramp-up_1788020856832,least-connections,server-1,GET,/api/work,200,26,,1
1788020860026,ui_least-connections_ramp-up_1788020856832,least-connections,server-3,GET,/api/work,200,26,,0
1788020860035,ui_least-connections_ramp-up_1788020856832,least-connections,server-2,GET,/api/work,200,26,,1
1788020860046,ui_least-connections_ramp-up_1788020856832,least-connections,server-1,GET,/api/work,200,26,,0
1788020860050,ui_least-connections_ramp-up_1788020856832,least-connections,server-2,GET,/api/work,200,26,,0
1788020860073,ui_least-connections_ramp-up_1788020856832,least-connections,server-1,GET,/api/work,200,26,,1
1788020860079,ui_least-connections_ramp-up_1788020856832,least-connections,server-2,GET,/api/work,200,26,,1
1788020860083,ui_least-connections_ramp-up_1788020856832,least-connections,server-3,GET,/api/work,200,26,,0
1788020860083,ui_least-connections_ramp-up_1788020856832,least-connections,server-1,GET,/api/work,200,26,,1
1788020860092,ui_least-connections_ramp-up_1788020856832,least-connections,server-2,GET,/api/work,200,26,,1
1788020860103,ui_least-connections_ramp-up_1788020856832,least-connections,server-1,GET,/api/work,200,26,,0
1788020860107,ui_least-connections_ramp-up_1788020856832,least-connections,server-2,GET,/api/work,200,27,,0
1788020860129,ui_least-connections_ramp-up_1788020856832,least-connections,server-1,GET,/api/work,200,26,,1
1788020860136,ui_least-connections_ramp-up_1788020856832,least-connections,server-2,GET,/api/work,200,27,,1
1788020860139,ui_least-connections_ramp-up_1788020856832,least-connections,server-3,GET,/api/work,200,26,,0
1788020860140,ui_least-connections_ramp-up_1788020856832,least-connections,server-1,GET,/api/work,200,26,,1
1788020860149,ui_least-connections_ramp-up_1788020856832,least-connections,server-2,GET,/api/work,200,25,,1
1788020860160,ui_least-connections_ramp-up_1788020856832,least-connections,server-1,GET,/api/work,200,26,,0
1788020860164,ui_least-connections_ramp-up_1788020856832,least-connections,server-2,GET,/api/work,200,26,,0
1788020860186,ui_least-connections_ramp-up_1788020856832,least-connections,server-3,GET,/api/work,200,26,,0
1788020860193,ui_least-connections_ramp-up_1788020856832,least-connections,server-1,GET,/api/work,200,25,,1
1788020860196,ui_least-connections_ramp-up_1788020856832,least-connections,server-1,GET,/api/work,200,26,,1
1788020860196,ui_least-connections_ramp-up_1788020856832,least-connections,server-2,GET,/api/work,200,26,,1
1788020860205,ui_least-connections_ramp-up_1788020856832,least-connections,server-2,GET,/api/work,200,26,,0
1788020860217,ui_least-connections_ramp-up_1788020856832,least-connections,server-3,GET,/api/work,200,26,,0
1788020860221,ui_least-connections_ramp-up_1788020856832,least-connections,server-1,GET,/api/work,200,27,,1
1788020860242,ui_least-connections_ramp-up_1788020856832,least-connections,server-2,GET,/api/work,200,26,,1
1788020860243,ui_least-connections_ramp-up_1788020856832,least-connections,server-1,GET,/api/work,200,26,,1
1788020860248,ui_least-connections_ramp-up_1788020856832,least-connections,server-3,GET,/api/work,200,26,,1
1788020860253,ui_least-connections_ramp-up_1788020856832,least-connections,server-2,GET,/api/work,200,27,,0
1788020860253,ui_least-connections_ramp-up_1788020856832,least-connections,server-1,GET,/api/work,200,27,,1
1788020860261,ui_least-connections_ramp-up_1788020856832,least-connections,server-3,GET,/api/work,200,27,,0
1788020860274,ui_least-connections_ramp-up_1788020856832,least-connections,server-1,GET,/api/work,200,27,,1
1788020860281,ui_least-connections_ramp-up_1788020856832,least-connections,server-2,GET,/api/work,200,26,,0
1788020860300,ui_least-connections_ramp-up_1788020856832,least-connections,server-3,GET,/api/work,200,26,,1
1788020860300,ui_least-connections_ramp-up_1788020856832,least-connections,server-1,GET,/api/work,200,27,,1
1788020860306,ui_least-connections_ramp-up_1788020856832,least-connections,server-1,GET,/api/work,200,25,,0
1788020860311,ui_least-connections_ramp-up_1788020856832,least-connections,server-2,GET,/api/work,200,27,,1
1788020860311,ui_least-connections_ramp-up_1788020856832,least-connections,server-2,GET,/api/work,200,27,,0
1788020860319,ui_least-connections_ramp-up_1788020856832,least-connections,server-3,GET,/api/work,200,27,,0
1788020860332,ui_least-connections_ramp-up_1788020856832,least-connections,server-1,GET,/api/work,200,26,,1
1788020860339,ui_least-connections_ramp-up_1788020856832,least-connections,server-2,GET,/api/work,200,25,,0
1788020860358,ui_least-connections_ramp-up_1788020856832,least-connections,server-1,GET,/api/work,200,26,,1
1788020860358,ui_least-connections_ramp-up_1788020856832,least-connections,server-3,GET,/api/work,200,27,,1
1788020860362,ui_least-connections_ramp-up_1788020856832,least-connections,server-1,GET,/api/work,200,27,,0
1788020860368,ui_least-connections_ramp-up_1788020856832,least-connections,server-2,GET,/api/work,200,25,,1
1788020860369,ui_least-connections_ramp-up_1788020856832,least-connections,server-2,GET,/api/work,200,26,,0
1788020860376,ui_least-connections_ramp-up_1788020856832,least-connections,server-3,GET,/api/work,200,26,,0
1788020860390,ui_least-connections_ramp-up_1788020856832,least-connections,server-1,GET,/api/work,200,26,,1
1788020860395,ui_least-connections_ramp-up_1788020856832,least-connections,server-1,GET,/api/work,200,25,,1
1788020860415,ui_least-connections_ramp-up_1788020856832,least-connections,server-2,GET,/api/work,200,26,,1
1788020860416,ui_least-connections_ramp-up_1788020856832,least-connections,server-3,GET,/api/work,200,26,,1
1788020860420,ui_least-connections_ramp-up_1788020856832,least-connections,server-1,GET,/api/work,200,26,,1
1788020860424,ui_least-connections_ramp-up_1788020856832,least-connections,server-1,GET,/api/work,200,27,,1
1788020860426,ui_least-connections_ramp-up_1788020856832,least-connections,server-2,GET,/api/work,200,26,,0
1788020860433,ui_least-connections_ramp-up_1788020856832,least-connections,server-3,GET,/api/work,200,27,,0
1788020860446,ui_least-connections_ramp-up_1788020856832,least-connections,server-1,GET,/api/work,200,26,,1
1788020860451,ui_least-connections_ramp-up_1788020856832,least-connections,server-1,GET,/api/work,200,27,,1
1788020860471,ui_least-connections_ramp-up_1788020856832,least-connections,server-2,GET,/api/work,200,26,,1
1788020860473,ui_least-connections_ramp-up_1788020856832,least-connections,server-3,GET,/api/work,200,26,,1
1788020860477,ui_least-connections_ramp-up_1788020856832,least-connections,server-1,GET,/api/work,200,27,,1
1788020860481,ui_least-connections_ramp-up_1788020856832,least-connections,server-1,GET,/api/work,200,26,,0
1788020860483,ui_least-connections_ramp-up_1788020856832,least-connections,server-2,GET,/api/work,200,25,,1
1788020860491,ui_least-connections_ramp-up_1788020856832,least-connections,server-3,GET,/api/work,200,27,,0
1788020860503,ui_least-connections_ramp-up_1788020856832,least-connections,server-2,GET,/api/work,200,26,,0
1788020860507,ui_least-connections_ramp-up_1788020856832,least-connections,server-1,GET,/api/work,200,26,,0
1788020860527,ui_least-connections_ramp-up_1788020856832,least-connections,server-3,GET,/api/work,200,25,,1
1788020860530,ui_least-connections_ramp-up_1788020856832,least-connections,server-2,GET,/api/work,200,27,,1
1788020860534,ui_least-connections_ramp-up_1788020856832,least-connections,server-1,GET,/api/work,200,27,,1
1788020860539,ui_least-connections_ramp-up_1788020856832,least-connections,server-1,GET,/api/work,200,26,,1
1788020860539,ui_least-connections_ramp-up_1788020856832,least-connections,server-2,GET,/api/work,200,26,,1
1788020860549,ui_least-connections_ramp-up_1788020856832,least-connections,server-3,GET,/api/work,200,27,,0
1788020860559,ui_least-connections_ramp-up_1788020856832,least-connections,server-2,GET,/api/work,200,27,,0
1788020860564,ui_least-connections_ramp-up_1788020856832,least-connections,server-1,GET,/api/work,200,27,,0
1788020860583,ui_least-connections_ramp-up_1788020856832,least-connections,server-3,GET,/api/work,200,26,,1
1788020860588,ui_least-connections_ramp-up_1788020856832,least-connections,server-2,GET,/api/work,200,26,,1
1788020860592,ui_least-connections_ramp-up_1788020856832,least-connections,server-1,GET,/api/work,200,27,,1
1788020860596,ui_least-connections_ramp-up_1788020856832,least-connections,server-1,GET,/api/work,200,26,,0
1788020860596,ui_least-connections_ramp-up_1788020856832,least-connections,server-2,GET,/api/work,200,27,,1
1788020860606,ui_least-connections_ramp-up_1788020856832,least-connections,server-3,GET,/api/work,200,27,,0
1788020860616,ui_least-connections_ramp-up_1788020856832,least-connections,server-2,GET,/api/work,200,27,,0
1788020860623,ui_least-connections_ramp-up_1788020856832,least-connections,server-1,GET,/api/work,200,26,,0
1788020860640,ui_least-connections_ramp-up_1788020856832,least-connections,server-3,GET,/api/work,200,26,,1
1788020860645,ui_least-connections_ramp-up_1788020856832,least-connections,server-2,GET,/api/work,200,26,,1
1788020860650,ui_least-connections_ramp-up_1788020856832,least-connections,server-1,GET,/api/work,200,25,,1
1788020860653,ui_least-connections_ramp-up_1788020856832,least-connections,server-2,GET,/api/work,200,26,,1
1788020860653,ui_least-connections_ramp-up_1788020856832,least-connections,server-1,GET,/api/work,200,27,,1
1788020860663,ui_least-connections_ramp-up_1788020856832,least-connections,server-3,GET,/api/work,200,26,,0
1788020860674,ui_least-connections_ramp-up_1788020856832,least-connections,server-2,GET,/api/work,200,28,,0
1788020860679,ui_least-connections_ramp-up_1788020856832,least-connections,server-1,GET,/api/work,200,26,,0
1788020860698,ui_least-connections_ramp-up_1788020856832,least-connections,server-3,GET,/api/work,200,26,,1
1788020860702,ui_least-connections_ramp-up_1788020856832,least-connections,server-2,GET,/api/work,200,27,,1
1788020860706,ui_least-connections_ramp-up_1788020856832,least-connections,server-1,GET,/api/work,200,26,,1
1788020860710,ui_least-connections_ramp-up_1788020856832,least-connections,server-2,GET,/api/work,200,26,,1
1788020860710,ui_least-connections_ramp-up_1788020856832,least-connections,server-1,GET,/api/work,200,26,,1
1788020860720,ui_least-connections_ramp-up_1788020856832,least-connections,server-3,GET,/api/work,200,27,,0
1788020860733,ui_least-connections_ramp-up_1788020856832,least-connections,server-1,GET,/api/work,200,27,,1
1788020860736,ui_least-connections_ramp-up_1788020856832,least-connections,server-2,GET,/api/work,200,26,,0
1788020860755,ui_least-connections_ramp-up_1788020856832,least-connections,server-3,GET,/api/work,200,26,,1
1788020860759,ui_least-connections_ramp-up_1788020856832,least-connections,server-1,GET,/api/work,200,26,,1
1788020860762,ui_least-connections_ramp-up_1788020856832,least-connections,server-2,GET,/api/work,200,26,,1
1788020860767,ui_least-connections_ramp-up_1788020856832,least-connections,server-2,GET,/api/work,200,26,,0
1788020860767,ui_least-connections_ramp-up_1788020856832,least-connections,server-1,GET,/api/work,200,26,,1
1788020860776,ui_least-connections_ramp-up_1788020856832,least-connections,server-3,GET,/api/work,200,26,,0
1788020860791,ui_least-connections_ramp-up_1788020856832,least-connections,server-1,GET,/api/work,200,26,,1
1788020860794,ui_least-connections_ramp-up_1788020856832,least-connections,server-2,GET,/api/work,200,26,,0
1788020860812,ui_least-connections_ramp-up_1788020856832,least-connections,server-3,GET,/api/work,200,26,,1
1788020860816,ui_least-connections_ramp-up_1788020856832,least-connections,server-1,GET,/api/work,200,27,,1
1788020860819,ui_least-connections_ramp-up_1788020856832,least-connections,server-1,GET,/api/work,200,27,,1
1788020860824,ui_least-connections_ramp-up_1788020856832,least-connections,server-2,GET,/api/work,200,26,,1
1788020860824,ui_least-connections_ramp-up_1788020856832,least-connections,server-2,GET,/api/work,200,27,,0
1788020860833,ui_least-connections_ramp-up_1788020856832,least-connections,server-3,GET,/api/work,200,27,,0
1788020860843,ui_least-connections_ramp-up_1788020856832,least-connections,server-1,GET,/api/work,200,27,,1
1788020860848,ui_least-connections_ramp-up_1788020856832,least-connections,server-1,GET,/api/work,200,25,,0
1788020860851,ui_least-connections_ramp-up_1788020856832,least-connections,server-2,GET,/api/work,200,26,,0
1788020860870,ui_least-connections_ramp-up_1788020856832,least-connections,server-3,GET,/api/work,200,25,,1
1788020860874,ui_least-connections_ramp-up_1788020856832,least-connections,server-1,GET,/api/work,200,26,,1
1788020860878,ui_least-connections_ramp-up_1788020856832,least-connections,server-2,GET,/api/work,200,27,,1
1788020860882,ui_least-connections_ramp-up_1788020856832,least-connections,server-2,GET,/api/work,200,25,,0
1788020860881,ui_least-connections_ramp-up_1788020856832,least-connections,server-1,GET,/api/work,200,27,,1
1788020860890,ui_least-connections_ramp-up_1788020856832,least-connections,server-3,GET,/api/work,200,26,,1
1788020860901,ui_least-connections_ramp-up_1788020856832,least-connections,server-1,GET,/api/work,200,26,,1
1788020860904,ui_least-connections_ramp-up_1788020856832,least-connections,server-3,GET,/api/work,200,26,,0
1788020860908,ui_least-connections_ramp-up_1788020856832,least-connections,server-2,GET,/api/work,200,27,,0
1788020860926,ui_least-connections_ramp-up_1788020856832,least-connections,server-1,GET,/api/work,200,27,,1
1788020860931,ui_least-connections_ramp-up_1788020856832,least-connections,server-3,GET,/api/work,200,27,,1
1788020860935,ui_least-connections_ramp-up_1788020856832,least-connections,server-2,GET,/api/work,200,26,,1
1788020860938,ui_least-connections_ramp-up_1788020856832,least-connections,server-1,GET,/api/work,200,26,,1
1788020860939,ui_least-connections_ramp-up_1788020856832,least-connections,server-2,GET,/api/work,200,27,,0
1788020860946,ui_least-connections_ramp-up_1788020856832,least-connections,server-3,GET,/api/work,200,26,,1
1788020860958,ui_least-connections_ramp-up_1788020856832,least-connections,server-1,GET,/api/work,200,26,,1
1788020860961,ui_least-connections_ramp-up_1788020856832,least-connections,server-3,GET,/api/work,200,27,,0
1788020860965,ui_least-connections_ramp-up_1788020856832,least-connections,server-1,GET,/api/work,200,28,,1
1788020860983,ui_least-connections_ramp-up_1788020856832,least-connections,server-2,GET,/api/work,200,26,,1
1788020860989,ui_least-connections_ramp-up_1788020856832,least-connections,server-3,GET,/api/work,200,26,,1
1788020860992,ui_least-connections_ramp-up_1788020856832,least-connections,server-1,GET,/api/work,200,26,,1
1788020860996,ui_least-connections_ramp-up_1788020856832,least-connections,server-2,GET,/api/work,200,25,,1
1788020860995,ui_least-connections_ramp-up_1788020856832,least-connections,server-1,GET,/api/work,200,27,,1
1788020861003,ui_least-connections_ramp-up_1788020856832,least-connections,server-3,GET,/api/work,200,27,,0
1788020861016,ui_least-connections_ramp-up_1788020856832,least-connections,server-2,GET,/api/work,200,27,,0
1788020861018,ui_least-connections_ramp-up_1788020856832,least-connections,server-1,GET,/api/work,200,26,,1
1788020861022,ui_least-connections_ramp-up_1788020856832,least-connections,server-1,GET,/api/work,200,27,,1
1788020861039,ui_least-connections_ramp-up_1788020856832,least-connections,server-3,GET,/api/work,200,26,,1
1788020861045,ui_least-connections_ramp-up_1788020856832,least-connections,server-2,GET,/api/work,200,26,,1
1788020861049,ui_least-connections_ramp-up_1788020856832,least-connections,server-1,GET,/api/work,200,26,,1
1788020861052,ui_least-connections_ramp-up_1788020856832,least-connections,server-2,GET,/api/work,200,27,,1
1788020861052,ui_least-connections_ramp-up_1788020856832,least-connections,server-1,GET,/api/work,200,27,,0
1788020861060,ui_least-connections_ramp-up_1788020856832,least-connections,server-3,GET,/api/work,200,28,,1
1788020861073,ui_least-connections_ramp-up_1788020856832,least-connections,server-2,GET,/api/work,200,26,,0
1788020861074,ui_least-connections_ramp-up_1788020856832,least-connections,server-3,GET,/api/work,200,25,,0
1788020861080,ui_least-connections_ramp-up_1788020856832,least-connections,server-1,GET,/api/work,200,26,,1
1788020861095,ui_least-connections_ramp-up_1788020856832,least-connections,server-1,GET,/api/work,200,25,,1
1788020861102,ui_least-connections_ramp-up_1788020856832,least-connections,server-2,GET,/api/work,200,26,,1
1788020861106,ui_least-connections_ramp-up_1788020856832,least-connections,server-3,GET,/api/work,200,26,,1
1788020861110,ui_least-connections_ramp-up_1788020856832,least-connections,server-1,GET,/api/work,200,27,,1
1788020861110,ui_least-connections_ramp-up_1788020856832,least-connections,server-2,GET,/api/work,200,27,,1
1788020861119,ui_least-connections_ramp-up_1788020856832,least-connections,server-3,GET,/api/work,200,25,,1
1788020861130,ui_least-connections_ramp-up_1788020856832,least-connections,server-2,GET,/api/work,200,25,,0
1788020861130,ui_least-connections_ramp-up_1788020856832,least-connections,server-1,GET,/api/work,200,26,,1
1788020861136,ui_least-connections_ramp-up_1788020856832,least-connections,server-3,GET,/api/work,200,26,,0
1788020861151,ui_least-connections_ramp-up_1788020856832,least-connections,server-1,GET,/api/work,200,26,,1
1788020861159,ui_least-connections_ramp-up_1788020856832,least-connections,server-2,GET,/api/work,200,26,,1
1788020861162,ui_least-connections_ramp-up_1788020856832,least-connections,server-3,GET,/api/work,200,26,,1
1788020861168,ui_least-connections_ramp-up_1788020856832,least-connections,server-1,GET,/api/work,200,26,,1
1788020861168,ui_least-connections_ramp-up_1788020856832,least-connections,server-2,GET,/api/work,200,26,,1
1788020861175,ui_least-connections_ramp-up_1788020856832,least-connections,server-3,GET,/api/work,200,26,,1
1788020861186,ui_least-connections_ramp-up_1788020856832,least-connections,server-1,GET,/api/work,200,26,,1
1788020861187,ui_least-connections_ramp-up_1788020856832,least-connections,server-2,GET,/api/work,200,26,,0
1788020861193,ui_least-connections_ramp-up_1788020856832,least-connections,server-3,GET,/api/work,200,27,,0
1788020861208,ui_least-connections_ramp-up_1788020856832,least-connections,server-1,GET,/api/work,200,27,,1
1788020861216,ui_least-connections_ramp-up_1788020856832,least-connections,server-2,GET,/api/work,200,26,,1
1788020861219,ui_least-connections_ramp-up_1788020856832,least-connections,server-1,GET,/api/work,200,26,,2
1788020861225,ui_least-connections_ramp-up_1788020856832,least-connections,server-3,GET,/api/work,200,26,,1
1788020861226,ui_least-connections_ramp-up_1788020856832,least-connections,server-2,GET,/api/work,200,25,,1
1788020861232,ui_least-connections_ramp-up_1788020856832,least-connections,server-3,GET,/api/work,200,27,,0
1788020861244,ui_least-connections_ramp-up_1788020856832,least-connections,server-2,GET,/api/work,200,27,,0
1788020861244,ui_least-connections_ramp-up_1788020856832,least-connections,server-1,GET,/api/work,200,27,,2
1788020861244,ui_least-connections_ramp-up_1788020856832,least-connections,server-1,GET,/api/work,200,28,,1
1788020861249,ui_least-connections_ramp-up_1788020856832,least-connections,server-1,GET,/api/work,200,27,,0
1788020861265,ui_least-connections_ramp-up_1788020856832,least-connections,server-3,GET,/api/work,200,27,,1
1788020861272,ui_least-connections_ramp-up_1788020856832,least-connections,server-2,GET,/api/work,200,26,,1
1788020861276,ui_least-connections_ramp-up_1788020856832,least-connections,server-1,GET,/api/work,200,26,,2
1788020861282,ui_least-connections_ramp-up_1788020856832,least-connections,server-1,GET,/api/work,200,26,,2
1788020861282,ui_least-connections_ramp-up_1788020856832,least-connections,server-2,GET,/api/work,200,27,,1
1788020861289,ui_least-connections_ramp-up_1788020856832,least-connections,server-3,GET,/api/work,200,27,,1
1788020861302,ui_least-connections_ramp-up_1788020856832,least-connections,server-3,GET,/api/work,200,25,,0
1788020861302,ui_least-connections_ramp-up_1788020856832,least-connections,server-2,GET,/api/work,200,26,,1
1788020861302,ui_least-connections_ramp-up_1788020856832,least-connections,server-1,GET,/api/work,200,27,,1
1788020861307,ui_least-connections_ramp-up_1788020856832,least-connections,server-1,GET,/api/work,200,26,,1
1788020861322,ui_least-connections_ramp-up_1788020856832,least-connections,server-2,GET,/api/work,200,26,,1
1788020861329,ui_least-connections_ramp-up_1788020856832,least-connections,server-3,GET,/api/work,200,27,,1
1788020861333,ui_least-connections_ramp-up_1788020856832,least-connections,server-1,GET,/api/work,200,26,,1
1788020861339,ui_least-connections_ramp-up_1788020856832,least-connections,server-1,GET,/api/work,200,26,,2
1788020861339,ui_least-connections_ramp-up_1788020856832,least-connections,server-2,GET,/api/work,200,27,,1
1788020861345,ui_least-connections_ramp-up_1788020856832,least-connections,server-3,GET,/api/work,200,27,,1
1788020861358,ui_least-connections_ramp-up_1788020856832,least-connections,server-2,GET,/api/work,200,27,,1
1788020861359,ui_least-connections_ramp-up_1788020856832,least-connections,server-1,GET,/api/work,200,26,,1
1788020861359,ui_least-connections_ramp-up_1788020856832,least-connections,server-3,GET,/api/work,200,27,,0
1788020861364,ui_least-connections_ramp-up_1788020856832,least-connections,server-1,GET,/api/work,200,27,,1
1788020861379,ui_least-connections_ramp-up_1788020856832,least-connections,server-2,GET,/api/work,200,25,,1
1788020861387,ui_least-connections_ramp-up_1788020856832,least-connections,server-3,GET,/api/work,200,28,,1
1788020861390,ui_least-connections_ramp-up_1788020856832,least-connections,server-1,GET,/api/work,200,27,,1
1788020861396,ui_least-connections_ramp-up_1788020856832,least-connections,server-1,GET,/api/work,200,26,,2
1788020861396,ui_least-connections_ramp-up_1788020856832,least-connections,server-2,GET,/api/work,200,27,,1
1788020861403,ui_least-connections_ramp-up_1788020856832,least-connections,server-3,GET,/api/work,200,26,,1
1788020861416,ui_least-connections_ramp-up_1788020856832,least-connections,server-2,GET,/api/work,200,26,,1
1788020861416,ui_least-connections_ramp-up_1788020856832,least-connections,server-3,GET,/api/work,200,27,,0
1788020861417,ui_least-connections_ramp-up_1788020856832,least-connections,server-1,GET,/api/work,200,26,,1
1788020861422,ui_least-connections_ramp-up_1788020856832,least-connections,server-1,GET,/api/work,200,27,,1
1788020861435,ui_least-connections_ramp-up_1788020856832,least-connections,server-2,GET,/api/work,200,27,,1
1788020861446,ui_least-connections_ramp-up_1788020856832,least-connections,server-3,GET,/api/work,200,27,,1
1788020861448,ui_least-connections_ramp-up_1788020856832,least-connections,server-1,GET,/api/work,200,29,,2
1788020861455,ui_least-connections_ramp-up_1788020856832,least-connections,server-1,GET,/api/work,200,27,,2
1788020861456,ui_least-connections_ramp-up_1788020856832,least-connections,server-2,GET,/api/work,200,26,,1
1788020861460,ui_least-connections_ramp-up_1788020856832,least-connections,server-3,GET,/api/work,200,26,,1
1788020861473,ui_least-connections_ramp-up_1788020856832,least-connections,server-2,GET,/api/work,200,26,,1
1788020861474,ui_least-connections_ramp-up_1788020856832,least-connections,server-3,GET,/api/work,200,27,,0
1788020861474,ui_least-connections_ramp-up_1788020856832,least-connections,server-1,GET,/api/work,200,27,,1
1788020861479,ui_least-connections_ramp-up_1788020856832,least-connections,server-1,GET,/api/work,200,27,,0
1788020861492,ui_least-connections_ramp-up_1788020856832,least-connections,server-2,GET,/api/work,200,26,,1
1788020861504,ui_least-connections_ramp-up_1788020856832,least-connections,server-3,GET,/api/work,200,27,,1
1788020861507,ui_least-connections_ramp-up_1788020856832,least-connections,server-1,GET,/api/work,200,26,,2
1788020861513,ui_least-connections_ramp-up_1788020856832,least-connections,server-1,GET,/api/work,200,26,,2
1788020861513,ui_least-connections_ramp-up_1788020856832,least-connections,server-2,GET,/api/work,200,26,,1
1788020861517,ui_least-connections_ramp-up_1788020856832,least-connections,server-3,GET,/api/work,200,26,,1
1788020861529,ui_least-connections_ramp-up_1788020856832,least-connections,server-2,GET,/api/work,200,27,,1
1788020861532,ui_least-connections_ramp-up_1788020856832,least-connections,server-3,GET,/api/work,200,26,,0
1788020861533,ui_least-connections_ramp-up_1788020856832,least-connections,server-1,GET,/api/work,200,26,,1
1788020861536,ui_least-connections_ramp-up_1788020856832,least-connections,server-1,GET,/api/work,200,26,,0
1788020861549,ui_least-connections_ramp-up_1788020856832,least-connections,server-2,GET,/api/work,200,27,,1
1788020861561,ui_least-connections_ramp-up_1788020856832,least-connections,server-3,GET,/api/work,200,26,,1
1788020861564,ui_least-connections_ramp-up_1788020856832,least-connections,server-1,GET,/api/work,200,26,,1
1788020861570,ui_least-connections_ramp-up_1788020856832,least-connections,server-1,GET,/api/work,200,26,,2
1788020861570,ui_least-connections_ramp-up_1788020856832,least-connections,server-2,GET,/api/work,200,27,,1
1788020861573,ui_least-connections_ramp-up_1788020856832,least-connections,server-3,GET,/api/work,200,26,,1
1788020861586,ui_least-connections_ramp-up_1788020856832,least-connections,server-2,GET,/api/work,200,27,,1
1788020861590,ui_least-connections_ramp-up_1788020856832,least-connections,server-1,GET,/api/work,200,27,,1
1788020861590,ui_least-connections_ramp-up_1788020856832,least-connections,server-3,GET,/api/work,200,27,,0
1788020861593,ui_least-connections_ramp-up_1788020856832,least-connections,server-1,GET,/api/work,200,26,,0
1788020861606,ui_least-connections_ramp-up_1788020856832,least-connections,server-2,GET,/api/work,200,26,,1
1788020861617,ui_least-connections_ramp-up_1788020856832,least-connections,server-3,GET,/api/work,200,27,,1
1788020861621,ui_least-connections_ramp-up_1788020856832,least-connections,server-1,GET,/api/work,200,26,,2
1788020861627,ui_least-connections_ramp-up_1788020856832,least-connections,server-1,GET,/api/work,200,26,,2
1788020861627,ui_least-connections_ramp-up_1788020856832,least-connections,server-2,GET,/api/work,200,26,,2
1788020861630,ui_least-connections_ramp-up_1788020856832,least-connections,server-3,GET,/api/work,200,25,,1
1788020861643,ui_least-connections_ramp-up_1788020856832,least-connections,server-2,GET,/api/work,200,27,,1
1788020861643,ui_least-connections_ramp-up_1788020856832,least-connections,server-1,GET,/api/work,200,27,,1
1788020861648,ui_least-connections_ramp-up_1788020856832,least-connections,server-3,GET,/api/work,200,26,,1
1788020861648,ui_least-connections_ramp-up_1788020856832,least-connections,server-1,GET,/api/work,200,27,,0
1788020861649,ui_least-connections_ramp-up_1788020856832,least-connections,server-2,GET,/api/work,200,27,,0
1788020861663,ui_least-connections_ramp-up_1788020856832,least-connections,server-3,GET,/api/work,200,26,,1
1788020861675,ui_least-connections_ramp-up_1788020856832,least-connections,server-1,GET,/api/work,200,26,,2
1788020861678,ui_least-connections_ramp-up_1788020856832,least-connections,server-2,GET,/api/work,200,26,,1
1788020861685,ui_least-connections_ramp-up_1788020856832,least-connections,server-2,GET,/api/work,200,26,,2
1788020861684,ui_least-connections_ramp-up_1788020856832,least-connections,server-1,GET,/api/work,200,27,,2
1788020861686,ui_least-connections_ramp-up_1788020856832,least-connections,server-3,GET,/api/work,200,27,,1
1788020861701,ui_least-connections_ramp-up_1788020856832,least-connections,server-1,GET,/api/work,200,26,,1
1788020861701,ui_least-connections_ramp-up_1788020856832,least-connections,server-3,GET,/api/work,200,27,,1
1788020861705,ui_least-connections_ramp-up_1788020856832,least-connections,server-2,GET,/api/work,200,26,,1
1788020861706,ui_least-connections_ramp-up_1788020856832,least-connections,server-1,GET,/api/work,200,27,,1
1788020861707,ui_least-connections_ramp-up_1788020856832,least-connections,server-2,GET,/api/work,200,27,,0
1788020861720,ui_least-connections_ramp-up_1788020856832,least-connections,server-3,GET,/api/work,200,26,,1
1788020861732,ui_least-connections_ramp-up_1788020856832,least-connections,server-1,GET,/api/work,200,26,,1
1788020861735,ui_least-connections_ramp-up_1788020856832,least-connections,server-2,GET,/api/work,200,26,,1
1788020861742,ui_least-connections_ramp-up_1788020856832,least-connections,server-1,GET,/api/work,200,26,,2
1788020861742,ui_least-connections_ramp-up_1788020856832,least-connections,server-2,GET,/api/work,200,27,,2
1788020861743,ui_least-connections_ramp-up_1788020856832,least-connections,server-3,GET,/api/work,200,26,,1
1788020861759,ui_least-connections_ramp-up_1788020856832,least-connections,server-1,GET,/api/work,200,25,,1
1788020861759,ui_least-connections_ramp-up_1788020856832,least-connections,server-3,GET,/api/work,200,26,,1
1788020861762,ui_least-connections_ramp-up_1788020856832,least-connections,server-2,GET,/api/work,200,27,,1
1788020861765,ui_least-connections_ramp-up_1788020856832,least-connections,server-2,GET,/api/work,200,25,,0
1788020861765,ui_least-connections_ramp-up_1788020856832,least-connections,server-1,GET,/api/work,200,26,,1
1788020861777,ui_least-connections_ramp-up_1788020856832,least-connections,server-3,GET,/api/work,200,26,,1
1788020861789,ui_least-connections_ramp-up_1788020856832,least-connections,server-1,GET,/api/work,200,27,,2
1788020861792,ui_least-connections_ramp-up_1788020856832,least-connections,server-2,GET,/api/work,200,27,,1
1788020861798,ui_least-connections_ramp-up_1788020856832,least-connections,server-1,GET,/api/work,200,25,,2
1788020861799,ui_least-connections_ramp-up_1788020856832,least-connections,server-2,GET,/api/work,200,26,,2
1788020861799,ui_least-connections_ramp-up_1788020856832,least-connections,server-3,GET,/api/work,200,27,,1
1788020861815,ui_least-connections_ramp-up_1788020856832,least-connections,server-3,GET,/api/work,200,28,,1
1788020861816,ui_least-connections_ramp-up_1788020856832,least-connections,server-1,GET,/api/work,200,28,,1
1788020861819,ui_least-connections_ramp-up_1788020856832,least-connections,server-2,GET,/api/work,200,27,,1
1788020861821,ui_least-connections_ramp-up_1788020856832,least-connections,server-1,GET,/api/work,200,26,,0
1788020861821,ui_least-connections_ramp-up_1788020856832,least-connections,server-2,GET,/api/work,200,27,,0
1788020861834,ui_least-connections_ramp-up_1788020856832,least-connections,server-3,GET,/api/work,200,25,,1
1788020861848,ui_least-connections_ramp-up_1788020856832,least-connections,server-1,GET,/api/work,200,26,,1
1788020861848,ui_least-connections_ramp-up_1788020856832,least-connections,server-2,GET,/api/work,200,27,,1
1788020861854,ui_least-connections_ramp-up_1788020856832,least-connections,server-1,GET,/api/work,200,27,,2
1788020861856,ui_least-connections_ramp-up_1788020856832,least-connections,server-3,GET,/api/work,200,26,,1
1788020861856,ui_least-connections_ramp-up_1788020856832,least-connections,server-2,GET,/api/work,200,27,,2
1788020861875,ui_least-connections_ramp-up_1788020856832,least-connections,server-1,GET,/api/work,200,26,,1
1788020861875,ui_least-connections_ramp-up_1788020856832,least-connections,server-2,GET,/api/work,200,26,,1
1788020861876,ui_least-connections_ramp-up_1788020856832,least-connections,server-3,GET,/api/work,200,26,,1
1788020861879,ui_least-connections_ramp-up_1788020856832,least-connections,server-2,GET,/api/work,200,26,,0
1788020861878,ui_least-connections_ramp-up_1788020856832,least-connections,server-1,GET,/api/work,200,27,,0
1788020861890,ui_least-connections_ramp-up_1788020856832,least-connections,server-3,GET,/api/work,200,26,,1
1788020861906,ui_least-connections_ramp-up_1788020856832,least-connections,server-2,GET,/api/work,200,26,,1
1788020861906,ui_least-connections_ramp-up_1788020856832,least-connections,server-1,GET,/api/work,200,27,,1
1788020861911,ui_least-connections_ramp-up_1788020856832,least-connections,server-1,GET,/api/work,200,26,,2
1788020861913,ui_least-connections_ramp-up_1788020856832,least-connections,server-2,GET,/api/work,200,27,,2
1788020861914,ui_least-connections_ramp-up_1788020856832,least-connections,server-3,GET,/api/work,200,27,,1
1788020861932,ui_least-connections_ramp-up_1788020856832,least-connections,server-2,GET,/api/work,200,26,,1
1788020861933,ui_least-connections_ramp-up_1788020856832,least-connections,server-3,GET,/api/work,200,26,,1
1788020861934,ui_least-connections_ramp-up_1788020856832,least-connections,server-1,GET,/api/work,200,25,,1
1788020861936,ui_least-connections_ramp-up_1788020856832,least-connections,server-1,GET,/api/work,200,26,,0
1788020861937,ui_least-connections_ramp-up_1788020856832,least-connections,server-2,GET,/api/work,200,26,,0
1788020861947,ui_least-connections_ramp-up_1788020856832,least-connections,server-3,GET,/api/work,200,27,,1
1788020861963,ui_least-connections_ramp-up_1788020856832,least-connections,server-1,GET,/api/work,200,26,,1
1788020861964,ui_least-connections_ramp-up_1788020856832,least-connections,server-2,GET,/api/work,200,26,,1
1788020861968,ui_least-connections_ramp-up_1788020856832,least-connections,server-1,GET,/api/work,200,27,,2
1788020861971,ui_least-connections_ramp-up_1788020856832,least-connections,server-3,GET,/api/work,200,25,,1
1788020861971,ui_least-connections_ramp-up_1788020856832,least-connections,server-2,GET,/api/work,200,25,,2
1788020861991,ui_least-connections_ramp-up_1788020856832,least-connections,server-1,GET,/api/work,200,25,,1
1788020861991,ui_least-connections_ramp-up_1788020856832,least-connections,server-3,GET,/api/work,200,27,,1
1788020861991,ui_least-connections_ramp-up_1788020856832,least-connections,server-2,GET,/api/work,200,27,,1
1788020861992,ui_least-connections_ramp-up_1788020856832,least-connections,server-1,GET,/api/work,200,26,,0
1788020861994,ui_least-connections_ramp-up_1788020856832,least-connections,server-2,GET,/api/work,200,27,,0
1788020862004,ui_least-connections_ramp-up_1788020856832,least-connections,server-3,GET,/api/work,200,27,,1
1788020862020,ui_least-connections_ramp-up_1788020856832,least-connections,server-1,GET,/api/work,200,27,,1
1788020862022,ui_least-connections_ramp-up_1788020856832,least-connections,server-2,GET,/api/work,200,26,,1
1788020862025,ui_least-connections_ramp-up_1788020856832,least-connections,server-1,GET,/api/work,200,26,,2
1788020862028,ui_least-connections_ramp-up_1788020856832,least-connections,server-3,GET,/api/work,200,25,,1
1788020862027,ui_least-connections_ramp-up_1788020856832,least-connections,server-2,GET,/api/work,200,28,,2
1788020862044,ui_least-connections_ramp-up_1788020856832,least-connections,server-3,GET,/api/work,200,27,,1
1788020862047,ui_least-connections_ramp-up_1788020856832,least-connections,server-1,GET,/api/work,200,26,,2
1788020862047,ui_least-connections_ramp-up_1788020856832,least-connections,server-1,GET,/api/work,200,26,,1
1788020862049,ui_least-connections_ramp-up_1788020856832,least-connections,server-2,GET,/api/work,200,28,,1
1788020862050,ui_least-connections_ramp-up_1788020856832,least-connections,server-2,GET,/api/work,200,28,,0
1788020862051,ui_least-connections_ramp-up_1788020856832,least-connections,server-1,GET,/api/work,200,28,,0
1788020862061,ui_least-connections_ramp-up_1788020856832,least-connections,server-3,GET,/api/work,200,28,,1
1788020862080,ui_least-connections_ramp-up_1788020856832,least-connections,server-2,GET,/api/work,200,25,,2
1788020862079,ui_least-connections_ramp-up_1788020856832,least-connections,server-1,GET,/api/work,200,27,,2
1788020862081,ui_least-connections_ramp-up_1788020856832,least-connections,server-1,GET,/api/work,200,27,,1
1788020862088,ui_least-connections_ramp-up_1788020856832,least-connections,server-2,GET,/api/work,200,27,,2
1788020862088,ui_least-connections_ramp-up_1788020856832,least-connections,server-3,GET,/api/work,200,28,,1
1788020862102,ui_least-connections_ramp-up_1788020856832,least-connections,server-3,GET,/api/work,200,27,,1
1788020862104,ui_least-connections_ramp-up_1788020856832,least-connections,server-1,GET,/api/work,200,26,,2
1788020862104,ui_least-connections_ramp-up_1788020856832,least-connections,server-2,GET,/api/work,200,26,,1
1788020862109,ui_least-connections_ramp-up_1788020856832,least-connections,server-1,GET,/api/work,200,27,,1
1788020862109,ui_least-connections_ramp-up_1788020856832,least-connections,server-1,GET,/api/work,200,28,,1
1788020862110,ui_least-connections_ramp-up_1788020856832,least-connections,server-2,GET,/api/work,200,27,,0
1788020862120,ui_least-connections_ramp-up_1788020856832,least-connections,server-3,GET,/api/work,200,26,,0
1788020862136,ui_least-connections_ramp-up_1788020856832,least-connections,server-1,GET,/api/work,200,26,,2
1788020862138,ui_least-connections_ramp-up_1788020856832,least-connections,server-2,GET,/api/work,200,26,,2
1788020862139,ui_least-connections_ramp-up_1788020856832,least-connections,server-1,GET,/api/work,200,26,,1
1788020862147,ui_least-connections_ramp-up_1788020856832,least-connections,server-2,GET,/api/work,200,26,,2
1788020862146,ui_least-connections_ramp-up_1788020856832,least-connections,server-3,GET,/api/work,200,27,,1
1788020862161,ui_least-connections_ramp-up_1788020856832,least-connections,server-3,GET,/api/work,200,26,,1
1788020862161,ui_least-connections_ramp-up_1788020856832,least-connections,server-2,GET,/api/work,200,26,,1
1788020862161,ui_least-connections_ramp-up_1788020856832,least-connections,server-1,GET,/api/work,200,27,,2
1788020862167,ui_least-connections_ramp-up_1788020856832,least-connections,server-1,GET,/api/work,200,26,,1
1788020862168,ui_least-connections_ramp-up_1788020856832,least-connections,server-1,GET,/api/work,200,27,,0
1788020862169,ui_least-connections_ramp-up_1788020856832,least-connections,server-2,GET,/api/work,200,26,,1
1788020862176,ui_least-connections_ramp-up_1788020856832,least-connections,server-3,GET,/api/work,200,26,,0
1788020862192,ui_least-connections_ramp-up_1788020856832,least-connections,server-2,GET,/api/work,200,26,,1
1788020862195,ui_least-connections_ramp-up_1788020856832,least-connections,server-1,GET,/api/work,200,26,,2
1788020862196,ui_least-connections_ramp-up_1788020856832,least-connections,server-1,GET,/api/work,200,26,,1
1788020862203,ui_least-connections_ramp-up_1788020856832,least-connections,server-3,GET,/api/work,200,27,,1
1788020862204,ui_least-connections_ramp-up_1788020856832,least-connections,server-2,GET,/api/work,200,26,,2
1788020862217,ui_least-connections_ramp-up_1788020856832,least-connections,server-3,GET,/api/work,200,25,,1
1788020862218,ui_least-connections_ramp-up_1788020856832,least-connections,server-2,GET,/api/work,200,26,,1
1788020862219,ui_least-connections_ramp-up_1788020856832,least-connections,server-1,GET,/api/work,200,27,,2
1788020862224,ui_least-connections_ramp-up_1788020856832,least-connections,server-1,GET,/api/work,200,26,,1
1788020862226,ui_least-connections_ramp-up_1788020856832,least-connections,server-2,GET,/api/work,200,25,,1
1788020862225,ui_least-connections_ramp-up_1788020856832,least-connections,server-1,GET,/api/work,200,27,,0
1788020862233,ui_least-connections_ramp-up_1788020856832,least-connections,server-3,GET,/api/work,200,27,,0
1788020862249,ui_least-connections_ramp-up_1788020856832,least-connections,server-2,GET,/api/work,200,27,,1
1788020862252,ui_least-connections_ramp-up_1788020856832,least-connections,server-1,GET,/api/work,200,27,,2
1788020862252,ui_least-connections_ramp-up_1788020856832,least-connections,server-1,GET,/api/work,200,27,,1
1788020862261,ui_least-connections_ramp-up_1788020856832,least-connections,server-2,GET,/api/work,200,25,,2
1788020862260,ui_least-connections_ramp-up_1788020856832,least-connections,server-3,GET,/api/work,200,27,,1
1788020862273,ui_least-connections_ramp-up_1788020856832,least-connections,server-3,GET,/api/work,200,26,,1
1788020862275,ui_least-connections_ramp-up_1788020856832,least-connections,server-1,GET,/api/work,200,25,,2
1788020862276,ui_least-connections_ramp-up_1788020856832,least-connections,server-2,GET,/api/work,200,27,,1
1788020862281,ui_least-connections_ramp-up_1788020856832,least-connections,server-1,GET,/api/work,200,26,,1
1788020862281,ui_least-connections_ramp-up_1788020856832,least-connections,server-1,GET,/api/work,200,27,,0
1788020862283,ui_least-connections_ramp-up_1788020856832,least-connections,server-2,GET,/api/work,200,26,,0
1788020862291,ui_least-connections_ramp-up_1788020856832,least-connections,server-3,GET,/api/work,200,27,,1
1788020862308,ui_least-connections_ramp-up_1788020856832,least-connections,server-1,GET,/api/work,200,25,,2
1788020862310,ui_least-connections_ramp-up_1788020856832,least-connections,server-1,GET,/api/work,200,26,,2
1788020862310,ui_least-connections_ramp-up_1788020856832,least-connections,server-2,GET,/api/work,200,28,,2
1788020862317,ui_least-connections_ramp-up_1788020856832,least-connections,server-2,GET,/api/work,200,26,,2
1788020862317,ui_least-connections_ramp-up_1788020856832,least-connections,server-3,GET,/api/work,200,27,,1
1788020862330,ui_least-connections_ramp-up_1788020856832,least-connections,server-3,GET,/api/work,200,28,,1
1788020862331,ui_least-connections_ramp-up_1788020856832,least-connections,server-1,GET,/api/work,200,27,,2
1788020862334,ui_least-connections_ramp-up_1788020856832,least-connections,server-1,GET,/api/work,200,26,,1
1788020862338,ui_least-connections_ramp-up_1788020856832,least-connections,server-2,GET,/api/work,200,27,,1
1788020862340,ui_least-connections_ramp-up_1788020856832,least-connections,server-2,GET,/api/work,200,27,,0
1788020862338,ui_least-connections_ramp-up_1788020856832,least-connections,server-1,GET,/api/work,200,30,,1
1788020862348,ui_least-connections_ramp-up_1788020856832,least-connections,server-3,GET,/api/work,200,27,,1
1788020862364,ui_least-connections_ramp-up_1788020856832,least-connections,server-1,GET,/api/work,200,28,,2
1788020862368,ui_least-connections_ramp-up_1788020856832,least-connections,server-2,GET,/api/work,200,27,,2
1788020862368,ui_least-connections_ramp-up_1788020856832,least-connections,server-1,GET,/api/work,200,27,,1
1788020862374,ui_least-connections_ramp-up_1788020856832,least-connections,server-3,GET,/api/work,200,26,,1
1788020862374,ui_least-connections_ramp-up_1788020856832,least-connections,server-2,GET,/api/work,200,27,,2
1788020862389,ui_least-connections_ramp-up_1788020856832,least-connections,server-3,GET,/api/work,200,26,,1
1788020862389,ui_least-connections_ramp-up_1788020856832,least-connections,server-1,GET,/api/work,200,27,,2
1788020862390,ui_least-connections_ramp-up_1788020856832,least-connections,server-2,GET,/api/work,200,26,,1
1788020862396,ui_least-connections_ramp-up_1788020856832,least-connections,server-1,GET,/api/work,200,26,,1
1788020862398,ui_least-connections_ramp-up_1788020856832,least-connections,server-1,GET,/api/work,200,26,,1
1788020862399,ui_least-connections_ramp-up_1788020856832,least-connections,server-2,GET,/api/work,200,26,,0
1788020862406,ui_least-connections_ramp-up_1788020856832,least-connections,server-3,GET,/api/work,200,26,,1
1788020862423,ui_least-connections_ramp-up_1788020856832,least-connections,server-1,GET,/api/work,200,27,,2
1788020862427,ui_least-connections_ramp-up_1788020856832,least-connections,server-2,GET,/api/work,200,26,,2
1788020862427,ui_least-connections_ramp-up_1788020856832,least-connections,server-1,GET,/api/work,200,26,,2
1788020862431,ui_least-connections_ramp-up_1788020856832,least-connections,server-2,GET,/api/work,200,26,,2
1788020862432,ui_least-connections_ramp-up_1788020856832,least-connections,server-3,GET,/api/work,200,26,,1
1788020862447,ui_least-connections_ramp-up_1788020856832,least-connections,server-1,GET,/api/work,200,25,,2
1788020862446,ui_least-connections_ramp-up_1788020856832,least-connections,server-3,GET,/api/work,200,27,,1
1788020862447,ui_least-connections_ramp-up_1788020856832,least-connections,server-2,GET,/api/work,200,27,,1
1788020862453,ui_least-connections_ramp-up_1788020856832,least-connections,server-1,GET,/api/work,200,26,,1
1788020862455,ui_least-connections_ramp-up_1788020856832,least-connections,server-2,GET,/api/work,200,26,,0
1788020862455,ui_least-connections_ramp-up_1788020856832,least-connections,server-1,GET,/api/work,200,27,,1
1788020862463,ui_least-connections_ramp-up_1788020856832,least-connections,server-3,GET,/api/work,200,25,,0
1788020862480,ui_least-connections_ramp-up_1788020856832,least-connections,server-1,GET,/api/work,200,25,,2
1788020862485,ui_least-connections_ramp-up_1788020856832,least-connections,server-1,GET,/api/work,200,25,,1
1788020862484,ui_least-connections_ramp-up_1788020856832,least-connections,server-2,GET,/api/work,200,27,,2
1788020862488,ui_least-connections_ramp-up_1788020856832,least-connections,server-2,GET,/api/work,200,26,,2
1788020862489,ui_least-connections_ramp-up_1788020856832,least-connections,server-3,GET,/api/work,200,26,,1
1788020862505,ui_least-connections_ramp-up_1788020856832,least-connections,server-2,GET,/api/work,200,25,,1
1788020862504,ui_least-connections_ramp-up_1788020856832,least-connections,server-1,GET,/api/work,200,27,,2
1788020862504,ui_least-connections_ramp-up_1788020856832,least-connections,server-3,GET,/api/work,200,27,,1
1788020862511,ui_least-connections_ramp-up_1788020856832,least-connections,server-1,GET,/api/work,200,26,,1
1788020862512,ui_least-connections_ramp-up_1788020856832,least-connections,server-1,GET,/api/work,200,26,,0
1788020862512,ui_least-connections_ramp-up_1788020856832,least-connections,server-2,GET,/api/work,200,26,,1
1788020862519,ui_least-connections_ramp-up_1788020856832,least-connections,server-3,GET,/api/work,200,26,,1
1788020862536,ui_least-connections_ramp-up_1788020856832,least-connections,server-2,GET,/api/work,200,26,,1
1788020862541,ui_least-connections_ramp-up_1788020856832,least-connections,server-1,GET,/api/work,200,27,,2
1788020862542,ui_least-connections_ramp-up_1788020856832,least-connections,server-1,GET,/api/work,200,26,,1
1788020862545,ui_least-connections_ramp-up_1788020856832,least-connections,server-2,GET,/api/work,200,25,,2
1788020862545,ui_least-connections_ramp-up_1788020856832,least-connections,server-3,GET,/api/work,200,26,,1
1788020862561,ui_least-connections_ramp-up_1788020856832,least-connections,server-3,GET,/api/work,200,27,,1
1788020862563,ui_least-connections_ramp-up_1788020856832,least-connections,server-1,GET,/api/work,200,25,,2
1788020862562,ui_least-connections_ramp-up_1788020856832,least-connections,server-2,GET,/api/work,200,27,,1
1788020862568,ui_least-connections_ramp-up_1788020856832,least-connections,server-1,GET,/api/work,200,26,,1
1788020862569,ui_least-connections_ramp-up_1788020856832,least-connections,server-1,GET,/api/work,200,25,,0
1788020862569,ui_least-connections_ramp-up_1788020856832,least-connections,server-2,GET,/api/work,200,26,,1
1788020862575,ui_least-connections_ramp-up_1788020856832,least-connections,server-3,GET,/api/work,200,26,,0
1788020862593,ui_least-connections_ramp-up_1788020856832,least-connections,server-2,GET,/api/work,200,27,,2
1788020862599,ui_least-connections_ramp-up_1788020856832,least-connections,server-1,GET,/api/work,200,27,,2
1788020862599,ui_least-connections_ramp-up_1788020856832,least-connections,server-1,GET,/api/work,200,27,,1
1788020862600,ui_least-connections_ramp-up_1788020856832,least-connections,server-2,GET,/api/work,200,27,,2
1788020862601,ui_least-connections_ramp-up_1788020856832,least-connections,server-3,GET,/api/work,200,27,,2
1788020862619,ui_least-connections_ramp-up_1788020856832,least-connections,server-1,GET,/api/work,200,26,,2
1788020862619,ui_least-connections_ramp-up_1788020856832,least-connections,server-2,GET,/api/work,200,27,,1
1788020862619,ui_least-connections_ramp-up_1788020856832,least-connections,server-3,GET,/api/work,200,28,,1
1788020862625,ui_least-connections_ramp-up_1788020856832,least-connections,server-3,GET,/api/work,200,26,,1
1788020862625,ui_least-connections_ramp-up_1788020856832,least-connections,server-2,GET,/api/work,200,26,,1
1788020862628,ui_least-connections_ramp-up_1788020856832,least-connections,server-1,GET,/api/work,200,27,,1
1788020862632,ui_least-connections_ramp-up_1788020856832,least-connections,server-1,GET,/api/work,200,26,,0
1788020862646,ui_least-connections_ramp-up_1788020856832,least-connections,server-2,GET,/api/work,200,26,,1
1788020862651,ui_least-connections_ramp-up_1788020856832,least-connections,server-3,GET,/api/work,200,26,,1
1788020862660,ui_least-connections_ramp-up_1788020856832,least-connections,server-1,GET,/api/work,200,26,,3
1788020862660,ui_least-connections_ramp-up_1788020856832,least-connections,server-1,GET,/api/work,200,26,,2
1788020862660,ui_least-connections_ramp-up_1788020856832,least-connections,server-2,GET,/api/work,200,27,,2
1788020862660,ui_least-connections_ramp-up_1788020856832,least-connections,server-3,GET,/api/work,200,27,,2
1788020862676,ui_least-connections_ramp-up_1788020856832,least-connections,server-2,GET,/api/work,200,25,,1
1788020862678,ui_least-connections_ramp-up_1788020856832,least-connections,server-3,GET,/api/work,200,25,,1
1788020862678,ui_least-connections_ramp-up_1788020856832,least-connections,server-1,GET,/api/work,200,26,,2
1788020862682,ui_least-connections_ramp-up_1788020856832,least-connections,server-2,GET,/api/work,200,26,,1
1788020862682,ui_least-connections_ramp-up_1788020856832,least-connections,server-3,GET,/api/work,200,27,,0
1788020862685,ui_least-connections_ramp-up_1788020856832,least-connections,server-1,GET,/api/work,200,25,,1
1788020862689,ui_least-connections_ramp-up_1788020856832,least-connections,server-1,GET,/api/work,200,26,,0
1788020862703,ui_least-connections_ramp-up_1788020856832,least-connections,server-2,GET,/api/work,200,25,,1
1788020862709,ui_least-connections_ramp-up_1788020856832,least-connections,server-2,GET,/api/work,200,25,,1
1788020862717,ui_least-connections_ramp-up_1788020856832,least-connections,server-1,GET,/api/work,200,27,,3
1788020862718,ui_least-connections_ramp-up_1788020856832,least-connections,server-1,GET,/api/work,200,26,,2
1788020862718,ui_least-connections_ramp-up_1788020856832,least-connections,server-3,GET,/api/work,200,27,,2
1788020862718,ui_least-connections_ramp-up_1788020856832,least-connections,server-3,GET,/api/work,200,27,,1
1788020862733,ui_least-connections_ramp-up_1788020856832,least-connections,server-2,GET,/api/work,200,26,,2
1788020862734,ui_least-connections_ramp-up_1788020856832,least-connections,server-1,GET,/api/work,200,27,,2
1788020862735,ui_least-connections_ramp-up_1788020856832,least-connections,server-2,GET,/api/work,200,26,,1
1788020862740,ui_least-connections_ramp-up_1788020856832,least-connections,server-2,GET,/api/work,200,26,,1
1788020862741,ui_least-connections_ramp-up_1788020856832,least-connections,server-3,GET,/api/work,200,26,,1
1788020862742,ui_least-connections_ramp-up_1788020856832,least-connections,server-1,GET,/api/work,200,26,,1
1788020862746,ui_least-connections_ramp-up_1788020856832,least-connections,server-3,GET,/api/work,200,26,,0
1788020862758,ui_least-connections_ramp-up_1788020856832,least-connections,server-1,GET,/api/work,200,27,,1
1788020862765,ui_least-connections_ramp-up_1788020856832,least-connections,server-2,GET,/api/work,200,26,,1
1788020862776,ui_least-connections_ramp-up_1788020856832,least-connections,server-3,GET,/api/work,200,25,,2
1788020862776,ui_least-connections_ramp-up_1788020856832,least-connections,server-1,GET,/api/work,200,25,,3
1788020862776,ui_least-connections_ramp-up_1788020856832,least-connections,server-3,GET,/api/work,200,26,,2
1788020862776,ui_least-connections_ramp-up_1788020856832,least-connections,server-2,GET,/api/work,200,27,,2
1788020862790,ui_least-connections_ramp-up_1788020856832,least-connections,server-1,GET,/api/work,200,26,,2
1788020862791,ui_least-connections_ramp-up_1788020856832,least-connections,server-1,GET,/api/work,200,26,,1
1788020862791,ui_least-connections_ramp-up_1788020856832,least-connections,server-2,GET,/api/work,200,26,,2
1788020862797,ui_least-connections_ramp-up_1788020856832,least-connections,server-2,GET,/api/work,200,25,,1
1788020862798,ui_least-connections_ramp-up_1788020856832,least-connections,server-1,GET,/api/work,200,26,,1
1788020862798,ui_least-connections_ramp-up_1788020856832,least-connections,server-3,GET,/api/work,200,27,,1
1788020862802,ui_least-connections_ramp-up_1788020856832,least-connections,server-3,GET,/api/work,200,27,,0
1788020862815,ui_least-connections_ramp-up_1788020856832,least-connections,server-2,GET,/api/work,200,26,,1
1788020862822,ui_least-connections_ramp-up_1788020856832,least-connections,server-1,GET,/api/work,200,26,,1
1788020862833,ui_least-connections_ramp-up_1788020856832,least-connections,server-3,GET,/api/work,200,25,,2
1788020862833,ui_least-connections_ramp-up_1788020856832,least-connections,server-2,GET,/api/work,200,26,,2
1788020862833,ui_least-connections_ramp-up_1788020856832,least-connections,server-1,GET,/api/work,200,27,,3
1788020862834,ui_least-connections_ramp-up_1788020856832,least-connections,server-3,GET,/api/work,200,26,,1
1788020862847,ui_least-connections_ramp-up_1788020856832,least-connections,server-2,GET,/api/work,200,26,,2
1788020862848,ui_least-connections_ramp-up_1788020856832,least-connections,server-1,GET,/api/work,200,26,,2
1788020862848,ui_least-connections_ramp-up_1788020856832,least-connections,server-1,GET,/api/work,200,27,,1
1788020862853,ui_least-connections_ramp-up_1788020856832,least-connections,server-2,GET,/api/work,200,26,,1
1788020862855,ui_least-connections_ramp-up_1788020856832,least-connections,server-3,GET,/api/work,200,26,,1
1788020862856,ui_least-connections_ramp-up_1788020856832,least-connections,server-1,GET,/api/work,200,26,,1
1788020862861,ui_least-connections_ramp-up_1788020856832,least-connections,server-3,GET,/api/work,200,27,,0
1788020862872,ui_least-connections_ramp-up_1788020856832,least-connections,server-2,GET,/api/work,200,26,,1
1788020862879,ui_least-connections_ramp-up_1788020856832,least-connections,server-1,GET,/api/work,200,25,,1
1788020862888,ui_least-connections_ramp-up_1788020856832,least-connections,server-3,GET,/api/work,200,26,,2
1788020862890,ui_least-connections_ramp-up_1788020856832,least-connections,server-1,GET,/api/work,200,27,,3
1788020862893,ui_least-connections_ramp-up_1788020856832,least-connections,server-3,GET,/api/work,200,25,,1
1788020862892,ui_least-connections_ramp-up_1788020856832,least-connections,server-2,GET,/api/work,200,26,,2
1788020862903,ui_least-connections_ramp-up_1788020856832,least-connections,server-2,GET,/api/work,200,27,,2
1788020862904,ui_least-connections_ramp-up_1788020856832,least-connections,server-1,GET,/api/work,200,26,,2
1788020862906,ui_least-connections_ramp-up_1788020856832,least-connections,server-1,GET,/api/work,200,25,,1
1788020862910,ui_least-connections_ramp-up_1788020856832,least-connections,server-2,GET,/api/work,200,26,,1
1788020862911,ui_least-connections_ramp-up_1788020856832,least-connections,server-3,GET,/api/work,200,27,,1
1788020862912,ui_least-connections_ramp-up_1788020856832,least-connections,server-1,GET,/api/work,200,26,,1
1788020862919,ui_least-connections_ramp-up_1788020856832,least-connections,server-3,GET,/api/work,200,25,,0
1788020862929,ui_least-connections_ramp-up_1788020856832,least-connections,server-2,GET,/api/work,200,27,,1
1788020862935,ui_least-connections_ramp-up_1788020856832,least-connections,server-1,GET,/api/work,200,27,,2
1788020862945,ui_least-connections_ramp-up_1788020856832,least-connections,server-3,GET,/api/work,200,26,,2
1788020862947,ui_least-connections_ramp-up_1788020856832,least-connections,server-1,GET,/api/work,200,26,,3
1788020862947,ui_least-connections_ramp-up_1788020856832,least-connections,server-2,GET,/api/work,200,27,,2
1788020862949,ui_least-connections_ramp-up_1788020856832,least-connections,server-3,GET,/api/work,200,25,,1
1788020862960,ui_least-connections_ramp-up_1788020856832,least-connections,server-2,GET,/api/work,200,26,,2
1788020862961,ui_least-connections_ramp-up_1788020856832,least-connections,server-1,GET,/api/work,200,26,,2
1788020862961,ui_least-connections_ramp-up_1788020856832,least-connections,server-2,GET,/api/work,200,26,,1
1788020862967,ui_least-connections_ramp-up_1788020856832,least-connections,server-1,GET,/api/work,200,26,,1
1788020862969,ui_least-connections_ramp-up_1788020856832,least-connections,server-3,GET,/api/work,200,26,,1
1788020862969,ui_least-connections_ramp-up_1788020856832,least-connections,server-1,GET,/api/work,200,26,,0
1788020862975,ui_least-connections_ramp-up_1788020856832,least-connections,server-3,GET,/api/work,200,25,,0
1788020862986,ui_least-connections_ramp-up_1788020856832,least-connections,server-2,GET,/api/work,200,26,,1
1788020862992,ui_least-connections_ramp-up_1788020856832,least-connections,server-2,GET,/api/work,200,26,,2
1788020863001,ui_least-connections_ramp-up_1788020856832,least-connections,server-1,GET,/api/work,200,25,,3
1788020863004,ui_least-connections_ramp-up_1788020856832,least-connections,server-1,GET,/api/work,200,26,,2
1788020863004,ui_least-connections_ramp-up_1788020856832,least-connections,server-3,GET,/api/work,200,26,,2
1788020863005,ui_least-connections_ramp-up_1788020856832,least-connections,server-3,GET,/api/work,200,26,,1
1788020863018,ui_least-connections_ramp-up_1788020856832,least-connections,server-2,GET,/api/work,200,25,,2
1788020863018,ui_least-connections_ramp-up_1788020856832,least-connections,server-1,GET,/api/work,200,26,,2
1788020863018,ui_least-connections_ramp-up_1788020856832,least-connections,server-2,GET,/api/work,200,26,,1
1788020863024,ui_least-connections_ramp-up_1788020856832,least-connections,server-2,GET,/api/work,200,26,,1
1788020863024,ui_least-connections_ramp-up_1788020856832,least-connections,server-3,GET,/api/work,200,26,,1
1788020863026,ui_least-connections_ramp-up_1788020856832,least-connections,server-1,GET,/api/work,200,25,,2
1788020863031,ui_least-connections_ramp-up_1788020856832,least-connections,server-3,GET,/api/work,200,26,,0
1788020863043,ui_least-connections_ramp-up_1788020856832,least-connections,server-1,GET,/api/work,200,26,,2
1788020863046,ui_least-connections_ramp-up_1788020856832,least-connections,server-2,GET,/api/work,200,27,,1
1788020863049,ui_least-connections_ramp-up_1788020856832,least-connections,server-1,GET,/api/work,200,27,,2
1788020863057,ui_least-connections_ramp-up_1788020856832,least-connections,server-3,GET,/api/work,200,26,,2
1788020863061,ui_least-connections_ramp-up_1788020856832,least-connections,server-2,GET,/api/work,200,25,,2
1788020863062,ui_least-connections_ramp-up_1788020856832,least-connections,server-3,GET,/api/work,200,26,,1
1788020863062,ui_least-connections_ramp-up_1788020856832,least-connections,server-1,GET,/api/work,200,26,,3
1788020863073,ui_least-connections_ramp-up_1788020856832,least-connections,server-2,GET,/api/work,200,26,,2
1788020863075,ui_least-connections_ramp-up_1788020856832,least-connections,server-1,GET,/api/work,200,26,,2
1788020863075,ui_least-connections_ramp-up_1788020856832,least-connections,server-2,GET,/api/work,200,27,,1
1788020863081,ui_least-connections_ramp-up_1788020856832,least-connections,server-1,GET,/api/work,200,26,,2
1788020863081,ui_least-connections_ramp-up_1788020856832,least-connections,server-3,GET,/api/work,200,26,,1
1788020863082,ui_least-connections_ramp-up_1788020856832,least-connections,server-1,GET,/api/work,200,26,,1
1788020863088,ui_least-connections_ramp-up_1788020856832,least-connections,server-2,GET,/api/work,200,27,,1
1788020863100,ui_least-connections_ramp-up_1788020856832,least-connections,server-3,GET,/api/work,200,26,,1
1788020863103,ui_least-connections_ramp-up_1788020856832,least-connections,server-2,GET,/api/work,200,26,,1
1788020863106,ui_least-connections_ramp-up_1788020856832,least-connections,server-1,GET,/api/work,200,26,,2
1788020863114,ui_least-connections_ramp-up_1788020856832,least-connections,server-1,GET,/api/work,200,27,,3
1788020863117,ui_least-connections_ramp-up_1788020856832,least-connections,server-2,GET,/api/work,200,27,,2
1788020863119,ui_least-connections_ramp-up_1788020856832,least-connections,server-1,GET,/api/work,200,26,,2
1788020863119,ui_least-connections_ramp-up_1788020856832,least-connections,server-3,GET,/api/work,200,27,,2
1788020863130,ui_least-connections_ramp-up_1788020856832,least-connections,server-2,GET,/api/work,200,26,,2
1788020863132,ui_least-connections_ramp-up_1788020856832,least-connections,server-3,GET,/api/work,200,29,,1
1788020863133,ui_least-connections_ramp-up_1788020856832,least-connections,server-1,GET,/api/work,200,28,,2
1788020863138,ui_least-connections_ramp-up_1788020856832,least-connections,server-3,GET,/api/work,200,26,,1
1788020863138,ui_least-connections_ramp-up_1788020856832,least-connections,server-2,GET,/api/work,200,27,,2
1788020863139,ui_least-connections_ramp-up_1788020856832,least-connections,server-1,GET,/api/work,200,26,,1
1788020863146,ui_least-connections_ramp-up_1788020856832,least-connections,server-1,GET,/api/work,200,27,,1
1788020863156,ui_least-connections_ramp-up_1788020856832,least-connections,server-2,GET,/api/work,200,25,,1
1788020863160,ui_least-connections_ramp-up_1788020856832,least-connections,server-2,GET,/api/work,200,26,,0
1788020863163,ui_least-connections_ramp-up_1788020856832,least-connections,server-3,GET,/api/work,200,26,,1
1788020863171,ui_least-connections_ramp-up_1788020856832,least-connections,server-1,GET,/api/work,200,25,,3
1788020863174,ui_least-connections_ramp-up_1788020856832,least-connections,server-1,GET,/api/work,200,26,,2
1788020863176,ui_least-connections_ramp-up_1788020856832,least-connections,server-3,GET,/api/work,200,26,,2
1788020863177,ui_least-connections_ramp-up_1788020856832,least-connections,server-1,GET,/api/work,200,27,,2
1788020863187,ui_least-connections_ramp-up_1788020856832,least-connections,server-2,GET,/api/work,200,26,,2
1788020863192,ui_least-connections_ramp-up_1788020856832,least-connections,server-2,GET,/api/work,200,26,,2
1788020863192,ui_least-connections_ramp-up_1788020856832,least-connections,server-3,GET,/api/work,200,27,,1
1788020863196,ui_least-connections_ramp-up_1788020856832,least-connections,server-2,GET,/api/work,200,26,,1
1788020863196,ui_least-connections_ramp-up_1788020856832,least-connections,server-1,GET,/api/work,200,26,,2
1788020863196,ui_least-connections_ramp-up_1788020856832,least-connections,server-3,GET,/api/work,200,27,,1
1788020863203,ui_least-connections_ramp-up_1788020856832,least-connections,server-1,GET,/api/work,200,26,,1
1788020863211,ui_least-connections_ramp-up_1788020856832,least-connections,server-1,GET,/api/work,200,26,,2
1788020863217,ui_least-connections_ramp-up_1788020856832,least-connections,server-2,GET,/api/work,200,26,,1
1788020863220,ui_least-connections_ramp-up_1788020856832,least-connections,server-3,GET,/api/work,200,27,,1
1788020863227,ui_least-connections_ramp-up_1788020856832,least-connections,server-2,GET,/api/work,200,26,,2
1788020863231,ui_least-connections_ramp-up_1788020856832,least-connections,server-1,GET,/api/work,200,27,,3
1788020863233,ui_least-connections_ramp-up_1788020856832,least-connections,server-3,GET,/api/work,200,25,,2
1788020863234,ui_least-connections_ramp-up_1788020856832,least-connections,server-1,GET,/api/work,200,26,,2
1788020863244,ui_least-connections_ramp-up_1788020856832,least-connections,server-2,GET,/api/work,200,26,,2
1788020863249,ui_least-connections_ramp-up_1788020856832,least-connections,server-3,GET,/api/work,200,27,,1
1788020863250,ui_least-connections_ramp-up_1788020856832,least-connections,server-1,GET,/api/work,200,27,,2
1788020863252,ui_least-connections_ramp-up_1788020856832,least-connections,server-3,GET,/api/work,200,27,,1
1788020863253,ui_least-connections_ramp-up_1788020856832,least-connections,server-1,GET,/api/work,200,26,,1
1788020863252,ui_least-connections_ramp-up_1788020856832,least-connections,server-2,GET,/api/work,200,28,,2
1788020863259,ui_least-connections_ramp-up_1788020856832,least-connections,server-2,GET,/api/work,200,26,,1
1788020863267,ui_least-connections_ramp-up_1788020856832,least-connections,server-1,GET,/api/work,200,25,,2
1788020863274,ui_least-connections_ramp-up_1788020856832,least-connections,server-2,GET,/api/work,200,26,,1
1788020863277,ui_least-connections_ramp-up_1788020856832,least-connections,server-3,GET,/api/work,200,27,,1
1788020863285,ui_least-connections_ramp-up_1788020856832,least-connections,server-1,GET,/api/work,200,26,,3
1788020863288,ui_least-connections_ramp-up_1788020856832,least-connections,server-2,GET,/api/work,200,26,,2
1788020863289,ui_least-connections_ramp-up_1788020856832,least-connections,server-3,GET,/api/work,200,26,,2
1788020863291,ui_least-connections_ramp-up_1788020856832,least-connections,server-1,GET,/api/work,200,25,,2
1788020863301,ui_least-connections_ramp-up_1788020856832,least-connections,server-2,GET,/api/work,200,26,,2
1788020863307,ui_least-connections_ramp-up_1788020856832,least-connections,server-1,GET,/api/work,200,26,,2
1788020863307,ui_least-connections_ramp-up_1788020856832,least-connections,server-3,GET,/api/work,200,27,,1
1788020863309,ui_least-connections_ramp-up_1788020856832,least-connections,server-2,GET,/api/work,200,26,,2
1788020863310,ui_least-connections_ramp-up_1788020856832,least-connections,server-3,GET,/api/work,200,26,,1
1788020863310,ui_least-connections_ramp-up_1788020856832,least-connections,server-1,GET,/api/work,200,27,,1
1788020863316,ui_least-connections_ramp-up_1788020856832,least-connections,server-2,GET,/api/work,200,25,,1
1788020863322,ui_least-connections_ramp-up_1788020856832,least-connections,server-1,GET,/api/work,200,26,,2
1788020863330,ui_least-connections_ramp-up_1788020856832,least-connections,server-2,GET,/api/work,200,26,,1
1788020863334,ui_least-connections_ramp-up_1788020856832,least-connections,server-3,GET,/api/work,200,26,,1
1788020863341,ui_least-connections_ramp-up_1788020856832,least-connections,server-1,GET,/api/work,200,26,,3
1788020863344,ui_least-connections_ramp-up_1788020856832,least-connections,server-2,GET,/api/work,200,27,,2
1788020863346,ui_least-connections_ramp-up_1788020856832,least-connections,server-3,GET,/api/work,200,26,,2
1788020863346,ui_least-connections_ramp-up_1788020856832,least-connections,server-1,GET,/api/work,200,26,,2
1788020863357,ui_least-connections_ramp-up_1788020856832,least-connections,server-2,GET,/api/work,200,27,,2
1788020863364,ui_least-connections_ramp-up_1788020856832,least-connections,server-3,GET,/api/work,200,27,,1
1788020863365,ui_least-connections_ramp-up_1788020856832,least-connections,server-1,GET,/api/work,200,26,,2
1788020863366,ui_least-connections_ramp-up_1788020856832,least-connections,server-2,GET,/api/work,200,26,,2
1788020863367,ui_least-connections_ramp-up_1788020856832,least-connections,server-1,GET,/api/work,200,26,,1
1788020863367,ui_least-connections_ramp-up_1788020856832,least-connections,server-3,GET,/api/work,200,27,,1
1788020863373,ui_least-connections_ramp-up_1788020856832,least-connections,server-1,GET,/api/work,200,27,,1
1788020863379,ui_least-connections_ramp-up_1788020856832,least-connections,server-2,GET,/api/work,200,26,,1
1788020863387,ui_least-connections_ramp-up_1788020856832,least-connections,server-2,GET,/api/work,200,26,,0
1788020863391,ui_least-connections_ramp-up_1788020856832,least-connections,server-3,GET,/api/work,200,27,,1
1788020863398,ui_least-connections_ramp-up_1788020856832,least-connections,server-1,GET,/api/work,200,25,,2
1788020863401,ui_least-connections_ramp-up_1788020856832,least-connections,server-1,GET,/api/work,200,26,,2
1788020863403,ui_least-connections_ramp-up_1788020856832,least-connections,server-3,GET,/api/work,200,25,,2
1788020863403,ui_least-connections_ramp-up_1788020856832,least-connections,server-1,GET,/api/work,200,26,,1
1788020863414,ui_least-connections_ramp-up_1788020856832,least-connections,server-2,GET,/api/work,200,25,,2
1788020863422,ui_least-connections_ramp-up_1788020856832,least-connections,server-2,GET,/api/work,200,25,,2
1788020863422,ui_least-connections_ramp-up_1788020856832,least-connections,server-2,GET,/api/work,200,26,,1
1788020863422,ui_least-connections_ramp-up_1788020856832,least-connections,server-3,GET,/api/work,200,26,,2
1788020863423,ui_least-connections_ramp-up_1788020856832,least-connections,server-1,GET,/api/work,200,26,,2
1788020863425,ui_least-connections_ramp-up_1788020856832,least-connections,server-3,GET,/api/work,200,26,,1
1788020863430,ui_least-connections_ramp-up_1788020856832,least-connections,server-1,GET,/api/work,200,26,,1
1788020863435,ui_least-connections_ramp-up_1788020856832,least-connections,server-1,GET,/api/work,200,26,,2
1788020863443,ui_least-connections_ramp-up_1788020856832,least-connections,server-2,GET,/api/work,200,26,,2
1788020863447,ui_least-connections_ramp-up_1788020856832,least-connections,server-3,GET,/api/work,200,26,,1
1788020863448,ui_least-connections_ramp-up_1788020856832,least-connections,server-2,GET,/api/work,200,26,,1
1788020863454,ui_least-connections_ramp-up_1788020856832,least-connections,server-3,GET,/api/work,200,27,,2
1788020863458,ui_least-connections_ramp-up_1788020856832,least-connections,server-1,GET,/api/work,200,26,,2
1788020863460,ui_least-connections_ramp-up_1788020856832,least-connections,server-2,GET,/api/work,200,25,,2
1788020863459,ui_least-connections_ramp-up_1788020856832,least-connections,server-1,GET,/api/work,200,27,,1
1788020863470,ui_least-connections_ramp-up_1788020856832,least-connections,server-1,GET,/api/work,200,26,,2
1788020863478,ui_least-connections_ramp-up_1788020856832,least-connections,server-3,GET,/api/work,200,27,,2
1788020863480,ui_least-connections_ramp-up_1788020856832,least-connections,server-3,GET,/api/work,200,26,,2
1788020863478,ui_least-connections_ramp-up_1788020856832,least-connections,server-2,GET,/api/work,200,28,,2
1788020863479,ui_least-connections_ramp-up_1788020856832,least-connections,server-2,GET,/api/work,200,28,,1
1788020863481,ui_least-connections_ramp-up_1788020856832,least-connections,server-3,GET,/api/work,200,26,,1
1788020863486,ui_least-connections_ramp-up_1788020856832,least-connections,server-1,GET,/api/work,200,26,,2
1788020863492,ui_least-connections_ramp-up_1788020856832,least-connections,server-1,GET,/api/work,200,26,,2
1788020863500,ui_least-connections_ramp-up_1788020856832,least-connections,server-1,GET,/api/work,200,25,,1
1788020863504,ui_least-connections_ramp-up_1788020856832,least-connections,server-2,GET,/api/work,200,27,,2
1788020863505,ui_least-connections_ramp-up_1788020856832,least-connections,server-3,GET,/api/work,200,26,,1
1788020863512,ui_least-connections_ramp-up_1788020856832,least-connections,server-2,GET,/api/work,200,26,,2
1788020863515,ui_least-connections_ramp-up_1788020856832,least-connections,server-3,GET,/api/work,200,27,,2
1788020863516,ui_least-connections_ramp-up_1788020856832,least-connections,server-1,GET,/api/work,200,26,,3
1788020863517,ui_least-connections_ramp-up_1788020856832,least-connections,server-2,GET,/api/work,200,26,,1
1788020863527,ui_least-connections_ramp-up_1788020856832,least-connections,server-1,GET,/api/work,200,26,,2
1788020863536,ui_least-connections_ramp-up_1788020856832,least-connections,server-1,GET,/api/work,200,26,,3
1788020863536,ui_least-connections_ramp-up_1788020856832,least-connections,server-3,GET,/api/work,200,27,,2
1788020863538,ui_least-connections_ramp-up_1788020856832,least-connections,server-3,GET,/api/work,200,25,,1
1788020863537,ui_least-connections_ramp-up_1788020856832,least-connections,server-2,GET,/api/work,200,27,,2
1788020863538,ui_least-connections_ramp-up_1788020856832,least-connections,server-1,GET,/api/work,200,26,,2
1788020863544,ui_least-connections_ramp-up_1788020856832,least-connections,server-2,GET,/api/work,200,26,,1
1788020863549,ui_least-connections_ramp-up_1788020856832,least-connections,server-2,GET,/api/work,200,27,,2
1788020863556,ui_least-connections_ramp-up_1788020856832,least-connections,server-1,GET,/api/work,200,27,,2
1788020863561,ui_least-connections_ramp-up_1788020856832,least-connections,server-3,GET,/api/work,200,26,,1
1788020863562,ui_least-connections_ramp-up_1788020856832,least-connections,server-1,GET,/api/work,200,27,,2
1788020863569,ui_least-connections_ramp-up_1788020856832,least-connections,server-3,GET,/api/work,200,27,,2
1788020863573,ui_least-connections_ramp-up_1788020856832,least-connections,server-2,GET,/api/work,200,26,,2
1788020863574,ui_least-connections_ramp-up_1788020856832,least-connections,server-2,GET,/api/work,200,26,,1
1788020863574,ui_least-connections_ramp-up_1788020856832,least-connections,server-1,GET,/api/work,200,26,,3
1788020863584,ui_least-connections_ramp-up_1788020856832,least-connections,server-1,GET,/api/work,200,26,,2
1788020863593,ui_least-connections_ramp-up_1788020856832,least-connections,server-3,GET,/api/work,200,26,,2
1788020863594,ui_least-connections_ramp-up_1788020856832,least-connections,server-1,GET,/api/work,200,25,,2
1788020863594,ui_least-connections_ramp-up_1788020856832,least-connections,server-2,GET,/api/work,200,26,,2
1788020863595,ui_least-connections_ramp-up_1788020856832,least-connections,server-1,GET,/api/work,200,26,,1
1788020863595,ui_least-connections_ramp-up_1788020856832,least-connections,server-3,GET,/api/work,200,26,,2
1788020863600,ui_least-connections_ramp-up_1788020856832,least-connections,server-2,GET,/api/work,200,27,,1
1788020863606,ui_least-connections_ramp-up_1788020856832,least-connections,server-2,GET,/api/work,200,26,,2
1788020863613,ui_least-connections_ramp-up_1788020856832,least-connections,server-1,GET,/api/work,200,26,,2
1788020863618,ui_least-connections_ramp-up_1788020856832,least-connections,server-3,GET,/api/work,200,27,,1
1788020863619,ui_least-connections_ramp-up_1788020856832,least-connections,server-3,GET,/api/work,200,26,,0
1788020863626,ui_least-connections_ramp-up_1788020856832,least-connections,server-1,GET,/api/work,200,26,,3
1788020863630,ui_least-connections_ramp-up_1788020856832,least-connections,server-1,GET,/api/work,200,26,,2
1788020863630,ui_least-connections_ramp-up_1788020856832,least-connections,server-2,GET,/api/work,200,27,,2
1788020863631,ui_least-connections_ramp-up_1788020856832,least-connections,server-2,GET,/api/work,200,26,,1
1788020863641,ui_least-connections_ramp-up_1788020856832,least-connections,server-1,GET,/api/work,200,26,,2
1788020863649,ui_least-connections_ramp-up_1788020856832,least-connections,server-3,GET,/api/work,200,27,,2
1788020863650,ui_least-connections_ramp-up_1788020856832,least-connections,server-3,GET,/api/work,200,26,,1
1788020863650,ui_least-connections_ramp-up_1788020856832,least-connections,server-2,GET,/api/work,200,27,,2
1788020863652,ui_least-connections_ramp-up_1788020856832,least-connections,server-3,GET,/api/work,200,26,,1
1788020863652,ui_least-connections_ramp-up_1788020856832,least-connections,server-1,GET,/api/work,200,26,,2
1788020863658,ui_least-connections_ramp-up_1788020856832,least-connections,server-2,GET,/api/work,200,26,,1
1788020863663,ui_least-connections_ramp-up_1788020856832,least-connections,server-1,GET,/api/work,200,26,,2
1788020863669,ui_least-connections_ramp-up_1788020856832,least-connections,server-1,GET,/api/work,200,26,,1
1788020863677,ui_least-connections_ramp-up_1788020856832,least-connections,server-3,GET,/api/work,200,26,,1
1788020863677,ui_least-connections_ramp-up_1788020856832,least-connections,server-2,GET,/api/work,200,26,,2
1788020863683,ui_least-connections_ramp-up_1788020856832,least-connections,server-3,GET,/api/work,200,25,,1
1788020863688,ui_least-connections_ramp-up_1788020856832,least-connections,server-2,GET,/api/work,200,27,,2
1788020863689,ui_least-connections_ramp-up_1788020856832,least-connections,server-1,GET,/api/work,200,26,,3
1788020863689,ui_least-connections_ramp-up_1788020856832,least-connections,server-2,GET,/api/work,200,26,,1
1788020863698,ui_least-connections_ramp-up_1788020856832,least-connections,server-1,GET,/api/work,200,26,,2
1788020863707,ui_least-connections_ramp-up_1788020856832,least-connections,server-3,GET,/api/work,200,26,,2
1788020863707,ui_least-connections_ramp-up_1788020856832,least-connections,server-2,GET,/api/work,200,26,,1
1788020863707,ui_least-connections_ramp-up_1788020856832,least-connections,server-1,GET,/api/work,200,27,,2
1788020863708,ui_least-connections_ramp-up_1788020856832,least-connections,server-3,GET,/api/work,200,27,,1
1788020863709,ui_least-connections_ramp-up_1788020856832,least-connections,server-3,GET,/api/work,200,26,,0
1788020863714,ui_least-connections_ramp-up_1788020856832,least-connections,server-1,GET,/api/work,200,26,,2
1788020863721,ui_least-connections_ramp-up_1788020856832,least-connections,server-2,GET,/api/work,200,26,,2
1788020863724,ui_least-connections_ramp-up_1788020856832,least-connections,server-1,GET,/api/work,200,26,,2
1788020863734,ui_least-connections_ramp-up_1788020856832,least-connections,server-2,GET,/api/work,200,26,,1
1788020863734,ui_least-connections_ramp-up_1788020856832,least-connections,server-1,GET,/api/work,200,26,,2
1788020863739,ui_least-connections_ramp-up_1788020856832,least-connections,server-3,GET,/api/work,200,26,,2
1788020863746,ui_least-connections_ramp-up_1788020856832,least-connections,server-2,GET,/api/work,200,25,,2
1788020863745,ui_least-connections_ramp-up_1788020856832,least-connections,server-1,GET,/api/work,200,26,,3
1788020863745,ui_least-connections_ramp-up_1788020856832,least-connections,server-3,GET,/api/work,200,27,,1
1788020863755,ui_least-connections_ramp-up_1788020856832,least-connections,server-1,GET,/api/work,200,27,,2
1788020863764,ui_least-connections_ramp-up_1788020856832,least-connections,server-2,GET,/api/work,200,26,,2
1788020863764,ui_least-connections_ramp-up_1788020856832,least-connections,server-1,GET,/api/work,200,26,,1
1788020863765,ui_least-connections_ramp-up_1788020856832,least-connections,server-2,GET,/api/work,200,26,,1
1788020863765,ui_least-connections_ramp-up_1788020856832,least-connections,server-3,GET,/api/work,200,27,,2
1788020863765,ui_least-connections_ramp-up_1788020856832,least-connections,server-1,GET,/api/work,200,27,,2
1788020863772,ui_least-connections_ramp-up_1788020856832,least-connections,server-2,GET,/api/work,200,25,,1
1788020863778,ui_least-connections_ramp-up_1788020856832,least-connections,server-3,GET,/api/work,200,26,,1
1788020863781,ui_least-connections_ramp-up_1788020856832,least-connections,server-3,GET,/api/work,200,26,,0
1788020863791,ui_least-connections_ramp-up_1788020856832,least-connections,server-1,GET,/api/work,200,27,,2
1788020863791,ui_least-connections_ramp-up_1788020856832,least-connections,server-1,GET,/api/work,200,27,,1
1788020863796,ui_least-connections_ramp-up_1788020856832,least-connections,server-2,GET,/api/work,200,27,,2
1788020863802,ui_least-connections_ramp-up_1788020856832,least-connections,server-2,GET,/api/work,200,26,,2
1788020863803,ui_least-connections_ramp-up_1788020856832,least-connections,server-2,GET,/api/work,200,26,,1
1788020863803,ui_least-connections_ramp-up_1788020856832,least-connections,server-1,GET,/api/work,200,26,,3
1788020863812,ui_least-connections_ramp-up_1788020856832,least-connections,server-3,GET,/api/work,200,26,,2
1788020863819,ui_least-connections_ramp-up_1788020856832,least-connections,server-1,GET,/api/work,200,26,,2
1788020863821,ui_least-connections_ramp-up_1788020856832,least-connections,server-3,GET,/api/work,200,26,,1
1788020863822,ui_least-connections_ramp-up_1788020856832,least-connections,server-1,GET,/api/work,200,27,,2
1788020863823,ui_least-connections_ramp-up_1788020856832,least-connections,server-1,GET,/api/work,200,26,,1
1788020863822,ui_least-connections_ramp-up_1788020856832,least-connections,server-3,GET,/api/work,200,28,,1
1788020863827,ui_least-connections_ramp-up_1788020856832,least-connections,server-2,GET,/api/work,200,27,,2
1788020863834,ui_least-connections_ramp-up_1788020856832,least-connections,server-2,GET,/api/work,200,26,,2
1788020863839,ui_least-connections_ramp-up_1788020856832,least-connections,server-2,GET,/api/work,200,26,,2
1788020863848,ui_least-connections_ramp-up_1788020856832,least-connections,server-1,GET,/api/work,200,26,,2
1788020863848,ui_least-connections_ramp-up_1788020856832,least-connections,server-3,GET,/api/work,200,26,,1
1788020863849,ui_least-connections_ramp-up_1788020856832,least-connections,server-1,GET,/api/work,200,27,,1
1788020863853,ui_least-connections_ramp-up_1788020856832,least-connections,server-3,GET,/api/work,200,26,,1
1788020863859,ui_least-connections_ramp-up_1788020856832,least-connections,server-1,GET,/api/work,200,26,,3
1788020863859,ui_least-connections_ramp-up_1788020856832,least-connections,server-2,GET,/api/work,200,26,,2
1788020863860,ui_least-connections_ramp-up_1788020856832,least-connections,server-2,GET,/api/work,200,26,,1
1788020863869,ui_least-connections_ramp-up_1788020856832,least-connections,server-2,GET,/api/work,200,26,,1
1788020863875,ui_least-connections_ramp-up_1788020856832,least-connections,server-3,GET,/api/work,200,26,,2
1788020863878,ui_least-connections_ramp-up_1788020856832,least-connections,server-1,GET,/api/work,200,26,,2
1788020863880,ui_least-connections_ramp-up_1788020856832,least-connections,server-1,GET,/api/work,200,26,,2
1788020863880,ui_least-connections_ramp-up_1788020856832,least-connections,server-3,GET,/api/work,200,27,,1
1788020863880,ui_least-connections_ramp-up_1788020856832,least-connections,server-3,GET,/api/work,200,27,,0
1788020863884,ui_least-connections_ramp-up_1788020856832,least-connections,server-1,GET,/api/work,200,27,,2
1788020863891,ui_least-connections_ramp-up_1788020856832,least-connections,server-2,GET,/api/work,200,26,,2
1788020863896,ui_least-connections_ramp-up_1788020856832,least-connections,server-2,GET,/api/work,200,26,,1
1788020863906,ui_least-connections_ramp-up_1788020856832,least-connections,server-2,GET,/api/work,200,25,,1
1788020863905,ui_least-connections_ramp-up_1788020856832,least-connections,server-1,GET,/api/work,200,27,,2
1788020863906,ui_least-connections_ramp-up_1788020856832,least-connections,server-1,GET,/api/work,200,26,,1
1788020863910,ui_least-connections_ramp-up_1788020856832,least-connections,server-3,GET,/api/work,200,26,,2
1788020863916,ui_least-connections_ramp-up_1788020856832,least-connections,server-3,GET,/api/work,200,26,,2
1788020863917,ui_least-connections_ramp-up_1788020856832,least-connections,server-1,GET,/api/work,200,26,,3
1788020863917,ui_least-connections_ramp-up_1788020856832,least-connections,server-3,GET,/api/work,200,26,,1
1788020863925,ui_least-connections_ramp-up_1788020856832,least-connections,server-2,GET,/api/work,200,27,,2
1788020863931,ui_least-connections_ramp-up_1788020856832,least-connections,server-2,GET,/api/work,200,26,,2
1788020863935,ui_least-connections_ramp-up_1788020856832,least-connections,server-1,GET,/api/work,200,26,,2
1788020863936,ui_least-connections_ramp-up_1788020856832,least-connections,server-1,GET,/api/work,200,26,,2
1788020863938,ui_least-connections_ramp-up_1788020856832,least-connections,server-2,GET,/api/work,200,26,,2
1788020863938,ui_least-connections_ramp-up_1788020856832,least-connections,server-3,GET,/api/work,200,26,,1
1788020863941,ui_least-connections_ramp-up_1788020856832,least-connections,server-1,GET,/api/work,200,27,,2
1788020863948,ui_least-connections_ramp-up_1788020856832,least-connections,server-3,GET,/api/work,200,27,,2
1788020863953,ui_least-connections_ramp-up_1788020856832,least-connections,server-2,GET,/api/work,200,26,,2
1788020863962,ui_least-connections_ramp-up_1788020856832,least-connections,server-2,GET,/api/work,200,25,,2
1788020863961,ui_least-connections_ramp-up_1788020856832,least-connections,server-1,GET,/api/work,200,27,,2
1788020863963,ui_least-connections_ramp-up_1788020856832,least-connections,server-1,GET,/api/work,200,26,,2
1788020863967,ui_least-connections_ramp-up_1788020856832,least-connections,server-3,GET,/api/work,200,26,,1
1788020863973,ui_least-connections_ramp-up_1788020856832,least-connections,server-1,GET,/api/work,200,26,,2
1788020863973,ui_least-connections_ramp-up_1788020856832,least-connections,server-2,GET,/api/work,200,27,,2
1788020863973,ui_least-connections_ramp-up_1788020856832,least-connections,server-3,GET,/api/work,200,28,,2
1788020863982,ui_least-connections_ramp-up_1788020856832,least-connections,server-2,GET,/api/work,200,26,,2
1788020863988,ui_least-connections_ramp-up_1788020856832,least-connections,server-1,GET,/api/work,200,26,,2
1788020863992,ui_least-connections_ramp-up_1788020856832,least-connections,server-2,GET,/api/work,200,26,,2
1788020863992,ui_least-connections_ramp-up_1788020856832,least-connections,server-1,GET,/api/work,200,27,,1
1788020863994,ui_least-connections_ramp-up_1788020856832,least-connections,server-3,GET,/api/work,200,27,,1
1788020863995,ui_least-connections_ramp-up_1788020856832,least-connections,server-3,GET,/api/work,200,27,,0
1788020864001,ui_least-connections_ramp-up_1788020856832,least-connections,server-1,GET,/api/work,200,28,,2
1788020864006,ui_least-connections_ramp-up_1788020856832,least-connections,server-2,GET,/api/work,200,26,,2
1788020864010,ui_least-connections_ramp-up_1788020856832,least-connections,server-2,GET,/api/work,200,26,,1
1788020864020,ui_least-connections_ramp-up_1788020856832,least-connections,server-1,GET,/api/work,200,28,,2
1788020864020,ui_least-connections_ramp-up_1788020856832,least-connections,server-1,GET,/api/work,200,28,,1
1788020864020,ui_least-connections_ramp-up_1788020856832,least-connections,server-2,GET,/api/work,200,31,,2
1788020864024,ui_least-connections_ramp-up_1788020856832,least-connections,server-3,GET,/api/work,200,28,,2
1788020864031,ui_least-connections_ramp-up_1788020856832,least-connections,server-3,GET,/api/work,200,27,,2
1788020864031,ui_least-connections_ramp-up_1788020856832,least-connections,server-3,GET,/api/work,200,27,,1
1788020864031,ui_least-connections_ramp-up_1788020856832,least-connections,server-1,GET,/api/work,200,28,,2
1788020864039,ui_least-connections_ramp-up_1788020856832,least-connections,server-2,GET,/api/work,200,26,,2
1788020864046,ui_least-connections_ramp-up_1788020856832,least-connections,server-2,GET,/api/work,200,25,,2
1788020864050,ui_least-connections_ramp-up_1788020856832,least-connections,server-1,GET,/api/work,200,26,,2
1788020864052,ui_least-connections_ramp-up_1788020856832,least-connections,server-3,GET,/api/work,200,26,,1
1788020864052,ui_least-connections_ramp-up_1788020856832,least-connections,server-1,GET,/api/work,200,27,,2
1788020864052,ui_least-connections_ramp-up_1788020856832,least-connections,server-2,GET,/api/work,200,27,,1
1788020864060,ui_least-connections_ramp-up_1788020856832,least-connections,server-3,GET,/api/work,200,26,,1
1788020864063,ui_least-connections_ramp-up_1788020856832,least-connections,server-1,GET,/api/work,200,26,,2
1788020864067,ui_least-connections_ramp-up_1788020856832,least-connections,server-2,GET,/api/work,200,26,,2
1788020864077,ui_least-connections_ramp-up_1788020856832,least-connections,server-1,GET,/api/work,200,26,,2
1788020864079,ui_least-connections_ramp-up_1788020856832,least-connections,server-2,GET,/api/work,200,27,,2
1788020864082,ui_least-connections_ramp-up_1788020856832,least-connections,server-3,GET,/api/work,200,26,,2
1788020864083,ui_least-connections_ramp-up_1788020856832,least-connections,server-1,GET,/api/work,200,27,,2
1788020864089,ui_least-connections_ramp-up_1788020856832,least-connections,server-2,GET,/api/work,200,26,,2
1788020864089,ui_least-connections_ramp-up_1788020856832,least-connections,server-3,GET,/api/work,200,27,,2
1788020864089,ui_least-connections_ramp-up_1788020856832,least-connections,server-3,GET,/api/work,200,27,,1
1788020864096,ui_least-connections_ramp-up_1788020856832,least-connections,server-1,GET,/api/work,200,27,,2
1788020864101,ui_least-connections_ramp-up_1788020856832,least-connections,server-2,GET,/api/work,200,26,,2
1788020864107,ui_least-connections_ramp-up_1788020856832,least-connections,server-1,GET,/api/work,200,27,,2
1788020864109,ui_least-connections_ramp-up_1788020856832,least-connections,server-2,GET,/api/work,200,26,,1
1788020864111,ui_least-connections_ramp-up_1788020856832,least-connections,server-1,GET,/api/work,200,25,,2
1788020864111,ui_least-connections_ramp-up_1788020856832,least-connections,server-3,GET,/api/work,200,26,,1
1788020864117,ui_least-connections_ramp-up_1788020856832,least-connections,server-3,GET,/api/work,200,25,,1
1788020864120,ui_least-connections_ramp-up_1788020856832,least-connections,server-2,GET,/api/work,200,28,,2
1788020864124,ui_least-connections_ramp-up_1788020856832,least-connections,server-1,GET,/api/work,200,27,,2
1788020864134,ui_least-connections_ramp-up_1788020856832,least-connections,server-1,GET,/api/work,200,27,,2
1788020864135,ui_least-connections_ramp-up_1788020856832,least-connections,server-2,GET,/api/work,200,26,,2
1788020864139,ui_least-connections_ramp-up_1788020856832,least-connections,server-3,GET,/api/work,200,27,,2
1788020864141,ui_least-connections_ramp-up_1788020856832,least-connections,server-1,GET,/api/work,200,27,,2
1788020864146,ui_least-connections_ramp-up_1788020856832,least-connections,server-2,GET,/api/work,200,26,,2
1788020864146,ui_least-connections_ramp-up_1788020856832,least-connections,server-3,GET,/api/work,200,27,,2
1788020864148,ui_least-connections_ramp-up_1788020856832,least-connections,server-2,GET,/api/work,200,26,,2
1788020864153,ui_least-connections_ramp-up_1788020856832,least-connections,server-1,GET,/api/work,200,27,,2
1788020864158,ui_least-connections_ramp-up_1788020856832,least-connections,server-3,GET,/api/work,200,26,,1
1788020864164,ui_least-connections_ramp-up_1788020856832,least-connections,server-1,GET,/api/work,200,26,,2
1788020864167,ui_least-connections_ramp-up_1788020856832,least-connections,server-2,GET,/api/work,200,26,,2
1788020864167,ui_least-connections_ramp-up_1788020856832,least-connections,server-3,GET,/api/work,200,28,,1
1788020864168,ui_least-connections_ramp-up_1788020856832,least-connections,server-1,GET,/api/work,200,28,,2
1788020864174,ui_least-connections_ramp-up_1788020856832,least-connections,server-2,GET,/api/work,200,27,,1
1788020864178,ui_least-connections_ramp-up_1788020856832,least-connections,server-2,GET,/api/work,200,27,,2
1788020864182,ui_least-connections_ramp-up_1788020856832,least-connections,server-1,GET,/api/work,200,27,,2
1788020864193,ui_least-connections_ramp-up_1788020856832,least-connections,server-1,GET,/api/work,200,26,,2
1788020864192,ui_least-connections_ramp-up_1788020856832,least-connections,server-3,GET,/api/work,200,28,,2
1788020864198,ui_least-connections_ramp-up_1788020856832,least-connections,server-1,GET,/api/work,200,27,,2
1788020864198,ui_least-connections_ramp-up_1788020856832,least-connections,server-3,GET,/api/work,200,28,,1
1788020864204,ui_least-connections_ramp-up_1788020856832,least-connections,server-2,GET,/api/work,200,25,,2
1788020864204,ui_least-connections_ramp-up_1788020856832,least-connections,server-2,GET,/api/work,200,26,,1
1788020864206,ui_least-connections_ramp-up_1788020856832,least-connections,server-2,GET,/api/work,200,26,,1
1788020864210,ui_least-connections_ramp-up_1788020856832,least-connections,server-1,GET,/api/work,200,27,,2
1788020864215,ui_least-connections_ramp-up_1788020856832,least-connections,server-3,GET,/api/work,200,27,,2
1788020864223,ui_least-connections_ramp-up_1788020856832,least-connections,server-1,GET,/api/work,200,26,,2
1788020864227,ui_least-connections_ramp-up_1788020856832,least-connections,server-1,GET,/api/work,200,27,,2
1788020864227,ui_least-connections_ramp-up_1788020856832,least-connections,server-3,GET,/api/work,200,28,,1
1788020864227,ui_least-connections_ramp-up_1788020856832,least-connections,server-3,GET,/api/work,200,28,,0
1788020864231,ui_least-connections_ramp-up_1788020856832,least-connections,server-2,GET,/api/work,200,27,,2
1788020864235,ui_least-connections_ramp-up_1788020856832,least-connections,server-2,GET,/api/work,200,26,,2
1788020864240,ui_least-connections_ramp-up_1788020856832,least-connections,server-1,GET,/api/work,200,26,,2
1788020864250,ui_least-connections_ramp-up_1788020856832,least-connections,server-1,GET,/api/work,200,25,,2
1788020864251,ui_least-connections_ramp-up_1788020856832,least-connections,server-2,GET,/api/work,200,27,,2
1788020864257,ui_least-connections_ramp-up_1788020856832,least-connections,server-3,GET,/api/work,200,26,,2
1788020864258,ui_least-connections_ramp-up_1788020856832,least-connections,server-3,GET,/api/work,200,26,,1
1788020864261,ui_least-connections_ramp-up_1788020856832,least-connections,server-2,GET,/api/work,200,25,,2
1788020864260,ui_least-connections_ramp-up_1788020856832,least-connections,server-1,GET,/api/work,200,27,,2
1788020864262,ui_least-connections_ramp-up_1788020856832,least-connections,server-2,GET,/api/work,200,26,,1
1788020864268,ui_least-connections_ramp-up_1788020856832,least-connections,server-1,GET,/api/work,200,27,,2
1788020864272,ui_least-connections_ramp-up_1788020856832,least-connections,server-3,GET,/api/work,200,26,,2
1788020864280,ui_least-connections_ramp-up_1788020856832,least-connections,server-1,GET,/api/work,200,25,,2
1788020864284,ui_least-connections_ramp-up_1788020856832,least-connections,server-3,GET,/api/work,200,26,,1
1788020864286,ui_least-connections_ramp-up_1788020856832,least-connections,server-3,GET,/api/work,200,26,,0
1788020864286,ui_least-connections_ramp-up_1788020856832,least-connections,server-2,GET,/api/work,200,26,,2
1788020864288,ui_least-connections_ramp-up_1788020856832,least-connections,server-2,GET,/api/work,200,27,,1
1788020864292,ui_least-connections_ramp-up_1788020856832,least-connections,server-1,GET,/api/work,200,26,,2
1788020864297,ui_least-connections_ramp-up_1788020856832,least-connections,server-1,GET,/api/work,200,26,,2
1788020864306,ui_least-connections_ramp-up_1788020856832,least-connections,server-1,GET,/api/work,200,26,,2
1788020864308,ui_least-connections_ramp-up_1788020856832,least-connections,server-2,GET,/api/work,200,28,,2
1788020864314,ui_least-connections_ramp-up_1788020856832,least-connections,server-3,GET,/api/work,200,27,,2
1788020864314,ui_least-connections_ramp-up_1788020856832,least-connections,server-3,GET,/api/work,200,28,,1
1788020864317,ui_least-connections_ramp-up_1788020856832,least-connections,server-2,GET,/api/work,200,27,,2
1788020864318,ui_least-connections_ramp-up_1788020856832,least-connections,server-2,GET,/api/work,200,26,,2
1788020864318,ui_least-connections_ramp-up_1788020856832,least-connections,server-1,GET,/api/work,200,27,,2
1788020864325,ui_least-connections_ramp-up_1788020856832,least-connections,server-1,GET,/api/work,200,26,,2
1788020864328,ui_least-connections_ramp-up_1788020856832,least-connections,server-3,GET,/api/work,200,25,,1
1788020864336,ui_least-connections_ramp-up_1788020856832,least-connections,server-1,GET,/api/work,200,27,,1
1788020864341,ui_least-connections_ramp-up_1788020856832,least-connections,server-2,GET,/api/work,200,26,,2
1788020864344,ui_least-connections_ramp-up_1788020856832,least-connections,server-3,GET,/api/work,200,26,,1
1788020864345,ui_least-connections_ramp-up_1788020856832,least-connections,server-1,GET,/api/work,200,27,,2
1788020864344,ui_least-connections_ramp-up_1788020856832,least-connections,server-2,GET,/api/work,200,28,,1
1788020864349,ui_least-connections_ramp-up_1788020856832,least-connections,server-2,GET,/api/work,200,27,,2
1788020864354,ui_least-connections_ramp-up_1788020856832,least-connections,server-3,GET,/api/work,200,26,,1
1788020864363,ui_least-connections_ramp-up_1788020856832,least-connections,server-1,GET,/api/work,200,27,,2
1788020864367,ui_least-connections_ramp-up_1788020856832,least-connections,server-1,GET,/api/work,200,26,,1
1788020864372,ui_least-connections_ramp-up_1788020856832,least-connections,server-2,GET,/api/work,200,27,,2
1788020864373,ui_least-connections_ramp-up_1788020856832,least-connections,server-3,GET,/api/work,200,27,,2
1788020864376,ui_least-connections_ramp-up_1788020856832,least-connections,server-2,GET,/api/work,200,25,,1
1788020864375,ui_least-connections_ramp-up_1788020856832,least-connections,server-1,GET,/api/work,200,27,,2
1788020864377,ui_least-connections_ramp-up_1788020856832,least-connections,server-2,GET,/api/work,200,26,,1
1788020864382,ui_least-connections_ramp-up_1788020856832,least-connections,server-3,GET,/api/work,200,26,,1
1788020864384,ui_least-connections_ramp-up_1788020856832,least-connections,server-3,GET,/api/work,200,26,,0
1788020864394,ui_least-connections_ramp-up_1788020856832,least-connections,server-1,GET,/api/work,200,26,,2
1788020864398,ui_least-connections_ramp-up_1788020856832,least-connections,server-1,GET,/api/work,200,26,,2
1788020864402,ui_least-connections_ramp-up_1788020856832,least-connections,server-2,GET,/api/work,200,26,,2
1788020864403,ui_least-connections_ramp-up_1788020856832,least-connections,server-1,GET,/api/work,200,26,,2
1788020864403,ui_least-connections_ramp-up_1788020856832,least-connections,server-2,GET,/api/work,200,27,,1
1788020864406,ui_least-connections_ramp-up_1788020856832,least-connections,server-2,GET,/api/work,200,27,,2
1788020864411,ui_least-connections_ramp-up_1788020856832,least-connections,server-3,GET,/api/work,200,25,,1
1788020864420,ui_least-connections_ramp-up_1788020856832,least-connections,server-3,GET,/api/work,200,26,,2
1788020864424,ui_least-connections_ramp-up_1788020856832,least-connections,server-1,GET,/api/work,200,26,,2
1788020864429,ui_least-connections_ramp-up_1788020856832,least-connections,server-1,GET,/api/work,200,27,,3
1788020864430,ui_least-connections_ramp-up_1788020856832,least-connections,server-2,GET,/api/work,200,26,,2
1788020864432,ui_least-connections_ramp-up_1788020856832,least-connections,server-2,GET,/api/work,200,26,,1
1788020864432,ui_least-connections_ramp-up_1788020856832,least-connections,server-1,GET,/api/work,200,27,,2
1788020864433,ui_least-connections_ramp-up_1788020856832,least-connections,server-2,GET,/api/work,200,27,,1
1788020864439,ui_least-connections_ramp-up_1788020856832,least-connections,server-3,GET,/api/work,200,26,,2
1788020864441,ui_least-connections_ramp-up_1788020856832,least-connections,server-3,GET,/api/work,200,26,,2
1788020864448,ui_least-connections_ramp-up_1788020856832,least-connections,server-3,GET,/api/work,200,26,,1
1788020864450,ui_least-connections_ramp-up_1788020856832,least-connections,server-1,GET,/api/work,200,27,,2
1788020864455,ui_least-connections_ramp-up_1788020856832,least-connections,server-1,GET,/api/work,200,26,,2
1788020864459,ui_least-connections_ramp-up_1788020856832,least-connections,server-2,GET,/api/work,200,26,,2
1788020864460,ui_least-connections_ramp-up_1788020856832,least-connections,server-2,GET,/api/work,200,27,,1
1788020864461,ui_least-connections_ramp-up_1788020856832,least-connections,server-1,GET,/api/work,200,26,,1
1788020864464,ui_least-connections_ramp-up_1788020856832,least-connections,server-2,GET,/api/work,200,27,,2
1788020864466,ui_least-connections_ramp-up_1788020856832,least-connections,server-3,GET,/api/work,200,26,,2
1788020864477,ui_least-connections_ramp-up_1788020856832,least-connections,server-3,GET,/api/work,200,27,,2
1788020864481,ui_least-connections_ramp-up_1788020856832,least-connections,server-1,GET,/api/work,200,26,,2
1788020864488,ui_least-connections_ramp-up_1788020856832,least-connections,server-1,GET,/api/work,200,25,,3
1788020864488,ui_least-connections_ramp-up_1788020856832,least-connections,server-2,GET,/api/work,200,25,,2
1788020864489,ui_least-connections_ramp-up_1788020856832,least-connections,server-1,GET,/api/work,200,26,,2
1788020864490,ui_least-connections_ramp-up_1788020856832,least-connections,server-2,GET,/api/work,200,25,,1
1788020864490,ui_least-connections_ramp-up_1788020856832,least-connections,server-3,GET,/api/work,200,26,,2
1788020864496,ui_least-connections_ramp-up_1788020856832,least-connections,server-2,GET,/api/work,200,26,,2
1788020864498,ui_least-connections_ramp-up_1788020856832,least-connections,server-3,GET,/api/work,200,26,,2
1788020864505,ui_least-connections_ramp-up_1788020856832,least-connections,server-3,GET,/api/work,200,26,,1
1788020864508,ui_least-connections_ramp-up_1788020856832,least-connections,server-1,GET,/api/work,200,26,,2
1788020864512,ui_least-connections_ramp-up_1788020856832,least-connections,server-1,GET,/api/work,200,27,,2
1788020864515,ui_least-connections_ramp-up_1788020856832,least-connections,server-2,GET,/api/work,200,27,,2
1788020864518,ui_least-connections_ramp-up_1788020856832,least-connections,server-2,GET,/api/work,200,26,,2
1788020864518,ui_least-connections_ramp-up_1788020856832,least-connections,server-1,GET,/api/work,200,27,,2
1788020864520,ui_least-connections_ramp-up_1788020856832,least-connections,server-3,GET,/api/work,200,26,,1
1788020864522,ui_least-connections_ramp-up_1788020856832,least-connections,server-2,GET,/api/work,200,27,,2
1788020864534,ui_least-connections_ramp-up_1788020856832,least-connections,server-3,GET,/api/work,200,29,,2
1788020864538,ui_least-connections_ramp-up_1788020856832,least-connections,server-1,GET,/api/work,200,26,,3
1788020864544,ui_least-connections_ramp-up_1788020856832,least-connections,server-2,GET,/api/work,200,26,,2
1788020864544,ui_least-connections_ramp-up_1788020856832,least-connections,server-1,GET,/api/work,200,27,,3
1788020864547,ui_least-connections_ramp-up_1788020856832,least-connections,server-2,GET,/api/work,200,25,,1
1788020864547,ui_least-connections_ramp-up_1788020856832,least-connections,server-1,GET,/api/work,200,26,,2
1788020864547,ui_least-connections_ramp-up_1788020856832,least-connections,server-3,GET,/api/work,200,27,,2
1788020864553,ui_least-connections_ramp-up_1788020856832,least-connections,server-2,GET,/api/work,200,28,,2
1788020864554,ui_least-connections_ramp-up_1788020856832,least-connections,server-3,GET,/api/work,200,27,,2
1788020864562,ui_least-connections_ramp-up_1788020856832,least-connections,server-1,GET,/api/work,200,28,,3
1788020864565,ui_least-connections_ramp-up_1788020856832,least-connections,server-3,GET,/api/work,200,27,,1
1788020864569,ui_least-connections_ramp-up_1788020856832,least-connections,server-1,GET,/api/work,200,26,,2
1788020864573,ui_least-connections_ramp-up_1788020856832,least-connections,server-2,GET,/api/work,200,28,,1
1788020864576,ui_least-connections_ramp-up_1788020856832,least-connections,server-1,GET,/api/work,200,25,,2
1788020864576,ui_least-connections_ramp-up_1788020856832,least-connections,server-2,GET,/api/work,200,26,,1
1788020864577,ui_least-connections_ramp-up_1788020856832,least-connections,server-3,GET,/api/work,200,26,,1
1788020864579,ui_least-connections_ramp-up_1788020856832,least-connections,server-1,GET,/api/work,200,28,,2
1788020864594,ui_least-connections_ramp-up_1788020856832,least-connections,server-3,GET,/api/work,200,25,,2
1788020864595,ui_least-connections_ramp-up_1788020856832,least-connections,server-1,GET,/api/work,200,26,,2
1788020864602,ui_least-connections_ramp-up_1788020856832,least-connections,server-2,GET,/api/work,200,26,,2
1788020864602,ui_least-connections_ramp-up_1788020856832,least-connections,server-1,GET,/api/work,200,26,,3
1788020864604,ui_least-connections_ramp-up_1788020856832,least-connections,server-2,GET,/api/work,200,26,,1
1788020864604,ui_least-connections_ramp-up_1788020856832,least-connections,server-3,GET,/api/work,200,27,,2
1788020864606,ui_least-connections_ramp-up_1788020856832,least-connections,server-2,GET,/api/work,200,25,,0
1788020864612,ui_least-connections_ramp-up_1788020856832,least-connections,server-3,GET,/api/work,200,26,,2
1788020864612,ui_least-connections_ramp-up_1788020856832,least-connections,server-1,GET,/api/work,200,27,,2
1788020864620,ui_least-connections_ramp-up_1788020856832,least-connections,server-3,GET,/api/work,200,27,,1
1788020864623,ui_least-connections_ramp-up_1788020856832,least-connections,server-1,GET,/api/work,200,26,,2
1788020864626,ui_least-connections_ramp-up_1788020856832,least-connections,server-1,GET,/api/work,200,26,,1
1788020864632,ui_least-connections_ramp-up_1788020856832,least-connections,server-2,GET,/api/work,200,27,,2
1788020864632,ui_least-connections_ramp-up_1788020856832,least-connections,server-2,GET,/api/work,200,27,,1
1788020864633,ui_least-connections_ramp-up_1788020856832,least-connections,server-2,GET,/api/work,200,26,,0
1788020864633,ui_least-connections_ramp-up_1788020856832,least-connections,server-3,GET,/api/work,200,27,,1
1788020864639,ui_least-connections_ramp-up_1788020856832,least-connections,server-1,GET,/api/work,200,26,,2
1788020864650,ui_least-connections_ramp-up_1788020856832,least-connections,server-3,GET,/api/work,200,26,,2
1788020864652,ui_least-connections_ramp-up_1788020856832,least-connections,server-1,GET,/api/work,200,27,,2
1788020864658,ui_least-connections_ramp-up_1788020856832,least-connections,server-1,GET,/api/work,200,26,,3
1788020864660,ui_least-connections_ramp-up_1788020856832,least-connections,server-2,GET,/api/work,200,26,,2
1788020864661,ui_least-connections_ramp-up_1788020856832,least-connections,server-2,GET,/api/work,200,25,,1
1788020864661,ui_least-connections_ramp-up_1788020856832,least-connections,server-3,GET,/api/work,200,25,,2
1788020864662,ui_least-connections_ramp-up_1788020856832,least-connections,server-2,GET,/api/work,200,26,,0
1788020864670,ui_least-connections_ramp-up_1788020856832,least-connections,server-3,GET,/api/work,200,25,,2
1788020864670,ui_least-connections_ramp-up_1788020856832,least-connections,server-1,GET,/api/work,200,26,,2
1788020864677,ui_least-connections_ramp-up_1788020856832,least-connections,server-3,GET,/api/work,200,27,,1
1788020864679,ui_least-connections_ramp-up_1788020856832,least-connections,server-1,GET,/api/work,200,26,,2
1788020864683,ui_least-connections_ramp-up_1788020856832,least-connections,server-1,GET,/api/work,200,27,,1
1788020864690,ui_least-connections_ramp-up_1788020856832,least-connections,server-2,GET,/api/work,200,26,,2
1788020864691,ui_least-connections_ramp-up_1788020856832,least-connections,server-3,GET,/api/work,200,27,,2
1788020864690,ui_least-connections_ramp-up_1788020856832,least-connections,server-2,GET,/api/work,200,28,,2
1788020864691,ui_least-connections_ramp-up_1788020856832,least-connections,server-2,GET,/api/work,200,27,,1
1788020864696,ui_least-connections_ramp-up_1788020856832,least-connections,server-1,GET,/api/work,200,27,,3
1788020864706,ui_least-connections_ramp-up_1788020856832,least-connections,server-3,GET,/api/work,200,26,,2
1788020864710,ui_least-connections_ramp-up_1788020856832,least-connections,server-1,GET,/api/work,200,26,,2
1788020864713,ui_least-connections_ramp-up_1788020856832,least-connections,server-1,GET,/api/work,200,26,,2
1788020864717,ui_least-connections_ramp-up_1788020856832,least-connections,server-1,GET,/api/work,200,27,,2
1788020864717,ui_least-connections_ramp-up_1788020856832,least-connections,server-3,GET,/api/work,200,28,,2
1788020864717,ui_least-connections_ramp-up_1788020856832,least-connections,server-2,GET,/api/work,200,28,,2
1788020864719,ui_least-connections_ramp-up_1788020856832,least-connections,server-2,GET,/api/work,200,27,,1
1788020864726,ui_least-connections_ramp-up_1788020856832,least-connections,server-2,GET,/api/work,200,25,,2
1788020864727,ui_least-connections_ramp-up_1788020856832,least-connections,server-3,GET,/api/work,200,27,,2
1788020864734,ui_least-connections_ramp-up_1788020856832,least-connections,server-3,GET,/api/work,200,25,,1
1788020864737,ui_least-connections_ramp-up_1788020856832,least-connections,server-1,GET,/api/work,200,25,,2
1788020864739,ui_least-connections_ramp-up_1788020856832,least-connections,server-1,GET,/api/work,200,26,,1
1788020864747,ui_least-connections_ramp-up_1788020856832,least-connections,server-2,GET,/api/work,200,27,,2
1788020864748,ui_least-connections_ramp-up_1788020856832,least-connections,server-1,GET,/api/work,200,27,,2
1788020864749,ui_least-connections_ramp-up_1788020856832,least-connections,server-2,GET,/api/work,200,26,,1
1788020864750,ui_least-connections_ramp-up_1788020856832,least-connections,server-3,GET,/api/work,200,26,,1
1788020864754,ui_least-connections_ramp-up_1788020856832,least-connections,server-2,GET,/api/work,200,27,,2
1788020864762,ui_least-connections_ramp-up_1788020856832,least-connections,server-3,GET,/api/work,200,27,,2
1788020864767,ui_least-connections_ramp-up_1788020856832,least-connections,server-1,GET,/api/work,200,27,,3
1788020864768,ui_least-connections_ramp-up_1788020856832,least-connections,server-1,GET,/api/work,200,26,,2
1788020864776,ui_least-connections_ramp-up_1788020856832,least-connections,server-3,GET,/api/work,200,26,,2
1788020864776,ui_least-connections_ramp-up_1788020856832,least-connections,server-1,GET,/api/work,200,26,,2
1788020864776,ui_least-connections_ramp-up_1788020856832,least-connections,server-2,GET,/api/work,200,27,,2
1788020864776,ui_least-connections_ramp-up_1788020856832,least-connections,server-2,GET,/api/work,200,27,,1
1788020864782,ui_least-connections_ramp-up_1788020856832,least-connections,server-2,GET,/api/work,200,26,,2
1788020864784,ui_least-connections_ramp-up_1788020856832,least-connections,server-3,GET,/api/work,200,25,,2
1788020864790,ui_least-connections_ramp-up_1788020856832,least-connections,server-3,GET,/api/work,200,26,,1
1788020864793,ui_least-connections_ramp-up_1788020856832,least-connections,server-1,GET,/api/work,200,26,,2
1788020864796,ui_least-connections_ramp-up_1788020856832,least-connections,server-1,GET,/api/work,200,27,,1
1788020864804,ui_least-connections_ramp-up_1788020856832,least-connections,server-2,GET,/api/work,200,26,,2
1788020864805,ui_least-connections_ramp-up_1788020856832,least-connections,server-1,GET,/api/work,200,26,,2
1788020864805,ui_least-connections_ramp-up_1788020856832,least-connections,server-2,GET,/api/work,200,26,,1
1788020864807,ui_least-connections_ramp-up_1788020856832,least-connections,server-3,GET,/api/work,200,26,,1
1788020864811,ui_least-connections_ramp-up_1788020856832,least-connections,server-2,GET,/api/work,200,27,,2
1788020864820,ui_least-connections_ramp-up_1788020856832,least-connections,server-3,GET,/api/work,200,26,,2
1788020864825,ui_least-connections_ramp-up_1788020856832,least-connections,server-1,GET,/api/work,200,26,,3
1788020864825,ui_least-connections_ramp-up_1788020856832,least-connections,server-1,GET,/api/work,200,27,,2
1788020864834,ui_least-connections_ramp-up_1788020856832,least-connections,server-2,GET,/api/work,200,26,,3
1788020864835,ui_least-connections_ramp-up_1788020856832,least-connections,server-2,GET,/api/work,200,25,,2
1788020864834,ui_least-connections_ramp-up_1788020856832,least-connections,server-3,GET,/api/work,200,27,,2
1788020864834,ui_least-connections_ramp-up_1788020856832,least-connections,server-1,GET,/api/work,200,29,,2
1788020864840,ui_least-connections_ramp-up_1788020856832,least-connections,server-3,GET,/api/work,200,26,,2
1788020864839,ui_least-connections_ramp-up_1788020856832,least-connections,server-2,GET,/api/work,200,27,,2
1788020864847,ui_least-connections_ramp-up_1788020856832,least-connections,server-3,GET,/api/work,200,26,,1
1788020864847,ui_least-connections_ramp-up_1788020856832,least-connections,server-1,GET,/api/work,200,27,,3
1788020864850,ui_least-connections_ramp-up_1788020856832,least-connections,server-2,GET,/api/work,200,28,,2
1788020864854,ui_least-connections_ramp-up_1788020856832,least-connections,server-1,GET,/api/work,200,26,,2
1788020864861,ui_least-connections_ramp-up_1788020856832,least-connections,server-2,GET,/api/work,200,26,,2
1788020864863,ui_least-connections_ramp-up_1788020856832,least-connections,server-1,GET,/api/work,200,26,,2
1788020864864,ui_least-connections_ramp-up_1788020856832,least-connections,server-1,GET,/api/work,200,25,,1
1788020864864,ui_least-connections_ramp-up_1788020856832,least-connections,server-3,GET,/api/work,200,26,,1
1788020864868,ui_least-connections_ramp-up_1788020856832,least-connections,server-2,GET,/api/work,200,26,,2
1788020864877,ui_least-connections_ramp-up_1788020856832,least-connections,server-3,GET,/api/work,200,25,,2
1788020864882,ui_least-connections_ramp-up_1788020856832,least-connections,server-2,GET,/api/work,200,26,,2
1788020864882,ui_least-connections_ramp-up_1788020856832,least-connections,server-1,GET,/api/work,200,27,,3
1788020864891,ui_least-connections_ramp-up_1788020856832,least-connections,server-1,GET,/api/work,200,27,,3
1788020864893,ui_least-connections_ramp-up_1788020856832,least-connections,server-1,GET,/api/work,200,26,,3
1788020864894,ui_least-connections_ramp-up_1788020856832,least-connections,server-2,GET,/api/work,200,26,,3
1788020864893,ui_least-connections_ramp-up_1788020856832,least-connections,server-3,GET,/api/work,200,28,,2
1788020864897,ui_least-connections_ramp-up_1788020856832,least-connections,server-3,GET,/api/work,200,26,,2
1788020864897,ui_least-connections_ramp-up_1788020856832,least-connections,server-2,GET,/api/work,200,27,,2
1788020864904,ui_least-connections_ramp-up_1788020856832,least-connections,server-3,GET,/api/work,200,27,,1
1788020864905,ui_least-connections_ramp-up_1788020856832,least-connections,server-1,GET,/api/work,200,26,,3
1788020864909,ui_least-connections_ramp-up_1788020856832,least-connections,server-2,GET,/api/work,200,26,,2
1788020864911,ui_least-connections_ramp-up_1788020856832,least-connections,server-1,GET,/api/work,200,25,,2
1788020864918,ui_least-connections_ramp-up_1788020856832,least-connections,server-1,GET,/api/work,200,26,,2
1788020864919,ui_least-connections_ramp-up_1788020856832,least-connections,server-2,GET,/api/work,200,26,,2
1788020864921,ui_least-connections_ramp-up_1788020856832,least-connections,server-3,GET,/api/work,200,26,,1
1788020864922,ui_least-connections_ramp-up_1788020856832,least-connections,server-1,GET,/api/work,200,26,,1
1788020864924,ui_least-connections_ramp-up_1788020856832,least-connections,server-2,GET,/api/work,200,26,,1
1788020864933,ui_least-connections_ramp-up_1788020856832,least-connections,server-3,GET,/api/work,200,26,,2
1788020864939,ui_least-connections_ramp-up_1788020856832,least-connections,server-1,GET,/api/work,200,26,,3
1788020864940,ui_least-connections_ramp-up_1788020856832,least-connections,server-2,GET,/api/work,200,27,,2
1788020864949,ui_least-connections_ramp-up_1788020856832,least-connections,server-1,GET,/api/work,200,28,,3
1788020864952,ui_least-connections_ramp-up_1788020856832,least-connections,server-1,GET,/api/work,200,26,,2
1788020864950,ui_least-connections_ramp-up_1788020856832,least-connections,server-2,GET,/api/work,200,28,,3
1788020864952,ui_least-connections_ramp-up_1788020856832,least-connections,server-3,GET,/api/work,200,27,,3
1788020864954,ui_least-connections_ramp-up_1788020856832,least-connections,server-2,GET,/api/work,200,26,,2
1788020864955,ui_least-connections_ramp-up_1788020856832,least-connections,server-3,GET,/api/work,200,26,,2
1788020864962,ui_least-connections_ramp-up_1788020856832,least-connections,server-3,GET,/api/work,200,26,,1
1788020864962,ui_least-connections_ramp-up_1788020856832,least-connections,server-1,GET,/api/work,200,27,,3
1788020864966,ui_least-connections_ramp-up_1788020856832,least-connections,server-1,GET,/api/work,200,25,,2
1788020864967,ui_least-connections_ramp-up_1788020856832,least-connections,server-2,GET,/api/work,200,26,,2
1788020864976,ui_least-connections_ramp-up_1788020856832,least-connections,server-2,GET,/api/work,200,28,,2
1788020864978,ui_least-connections_ramp-up_1788020856832,least-connections,server-1,GET,/api/work,200,26,,2
1788020864976,ui_least-connections_ramp-up_1788020856832,least-connections,server-3,GET,/api/work,200,29,,1
1788020864979,ui_least-connections_ramp-up_1788020856832,least-connections,server-1,GET,/api/work,200,27,,1
1788020864981,ui_least-connections_ramp-up_1788020856832,least-connections,server-2,GET,/api/work,200,26,,1
1788020864990,ui_least-connections_ramp-up_1788020856832,least-connections,server-3,GET,/api/work,200,26,,2
1788020864996,ui_least-connections_ramp-up_1788020856832,least-connections,server-2,GET,/api/work,200,26,,2
1788020864996,ui_least-connections_ramp-up_1788020856832,least-connections,server-1,GET,/api/work,200,27,,3
1788020865006,ui_least-connections_ramp-up_1788020856832,least-connections,server-1,GET,/api/work,200,26,,3
1788020865008,ui_least-connections_ramp-up_1788020856832,least-connections,server-2,GET,/api/work,200,26,,2
1788020865009,ui_least-connections_ramp-up_1788020856832,least-connections,server-3,GET,/api/work,200,26,,2
1788020865010,ui_least-connections_ramp-up_1788020856832,least-connections,server-1,GET,/api/work,200,26,,3
1788020865011,ui_least-connections_ramp-up_1788020856832,least-connections,server-3,GET,/api/work,200,26,,1
1788020865011,ui_least-connections_ramp-up_1788020856832,least-connections,server-2,GET,/api/work,200,27,,3
1788020865018,ui_least-connections_ramp-up_1788020856832,least-connections,server-3,GET,/api/work,200,26,,2
1788020865020,ui_least-connections_ramp-up_1788020856832,least-connections,server-1,GET,/api/work,200,25,,2
1788020865022,ui_least-connections_ramp-up_1788020856832,least-connections,server-2,GET,/api/work,200,26,,2
1788020865024,ui_least-connections_ramp-up_1788020856832,least-connections,server-1,GET,/api/work,200,26,,2
1788020865034,ui_least-connections_ramp-up_1788020856832,least-connections,server-1,GET,/api/work,200,26,,2
1788020865034,ui_least-connections_ramp-up_1788020856832,least-connections,server-2,GET,/api/work,200,27,,2
1788020865035,ui_least-connections_ramp-up_1788020856832,least-connections,server-2,GET,/api/work,200,26,,1
1788020865037,ui_least-connections_ramp-up_1788020856832,least-connections,server-3,GET,/api/work,200,26,,1
1788020865038,ui_least-connections_ramp-up_1788020856832,least-connections,server-3,GET,/api/work,200,26,,1
1788020865047,ui_least-connections_ramp-up_1788020856832,least-connections,server-1,GET,/api/work,200,26,,2
1788020865053,ui_least-connections_ramp-up_1788020856832,least-connections,server-1,GET,/api/work,200,26,,3
1788020865053,ui_least-connections_ramp-up_1788020856832,least-connections,server-2,GET,/api/work,200,27,,3
1788020865061,ui_least-connections_ramp-up_1788020856832,least-connections,server-2,GET,/api/work,200,26,,2
1788020865063,ui_least-connections_ramp-up_1788020856832,least-connections,server-3,GET,/api/work,200,27,,2
1788020865067,ui_least-connections_ramp-up_1788020856832,least-connections,server-2,GET,/api/work,200,26,,3
1788020865067,ui_least-connections_ramp-up_1788020856832,least-connections,server-3,GET,/api/work,200,27,,2
1788020865067,ui_least-connections_ramp-up_1788020856832,least-connections,server-1,GET,/api/work,200,27,,3
1788020865069,ui_least-connections_ramp-up_1788020856832,least-connections,server-3,GET,/api/work,200,26,,2
1788020865075,ui_least-connections_ramp-up_1788020856832,least-connections,server-1,GET,/api/work,200,26,,2
1788020865076,ui_least-connections_ramp-up_1788020856832,least-connections,server-1,GET,/api/work,200,26,,1
1788020865079,ui_least-connections_ramp-up_1788020856832,least-connections,server-2,GET,/api/work,200,27,,2
1788020865080,ui_least-connections_ramp-up_1788020856832,least-connections,server-1,GET,/api/work,200,26,,1
1788020865091,ui_least-connections_ramp-up_1788020856832,least-connections,server-2,GET,/api/work,200,25,,1
1788020865092,ui_least-connections_ramp-up_1788020856832,least-connections,server-3,GET,/api/work,200,26,,2
1788020865092,ui_least-connections_ramp-up_1788020856832,least-connections,server-2,GET,/api/work,200,27,,1
1788020865094,ui_least-connections_ramp-up_1788020856832,least-connections,server-3,GET,/api/work,200,27,,1
1788020865095,ui_least-connections_ramp-up_1788020856832,least-connections,server-3,GET,/api/work,200,26,,0
1788020865105,ui_least-connections_ramp-up_1788020856832,least-connections,server-1,GET,/api/work,200,27,,2
1788020865110,ui_least-connections_ramp-up_1788020856832,least-connections,server-1,GET,/api/work,200,27,,3
1788020865110,ui_least-connections_ramp-up_1788020856832,least-connections,server-1,GET,/api/work,200,27,,2
1788020865118,ui_least-connections_ramp-up_1788020856832,least-connections,server-2,GET,/api/work,200,26,,2
1788020865121,ui_least-connections_ramp-up_1788020856832,least-connections,server-3,GET,/api/work,200,26,,2
1788020865124,ui_least-connections_ramp-up_1788020856832,least-connections,server-2,GET,/api/work,200,26,,3
1788020865125,ui_least-connections_ramp-up_1788020856832,least-connections,server-3,GET,/api/work,200,26,,2
1788020865126,ui_least-connections_ramp-up_1788020856832,least-connections,server-3,GET,/api/work,200,26,,1
1788020865126,ui_least-connections_ramp-up_1788020856832,least-connections,server-2,GET,/api/work,200,27,,3
1788020865132,ui_least-connections_ramp-up_1788020856832,least-connections,server-1,GET,/api/work,200,26,,3
1788020865132,ui_least-connections_ramp-up_1788020856832,least-connections,server-1,GET,/api/work,200,26,,2
1788020865137,ui_least-connections_ramp-up_1788020856832,least-connections,server-1,GET,/api/work,200,27,,2
1788020865138,ui_least-connections_ramp-up_1788020856832,least-connections,server-1,GET,/api/work,200,26,,1
1788020865148,ui_least-connections_ramp-up_1788020856832,least-connections,server-2,GET,/api/work,200,25,,2
1788020865149,ui_least-connections_ramp-up_1788020856832,least-connections,server-2,GET,/api/work,200,26,,2
1788020865149,ui_least-connections_ramp-up_1788020856832,least-connections,server-3,GET,/api/work,200,27,,1
1788020865151,ui_least-connections_ramp-up_1788020856832,least-connections,server-2,GET,/api/work,200,26,,1
1788020865153,ui_least-connections_ramp-up_1788020856832,least-connections,server-3,GET,/api/work,200,26,,0
1788020865163,ui_least-connections_ramp-up_1788020856832,least-connections,server-1,GET,/api/work,200,25,,2
1788020865168,ui_least-connections_ramp-up_1788020856832,least-connections,server-1,GET,/api/work,200,27,,3
1788020865168,ui_least-connections_ramp-up_1788020856832,least-connections,server-1,GET,/api/work,200,27,,2
1788020865174,ui_least-connections_ramp-up_1788020856832,least-connections,server-2,GET,/api/work,200,26,,3
1788020865178,ui_least-connections_ramp-up_1788020856832,least-connections,server-2,GET,/api/work,200,27,,2
1788020865181,ui_least-connections_ramp-up_1788020856832,least-connections,server-3,GET,/api/work,200,27,,2
1788020865182,ui_least-connections_ramp-up_1788020856832,least-connections,server-3,GET,/api/work,200,26,,1
1788020865184,ui_least-connections_ramp-up_1788020856832,least-connections,server-3,GET,/api/work,200,26,,2
1788020865184,ui_least-connections_ramp-up_1788020856832,least-connections,server-2,GET,/api/work,200,26,,3
1788020865189,ui_least-connections_ramp-up_1788020856832,least-connections,server-1,GET,/api/work,200,26,,3
1788020865189,ui_least-connections_ramp-up_1788020856832,least-connections,server-1,GET,/api/work,200,26,,2
1788020865194,ui_least-connections_ramp-up_1788020856832,least-connections,server-2,GET,/api/work,200,26,,2
1788020865195,ui_least-connections_ramp-up_1788020856832,least-connections,server-1,GET,/api/work,200,26,,2
1788020865204,ui_least-connections_ramp-up_1788020856832,least-connections,server-1,GET,/api/work,200,26,,2
1788020865206,ui_least-connections_ramp-up_1788020856832,least-connections,server-2,GET,/api/work,200,26,,2
1788020865207,ui_least-connections_ramp-up_1788020856832,least-connections,server-2,GET,/api/work,200,27,,1
1788020865209,ui_least-connections_ramp-up_1788020856832,least-connections,server-3,GET,/api/work,200,26,,1
1788020865209,ui_least-connections_ramp-up_1788020856832,least-connections,server-3,GET,/api/work,200,26,,0
1788020865219,ui_least-connections_ramp-up_1788020856832,least-connections,server-1,GET,/api/work,200,26,,2
1788020865225,ui_least-connections_ramp-up_1788020856832,least-connections,server-1,GET,/api/work,200,26,,3
1788020865226,ui_least-connections_ramp-up_1788020856832,least-connections,server-2,GET,/api/work,200,27,,3
1788020865231,ui_least-connections_ramp-up_1788020856832,least-connections,server-1,GET,/api/work,200,26,,3
1788020865235,ui_least-connections_ramp-up_1788020856832,least-connections,server-3,GET,/api/work,200,26,,3
1788020865239,ui_least-connections_ramp-up_1788020856832,least-connections,server-2,GET,/api/work,200,27,,3
1788020865239,ui_least-connections_ramp-up_1788020856832,least-connections,server-3,GET,/api/work,200,27,,3
1788020865241,ui_least-connections_ramp-up_1788020856832,least-connections,server-2,GET,/api/work,200,26,,2
1788020865241,ui_least-connections_ramp-up_1788020856832,least-connections,server-3,GET,/api/work,200,27,,2
1788020865246,ui_least-connections_ramp-up_1788020856832,least-connections,server-1,GET,/api/work,200,27,,4
1788020865246,ui_least-connections_ramp-up_1788020856832,least-connections,server-1,GET,/api/work,200,27,,3
1788020865249,ui_least-connections_ramp-up_1788020856832,least-connections,server-2,GET,/api/work,200,25,,2
1788020865252,ui_least-connections_ramp-up_1788020856832,least-connections,server-1,GET,/api/work,200,26,,2
1788020865251,ui_least-connections_ramp-up_1788020856832,least-connections,server-3,GET,/api/work,200,27,,1
1788020865260,ui_least-connections_ramp-up_1788020856832,least-connections,server-1,GET,/api/work,200,26,,2
1788020865264,ui_least-connections_ramp-up_1788020856832,least-connections,server-3,GET,/api/work,200,25,,1
1788020865263,ui_least-connections_ramp-up_1788020856832,least-connections,server-2,GET,/api/work,200,26,,2
1788020865265,ui_least-connections_ramp-up_1788020856832,least-connections,server-1,GET,/api/work,200,29,,2
1788020865268,ui_least-connections_ramp-up_1788020856832,least-connections,server-2,GET,/api/work,200,27,,1
1788020865276,ui_least-connections_ramp-up_1788020856832,least-connections,server-2,GET,/api/work,200,27,,2
1788020865282,ui_least-connections_ramp-up_1788020856832,least-connections,server-3,GET,/api/work,200,26,,2
1788020865283,ui_least-connections_ramp-up_1788020856832,least-connections,server-1,GET,/api/work,200,27,,3
1788020865288,ui_least-connections_ramp-up_1788020856832,least-connections,server-1,GET,/api/work,200,26,,2
1788020865293,ui_least-connections_ramp-up_1788020856832,least-connections,server-3,GET,/api/work,200,26,,3
1788020865299,ui_least-connections_ramp-up_1788020856832,least-connections,server-3,GET,/api/work,200,25,,3
1788020865298,ui_least-connections_ramp-up_1788020856832,least-connections,server-1,GET,/api/work,200,27,,3
1788020865298,ui_least-connections_ramp-up_1788020856832,least-connections,server-2,GET,/api/work,200,27,,3
1788020865298,ui_least-connections_ramp-up_1788020856832,least-connections,server-2,GET,/api/work,200,28,,2
1788020865304,ui_least-connections_ramp-up_1788020856832,least-connections,server-2,GET,/api/work,200,26,,2
1788020865305,ui_least-connections_ramp-up_1788020856832,least-connections,server-1,GET,/api/work,200,26,,3
1788020865306,ui_least-connections_ramp-up_1788020856832,least-connections,server-2,GET,/api/work,200,27,,2
1788020865309,ui_least-connections_ramp-up_1788020856832,least-connections,server-3,GET,/api/work,200,27,,2
1788020865309,ui_least-connections_ramp-up_1788020856832,least-connections,server-3,GET,/api/work,200,27,,1
1788020865317,ui_least-connections_ramp-up_1788020856832,least-connections,server-1,GET,/api/work,200,26,,2
1788020865320,ui_least-connections_ramp-up_1788020856832,least-connections,server-3,GET,/api/work,200,26,,1
1788020865320,ui_least-connections_ramp-up_1788020856832,least-connections,server-1,GET,/api/work,200,27,,2
1788020865326,ui_least-connections_ramp-up_1788020856832,least-connections,server-1,GET,/api/work,200,27,,1
1788020865326,ui_least-connections_ramp-up_1788020856832,least-connections,server-2,GET,/api/work,200,27,,2
1788020865333,ui_least-connections_ramp-up_1788020856832,least-connections,server-2,GET,/api/work,200,25,,2
1788020865339,ui_least-connections_ramp-up_1788020856832,least-connections,server-3,GET,/api/work,200,26,,2
1788020865339,ui_least-connections_ramp-up_1788020856832,least-connections,server-2,GET,/api/work,200,27,,3
1788020865345,ui_least-connections_ramp-up_1788020856832,least-connections,server-1,GET,/api/work,200,26,,3
1788020865352,ui_least-connections_ramp-up_1788020856832,least-connections,server-3,GET,/api/work,200,26,,3
1788020865355,ui_least-connections_ramp-up_1788020856832,least-connections,server-1,GET,/api/work,200,27,,4
1788020865357,ui_least-connections_ramp-up_1788020856832,least-connections,server-1,GET,/api/work,200,25,,3
1788020865357,ui_least-connections_ramp-up_1788020856832,least-connections,server-2,GET,/api/work,200,27,,3
1788020865357,ui_least-connections_ramp-up_1788020856832,least-connections,server-3,GET,/api/work,200,27,,2
1788020865361,ui_least-connections_ramp-up_1788020856832,least-connections,server-2,GET,/api/work,200,26,,2
1788020865361,ui_least-connections_ramp-up_1788020856832,least-connections,server-1,GET,/api/work,200,27,,3
1788020865364,ui_least-connections_ramp-up_1788020856832,least-connections,server-2,GET,/api/work,200,25,,2
1788020865367,ui_least-connections_ramp-up_1788020856832,least-connections,server-2,GET,/api/work,200,26,,1
1788020865367,ui_least-connections_ramp-up_1788020856832,least-connections,server-3,GET,/api/work,200,27,,2
1788020865373,ui_least-connections_ramp-up_1788020856832,least-connections,server-1,GET,/api/work,200,26,,2
1788020865377,ui_least-connections_ramp-up_1788020856832,least-connections,server-1,GET,/api/work,200,25,,1
1788020865376,ui_least-connections_ramp-up_1788020856832,least-connections,server-3,GET,/api/work,200,26,,1
1788020865385,ui_least-connections_ramp-up_1788020856832,least-connections,server-1,GET,/api/work,200,25,,1
1788020865384,ui_least-connections_ramp-up_1788020856832,least-connections,server-3,GET,/api/work,200,26,,1
1788020865389,ui_least-connections_ramp-up_1788020856832,least-connections,server-2,GET,/api/work,200,26,,2
1788020865396,ui_least-connections_ramp-up_1788020856832,least-connections,server-2,GET,/api/work,200,26,,3
1788020865396,ui_least-connections_ramp-up_1788020856832,least-connections,server-2,GET,/api/work,200,27,,2
1788020865403,ui_least-connections_ramp-up_1788020856832,least-connections,server-1,GET,/api/work,200,26,,3
1788020865409,ui_least-connections_ramp-up_1788020856832,least-connections,server-3,GET,/api/work,200,27,,3
1788020865412,ui_least-connections_ramp-up_1788020856832,least-connections,server-1,GET,/api/work,200,27,,4
1788020865413,ui_least-connections_ramp-up_1788020856832,least-connections,server-3,GET,/api/work,200,27,,2
1788020865415,ui_least-connections_ramp-up_1788020856832,least-connections,server-1,GET,/api/work,200,26,,3
1788020865415,ui_least-connections_ramp-up_1788020856832,least-connections,server-2,GET,/api/work,200,26,,3
1788020865418,ui_least-connections_ramp-up_1788020856832,least-connections,server-3,GET,/api/work,200,26,,2
1788020865419,ui_least-connections_ramp-up_1788020856832,least-connections,server-1,GET,/api/work,200,26,,3
1788020865419,ui_least-connections_ramp-up_1788020856832,least-connections,server-2,GET,/api/work,200,27,,2
1788020865424,ui_least-connections_ramp-up_1788020856832,least-connections,server-2,GET,/api/work,200,26,,2
1788020865425,ui_least-connections_ramp-up_1788020856832,least-connections,server-2,GET,/api/work,200,27,,1
1788020865430,ui_least-connections_ramp-up_1788020856832,least-connections,server-1,GET,/api/work,200,26,,2
1788020865433,ui_least-connections_ramp-up_1788020856832,least-connections,server-1,GET,/api/work,200,26,,1
1788020865433,ui_least-connections_ramp-up_1788020856832,least-connections,server-3,GET,/api/work,200,26,,1
1788020865440,ui_least-connections_ramp-up_1788020856832,least-connections,server-3,GET,/api/work,200,26,,0
1788020865441,ui_least-connections_ramp-up_1788020856832,least-connections,server-1,GET,/api/work,200,26,,1
1788020865446,ui_least-connections_ramp-up_1788020856832,least-connections,server-2,GET,/api/work,200,27,,2
1788020865453,ui_least-connections_ramp-up_1788020856832,least-connections,server-2,GET,/api/work,200,27,,3
1788020865454,ui_least-connections_ramp-up_1788020856832,least-connections,server-2,GET,/api/work,200,26,,2
1788020865460,ui_least-connections_ramp-up_1788020856832,least-connections,server-1,GET,/api/work,200,26,,3
1788020865467,ui_least-connections_ramp-up_1788020856832,least-connections,server-3,GET,/api/work,200,26,,3
1788020865470,ui_least-connections_ramp-up_1788020856832,least-connections,server-1,GET,/api/work,200,25,,4
1788020865470,ui_least-connections_ramp-up_1788020856832,least-connections,server-3,GET,/api/work,200,26,,2
1788020865471,ui_least-connections_ramp-up_1788020856832,least-connections,server-1,GET,/api/work,200,26,,3
1788020865472,ui_least-connections_ramp-up_1788020856832,least-connections,server-3,GET,/api/work,200,26,,2
1788020865475,ui_least-connections_ramp-up_1788020856832,least-connections,server-1,GET,/api/work,200,26,,2
1788020865475,ui_least-connections_ramp-up_1788020856832,least-connections,server-2,GET,/api/work,200,27,,3
1788020865477,ui_least-connections_ramp-up_1788020856832,least-connections,server-2,GET,/api/work,200,26,,2
1788020865481,ui_least-connections_ramp-up_1788020856832,least-connections,server-2,GET,/api/work,200,26,,1
1788020865482,ui_least-connections_ramp-up_1788020856832,least-connections,server-2,GET,/api/work,200,26,,0
1788020865487,ui_least-connections_ramp-up_1788020856832,least-connections,server-1,GET,/api/work,200,27,,2
1788020865490,ui_least-connections_ramp-up_1788020856832,least-connections,server-1,GET,/api/work,200,26,,1
1788020865490,ui_least-connections_ramp-up_1788020856832,least-connections,server-3,GET,/api/work,200,27,,2
1788020865497,ui_least-connections_ramp-up_1788020856832,least-connections,server-3,GET,/api/work,200,26,,1
1788020865498,ui_least-connections_ramp-up_1788020856832,least-connections,server-3,GET,/api/work,200,26,,1
1788020865503,ui_least-connections_ramp-up_1788020856832,least-connections,server-1,GET,/api/work,200,26,,2
1788020865511,ui_least-connections_ramp-up_1788020856832,least-connections,server-2,GET,/api/work,200,26,,3
1788020865511,ui_least-connections_ramp-up_1788020856832,least-connections,server-2,GET,/api/work,200,27,,2
1788020865517,ui_least-connections_ramp-up_1788020856832,least-connections,server-1,GET,/api/work,200,26,,3
1788020865524,ui_least-connections_ramp-up_1788020856832,least-connections,server-3,GET,/api/work,200,25,,3
1788020865526,ui_least-connections_ramp-up_1788020856832,least-connections,server-3,GET,/api/work,200,26,,2
1788020865526,ui_least-connections_ramp-up_1788020856832,least-connections,server-1,GET,/api/work,200,26,,4
1788020865528,ui_least-connections_ramp-up_1788020856832,least-connections,server-2,GET,/api/work,200,25,,3
1788020865529,ui_least-connections_ramp-up_1788020856832,least-connections,server-3,GET,/api/work,200,27,,2
1788020865532,ui_least-connections_ramp-up_1788020856832,least-connections,server-1,GET,/api/work,200,26,,3
1788020865532,ui_least-connections_ramp-up_1788020856832,least-connections,server-1,GET,/api/work,200,26,,2
1788020865533,ui_least-connections_ramp-up_1788020856832,least-connections,server-2,GET,/api/work,200,26,,3
1788020865538,ui_least-connections_ramp-up_1788020856832,least-connections,server-2,GET,/api/work,200,27,,2
1788020865538,ui_least-connections_ramp-up_1788020856832,least-connections,server-2,GET,/api/work,200,27,,1
1788020865544,ui_least-connections_ramp-up_1788020856832,least-connections,server-1,GET,/api/work,200,26,,2
1788020865547,ui_least-connections_ramp-up_1788020856832,least-connections,server-1,GET,/api/work,200,26,,1
1788020865547,ui_least-connections_ramp-up_1788020856832,least-connections,server-3,GET,/api/work,200,27,,1
1788020865554,ui_least-connections_ramp-up_1788020856832,least-connections,server-3,GET,/api/work,200,25,,0
1788020865555,ui_least-connections_ramp-up_1788020856832,least-connections,server-2,GET,/api/work,200,26,,2
1788020865560,ui_least-connections_ramp-up_1788020856832,least-connections,server-1,GET,/api/work,200,26,,2
1788020865568,ui_least-connections_ramp-up_1788020856832,least-connections,server-2,GET,/api/work,200,26,,3
1788020865569,ui_least-connections_ramp-up_1788020856832,least-connections,server-2,GET,/api/work,200,26,,2
1788020865574,ui_least-connections_ramp-up_1788020856832,least-connections,server-1,GET,/api/work,200,26,,3
1788020865580,ui_least-connections_ramp-up_1788020856832,least-connections,server-3,GET,/api/work,200,26,,3
1788020865582,ui_least-connections_ramp-up_1788020856832,least-connections,server-3,GET,/api/work,200,25,,2
1788020865583,ui_least-connections_ramp-up_1788020856832,least-connections,server-1,GET,/api/work,200,27,,4
1788020865584,ui_least-connections_ramp-up_1788020856832,least-connections,server-2,GET,/api/work,200,26,,3
1788020865586,ui_least-connections_ramp-up_1788020856832,least-connections,server-1,GET,/api/work,200,26,,3
1788020865589,ui_least-connections_ramp-up_1788020856832,least-connections,server-2,GET,/api/work,200,26,,3
1788020865589,ui_least-connections_ramp-up_1788020856832,least-connections,server-3,GET,/api/work,200,26,,2
1788020865589,ui_least-connections_ramp-up_1788020856832,least-connections,server-1,GET,/api/work,200,27,,2
1788020865596,ui_least-connections_ramp-up_1788020856832,least-connections,server-2,GET,/api/work,200,26,,2
1788020865596,ui_least-connections_ramp-up_1788020856832,least-connections,server-2,GET,/api/work,200,27,,1
1788020865601,ui_least-connections_ramp-up_1788020856832,least-connections,server-1,GET,/api/work,200,26,,2
1788020865604,ui_least-connections_ramp-up_1788020856832,least-connections,server-3,GET,/api/work,200,26,,1
1788020865604,ui_least-connections_ramp-up_1788020856832,least-connections,server-1,GET,/api/work,200,27,,1
1788020865609,ui_least-connections_ramp-up_1788020856832,least-connections,server-3,GET,/api/work,200,27,,0
1788020865612,ui_least-connections_ramp-up_1788020856832,least-connections,server-2,GET,/api/work,200,27,,2
1788020865617,ui_least-connections_ramp-up_1788020856832,least-connections,server-1,GET,/api/work,200,25,,2
1788020865625,ui_least-connections_ramp-up_1788020856832,least-connections,server-2,GET,/api/work,200,27,,3
1788020865626,ui_least-connections_ramp-up_1788020856832,least-connections,server-2,GET,/api/work,200,26,,2
1788020865631,ui_least-connections_ramp-up_1788020856832,least-connections,server-1,GET,/api/work,200,27,,4
1788020865637,ui_least-connections_ramp-up_1788020856832,least-connections,server-3,GET,/api/work,200,25,,3
1788020865637,ui_least-connections_ramp-up_1788020856832,least-connections,server-3,GET,/api/work,200,27,,2
1788020865640,ui_least-connections_ramp-up_1788020856832,least-connections,server-1,GET,/api/work,200,27,,4
1788020865640,ui_least-connections_ramp-up_1788020856832,least-connections,server-2,GET,/api/work,200,27,,4
1788020865643,ui_least-connections_ramp-up_1788020856832,least-connections,server-1,GET,/api/work,200,26,,3
1788020865646,ui_least-connections_ramp-up_1788020856832,least-connections,server-3,GET,/api/work,200,26,,3
1788020865647,ui_least-connections_ramp-up_1788020856832,least-connections,server-2,GET,/api/work,200,26,,3
1788020865647,ui_least-connections_ramp-up_1788020856832,least-connections,server-1,GET,/api/work,200,26,,3
1788020865649,ui_least-connections_ramp-up_1788020856832,least-connections,server-3,GET,/api/work,200,26,,2
1788020865652,ui_least-connections_ramp-up_1788020856832,least-connections,server-2,GET,/api/work,200,27,,2
1788020865652,ui_least-connections_ramp-up_1788020856832,least-connections,server-2,GET,/api/work,200,27,,1
1788020865657,ui_least-connections_ramp-up_1788020856832,least-connections,server-1,GET,/api/work,200,26,,2
1788020865661,ui_least-connections_ramp-up_1788020856832,least-connections,server-1,GET,/api/work,200,27,,2
1788020865662,ui_least-connections_ramp-up_1788020856832,least-connections,server-2,GET,/api/work,200,27,,1
1788020865667,ui_least-connections_ramp-up_1788020856832,least-connections,server-3,GET,/api/work,200,26,,1
1788020865669,ui_least-connections_ramp-up_1788020856832,least-connections,server-3,GET,/api/work,200,26,,1
1788020865673,ui_least-connections_ramp-up_1788020856832,least-connections,server-1,GET,/api/work,200,26,,2
1788020865682,ui_least-connections_ramp-up_1788020856832,least-connections,server-2,GET,/api/work,200,25,,3
1788020865683,ui_least-connections_ramp-up_1788020856832,least-connections,server-1,GET,/api/work,200,26,,3
1788020865688,ui_least-connections_ramp-up_1788020856832,least-connections,server-1,GET,/api/work,200,26,,4
1788020865693,ui_least-connections_ramp-up_1788020856832,least-connections,server-2,GET,/api/work,200,26,,4
1788020865694,ui_least-connections_ramp-up_1788020856832,least-connections,server-3,GET,/api/work,200,26,,3
1788020865698,ui_least-connections_ramp-up_1788020856832,least-connections,server-2,GET,/api/work,200,26,,3
1788020865698,ui_least-connections_ramp-up_1788020856832,least-connections,server-3,GET,/api/work,200,27,,3
1788020865700,ui_least-connections_ramp-up_1788020856832,least-connections,server-1,GET,/api/work,200,25,,4
1788020865704,ui_least-connections_ramp-up_1788020856832,least-connections,server-3,GET,/api/work,200,26,,2
1788020865704,ui_least-connections_ramp-up_1788020856832,least-connections,server-2,GET,/api/work,200,26,,3
1788020865704,ui_least-connections_ramp-up_1788020856832,least-connections,server-1,GET,/api/work,200,27,,3
1788020865708,ui_least-connections_ramp-up_1788020856832,least-connections,server-2,GET,/api/work,200,26,,2
1788020865707,ui_least-connections_ramp-up_1788020856832,least-connections,server-3,GET,/api/work,200,27,,2
1788020865710,ui_least-connections_ramp-up_1788020856832,least-connections,server-1,GET,/api/work,200,26,,2
1788020865714,ui_least-connections_ramp-up_1788020856832,least-connections,server-1,GET,/api/work,200,26,,2
1788020865719,ui_least-connections_ramp-up_1788020856832,least-connections,server-1,GET,/api/work,200,27,,2
1788020865719,ui_least-connections_ramp-up_1788020856832,least-connections,server-2,GET,/api/work,200,27,,2
1788020865725,ui_least-connections_ramp-up_1788020856832,least-connections,server-2,GET,/api/work,200,25,,1
1788020865724,ui_least-connections_ramp-up_1788020856832,least-connections,server-3,GET,/api/work,200,27,,1
1788020865730,ui_least-connections_ramp-up_1788020856832,least-connections,server-3,GET,/api/work,200,27,,2
1788020865737,ui_least-connections_ramp-up_1788020856832,least-connections,server-1,GET,/api/work,200,27,,3
1788020865739,ui_least-connections_ramp-up_1788020856832,least-connections,server-2,GET,/api/work,200,26,,3
1788020865745,ui_least-connections_ramp-up_1788020856832,least-connections,server-1,GET,/api/work,200,27,,4
1788020865750,ui_least-connections_ramp-up_1788020856832,least-connections,server-1,GET,/api/work,200,25,,3
1788020865750,ui_least-connections_ramp-up_1788020856832,least-connections,server-2,GET,/api/work,200,26,,3
1788020865755,ui_least-connections_ramp-up_1788020856832,least-connections,server-3,GET,/api/work,200,26,,3
1788020865756,ui_least-connections_ramp-up_1788020856832,least-connections,server-2,GET,/api/work,200,26,,3
1788020865756,ui_least-connections_ramp-up_1788020856832,least-connections,server-3,GET,/api/work,200,27,,3
1788020865761,ui_least-connections_ramp-up_1788020856832,least-connections,server-2,GET,/api/work,200,26,,3
1788020865761,ui_least-connections_ramp-up_1788020856832,least-connections,server-1,GET,/api/work,200,27,,3
1788020865761,ui_least-connections_ramp-up_1788020856832,least-connections,server-3,GET,/api/work,200,27,,2
1788020865765,ui_least-connections_ramp-up_1788020856832,least-connections,server-3,GET,/api/work,200,25,,1
1788020865765,ui_least-connections_ramp-up_1788020856832,least-connections,server-1,GET,/api/work,200,26,,2
1788020865767,ui_least-connections_ramp-up_1788020856832,least-connections,server-2,GET,/api/work,200,27,,3
1788020865771,ui_least-connections_ramp-up_1788020856832,least-connections,server-1,GET,/api/work,200,26,,2
1788020865777,ui_least-connections_ramp-up_1788020856832,least-connections,server-2,GET,/api/work,200,26,,2
1788020865777,ui_least-connections_ramp-up_1788020856832,least-connections,server-1,GET,/api/work,200,27,,2
1788020865781,ui_least-connections_ramp-up_1788020856832,least-connections,server-3,GET,/api/work,200,27,,1
1788020865783,ui_least-connections_ramp-up_1788020856832,least-connections,server-2,GET,/api/work,200,26,,2
1788020865788,ui_least-connections_ramp-up_1788020856832,least-connections,server-2,GET,/api/work,200,26,,2
1788020865794,ui_least-connections_ramp-up_1788020856832,least-connections,server-3,GET,/api/work,200,26,,2
1788020865796,ui_least-connections_ramp-up_1788020856832,least-connections,server-1,GET,/api/work,200,26,,3
1788020865803,ui_least-connections_ramp-up_1788020856832,least-connections,server-1,GET,/api/work,200,26,,4
1788020865807,ui_least-connections_ramp-up_1788020856832,least-connections,server-1,GET,/api/work,200,26,,3
1788020865807,ui_least-connections_ramp-up_1788020856832,least-connections,server-2,GET,/api/work,200,27,,3
1788020865812,ui_least-connections_ramp-up_1788020856832,least-connections,server-3,GET,/api/work,200,26,,3
1788020865814,ui_least-connections_ramp-up_1788020856832,least-connections,server-2,GET,/api/work,200,25,,3
1788020865814,ui_least-connections_ramp-up_1788020856832,least-connections,server-3,GET,/api/work,200,27,,2
1788020865818,ui_least-connections_ramp-up_1788020856832,least-connections,server-1,GET,/api/work,200,26,,4
1788020865818,ui_least-connections_ramp-up_1788020856832,least-connections,server-2,GET,/api/work,200,26,,3
1788020865818,ui_least-connections_ramp-up_1788020856832,least-connections,server-2,GET,/api/work,200,27,,2
1788020865821,ui_least-connections_ramp-up_1788020856832,least-connections,server-3,GET,/api/work,200,25,,1
1788020865822,ui_least-connections_ramp-up_1788020856832,least-connections,server-3,GET,/api/work,200,26,,0
1788020865825,ui_least-connections_ramp-up_1788020856832,least-connections,server-1,GET,/api/work,200,26,,3
1788020865828,ui_least-connections_ramp-up_1788020856832,least-connections,server-1,GET,/api/work,200,27,,2
1788020865834,ui_least-connections_ramp-up_1788020856832,least-connections,server-2,GET,/api/work,200,28,,2
1788020865834,ui_least-connections_ramp-up_1788020856832,least-connections,server-1,GET,/api/work,200,28,,2
1788020865838,ui_least-connections_ramp-up_1788020856832,least-connections,server-1,GET,/api/work,200,29,,1
1788020865840,ui_least-connections_ramp-up_1788020856832,least-connections,server-2,GET,/api/work,200,27,,1
1788020865845,ui_least-connections_ramp-up_1788020856832,least-connections,server-2,GET,/api/work,200,26,,2
1788020865851,ui_least-connections_ramp-up_1788020856832,least-connections,server-3,GET,/api/work,200,27,,2
1788020865855,ui_least-connections_ramp-up_1788020856832,least-connections,server-3,GET,/api/work,200,27,,3
1788020865860,ui_least-connections_ramp-up_1788020856832,least-connections,server-1,GET,/api/work,200,26,,4
1788020865868,ui_least-connections_ramp-up_1788020856832,least-connections,server-1,GET,/api/work,200,26,,4
1788020865869,ui_least-connections_ramp-up_1788020856832,least-connections,server-1,GET,/api/work,200,27,,3
1788020865868,ui_least-connections_ramp-up_1788020856832,least-connections,server-2,GET,/api/work,200,29,,4
1788020865871,ui_least-connections_ramp-up_1788020856832,least-connections,server-3,GET,/api/work,200,26,,3
1788020865869,ui_least-connections_ramp-up_1788020856832,least-connections,server-2,GET,/api/work,200,28,,3
1788020865876,ui_least-connections_ramp-up_1788020856832,least-connections,server-1,GET,/api/work,200,28,,3
1788020865875,ui_least-connections_ramp-up_1788020856832,least-connections,server-2,GET,/api/work,200,29,,3
1788020865876,ui_least-connections_ramp-up_1788020856832,least-connections,server-2,GET,/api/work,200,28,,2
1788020865879,ui_least-connections_ramp-up_1788020856832,least-connections,server-3,GET,/api/work,200,28,,2
1788020865879,ui_least-connections_ramp-up_1788020856832,least-connections,server-3,GET,/api/work,200,28,,1
1788020865883,ui_least-connections_ramp-up_1788020856832,least-connections,server-3,GET,/api/work,200,26,,0
1788020865886,ui_least-connections_ramp-up_1788020856832,least-connections,server-1,GET,/api/work,200,26,,2
1788020865893,ui_least-connections_ramp-up_1788020856832,least-connections,server-2,GET,/api/work,200,26,,2
1788020865893,ui_least-connections_ramp-up_1788020856832,least-connections,server-1,GET,/api/work,200,27,,2
1788020865898,ui_least-connections_ramp-up_1788020856832,least-connections,server-1,GET,/api/work,200,26,,1
1788020865898,ui_least-connections_ramp-up_1788020856832,least-connections,server-2,GET,/api/work,200,27,,1
1788020865905,ui_least-connections_ramp-up_1788020856832,least-connections,server-2,GET,/api/work,200,27,,2
1788020865909,ui_least-connections_ramp-up_1788020856832,least-connections,server-3,GET,/api/work,200,26,,2
1788020865913,ui_least-connections_ramp-up_1788020856832,least-connections,server-3,GET,/api/work,200,26,,3
1788020865917,ui_least-connections_ramp-up_1788020856832,least-connections,server-1,GET,/api/work,200,26,,4
1788020865926,ui_least-connections_ramp-up_1788020856832,least-connections,server-1,GET,/api/work,200,25,,4
1788020865927,ui_least-connections_ramp-up_1788020856832,least-connections,server-2,GET,/api/work,200,26,,4
1788020865927,ui_least-connections_ramp-up_1788020856832,least-connections,server-1,GET,/api/work,200,27,,3
1788020865928,ui_least-connections_ramp-up_1788020856832,least-connections,server-2,GET,/api/work,200,26,,3
1788020865928,ui_least-connections_ramp-up_1788020856832,least-connections,server-3,GET,/api/work,200,27,,3
1788020865936,ui_least-connections_ramp-up_1788020856832,least-connections,server-2,GET,/api/work,200,25,,3
1788020865936,ui_least-connections_ramp-up_1788020856832,least-connections,server-3,GET,/api/work,200,26,,2
1788020865936,ui_least-connections_ramp-up_1788020856832,least-connections,server-1,GET,/api/work,200,27,,3
1788020865939,ui_least-connections_ramp-up_1788020856832,least-connections,server-2,GET,/api/work,200,25,,2
1788020865939,ui_least-connections_ramp-up_1788020856832,least-connections,server-1,GET,/api/work,200,26,,2
1788020865939,ui_least-connections_ramp-up_1788020856832,least-connections,server-3,GET,/api/work,200,27,,2
1788020865943,ui_least-connections_ramp-up_1788020856832,least-connections,server-3,GET,/api/work,200,26,,1
1788020865950,ui_least-connections_ramp-up_1788020856832,least-connections,server-2,GET,/api/work,200,26,,2
1788020865950,ui_least-connections_ramp-up_1788020856832,least-connections,server-1,GET,/api/work,200,26,,2
1788020865956,ui_least-connections_ramp-up_1788020856832,least-connections,server-1,GET,/api/work,200,26,,2
1788020865957,ui_least-connections_ramp-up_1788020856832,least-connections,server-2,GET,/api/work,200,26,,1
1788020865962,ui_least-connections_ramp-up_1788020856832,least-connections,server-3,GET,/api/work,200,27,,2
1788020865966,ui_least-connections_ramp-up_1788020856832,least-connections,server-1,GET,/api/work,200,27,,2
1788020865970,ui_least-connections_ramp-up_1788020856832,least-connections,server-3,GET,/api/work,200,27,,3
1788020865974,ui_least-connections_ramp-up_1788020856832,least-connections,server-2,GET,/api/work,200,27,,3
1788020865981,ui_least-connections_ramp-up_1788020856832,least-connections,server-1,GET,/api/work,200,27,,4
1788020865984,ui_least-connections_ramp-up_1788020856832,least-connections,server-2,GET,/api/work,200,25,,3
1788020865986,ui_least-connections_ramp-up_1788020856832,least-connections,server-3,GET,/api/work,200,25,,3
1788020865985,ui_least-connections_ramp-up_1788020856832,least-connections,server-1,GET,/api/work,200,27,,4
1788020865985,ui_least-connections_ramp-up_1788020856832,least-connections,server-2,GET,/api/work,200,27,,2
1788020865991,ui_least-connections_ramp-up_1788020856832,least-connections,server-3,GET,/api/work,200,26,,2
1788020865993,ui_least-connections_ramp-up_1788020856832,least-connections,server-1,GET,/api/work,200,27,,3
1788020865993,ui_least-connections_ramp-up_1788020856832,least-connections,server-1,GET,/api/work,200,27,,2
1788020865995,ui_least-connections_ramp-up_1788020856832,least-connections,server-2,GET,/api/work,200,25,,3
1788020865996,ui_least-connections_ramp-up_1788020856832,least-connections,server-3,GET,/api/work,200,27,,2
1788020865998,ui_least-connections_ramp-up_1788020856832,least-connections,server-3,GET,/api/work,200,25,,1
1788020866000,ui_least-connections_ramp-up_1788020856832,least-connections,server-1,GET,/api/work,200,26,,1
1788020866008,ui_least-connections_ramp-up_1788020856832,least-connections,server-2,GET,/api/work,200,27,,2
1788020866008,ui_least-connections_ramp-up_1788020856832,least-connections,server-1,GET,/api/work,200,27,,2
1788020866012,ui_least-connections_ramp-up_1788020856832,least-connections,server-2,GET,/api/work,200,26,,1
1788020866014,ui_least-connections_ramp-up_1788020856832,least-connections,server-2,GET,/api/work,200,26,,1
1788020866019,ui_least-connections_ramp-up_1788020856832,least-connections,server-3,GET,/api/work,200,26,,2
1788020866023,ui_least-connections_ramp-up_1788020856832,least-connections,server-3,GET,/api/work,200,27,,2
1788020866028,ui_least-connections_ramp-up_1788020856832,least-connections,server-1,GET,/api/work,200,26,,4
1788020866031,ui_least-connections_ramp-up_1788020856832,least-connections,server-1,GET,/api/work,200,26,,3
1788020866039,ui_least-connections_ramp-up_1788020856832,least-connections,server-1,GET,/api/work,200,26,,3
1788020866039,ui_least-connections_ramp-up_1788020856832,least-connections,server-2,GET,/api/work,200,26,,3
1788020866042,ui_least-connections_ramp-up_1788020856832,least-connections,server-2,GET,/api/work,200,26,,3
1788020866043,ui_least-connections_ramp-up_1788020856832,least-connections,server-2,GET,/api/work,200,25,,2
1788020866043,ui_least-connections_ramp-up_1788020856832,least-connections,server-3,GET,/api/work,200,26,,3
1788020866048,ui_least-connections_ramp-up_1788020856832,least-connections,server-3,GET,/api/work,200,27,,2
1788020866050,ui_least-connections_ramp-up_1788020856832,least-connections,server-3,GET,/api/work,200,26,,1
1788020866051,ui_least-connections_ramp-up_1788020856832,least-connections,server-1,GET,/api/work,200,26,,3
1788020866051,ui_least-connections_ramp-up_1788020856832,least-connections,server-2,GET,/api/work,200,27,,3
1788020866053,ui_least-connections_ramp-up_1788020856832,least-connections,server-3,GET,/api/work,200,26,,1
1788020866053,ui_least-connections_ramp-up_1788020856832,least-connections,server-1,GET,/api/work,200,26,,2
1788020866058,ui_least-connections_ramp-up_1788020856832,least-connections,server-1,GET,/api/work,200,27,,1
1788020866066,ui_least-connections_ramp-up_1788020856832,least-connections,server-2,GET,/api/work,200,27,,2
1788020866066,ui_least-connections_ramp-up_1788020856832,least-connections,server-1,GET,/api/work,200,27,,2
1788020866068,ui_least-connections_ramp-up_1788020856832,least-connections,server-2,GET,/api/work,200,26,,1
1788020866071,ui_least-connections_ramp-up_1788020856832,least-connections,server-2,GET,/api/work,200,26,,1
1788020866077,ui_least-connections_ramp-up_1788020856832,least-connections,server-3,GET,/api/work,200,26,,2
1788020866081,ui_least-connections_ramp-up_1788020856832,least-connections,server-3,GET,/api/work,200,26,,2
1788020866085,ui_least-connections_ramp-up_1788020856832,least-connections,server-1,GET,/api/work,200,26,,4
1788020866088,ui_least-connections_ramp-up_1788020856832,least-connections,server-1,GET,/api/work,200,27,,3
1788020866095,ui_least-connections_ramp-up_1788020856832,least-connections,server-2,GET,/api/work,200,25,,3
1788020866096,ui_least-connections_ramp-up_1788020856832,least-connections,server-1,GET,/api/work,200,27,,3
1788020866099,ui_least-connections_ramp-up_1788020856832,least-connections,server-2,GET,/api/work,200,27,,3
1788020866100,ui_least-connections_ramp-up_1788020856832,least-connections,server-2,GET,/api/work,200,26,,2
1788020866100,ui_least-connections_ramp-up_1788020856832,least-connections,server-3,GET,/api/work,200,28,,3
1788020866105,ui_least-connections_ramp-up_1788020856832,least-connections,server-3,GET,/api/work,200,27,,2
1788020866108,ui_least-connections_ramp-up_1788020856832,least-connections,server-2,GET,/api/work,200,26,,2
1788020866108,ui_least-connections_ramp-up_1788020856832,least-connections,server-3,GET,/api/work,200,26,,1
1788020866108,ui_least-connections_ramp-up_1788020856832,least-connections,server-1,GET,/api/work,200,27,,4
1788020866110,ui_least-connections_ramp-up_1788020856832,least-connections,server-1,GET,/api/work,200,26,,3
1788020866110,ui_least-connections_ramp-up_1788020856832,least-connections,server-3,GET,/api/work,200,26,,1
1788020866116,ui_least-connections_ramp-up_1788020856832,least-connections,server-1,GET,/api/work,200,26,,2
1788020866125,ui_least-connections_ramp-up_1788020856832,least-connections,server-2,GET,/api/work,200,27,,2
1788020866125,ui_least-connections_ramp-up_1788020856832,least-connections,server-1,GET,/api/work,200,27,,2
1788020866125,ui_least-connections_ramp-up_1788020856832,least-connections,server-1,GET,/api/work,200,28,,1
1788020866128,ui_least-connections_ramp-up_1788020856832,least-connections,server-2,GET,/api/work,200,27,,1
1788020866135,ui_least-connections_ramp-up_1788020856832,least-connections,server-3,GET,/api/work,200,27,,2
1788020866139,ui_least-connections_ramp-up_1788020856832,least-connections,server-3,GET,/api/work,200,26,,2
1788020866142,ui_least-connections_ramp-up_1788020856832,least-connections,server-2,GET,/api/work,200,25,,3
1788020866145,ui_least-connections_ramp-up_1788020856832,least-connections,server-1,GET,/api/work,200,25,,3
1788020866151,ui_least-connections_ramp-up_1788020856832,least-connections,server-3,GET,/api/work,200,26,,3
1788020866153,ui_least-connections_ramp-up_1788020856832,least-connections,server-1,GET,/api/work,200,26,,3
1788020866159,ui_least-connections_ramp-up_1788020856832,least-connections,server-1,GET,/api/work,200,25,,4
1788020866158,ui_least-connections_ramp-up_1788020856832,least-connections,server-2,GET,/api/work,200,26,,3
1788020866160,ui_least-connections_ramp-up_1788020856832,least-connections,server-2,GET,/api/work,200,26,,3
1788020866162,ui_least-connections_ramp-up_1788020856832,least-connections,server-3,GET,/api/work,200,26,,3
1788020866166,ui_least-connections_ramp-up_1788020856832,least-connections,server-3,GET,/api/work,200,26,,2
1788020866166,ui_least-connections_ramp-up_1788020856832,least-connections,server-2,GET,/api/work,200,26,,2
1788020866167,ui_least-connections_ramp-up_1788020856832,least-connections,server-3,GET,/api/work,200,26,,1
1788020866167,ui_least-connections_ramp-up_1788020856832,least-connections,server-2,GET,/api/work,200,27,,2
1788020866166,ui_least-connections_ramp-up_1788020856832,least-connections,server-1,GET,/api/work,200,28,,3
1788020866173,ui_least-connections_ramp-up_1788020856832,least-connections,server-1,GET,/api/work,200,26,,2
1788020866183,ui_least-connections_ramp-up_1788020856832,least-connections,server-3,GET,/api/work,200,26,,2
1788020866183,ui_least-connections_ramp-up_1788020856832,least-connections,server-1,GET,/api/work,200,26,,2
1788020866183,ui_least-connections_ramp-up_1788020856832,least-connections,server-1,GET,/api/work,200,27,,1
1788020866185,ui_least-connections_ramp-up_1788020856832,least-connections,server-2,GET,/api/work,200,26,,2
1788020866193,ui_least-connections_ramp-up_1788020856832,least-connections,server-2,GET,/api/work,200,26,,2
1788020866196,ui_least-connections_ramp-up_1788020856832,least-connections,server-3,GET,/api/work,200,27,,2
1788020866198,ui_least-connections_ramp-up_1788020856832,least-connections,server-2,GET,/api/work,200,26,,3
1788020866201,ui_least-connections_ramp-up_1788020856832,least-connections,server-1,GET,/api/work,200,26,,3
1788020866208,ui_least-connections_ramp-up_1788020856832,least-connections,server-3,GET,/api/work,200,28,,3
1788020866210,ui_least-connections_ramp-up_1788020856832,least-connections,server-1,GET,/api/work,200,27,,3
1788020866214,ui_least-connections_ramp-up_1788020856832,least-connections,server-1,GET,/api/work,200,27,,3
1788020866215,ui_least-connections_ramp-up_1788020856832,least-connections,server-2,GET,/api/work,200,27,,3
1788020866216,ui_least-connections_ramp-up_1788020856832,least-connections,server-3,GET,/api/work,200,27,,2
1788020866219,ui_least-connections_ramp-up_1788020856832,least-connections,server-1,GET,/api/work,200,27,,3
1788020866223,ui_least-connections_ramp-up_1788020856832,least-connections,server-2,GET,/api/work,200,28,,3
1788020866223,ui_least-connections_ramp-up_1788020856832,least-connections,server-3,GET,/api/work,200,29,,2
1788020866224,ui_least-connections_ramp-up_1788020856832,least-connections,server-2,GET,/api/work,200,29,,2
1788020866224,ui_least-connections_ramp-up_1788020856832,least-connections,server-3,GET,/api/work,200,29,,1
1788020866225,ui_least-connections_ramp-up_1788020856832,least-connections,server-2,GET,/api/work,200,29,,1
1788020866229,ui_least-connections_ramp-up_1788020856832,least-connections,server-1,GET,/api/work,200,26,,2
1788020866239,ui_least-connections_ramp-up_1788020856832,least-connections,server-1,GET,/api/work,200,26,,2
1788020866243,ui_least-connections_ramp-up_1788020856832,least-connections,server-1,GET,/api/work,200,26,,2
1788020866243,ui_least-connections_ramp-up_1788020856832,least-connections,server-3,GET,/api/work,200,27,,2
1788020866244,ui_least-connections_ramp-up_1788020856832,least-connections,server-2,GET,/api/work,200,26,,2
1788020866254,ui_least-connections_ramp-up_1788020856832,least-connections,server-2,GET,/api/work,200,26,,2
1788020866255,ui_least-connections_ramp-up_1788020856832,least-connections,server-3,GET,/api/work,200,26,,2
1788020866256,ui_least-connections_ramp-up_1788020856832,least-connections,server-1,GET,/api/work,200,27,,3
1788020866257,ui_least-connections_ramp-up_1788020856832,least-connections,server-2,GET,/api/work,200,27,,1
1788020866268,ui_least-connections_ramp-up_1788020856832,least-connections,server-3,GET,/api/work,200,26,,3
1788020866268,ui_least-connections_ramp-up_1788020856832,least-connections,server-1,GET,/api/work,200,28,,3
1788020866273,ui_least-connections_ramp-up_1788020856832,least-connections,server-1,GET,/api/work,200,27,,3
1788020866274,ui_least-connections_ramp-up_1788020856832,least-connections,server-3,GET,/api/work,200,27,,2
1788020866274,ui_least-connections_ramp-up_1788020856832,least-connections,server-2,GET,/api/work,200,29,,3
1788020866276,ui_least-connections_ramp-up_1788020856832,least-connections,server-1,GET,/api/work,200,28,,3
1788020866284,ui_least-connections_ramp-up_1788020856832,least-connections,server-2,GET,/api/work,200,26,,2
1788020866285,ui_least-connections_ramp-up_1788020856832,least-connections,server-2,GET,/api/work,200,26,,1
1788020866285,ui_least-connections_ramp-up_1788020856832,least-connections,server-3,GET,/api/work,200,27,,3
1788020866286,ui_least-connections_ramp-up_1788020856832,least-connections,server-2,GET,/api/work,200,27,,2
1788020866286,ui_least-connections_ramp-up_1788020856832,least-connections,server-1,GET,/api/work,200,28,,2
1788020866288,ui_least-connections_ramp-up_1788020856832,least-connections,server-3,GET,/api/work,200,27,,2
1788020866297,ui_least-connections_ramp-up_1788020856832,least-connections,server-1,GET,/api/work,200,27,,2
1788020866302,ui_least-connections_ramp-up_1788020856832,least-connections,server-1,GET,/api/work,200,27,,2
1788020866302,ui_least-connections_ramp-up_1788020856832,least-connections,server-3,GET,/api/work,200,28,,2
1788020866303,ui_least-connections_ramp-up_1788020856832,least-connections,server-3,GET,/api/work,200,27,,1
1788020866313,ui_least-connections_ramp-up_1788020856832,least-connections,server-2,GET,/api/work,200,26,,2
1788020866313,ui_least-connections_ramp-up_1788020856832,least-connections,server-2,GET,/api/work,200,27,,1
1788020866316,ui_least-connections_ramp-up_1788020856832,least-connections,server-1,GET,/api/work,200,26,,3
1788020866316,ui_least-connections_ramp-up_1788020856832,least-connections,server-2,GET,/api/work,200,27,,1
1788020866326,ui_least-connections_ramp-up_1788020856832,least-connections,server-1,GET,/api/work,200,27,,3
1788020866328,ui_least-connections_ramp-up_1788020856832,least-connections,server-3,GET,/api/work,200,30,,3
1788020866331,ui_least-connections_ramp-up_1788020856832,least-connections,server-3,GET,/api/work,200,28,,2
1788020866334,ui_least-connections_ramp-up_1788020856832,least-connections,server-1,GET,/api/work,200,27,,3
1788020866338,ui_least-connections_ramp-up_1788020856832,least-connections,server-1,GET,/api/work,200,26,,3
1788020866337,ui_least-connections_ramp-up_1788020856832,least-connections,server-3,GET,/api/work,200,28,,3
1788020866342,ui_least-connections_ramp-up_1788020856832,least-connections,server-2,GET,/api/work,200,27,,3
1788020866343,ui_least-connections_ramp-up_1788020856832,least-connections,server-2,GET,/api/work,200,27,,2
1788020866344,ui_least-connections_ramp-up_1788020856832,least-connections,server-2,GET,/api/work,200,28,,1
1788020866346,ui_least-connections_ramp-up_1788020856832,least-connections,server-1,GET,/api/work,200,28,,2
1788020866346,ui_least-connections_ramp-up_1788020856832,least-connections,server-2,GET,/api/work,200,29,,1
1788020866346,ui_least-connections_ramp-up_1788020856832,least-connections,server-3,GET,/api/work,200,30,,2
1788020866360,ui_least-connections_ramp-up_1788020856832,least-connections,server-1,GET,/api/work,200,26,,2
1788020866359,ui_least-connections_ramp-up_1788020856832,least-connections,server-3,GET,/api/work,200,28,,2
1788020866362,ui_least-connections_ramp-up_1788020856832,least-connections,server-1,GET,/api/work,200,27,,1
1788020866363,ui_least-connections_ramp-up_1788020856832,least-connections,server-3,GET,/api/work,200,27,,1
1788020866373,ui_least-connections_ramp-up_1788020856832,least-connections,server-2,GET,/api/work,200,29,,3
1788020866377,ui_least-connections_ramp-up_1788020856832,least-connections,server-1,GET,/api/work,200,27,,3
1788020866377,ui_least-connections_ramp-up_1788020856832,least-connections,server-2,GET,/api/work,200,28,,2
1788020866377,ui_least-connections_ramp-up_1788020856832,least-connections,server-2,GET,/api/work,200,30,,2
1788020866384,ui_least-connections_ramp-up_1788020856832,least-connections,server-3,GET,/api/work,200,28,,3
1788020866391,ui_least-connections_ramp-up_1788020856832,least-connections,server-1,GET,/api/work,200,25,,3
1788020866391,ui_least-connections_ramp-up_1788020856832,least-connections,server-3,GET,/api/work,200,26,,3
1788020866391,ui_least-connections_ramp-up_1788020856832,least-connections,server-1,GET,/api/work,200,29,,3
1788020866398,ui_least-connections_ramp-up_1788020856832,least-connections,server-3,GET,/api/work,200,27,,3
1788020866399,ui_least-connections_ramp-up_1788020856832,least-connections,server-1,GET,/api/work,200,27,,3
1788020866401,ui_least-connections_ramp-up_1788020856832,least-connections,server-2,GET,/api/work,200,27,,3
1788020866406,ui_least-connections_ramp-up_1788020856832,least-connections,server-1,GET,/api/work,200,26,,2
1788020866405,ui_least-connections_ramp-up_1788020856832,least-connections,server-2,GET,/api/work,200,29,,2
1788020866409,ui_least-connections_ramp-up_1788020856832,least-connections,server-3,GET,/api/work,200,26,,2
1788020866409,ui_least-connections_ramp-up_1788020856832,least-connections,server-2,GET,/api/work,200,27,,2
1788020866409,ui_least-connections_ramp-up_1788020856832,least-connections,server-2,GET,/api/work,200,27,,1
1788020866417,ui_least-connections_ramp-up_1788020856832,least-connections,server-1,GET,/api/work,200,27,,2
1788020866417,ui_least-connections_ramp-up_1788020856832,least-connections,server-3,GET,/api/work,200,27,,2
1788020866421,ui_least-connections_ramp-up_1788020856832,least-connections,server-1,GET,/api/work,200,26,,1
1788020866421,ui_least-connections_ramp-up_1788020856832,least-connections,server-3,GET,/api/work,200,27,,1
1788020866432,ui_least-connections_ramp-up_1788020856832,least-connections,server-1,GET,/api/work,200,27,,3
1788020866435,ui_least-connections_ramp-up_1788020856832,least-connections,server-2,GET,/api/work,200,25,,3
1788020866437,ui_least-connections_ramp-up_1788020856832,least-connections,server-2,GET,/api/work,200,26,,2
1788020866440,ui_least-connections_ramp-up_1788020856832,least-connections,server-2,GET,/api/work,200,25,,2
1788020866442,ui_least-connections_ramp-up_1788020856832,least-connections,server-3,GET,/api/work,200,26,,3
1788020866449,ui_least-connections_ramp-up_1788020856832,least-connections,server-3,GET,/api/work,200,25,,2
1788020866448,ui_least-connections_ramp-up_1788020856832,least-connections,server-1,GET,/api/work,200,27,,3
1788020866451,ui_least-connections_ramp-up_1788020856832,least-connections,server-1,GET,/api/work,200,26,,2
1788020866456,ui_least-connections_ramp-up_1788020856832,least-connections,server-3,GET,/api/work,200,26,,3
1788020866457,ui_least-connections_ramp-up_1788020856832,least-connections,server-1,GET,/api/work,200,26,,3
1788020866458,ui_least-connections_ramp-up_1788020856832,least-connections,server-2,GET,/api/work,200,25,,3
1788020866464,ui_least-connections_ramp-up_1788020856832,least-connections,server-2,GET,/api/work,200,25,,2
1788020866465,ui_least-connections_ramp-up_1788020856832,least-connections,server-2,GET,/api/work,200,26,,2
1788020866466,ui_least-connections_ramp-up_1788020856832,least-connections,server-1,GET,/api/work,200,26,,3
1788020866466,ui_least-connections_ramp-up_1788020856832,least-connections,server-2,GET,/api/work,200,27,,1
1788020866467,ui_least-connections_ramp-up_1788020856832,least-connections,server-3,GET,/api/work,200,27,,2
1788020866475,ui_least-connections_ramp-up_1788020856832,least-connections,server-3,GET,/api/work,200,25,,2
1788020866475,ui_least-connections_ramp-up_1788020856832,least-connections,server-3,GET,/api/work,200,26,,1
1788020866478,ui_least-connections_ramp-up_1788020856832,least-connections,server-1,GET,/api/work,200,26,,2
1788020866478,ui_least-connections_ramp-up_1788020856832,least-connections,server-1,GET,/api/work,200,27,,1
1788020866491,ui_least-connections_ramp-up_1788020856832,least-connections,server-2,GET,/api/work,200,26,,3
1788020866491,ui_least-connections_ramp-up_1788020856832,least-connections,server-1,GET,/api/work,200,27,,3
1788020866494,ui_least-connections_ramp-up_1788020856832,least-connections,server-2,GET,/api/work,200,26,,2
1788020866494,ui_least-connections_ramp-up_1788020856832,least-connections,server-2,GET,/api/work,200,27,,1
1788020866499,ui_least-connections_ramp-up_1788020856832,least-connections,server-3,GET,/api/work,200,27,,3
1788020866505,ui_least-connections_ramp-up_1788020856832,least-connections,server-1,GET,/api/work,200,27,,3
1788020866506,ui_least-connections_ramp-up_1788020856832,least-connections,server-3,GET,/api/work,200,26,,3
1788020866508,ui_least-connections_ramp-up_1788020856832,least-connections,server-1,GET,/api/work,200,26,,3
1788020866513,ui_least-connections_ramp-up_1788020856832,least-connections,server-3,GET,/api/work,200,26,,3
1788020866514,ui_least-connections_ramp-up_1788020856832,least-connections,server-2,GET,/api/work,200,26,,3
1788020866514,ui_least-connections_ramp-up_1788020856832,least-connections,server-1,GET,/api/work,200,26,,3
1788020866521,ui_least-connections_ramp-up_1788020856832,least-connections,server-2,GET,/api/work,200,26,,2
1788020866521,ui_least-connections_ramp-up_1788020856832,least-connections,server-2,GET,/api/work,200,27,,2
1788020866522,ui_least-connections_ramp-up_1788020856832,least-connections,server-1,GET,/api/work,200,26,,2
1788020866523,ui_least-connections_ramp-up_1788020856832,least-connections,server-2,GET,/api/work,200,26,,1
1788020866523,ui_least-connections_ramp-up_1788020856832,least-connections,server-3,GET,/api/work,200,27,,2
1788020866530,ui_least-connections_ramp-up_1788020856832,least-connections,server-3,GET,/api/work,200,25,,1
1788020866533,ui_least-connections_ramp-up_1788020856832,least-connections,server-1,GET,/api/work,200,27,,2
1788020866535,ui_least-connections_ramp-up_1788020856832,least-connections,server-1,GET,/api/work,200,25,,1
1788020866536,ui_least-connections_ramp-up_1788020856832,least-connections,server-3,GET,/api/work,200,26,,1
1788020866547,ui_least-connections_ramp-up_1788020856832,least-connections,server-2,GET,/api/work,200,26,,3
1788020866549,ui_least-connections_ramp-up_1788020856832,least-connections,server-1,GET,/api/work,200,25,,3
1788020866551,ui_least-connections_ramp-up_1788020856832,least-connections,server-2,GET,/api/work,200,27,,2
1788020866552,ui_least-connections_ramp-up_1788020856832,least-connections,server-2,GET,/api/work,200,26,,1
1788020866557,ui_least-connections_ramp-up_1788020856832,least-connections,server-3,GET,/api/work,200,27,,3
1788020866563,ui_least-connections_ramp-up_1788020856832,least-connections,server-1,GET,/api/work,200,26,,3
1788020866563,ui_least-connections_ramp-up_1788020856832,least-connections,server-3,GET,/api/work,200,26,,3
1788020866565,ui_least-connections_ramp-up_1788020856832,least-connections,server-1,GET,/api/work,200,27,,3
1788020866570,ui_least-connections_ramp-up_1788020856832,least-connections,server-3,GET,/api/work,200,25,,3
1788020866570,ui_least-connections_ramp-up_1788020856832,least-connections,server-1,GET,/api/work,200,26,,3
1788020866571,ui_least-connections_ramp-up_1788020856832,least-connections,server-2,GET,/api/work,200,26,,3
1788020866578,ui_least-connections_ramp-up_1788020856832,least-connections,server-1,GET,/api/work,200,26,,2
1788020866579,ui_least-connections_ramp-up_1788020856832,least-connections,server-2,GET,/api/work,200,26,,2
1788020866579,ui_least-connections_ramp-up_1788020856832,least-connections,server-2,GET,/api/work,200,26,,1
1788020866579,ui_least-connections_ramp-up_1788020856832,least-connections,server-2,GET,/api/work,200,27,,0
1788020866580,ui_least-connections_ramp-up_1788020856832,least-connections,server-3,GET,/api/work,200,27,,2
1788020866586,ui_least-connections_ramp-up_1788020856832,least-connections,server-3,GET,/api/work,200,26,,1
1788020866591,ui_least-connections_ramp-up_1788020856832,least-connections,server-3,GET,/api/work,200,26,,1
1788020866591,ui_least-connections_ramp-up_1788020856832,least-connections,server-1,GET,/api/work,200,27,,3
1788020866593,ui_least-connections_ramp-up_1788020856832,least-connections,server-1,GET,/api/work,200,26,,2
1788020866604,ui_least-connections_ramp-up_1788020856832,least-connections,server-1,GET,/api/work,200,27,,3
1788020866605,ui_least-connections_ramp-up_1788020856832,least-connections,server-1,GET,/api/work,200,26,,2
1788020866609,ui_least-connections_ramp-up_1788020856832,least-connections,server-2,GET,/api/work,200,25,,3
1788020866609,ui_least-connections_ramp-up_1788020856832,least-connections,server-2,GET,/api/work,200,26,,2
1788020866614,ui_least-connections_ramp-up_1788020856832,least-connections,server-3,GET,/api/work,200,26,,3
1788020866620,ui_least-connections_ramp-up_1788020856832,least-connections,server-1,GET,/api/work,200,25,,3
1788020866619,ui_least-connections_ramp-up_1788020856832,least-connections,server-3,GET,/api/work,200,26,,3
1788020866622,ui_least-connections_ramp-up_1788020856832,least-connections,server-2,GET,/api/work,200,26,,3
1788020866626,ui_least-connections_ramp-up_1788020856832,least-connections,server-3,GET,/api/work,200,26,,3
1788020866627,ui_least-connections_ramp-up_1788020856832,least-connections,server-1,GET,/api/work,200,26,,3
1788020866627,ui_least-connections_ramp-up_1788020856832,least-connections,server-2,GET,/api/work,200,26,,3
1788020866635,ui_least-connections_ramp-up_1788020856832,least-connections,server-1,GET,/api/work,200,26,,2
1788020866635,ui_least-connections_ramp-up_1788020856832,least-connections,server-2,GET,/api/work,200,27,,2
1788020866637,ui_least-connections_ramp-up_1788020856832,least-connections,server-2,GET,/api/work,200,26,,2
1788020866637,ui_least-connections_ramp-up_1788020856832,least-connections,server-1,GET,/api/work,200,27,,2
1788020866637,ui_least-connections_ramp-up_1788020856832,least-connections,server-3,GET,/api/work,200,27,,2
1788020866643,ui_least-connections_ramp-up_1788020856832,least-connections,server-3,GET,/api/work,200,27,,1
1788020866649,ui_least-connections_ramp-up_1788020856832,least-connections,server-1,GET,/api/work,200,26,,2
1788020866649,ui_least-connections_ramp-up_1788020856832,least-connections,server-2,GET,/api/work,200,26,,2
1788020866649,ui_least-connections_ramp-up_1788020856832,least-connections,server-3,GET,/api/work,200,27,,1
1788020866663,ui_least-connections_ramp-up_1788020856832,least-connections,server-1,GET,/api/work,200,26,,3
1788020866663,ui_least-connections_ramp-up_1788020856832,least-connections,server-2,GET,/api/work,200,26,,3
1788020866665,ui_least-connections_ramp-up_1788020856832,least-connections,server-1,GET,/api/work,200,25,,2
1788020866666,ui_least-connections_ramp-up_1788020856832,least-connections,server-2,GET,/api/work,200,27,,2
1788020866671,ui_least-connections_ramp-up_1788020856832,least-connections,server-3,GET,/api/work,200,26,,3
1788020866676,ui_least-connections_ramp-up_1788020856832,least-connections,server-1,GET,/api/work,200,26,,3
1788020866676,ui_least-connections_ramp-up_1788020856832,least-connections,server-3,GET,/api/work,200,27,,3
1788020866680,ui_least-connections_ramp-up_1788020856832,least-connections,server-2,GET,/api/work,200,27,,3
1788020866682,ui_least-connections_ramp-up_1788020856832,least-connections,server-3,GET,/api/work,200,27,,3
1788020866684,ui_least-connections_ramp-up_1788020856832,least-connections,server-2,GET,/api/work,200,26,,3
1788020866684,ui_least-connections_ramp-up_1788020856832,least-connections,server-1,GET,/api/work,200,27,,3
1788020866693,ui_least-connections_ramp-up_1788020856832,least-connections,server-1,GET,/api/work,200,26,,2
1788020866693,ui_least-connections_ramp-up_1788020856832,least-connections,server-2,GET,/api/work,200,27,,2
1788020866695,ui_least-connections_ramp-up_1788020856832,least-connections,server-1,GET,/api/work,200,26,,3
1788020866695,ui_least-connections_ramp-up_1788020856832,least-connections,server-2,GET,/api/work,200,27,,2
1788020866695,ui_least-connections_ramp-up_1788020856832,least-connections,server-3,GET,/api/work,200,28,,2
1788020866700,ui_least-connections_ramp-up_1788020856832,least-connections,server-3,GET,/api/work,200,25,,1
1788020866705,ui_least-connections_ramp-up_1788020856832,least-connections,server-1,GET,/api/work,200,26,,2
1788020866706,ui_least-connections_ramp-up_1788020856832,least-connections,server-3,GET,/api/work,200,26,,1
1788020866708,ui_least-connections_ramp-up_1788020856832,least-connections,server-2,GET,/api/work,200,27,,2
1788020866720,ui_least-connections_ramp-up_1788020856832,least-connections,server-2,GET,/api/work,200,30,,3
1788020866720,ui_least-connections_ramp-up_1788020856832,least-connections,server-1,GET,/api/work,200,30,,3
1788020866721,ui_least-connections_ramp-up_1788020856832,least-connections,server-1,GET,/api/work,200,29,,2
1788020866723,ui_least-connections_ramp-up_1788020856832,least-connections,server-2,GET,/api/work,200,27,,2
1788020866728,ui_least-connections_ramp-up_1788020856832,least-connections,server-3,GET,/api/work,200,25,,2
1788020866733,ui_least-connections_ramp-up_1788020856832,least-connections,server-3,GET,/api/work,200,26,,3
1788020866733,ui_least-connections_ramp-up_1788020856832,least-connections,server-1,GET,/api/work,200,29,,3
1788020866738,ui_least-connections_ramp-up_1788020856832,least-connections,server-2,GET,/api/work,200,26,,3
1788020866740,ui_least-connections_ramp-up_1788020856832,least-connections,server-3,GET,/api/work,200,26,,3
1788020866740,ui_least-connections_ramp-up_1788020856832,least-connections,server-1,GET,/api/work,200,27,,3
1788020866741,ui_least-connections_ramp-up_1788020856832,least-connections,server-2,GET,/api/work,200,27,,3
1788020866751,ui_least-connections_ramp-up_1788020856832,least-connections,server-1,GET,/api/work,200,27,,2
1788020866751,ui_least-connections_ramp-up_1788020856832,least-connections,server-2,GET,/api/work,200,28,,2
1788020866752,ui_least-connections_ramp-up_1788020856832,least-connections,server-1,GET,/api/work,200,27,,1
1788020866753,ui_least-connections_ramp-up_1788020856832,least-connections,server-2,GET,/api/work,200,27,,1
1788020866754,ui_least-connections_ramp-up_1788020856832,least-connections,server-3,GET,/api/work,200,27,,2
1788020866758,ui_least-connections_ramp-up_1788020856832,least-connections,server-3,GET,/api/work,200,26,,1
1788020866761,ui_least-connections_ramp-up_1788020856832,least-connections,server-3,GET,/api/work,200,27,,1
1788020866763,ui_least-connections_ramp-up_1788020856832,least-connections,server-1,GET,/api/work,200,26,,2
1788020866766,ui_least-connections_ramp-up_1788020856832,least-connections,server-2,GET,/api/work,200,26,,2
1788020866781,ui_least-connections_ramp-up_1788020856832,least-connections,server-1,GET,/api/work,200,27,,3
1788020866781,ui_least-connections_ramp-up_1788020856832,least-connections,server-2,GET,/api/work,200,27,,3
1788020866782,ui_least-connections_ramp-up_1788020856832,least-connections,server-1,GET,/api/work,200,27,,2
1788020866784,ui_least-connections_ramp-up_1788020856832,least-connections,server-3,GET,/api/work,200,26,,2
1788020866782,ui_least-connections_ramp-up_1788020856832,least-connections,server-2,GET,/api/work,200,29,,2
1788020866789,ui_least-connections_ramp-up_1788020856832,least-connections,server-3,GET,/api/work,200,27,,3
1788020866792,ui_least-connections_ramp-up_1788020856832,least-connections,server-1,GET,/api/work,200,26,,3
1788020866795,ui_least-connections_ramp-up_1788020856832,least-connections,server-2,GET,/api/work,200,25,,3
1788020866797,ui_least-connections_ramp-up_1788020856832,least-connections,server-3,GET,/api/work,200,27,,3
1788020866797,ui_least-connections_ramp-up_1788020856832,least-connections,server-1,GET,/api/work,200,27,,3
1788020866797,ui_least-connections_ramp-up_1788020856832,least-connections,server-2,GET,/api/work,200,27,,3
1788020866812,ui_least-connections_ramp-up_1788020856832,least-connections,server-3,GET,/api/work,200,26,,2
1788020866811,ui_least-connections_ramp-up_1788020856832,least-connections,server-1,GET,/api/work,200,27,,2
1788020866812,ui_least-connections_ramp-up_1788020856832,least-connections,server-1,GET,/api/work,200,27,,1
1788020866811,ui_least-connections_ramp-up_1788020856832,least-connections,server-2,GET,/api/work,200,29,,2
1788020866812,ui_least-connections_ramp-up_1788020856832,least-connections,server-2,GET,/api/work,200,28,,1
1788020866815,ui_least-connections_ramp-up_1788020856832,least-connections,server-3,GET,/api/work,200,27,,1
1788020866818,ui_least-connections_ramp-up_1788020856832,least-connections,server-3,GET,/api/work,200,26,,1
1788020866821,ui_least-connections_ramp-up_1788020856832,least-connections,server-1,GET,/api/work,200,26,,2
1788020866823,ui_least-connections_ramp-up_1788020856832,least-connections,server-2,GET,/api/work,200,26,,2
1788020866841,ui_least-connections_ramp-up_1788020856832,least-connections,server-1,GET,/api/work,200,25,,3
1788020866841,ui_least-connections_ramp-up_1788020856832,least-connections,server-2,GET,/api/work,200,26,,3
1788020866841,ui_least-connections_ramp-up_1788020856832,least-connections,server-1,GET,/api/work,200,27,,2
1788020866842,ui_least-connections_ramp-up_1788020856832,least-connections,server-2,GET,/api/work,200,26,,2
1788020866842,ui_least-connections_ramp-up_1788020856832,least-connections,server-3,GET,/api/work,200,27,,2
1788020866846,ui_least-connections_ramp-up_1788020856832,least-connections,server-3,GET,/api/work,200,26,,2
1788020866849,ui_least-connections_ramp-up_1788020856832,least-connections,server-1,GET,/api/work,200,26,,3
1788020866851,ui_least-connections_ramp-up_1788020856832,least-connections,server-2,GET,/api/work,200,27,,3
1788020866855,ui_least-connections_ramp-up_1788020856832,least-connections,server-1,GET,/api/work,200,26,,3
1788020866855,ui_least-connections_ramp-up_1788020856832,least-connections,server-2,GET,/api/work,200,26,,3
1788020866855,ui_least-connections_ramp-up_1788020856832,least-connections,server-3,GET,/api/work,200,27,,3
1788020866871,ui_least-connections_ramp-up_1788020856832,least-connections,server-2,GET,/api/work,200,25,,2
1788020866870,ui_least-connections_ramp-up_1788020856832,least-connections,server-1,GET,/api/work,200,27,,2
1788020866871,ui_least-connections_ramp-up_1788020856832,least-connections,server-3,GET,/api/work,200,26,,2
1788020866872,ui_least-connections_ramp-up_1788020856832,least-connections,server-1,GET,/api/work,200,26,,2
1788020866872,ui_least-connections_ramp-up_1788020856832,least-connections,server-3,GET,/api/work,200,26,,1
1788020866873,ui_least-connections_ramp-up_1788020856832,least-connections,server-2,GET,/api/work,200,26,,2
1788020866874,ui_least-connections_ramp-up_1788020856832,least-connections,server-3,GET,/api/work,200,26,,1
1788020866878,ui_least-connections_ramp-up_1788020856832,least-connections,server-1,GET,/api/work,200,27,,2
1788020866880,ui_least-connections_ramp-up_1788020856832,least-connections,server-2,GET,/api/work,200,27,,2
1788020866897,ui_least-connections_ramp-up_1788020856832,least-connections,server-1,GET,/api/work,200,25,,3
1788020866897,ui_least-connections_ramp-up_1788020856832,least-connections,server-2,GET,/api/work,200,26,,3
1788020866899,ui_least-connections_ramp-up_1788020856832,least-connections,server-3,GET,/api/work,200,26,,2
1788020866899,ui_least-connections_ramp-up_1788020856832,least-connections,server-2,GET,/api/work,200,26,,2
1788020866899,ui_least-connections_ramp-up_1788020856832,least-connections,server-1,GET,/api/work,200,27,,2
1788020866903,ui_least-connections_ramp-up_1788020856832,least-connections,server-3,GET,/api/work,200,26,,2
1788020866906,ui_least-connections_ramp-up_1788020856832,least-connections,server-1,GET,/api/work,200,26,,3
1788020866908,ui_least-connections_ramp-up_1788020856832,least-connections,server-2,GET,/api/work,200,27,,3
1788020866912,ui_least-connections_ramp-up_1788020856832,least-connections,server-3,GET,/api/work,200,26,,3
1788020866912,ui_least-connections_ramp-up_1788020856832,least-connections,server-1,GET,/api/work,200,27,,3
1788020866912,ui_least-connections_ramp-up_1788020856832,least-connections,server-2,GET,/api/work,200,27,,2
1788020866928,ui_least-connections_ramp-up_1788020856832,least-connections,server-1,GET,/api/work,200,25,,3
1788020866928,ui_least-connections_ramp-up_1788020856832,least-connections,server-2,GET,/api/work,200,26,,2
1788020866928,ui_least-connections_ramp-up_1788020856832,least-connections,server-3,GET,/api/work,200,26,,2
1788020866928,ui_least-connections_ramp-up_1788020856832,least-connections,server-1,GET,/api/work,200,27,,3
1788020866929,ui_least-connections_ramp-up_1788020856832,least-connections,server-2,GET,/api/work,200,27,,2
1788020866929,ui_least-connections_ramp-up_1788020856832,least-connections,server-3,GET,/api/work,200,27,,1
1788020866931,ui_least-connections_ramp-up_1788020856832,least-connections,server-3,GET,/api/work,200,26,,0
1788020866935,ui_least-connections_ramp-up_1788020856832,least-connections,server-1,GET,/api/work,200,26,,2
1788020866939,ui_least-connections_ramp-up_1788020856832,least-connections,server-1,GET,/api/work,200,26,,2
1788020866953,ui_least-connections_ramp-up_1788020856832,least-connections,server-1,GET,/api/work,200,26,,3
1788020866953,ui_least-connections_ramp-up_1788020856832,least-connections,server-2,GET,/api/work,200,27,,3
1788020866955,ui_least-connections_ramp-up_1788020856832,least-connections,server-2,GET,/api/work,200,26,,2
1788020866957,ui_least-connections_ramp-up_1788020856832,least-connections,server-3,GET,/api/work,200,26,,2
1788020866957,ui_least-connections_ramp-up_1788020856832,least-connections,server-3,GET,/api/work,200,26,,1
1788020866959,ui_least-connections_ramp-up_1788020856832,least-connections,server-2,GET,/api/work,200,27,,1
1788020866962,ui_least-connections_ramp-up_1788020856832,least-connections,server-1,GET,/api/work,200,26,,2
1788020866966,ui_least-connections_ramp-up_1788020856832,least-connections,server-1,GET,/api/work,200,27,,3
1788020866969,ui_least-connections_ramp-up_1788020856832,least-connections,server-3,GET,/api/work,200,26,,3
1788020866970,ui_least-connections_ramp-up_1788020856832,least-connections,server-1,GET,/api/work,200,26,,3
1788020866970,ui_least-connections_ramp-up_1788020856832,least-connections,server-2,GET,/api/work,200,27,,3
1788020866985,ui_least-connections_ramp-up_1788020856832,least-connections,server-3,GET,/api/work,200,27,,2
1788020866986,ui_least-connections_ramp-up_1788020856832,least-connections,server-3,GET,/api/work,200,26,,1
1788020866986,ui_least-connections_ramp-up_1788020856832,least-connections,server-2,GET,/api/work,200,27,,3
1788020866986,ui_least-connections_ramp-up_1788020856832,least-connections,server-2,GET,/api/work,200,27,,2
1788020866989,ui_least-connections_ramp-up_1788020856832,least-connections,server-2,GET,/api/work,200,25,,2
1788020866988,ui_least-connections_ramp-up_1788020856832,least-connections,server-1,GET,/api/work,200,27,,3
1788020866988,ui_least-connections_ramp-up_1788020856832,least-connections,server-1,GET,/api/work,200,27,,2
1788020866992,ui_least-connections_ramp-up_1788020856832,least-connections,server-3,GET,/api/work,200,26,,2
1788020866996,ui_least-connections_ramp-up_1788020856832,least-connections,server-1,GET,/api/work,200,25,,2
1788020867011,ui_least-connections_ramp-up_1788020856832,least-connections,server-2,GET,/api/work,200,25,,3
1788020867010,ui_least-connections_ramp-up_1788020856832,least-connections,server-1,GET,/api/work,200,26,,3
1788020867012,ui_least-connections_ramp-up_1788020856832,least-connections,server-3,GET,/api/work,200,27,,2
1788020867014,ui_least-connections_ramp-up_1788020856832,least-connections,server-2,GET,/api/work,200,27,,2
1788020867014,ui_least-connections_ramp-up_1788020856832,least-connections,server-3,GET,/api/work,200,27,,1
1788020867017,ui_least-connections_ramp-up_1788020856832,least-connections,server-1,GET,/api/work,200,26,,2
1788020867019,ui_least-connections_ramp-up_1788020856832,least-connections,server-2,GET,/api/work,200,25,,2
1788020867023,ui_least-connections_ramp-up_1788020856832,least-connections,server-1,GET,/api/work,200,26,,3
1788020867026,ui_least-connections_ramp-up_1788020856832,least-connections,server-3,GET,/api/work,200,25,,3
1788020867027,ui_least-connections_ramp-up_1788020856832,least-connections,server-2,GET,/api/work,200,27,,3
1788020867027,ui_least-connections_ramp-up_1788020856832,least-connections,server-1,GET,/api/work,200,27,,3
1788020867043,ui_least-connections_ramp-up_1788020856832,least-connections,server-3,GET,/api/work,200,26,,3
1788020867043,ui_least-connections_ramp-up_1788020856832,least-connections,server-2,GET,/api/work,200,27,,3
1788020867044,ui_least-connections_ramp-up_1788020856832,least-connections,server-2,GET,/api/work,200,26,,2
1788020867045,ui_least-connections_ramp-up_1788020856832,least-connections,server-3,GET,/api/work,200,25,,2
1788020867044,ui_least-connections_ramp-up_1788020856832,least-connections,server-1,GET,/api/work,200,27,,3
1788020867046,ui_least-connections_ramp-up_1788020856832,least-connections,server-1,GET,/api/work,200,26,,2
1788020867046,ui_least-connections_ramp-up_1788020856832,least-connections,server-2,GET,/api/work,200,26,,2
1788020867049,ui_least-connections_ramp-up_1788020856832,least-connections,server-3,GET,/api/work,200,26,,2
1788020867051,ui_least-connections_ramp-up_1788020856832,least-connections,server-1,GET,/api/work,200,26,,2
1788020867067,ui_least-connections_ramp-up_1788020856832,least-connections,server-1,GET,/api/work,200,25,,3
1788020867067,ui_least-connections_ramp-up_1788020856832,least-connections,server-2,GET,/api/work,200,25,,3
1788020867069,ui_least-connections_ramp-up_1788020856832,least-connections,server-3,GET,/api/work,200,27,,2
1788020867072,ui_least-connections_ramp-up_1788020856832,least-connections,server-3,GET,/api/work,200,25,,1
1788020867071,ui_least-connections_ramp-up_1788020856832,least-connections,server-2,GET,/api/work,200,27,,2
1788020867074,ui_least-connections_ramp-up_1788020856832,least-connections,server-1,GET,/api/work,200,27,,2
1788020867075,ui_least-connections_ramp-up_1788020856832,least-connections,server-2,GET,/api/work,200,27,,2
1788020867080,ui_least-connections_ramp-up_1788020856832,least-connections,server-1,GET,/api/work,200,27,,3
1788020867082,ui_least-connections_ramp-up_1788020856832,least-connections,server-3,GET,/api/work,200,25,,3
1788020867084,ui_least-connections_ramp-up_1788020856832,least-connections,server-1,GET,/api/work,200,27,,3
1788020867085,ui_least-connections_ramp-up_1788020856832,least-connections,server-2,GET,/api/work,200,27,,3
1788020867100,ui_least-connections_ramp-up_1788020856832,least-connections,server-3,GET,/api/work,200,26,,3
1788020867101,ui_least-connections_ramp-up_1788020856832,least-connections,server-1,GET,/api/work,200,27,,3
1788020867101,ui_least-connections_ramp-up_1788020856832,least-connections,server-2,GET,/api/work,200,27,,3
1788020867102,ui_least-connections_ramp-up_1788020856832,least-connections,server-1,GET,/api/work,200,27,,2
1788020867102,ui_least-connections_ramp-up_1788020856832,least-connections,server-2,GET,/api/work,200,27,,2
1788020867102,ui_least-connections_ramp-up_1788020856832,least-connections,server-3,GET,/api/work,200,27,,2
1788020867103,ui_least-connections_ramp-up_1788020856832,least-connections,server-2,GET,/api/work,200,27,,1
1788020867105,ui_least-connections_ramp-up_1788020856832,least-connections,server-3,GET,/api/work,200,27,,1
1788020867107,ui_least-connections_ramp-up_1788020856832,least-connections,server-1,GET,/api/work,200,26,,2
1788020867124,ui_least-connections_ramp-up_1788020856832,least-connections,server-2,GET,/api/work,200,26,,3
1788020867124,ui_least-connections_ramp-up_1788020856832,least-connections,server-1,GET,/api/work,200,26,,3
1788020867126,ui_least-connections_ramp-up_1788020856832,least-connections,server-3,GET,/api/work,200,26,,2
1788020867130,ui_least-connections_ramp-up_1788020856832,least-connections,server-2,GET,/api/work,200,26,,2
1788020867130,ui_least-connections_ramp-up_1788020856832,least-connections,server-1,GET,/api/work,200,27,,2
1788020867132,ui_least-connections_ramp-up_1788020856832,least-connections,server-3,GET,/api/work,200,27,,1
1788020867134,ui_least-connections_ramp-up_1788020856832,least-connections,server-1,GET,/api/work,200,26,,2
1788020867137,ui_least-connections_ramp-up_1788020856832,least-connections,server-2,GET,/api/work,200,27,,3
1788020867138,ui_least-connections_ramp-up_1788020856832,least-connections,server-3,GET,/api/work,200,26,,3
1788020867142,ui_least-connections_ramp-up_1788020856832,least-connections,server-1,GET,/api/work,200,25,,3
1788020867142,ui_least-connections_ramp-up_1788020856832,least-connections,server-2,GET,/api/work,200,26,,3
1788020867157,ui_least-connections_ramp-up_1788020856832,least-connections,server-1,GET,/api/work,200,26,,3
1788020867160,ui_least-connections_ramp-up_1788020856832,least-connections,server-2,GET,/api/work,200,26,,3
1788020867160,ui_least-connections_ramp-up_1788020856832,least-connections,server-1,GET,/api/work,200,27,,3
1788020867160,ui_least-connections_ramp-up_1788020856832,least-connections,server-3,GET,/api/work,200,27,,2
1788020867161,ui_least-connections_ramp-up_1788020856832,least-connections,server-3,GET,/api/work,200,26,,1
1788020867161,ui_least-connections_ramp-up_1788020856832,least-connections,server-2,GET,/api/work,200,27,,2
1788020867161,ui_least-connections_ramp-up_1788020856832,least-connections,server-1,GET,/api/work,200,28,,2
1788020867162,ui_least-connections_ramp-up_1788020856832,least-connections,server-3,GET,/api/work,200,27,,1
1788020867164,ui_least-connections_ramp-up_1788020856832,least-connections,server-2,GET,/api/work,200,27,,1
1788020867181,ui_least-connections_ramp-up_1788020856832,least-connections,server-1,GET,/api/work,200,26,,3
1788020867181,ui_least-connections_ramp-up_1788020856832,least-connections,server-2,GET,/api/work,200,26,,3
1788020867183,ui_least-connections_ramp-up_1788020856832,least-connections,server-1,GET,/api/work,200,26,,2
1788020867188,ui_least-connections_ramp-up_1788020856832,least-connections,server-3,GET,/api/work,200,25,,2
1788020867190,ui_least-connections_ramp-up_1788020856832,least-connections,server-1,GET,/api/work,200,26,,2
1788020867190,ui_least-connections_ramp-up_1788020856832,least-connections,server-3,GET,/api/work,200,27,,1
1788020867191,ui_least-connections_ramp-up_1788020856832,least-connections,server-2,GET,/api/work,200,27,,2
1788020867193,ui_least-connections_ramp-up_1788020856832,least-connections,server-2,GET,/api/work,200,26,,1
1788020867195,ui_least-connections_ramp-up_1788020856832,least-connections,server-3,GET,/api/work,200,27,,3
1788020867199,ui_least-connections_ramp-up_1788020856832,least-connections,server-1,GET,/api/work,200,25,,3
1788020867199,ui_least-connections_ramp-up_1788020856832,least-connections,server-2,GET,/api/work,200,26,,3
1788020867213,ui_least-connections_ramp-up_1788020856832,least-connections,server-1,GET,/api/work,200,26,,3
1788020867217,ui_least-connections_ramp-up_1788020856832,least-connections,server-3,GET,/api/work,200,27,,2
1788020867218,ui_least-connections_ramp-up_1788020856832,least-connections,server-1,GET,/api/work,200,26,,3
1788020867220,ui_least-connections_ramp-up_1788020856832,least-connections,server-3,GET,/api/work,200,25,,2
1788020867219,ui_least-connections_ramp-up_1788020856832,least-connections,server-2,GET,/api/work,200,27,,3
1788020867220,ui_least-connections_ramp-up_1788020856832,least-connections,server-1,GET,/api/work,200,26,,2
1788020867219,ui_least-connections_ramp-up_1788020856832,least-connections,server-2,GET,/api/work,200,27,,2
1788020867221,ui_least-connections_ramp-up_1788020856832,least-connections,server-2,GET,/api/work,200,26,,1
1788020867221,ui_least-connections_ramp-up_1788020856832,least-connections,server-3,GET,/api/work,200,27,,1
1788020867238,ui_least-connections_ramp-up_1788020856832,least-connections,server-2,GET,/api/work,200,26,,3
1788020867238,ui_least-connections_ramp-up_1788020856832,least-connections,server-1,GET,/api/work,200,27,,3
1788020867240,ui_least-connections_ramp-up_1788020856832,least-connections,server-1,GET,/api/work,200,26,,2
1788020867244,ui_least-connections_ramp-up_1788020856832,least-connections,server-3,GET,/api/work,200,26,,2
1788020867247,ui_least-connections_ramp-up_1788020856832,least-connections,server-1,GET,/api/work,200,27,,2
1788020867248,ui_least-connections_ramp-up_1788020856832,least-connections,server-2,GET,/api/work,200,27,,2
1788020867248,ui_least-connections_ramp-up_1788020856832,least-connections,server-3,GET,/api/work,200,27,,1
1788020867249,ui_least-connections_ramp-up_1788020856832,least-connections,server-2,GET,/api/work,200,26,,1
1788020867252,ui_least-connections_ramp-up_1788020856832,least-connections,server-3,GET,/api/work,200,26,,2
1788020867255,ui_least-connections_ramp-up_1788020856832,least-connections,server-1,GET,/api/work,200,25,,3
1788020867256,ui_least-connections_ramp-up_1788020856832,least-connections,server-2,GET,/api/work,200,26,,3
1788020867269,ui_least-connections_ramp-up_1788020856832,least-connections,server-1,GET,/api/work,200,26,,3
1788020867274,ui_least-connections_ramp-up_1788020856832,least-connections,server-1,GET,/api/work,200,26,,3
1788020867276,ui_least-connections_ramp-up_1788020856832,least-connections,server-2,GET,/api/work,200,25,,3
1788020867276,ui_least-connections_ramp-up_1788020856832,least-connections,server-3,GET,/api/work,200,27,,2
1788020867277,ui_least-connections_ramp-up_1788020856832,least-connections,server-2,GET,/api/work,200,26,,2
1788020867277,ui_least-connections_ramp-up_1788020856832,least-connections,server-3,GET,/api/work,200,26,,1
1788020867277,ui_least-connections_ramp-up_1788020856832,least-connections,server-1,GET,/api/work,200,27,,3
1788020867279,ui_least-connections_ramp-up_1788020856832,least-connections,server-2,GET,/api/work,200,25,,1
1788020867278,ui_least-connections_ramp-up_1788020856832,least-connections,server-3,GET,/api/work,200,27,,0
1788020867295,ui_least-connections_ramp-up_1788020856832,least-connections,server-1,GET,/api/work,200,26,,3
1788020867295,ui_least-connections_ramp-up_1788020856832,least-connections,server-1,GET,/api/work,200,26,,2
1788020867297,ui_least-connections_ramp-up_1788020856832,least-connections,server-2,GET,/api/work,200,26,,3
1788020867301,ui_least-connections_ramp-up_1788020856832,least-connections,server-1,GET,/api/work,200,26,,2
1788020867305,ui_least-connections_ramp-up_1788020856832,least-connections,server-3,GET,/api/work,200,26,,2
1788020867306,ui_least-connections_ramp-up_1788020856832,least-connections,server-2,GET,/api/work,200,27,,2
1788020867306,ui_least-connections_ramp-up_1788020856832,least-connections,server-3,GET,/api/work,200,27,,2
1788020867307,ui_least-connections_ramp-up_1788020856832,least-connections,server-2,GET,/api/work,200,27,,1
1788020867309,ui_least-connections_ramp-up_1788020856832,least-connections,server-3,GET,/api/work,200,27,,2
1788020867310,ui_least-connections_ramp-up_1788020856832,least-connections,server-1,GET,/api/work,200,27,,3
1788020867313,ui_least-connections_ramp-up_1788020856832,least-connections,server-2,GET,/api/work,200,26,,2
1788020867326,ui_least-connections_ramp-up_1788020856832,least-connections,server-1,GET,/api/work,200,27,,3
1788020867332,ui_least-connections_ramp-up_1788020856832,least-connections,server-1,GET,/api/work,200,26,,3
1788020867332,ui_least-connections_ramp-up_1788020856832,least-connections,server-3,GET,/api/work,200,27,,3
1788020867334,ui_least-connections_ramp-up_1788020856832,least-connections,server-2,GET,/api/work,200,26,,3
1788020867335,ui_least-connections_ramp-up_1788020856832,least-connections,server-1,GET,/api/work,200,26,,2
1788020867335,ui_least-connections_ramp-up_1788020856832,least-connections,server-3,GET,/api/work,200,26,,2
1788020867335,ui_least-connections_ramp-up_1788020856832,least-connections,server-2,GET,/api/work,200,26,,2
1788020867337,ui_least-connections_ramp-up_1788020856832,least-connections,server-3,GET,/api/work,200,26,,1
1788020867337,ui_least-connections_ramp-up_1788020856832,least-connections,server-1,GET,/api/work,200,27,,2
1788020867352,ui_least-connections_ramp-up_1788020856832,least-connections,server-2,GET,/api/work,200,26,,3
1788020867352,ui_least-connections_ramp-up_1788020856832,least-connections,server-2,GET,/api/work,200,27,,2
1788020867354,ui_least-connections_ramp-up_1788020856832,least-connections,server-1,GET,/api/work,200,26,,3
1788020867357,ui_least-connections_ramp-up_1788020856832,least-connections,server-3,GET,/api/work,200,25,,2
1788020867362,ui_least-connections_ramp-up_1788020856832,least-connections,server-1,GET,/api/work,200,26,,2
1788020867365,ui_least-connections_ramp-up_1788020856832,least-connections,server-2,GET,/api/work,200,25,,2
1788020867365,ui_least-connections_ramp-up_1788020856832,least-connections,server-1,GET,/api/work,200,26,,2
1788020867364,ui_least-connections_ramp-up_1788020856832,least-connections,server-3,GET,/api/work,200,28,,1
1788020867367,ui_least-connections_ramp-up_1788020856832,least-connections,server-3,GET,/api/work,200,26,,2
1788020867367,ui_least-connections_ramp-up_1788020856832,least-connections,server-1,GET,/api/work,200,27,,3
1788020867370,ui_least-connections_ramp-up_1788020856832,least-connections,server-2,GET,/api/work,200,26,,2
1788020867383,ui_least-connections_ramp-up_1788020856832,least-connections,server-2,GET,/api/work,200,27,,2
1788020867391,ui_least-connections_ramp-up_1788020856832,least-connections,server-1,GET,/api/work,200,26,,3
1788020867391,ui_least-connections_ramp-up_1788020856832,least-connections,server-2,GET,/api/work,200,26,,3
1788020867392,ui_least-connections_ramp-up_1788020856832,least-connections,server-1,GET,/api/work,200,26,,2
1788020867393,ui_least-connections_ramp-up_1788020856832,least-connections,server-3,GET,/api/work,200,26,,3
1788020867393,ui_least-connections_ramp-up_1788020856832,least-connections,server-3,GET,/api/work,200,27,,2
1788020867393,ui_least-connections_ramp-up_1788020856832,least-connections,server-1,GET,/api/work,200,27,,2
1788020867394,ui_least-connections_ramp-up_1788020856832,least-connections,server-3,GET,/api/work,200,26,,1
1788020867395,ui_least-connections_ramp-up_1788020856832,least-connections,server-1,GET,/api/work,200,26,,1
1788020867409,ui_least-connections_ramp-up_1788020856832,least-connections,server-2,GET,/api/work,200,26,,3
1788020867411,ui_least-connections_ramp-up_1788020856832,least-connections,server-2,GET,/api/work,200,25,,2
1788020867411,ui_least-connections_ramp-up_1788020856832,least-connections,server-2,GET,/api/work,200,26,,1
1788020867413,ui_least-connections_ramp-up_1788020856832,least-connections,server-3,GET,/api/work,200,26,,2
1788020867418,ui_least-connections_ramp-up_1788020856832,least-connections,server-1,GET,/api/work,200,26,,3
1788020867421,ui_least-connections_ramp-up_1788020856832,least-connections,server-1,GET,/api/work,200,26,,2
1788020867424,ui_least-connections_ramp-up_1788020856832,least-connections,server-1,GET,/api/work,200,26,,2
1788020867423,ui_least-connections_ramp-up_1788020856832,least-connections,server-3,GET,/api/work,200,27,,2
1788020867424,ui_least-connections_ramp-up_1788020856832,least-connections,server-3,GET,/api/work,200,27,,1
1788020867425,ui_least-connections_ramp-up_1788020856832,least-connections,server-1,GET,/api/work,200,27,,2
1788020867427,ui_least-connections_ramp-up_1788020856832,least-connections,server-2,GET,/api/work,200,26,,2
1788020867441,ui_least-connections_ramp-up_1788020856832,least-connections,server-2,GET,/api/work,200,26,,3
1788020867447,ui_least-connections_ramp-up_1788020856832,least-connections,server-1,GET,/api/work,200,26,,3
1788020867449,ui_least-connections_ramp-up_1788020856832,least-connections,server-3,GET,/api/work,200,26,,3
1788020867449,ui_least-connections_ramp-up_1788020856832,least-connections,server-2,GET,/api/work,200,27,,3
1788020867450,ui_least-connections_ramp-up_1788020856832,least-connections,server-1,GET,/api/work,200,27,,3
1788020867452,ui_least-connections_ramp-up_1788020856832,least-connections,server-1,GET,/api/work,200,27,,3
1788020867452,ui_least-connections_ramp-up_1788020856832,least-connections,server-3,GET,/api/work,200,27,,2
1788020867452,ui_least-connections_ramp-up_1788020856832,least-connections,server-1,GET,/api/work,200,28,,2
1788020867452,ui_least-connections_ramp-up_1788020856832,least-connections,server-3,GET,/api/work,200,28,,1
1788020867465,ui_least-connections_ramp-up_1788020856832,least-connections,server-2,GET,/api/work,200,26,,3
1788020867467,ui_least-connections_ramp-up_1788020856832,least-connections,server-3,GET,/api/work,200,27,,2
1788020867467,ui_least-connections_ramp-up_1788020856832,least-connections,server-2,GET,/api/work,200,27,,2
1788020867470,ui_least-connections_ramp-up_1788020856832,least-connections,server-2,GET,/api/work,200,26,,1
1788020867476,ui_least-connections_ramp-up_1788020856832,least-connections,server-1,GET,/api/work,200,27,,3
1788020867478,ui_least-connections_ramp-up_1788020856832,least-connections,server-1,GET,/api/work,200,25,,2
1788020867481,ui_least-connections_ramp-up_1788020856832,least-connections,server-3,GET,/api/work,200,26,,1
1788020867482,ui_least-connections_ramp-up_1788020856832,least-connections,server-1,GET,/api/work,200,26,,2
1788020867484,ui_least-connections_ramp-up_1788020856832,least-connections,server-1,GET,/api/work,200,25,,2
1788020867483,ui_least-connections_ramp-up_1788020856832,least-connections,server-3,GET,/api/work,200,27,,1
1788020867484,ui_least-connections_ramp-up_1788020856832,least-connections,server-2,GET,/api/work,200,26,,2
1788020867498,ui_least-connections_ramp-up_1788020856832,least-connections,server-2,GET,/api/work,200,26,,2
1788020867503,ui_least-connections_ramp-up_1788020856832,least-connections,server-1,GET,/api/work,200,26,,3
1788020867507,ui_least-connections_ramp-up_1788020856832,least-connections,server-2,GET,/api/work,200,27,,3
1788020867507,ui_least-connections_ramp-up_1788020856832,least-connections,server-3,GET,/api/work,200,28,,3
1788020867508,ui_least-connections_ramp-up_1788020856832,least-connections,server-1,GET,/api/work,200,27,,3
1788020867509,ui_least-connections_ramp-up_1788020856832,least-connections,server-1,GET,/api/work,200,27,,2
1788020867511,ui_least-connections_ramp-up_1788020856832,least-connections,server-3,GET,/api/work,200,26,,2
1788020867511,ui_least-connections_ramp-up_1788020856832,least-connections,server-3,GET,/api/work,200,26,,1
1788020867511,ui_least-connections_ramp-up_1788020856832,least-connections,server-2,GET,/api/work,200,27,,3
1788020867522,ui_least-connections_ramp-up_1788020856832,least-connections,server-1,GET,/api/work,200,27,,3
1788020867525,ui_least-connections_ramp-up_1788020856832,least-connections,server-2,GET,/api/work,200,26,,3
1788020867525,ui_least-connections_ramp-up_1788020856832,least-connections,server-2,GET,/api/work,200,26,,2
1788020867527,ui_least-connections_ramp-up_1788020856832,least-connections,server-3,GET,/api/work,200,27,,2
1788020867534,ui_least-connections_ramp-up_1788020856832,least-connections,server-1,GET,/api/work,200,26,,2
1788020867535,ui_least-connections_ramp-up_1788020856832,least-connections,server-2,GET,/api/work,200,27,,2
1788020867538,ui_least-connections_ramp-up_1788020856832,least-connections,server-3,GET,/api/work,200,26,,2
1788020867539,ui_least-connections_ramp-up_1788020856832,least-connections,server-3,GET,/api/work,200,26,,1
1788020867539,ui_least-connections_ramp-up_1788020856832,least-connections,server-1,GET,/api/work,200,26,,1
1788020867541,ui_least-connections_ramp-up_1788020856832,least-connections,server-2,GET,/api/work,200,25,,1
1788020867540,ui_least-connections_ramp-up_1788020856832,least-connections,server-1,GET,/api/work,200,27,,1
1788020867554,ui_least-connections_ramp-up_1788020856832,least-connections,server-2,GET,/api/work,200,26,,2
1788020867560,ui_least-connections_ramp-up_1788020856832,least-connections,server-3,GET,/api/work,200,26,,3
1788020867566,ui_least-connections_ramp-up_1788020856832,least-connections,server-3,GET,/api/work,200,26,,2
1788020867565,ui_least-connections_ramp-up_1788020856832,least-connections,server-1,GET,/api/work,200,27,,3
1788020867567,ui_least-connections_ramp-up_1788020856832,least-connections,server-1,GET,/api/work,200,26,,2
1788020867567,ui_least-connections_ramp-up_1788020856832,least-connections,server-2,GET,/api/work,200,27,,3
1788020867568,ui_least-connections_ramp-up_1788020856832,least-connections,server-1,GET,/api/work,200,26,,1
1788020867568,ui_least-connections_ramp-up_1788020856832,least-connections,server-2,GET,/api/work,200,27,,2
1788020867569,ui_least-connections_ramp-up_1788020856832,least-connections,server-3,GET,/api/work,200,26,,3
1788020867579,ui_least-connections_ramp-up_1788020856832,least-connections,server-1,GET,/api/work,200,25,,3
1788020867581,ui_least-connections_ramp-up_1788020856832,least-connections,server-2,GET,/api/work,200,26,,3
1788020867582,ui_least-connections_ramp-up_1788020856832,least-connections,server-2,GET,/api/work,200,26,,2
1788020867585,ui_least-connections_ramp-up_1788020856832,least-connections,server-3,GET,/api/work,200,27,,2
1788020867592,ui_least-connections_ramp-up_1788020856832,least-connections,server-3,GET,/api/work,200,26,,2
1788020867592,ui_least-connections_ramp-up_1788020856832,least-connections,server-3,GET,/api/work,200,27,,1
1788020867594,ui_least-connections_ramp-up_1788020856832,least-connections,server-1,GET,/api/work,200,27,,2
1788020867594,ui_least-connections_ramp-up_1788020856832,least-connections,server-1,GET,/api/work,200,27,,1
1788020867596,ui_least-connections_ramp-up_1788020856832,least-connections,server-2,GET,/api/work,200,26,,2
1788020867598,ui_least-connections_ramp-up_1788020856832,least-connections,server-2,GET,/api/work,200,26,,2
1788020867598,ui_least-connections_ramp-up_1788020856832,least-connections,server-1,GET,/api/work,200,26,,2
1788020867611,ui_least-connections_ramp-up_1788020856832,least-connections,server-2,GET,/api/work,200,26,,2
1788020867616,ui_least-connections_ramp-up_1788020856832,least-connections,server-3,GET,/api/work,200,26,,3
1788020867623,ui_least-connections_ramp-up_1788020856832,least-connections,server-3,GET,/api/work,200,26,,3
1788020867623,ui_least-connections_ramp-up_1788020856832,least-connections,server-1,GET,/api/work,200,27,,4
1788020867624,ui_least-connections_ramp-up_1788020856832,least-connections,server-1,GET,/api/work,200,26,,3
1788020867624,ui_least-connections_ramp-up_1788020856832,least-connections,server-2,GET,/api/work,200,27,,3
1788020867625,ui_least-connections_ramp-up_1788020856832,least-connections,server-2,GET,/api/work,200,26,,2
1788020867626,ui_least-connections_ramp-up_1788020856832,least-connections,server-3,GET,/api/work,200,26,,2
1788020867625,ui_least-connections_ramp-up_1788020856832,least-connections,server-1,GET,/api/work,200,27,,3
1788020867635,ui_least-connections_ramp-up_1788020856832,least-connections,server-1,GET,/api/work,200,26,,3
1788020867638,ui_least-connections_ramp-up_1788020856832,least-connections,server-2,GET,/api/work,200,27,,3
1788020867639,ui_least-connections_ramp-up_1788020856832,least-connections,server-2,GET,/api/work,200,26,,2
1788020867642,ui_least-connections_ramp-up_1788020856832,least-connections,server-3,GET,/api/work,200,26,,2
1788020867649,ui_least-connections_ramp-up_1788020856832,least-connections,server-3,GET,/api/work,200,26,,2
1788020867649,ui_least-connections_ramp-up_1788020856832,least-connections,server-1,GET,/api/work,200,26,,2
1788020867651,ui_least-connections_ramp-up_1788020856832,least-connections,server-1,GET,/api/work,200,27,,1
1788020867652,ui_least-connections_ramp-up_1788020856832,least-connections,server-2,GET,/api/work,200,26,,2
1788020867652,ui_least-connections_ramp-up_1788020856832,least-connections,server-3,GET,/api/work,200,26,,1
1788020867655,ui_least-connections_ramp-up_1788020856832,least-connections,server-1,GET,/api/work,200,26,,2
1788020867656,ui_least-connections_ramp-up_1788020856832,least-connections,server-2,GET,/api/work,200,26,,1
1788020867667,ui_least-connections_ramp-up_1788020856832,least-connections,server-2,GET,/api/work,200,26,,2
1788020867673,ui_least-connections_ramp-up_1788020856832,least-connections,server-3,GET,/api/work,200,26,,2
1788020867680,ui_least-connections_ramp-up_1788020856832,least-connections,server-1,GET,/api/work,200,27,,4
1788020867681,ui_least-connections_ramp-up_1788020856832,least-connections,server-1,GET,/api/work,200,27,,3
1788020867681,ui_least-connections_ramp-up_1788020856832,least-connections,server-3,GET,/api/work,200,27,,3
1788020867682,ui_least-connections_ramp-up_1788020856832,least-connections,server-2,GET,/api/work,200,27,,3
1788020867683,ui_least-connections_ramp-up_1788020856832,least-connections,server-2,GET,/api/work,200,26,,2
1788020867682,ui_least-connections_ramp-up_1788020856832,least-connections,server-1,GET,/api/work,200,28,,2
1788020867683,ui_least-connections_ramp-up_1788020856832,least-connections,server-3,GET,/api/work,200,28,,2
1788020867691,ui_least-connections_ramp-up_1788020856832,least-connections,server-1,GET,/api/work,200,26,,3
1788020867696,ui_least-connections_ramp-up_1788020856832,least-connections,server-2,GET,/api/work,200,26,,3
1788020867696,ui_least-connections_ramp-up_1788020856832,least-connections,server-2,GET,/api/work,200,26,,2
1788020867700,ui_least-connections_ramp-up_1788020856832,least-connections,server-3,GET,/api/work,200,25,,2
1788020867706,ui_least-connections_ramp-up_1788020856832,least-connections,server-3,GET,/api/work,200,25,,2
1788020867706,ui_least-connections_ramp-up_1788020856832,least-connections,server-1,GET,/api/work,200,26,,2
1788020867710,ui_least-connections_ramp-up_1788020856832,least-connections,server-1,GET,/api/work,200,26,,1
1788020867710,ui_least-connections_ramp-up_1788020856832,least-connections,server-2,GET,/api/work,200,27,,2
1788020867710,ui_least-connections_ramp-up_1788020856832,least-connections,server-1,GET,/api/work,200,28,,0
1788020867712,ui_least-connections_ramp-up_1788020856832,least-connections,server-3,GET,/api/work,200,28,,1
1788020867713,ui_least-connections_ramp-up_1788020856832,least-connections,server-2,GET,/api/work,200,28,,2
1788020867724,ui_least-connections_ramp-up_1788020856832,least-connections,server-2,GET,/api/work,200,25,,2
1788020867730,ui_least-connections_ramp-up_1788020856832,least-connections,server-3,GET,/api/work,200,26,,3
1788020867739,ui_least-connections_ramp-up_1788020856832,least-connections,server-1,GET,/api/work,200,27,,4
1788020867739,ui_least-connections_ramp-up_1788020856832,least-connections,server-1,GET,/api/work,200,28,,3
1788020867741,ui_least-connections_ramp-up_1788020856832,least-connections,server-3,GET,/api/work,200,26,,3
1788020867741,ui_least-connections_ramp-up_1788020856832,least-connections,server-2,GET,/api/work,200,27,,3
1788020867741,ui_least-connections_ramp-up_1788020856832,least-connections,server-1,GET,/api/work,200,27,,2
1788020867742,ui_least-connections_ramp-up_1788020856832,least-connections,server-3,GET,/api/work,200,27,,2
1788020867741,ui_least-connections_ramp-up_1788020856832,least-connections,server-2,GET,/api/work,200,28,,2
1788020867748,ui_least-connections_ramp-up_1788020856832,least-connections,server-1,GET,/api/work,200,26,,3
1788020867752,ui_least-connections_ramp-up_1788020856832,least-connections,server-2,GET,/api/work,200,27,,3
1788020867753,ui_least-connections_ramp-up_1788020856832,least-connections,server-2,GET,/api/work,200,27,,2
1788020867755,ui_least-connections_ramp-up_1788020856832,least-connections,server-3,GET,/api/work,200,26,,2
1788020867762,ui_least-connections_ramp-up_1788020856832,least-connections,server-3,GET,/api/work,200,26,,2
1788020867762,ui_least-connections_ramp-up_1788020856832,least-connections,server-1,GET,/api/work,200,27,,2
1788020867770,ui_least-connections_ramp-up_1788020856832,least-connections,server-2,GET,/api/work,200,26,,2
1788020867770,ui_least-connections_ramp-up_1788020856832,least-connections,server-3,GET,/api/work,200,27,,1
1788020867772,ui_least-connections_ramp-up_1788020856832,least-connections,server-2,GET,/api/work,200,26,,1
1788020867770,ui_least-connections_ramp-up_1788020856832,least-connections,server-1,GET,/api/work,200,29,,2
1788020867770,ui_least-connections_ramp-up_1788020856832,least-connections,server-1,GET,/api/work,200,29,,1
1788020867780,ui_least-connections_ramp-up_1788020856832,least-connections,server-2,GET,/api/work,200,26,,2
1788020867787,ui_least-connections_ramp-up_1788020856832,least-connections,server-3,GET,/api/work,200,26,,3
1788020867797,ui_least-connections_ramp-up_1788020856832,least-connections,server-1,GET,/api/work,200,25,,4
1788020867797,ui_least-connections_ramp-up_1788020856832,least-connections,server-3,GET,/api/work,200,26,,3
1788020867800,ui_least-connections_ramp-up_1788020856832,least-connections,server-2,GET,/api/work,200,27,,3
1788020867800,ui_least-connections_ramp-up_1788020856832,least-connections,server-1,GET,/api/work,200,28,,3
1788020867801,ui_least-connections_ramp-up_1788020856832,least-connections,server-2,GET,/api/work,200,27,,2
1788020867800,ui_least-connections_ramp-up_1788020856832,least-connections,server-1,GET,/api/work,200,28,,2
1788020867801,ui_least-connections_ramp-up_1788020856832,least-connections,server-3,GET,/api/work,200,28,,2
1788020867806,ui_least-connections_ramp-up_1788020856832,least-connections,server-1,GET,/api/work,200,27,,3
1788020867812,ui_least-connections_ramp-up_1788020856832,least-connections,server-2,GET,/api/work,200,26,,3
1788020867812,ui_least-connections_ramp-up_1788020856832,least-connections,server-3,GET,/api/work,200,27,,2
1788020867812,ui_least-connections_ramp-up_1788020856832,least-connections,server-2,GET,/api/work,200,27,,2
1788020867819,ui_least-connections_ramp-up_1788020856832,least-connections,server-1,GET,/api/work,200,27,,2
1788020867819,ui_least-connections_ramp-up_1788020856832,least-connections,server-3,GET,/api/work,200,27,,2
1788020867830,ui_least-connections_ramp-up_1788020856832,least-connections,server-2,GET,/api/work,200,26,,2
1788020867830,ui_least-connections_ramp-up_1788020856832,least-connections,server-3,GET,/api/work,200,26,,2
1788020867830,ui_least-connections_ramp-up_1788020856832,least-connections,server-1,GET,/api/work,200,27,,2
1788020867831,ui_least-connections_ramp-up_1788020856832,least-connections,server-1,GET,/api/work,200,26,,1
1788020867831,ui_least-connections_ramp-up_1788020856832,least-connections,server-2,GET,/api/work,200,27,,1
1788020867839,ui_least-connections_ramp-up_1788020856832,least-connections,server-3,GET,/api/work,200,26,,2
1788020867845,ui_least-connections_ramp-up_1788020856832,least-connections,server-2,GET,/api/work,200,27,,3
1788020867853,ui_least-connections_ramp-up_1788020856832,least-connections,server-3,GET,/api/work,200,26,,3
1788020867853,ui_least-connections_ramp-up_1788020856832,least-connections,server-1,GET,/api/work,200,27,,4
1788020867861,ui_least-connections_ramp-up_1788020856832,least-connections,server-1,GET,/api/work,200,26,,3
1788020867861,ui_least-connections_ramp-up_1788020856832,least-connections,server-2,GET,/api/work,200,27,,3
1788020867861,ui_least-connections_ramp-up_1788020856832,least-connections,server-2,GET,/api/work,200,28,,3
1788020867861,ui_least-connections_ramp-up_1788020856832,least-connections,server-1,GET,/api/work,200,30,,3
1788020867861,ui_least-connections_ramp-up_1788020856832,least-connections,server-3,GET,/api/work,200,31,,2
1788020867864,ui_least-connections_ramp-up_1788020856832,least-connections,server-1,GET,/api/work,200,28,,3
1788020867870,ui_least-connections_ramp-up_1788020856832,least-connections,server-2,GET,/api/work,200,25,,3
1788020867870,ui_least-connections_ramp-up_1788020856832,least-connections,server-3,GET,/api/work,200,26,,2
1788020867870,ui_least-connections_ramp-up_1788020856832,least-connections,server-3,GET,/api/work,200,27,,2
1788020867878,ui_least-connections_ramp-up_1788020856832,least-connections,server-1,GET,/api/work,200,25,,2
1788020867877,ui_least-connections_ramp-up_1788020856832,least-connections,server-2,GET,/api/work,200,27,,2
1788020867888,ui_least-connections_ramp-up_1788020856832,least-connections,server-1,GET,/api/work,200,27,,2
1788020867888,ui_least-connections_ramp-up_1788020856832,least-connections,server-2,GET,/api/work,200,27,,2
1788020867891,ui_least-connections_ramp-up_1788020856832,least-connections,server-1,GET,/api/work,200,26,,1
1788020867891,ui_least-connections_ramp-up_1788020856832,least-connections,server-2,GET,/api/work,200,27,,1
1788020867893,ui_least-connections_ramp-up_1788020856832,least-connections,server-3,GET,/api/work,200,26,,2
1788020867896,ui_least-connections_ramp-up_1788020856832,least-connections,server-3,GET,/api/work,200,26,,1
1788020867902,ui_least-connections_ramp-up_1788020856832,least-connections,server-3,GET,/api/work,200,26,,3
1788020867910,ui_least-connections_ramp-up_1788020856832,least-connections,server-2,GET,/api/work,200,25,,3
1788020867909,ui_least-connections_ramp-up_1788020856832,least-connections,server-1,GET,/api/work,200,26,,4
1788020867918,ui_least-connections_ramp-up_1788020856832,least-connections,server-1,GET,/api/work,200,27,,3
1788020867920,ui_least-connections_ramp-up_1788020856832,least-connections,server-2,GET,/api/work,200,26,,3
1788020867923,ui_least-connections_ramp-up_1788020856832,least-connections,server-3,GET,/api/work,200,26,,3
1788020867923,ui_least-connections_ramp-up_1788020856832,least-connections,server-1,GET,/api/work,200,26,,4
1788020867924,ui_least-connections_ramp-up_1788020856832,least-connections,server-3,GET,/api/work,200,26,,2
1788020867924,ui_least-connections_ramp-up_1788020856832,least-connections,server-2,GET,/api/work,200,27,,4
1788020867926,ui_least-connections_ramp-up_1788020856832,least-connections,server-1,GET,/api/work,200,27,,3
1788020867928,ui_least-connections_ramp-up_1788020856832,least-connections,server-2,GET,/api/work,200,26,,3
1788020867928,ui_least-connections_ramp-up_1788020856832,least-connections,server-3,GET,/api/work,200,26,,2
1788020867934,ui_least-connections_ramp-up_1788020856832,least-connections,server-1,GET,/api/work,200,26,,2
1788020867934,ui_least-connections_ramp-up_1788020856832,least-connections,server-3,GET,/api/work,200,27,,2
1788020867945,ui_least-connections_ramp-up_1788020856832,least-connections,server-1,GET,/api/work,200,26,,2
1788020867945,ui_least-connections_ramp-up_1788020856832,least-connections,server-2,GET,/api/work,200,27,,2
1788020867948,ui_least-connections_ramp-up_1788020856832,least-connections,server-2,GET,/api/work,200,26,,1
1788020867948,ui_least-connections_ramp-up_1788020856832,least-connections,server-2,GET,/api/work,200,27,,0
1788020867948,ui_least-connections_ramp-up_1788020856832,least-connections,server-1,GET,/api/work,200,27,,1
1788020867953,ui_least-connections_ramp-up_1788020856832,least-connections,server-3,GET,/api/work,200,27,,2
1788020867959,ui_least-connections_ramp-up_1788020856832,least-connections,server-3,GET,/api/work,200,25,,2
1788020867965,ui_least-connections_ramp-up_1788020856832,least-connections,server-1,GET,/api/work,200,26,,4
1788020867965,ui_least-connections_ramp-up_1788020856832,least-connections,server-3,GET,/api/work,200,26,,3
1788020867977,ui_least-connections_ramp-up_1788020856832,least-connections,server-2,GET,/api/work,200,25,,3
1788020867977,ui_least-connections_ramp-up_1788020856832,least-connections,server-1,GET,/api/work,200,26,,3
1788020867979,ui_least-connections_ramp-up_1788020856832,least-connections,server-2,GET,/api/work,200,26,,3
1788020867980,ui_least-connections_ramp-up_1788020856832,least-connections,server-1,GET,/api/work,200,26,,4
1788020867981,ui_least-connections_ramp-up_1788020856832,least-connections,server-3,GET,/api/work,200,26,,3
1788020867981,ui_least-connections_ramp-up_1788020856832,least-connections,server-2,GET,/api/work,200,27,,3
1788020867983,ui_least-connections_ramp-up_1788020856832,least-connections,server-1,GET,/api/work,200,26,,3
1788020867985,ui_least-connections_ramp-up_1788020856832,least-connections,server-2,GET,/api/work,200,26,,2
1788020867985,ui_least-connections_ramp-up_1788020856832,least-connections,server-3,GET,/api/work,200,27,,2
1788020867991,ui_least-connections_ramp-up_1788020856832,least-connections,server-1,GET,/api/work,200,26,,3
1788020867991,ui_least-connections_ramp-up_1788020856832,least-connections,server-3,GET,/api/work,200,26,,1
1788020868002,ui_least-connections_ramp-up_1788020856832,least-connections,server-3,GET,/api/work,200,26,,2
1788020868003,ui_least-connections_ramp-up_1788020856832,least-connections,server-2,GET,/api/work,200,25,,2
1788020868005,ui_least-connections_ramp-up_1788020856832,least-connections,server-2,GET,/api/work,200,26,,1
1788020868005,ui_least-connections_ramp-up_1788020856832,least-connections,server-1,GET,/api/work,200,26,,2
1788020868005,ui_least-connections_ramp-up_1788020856832,least-connections,server-1,GET,/api/work,200,27,,1
1788020868010,ui_least-connections_ramp-up_1788020856832,least-connections,server-1,GET,/api/work,200,27,,2
1788020868015,ui_least-connections_ramp-up_1788020856832,least-connections,server-2,GET,/api/work,200,26,,2
1788020868022,ui_least-connections_ramp-up_1788020856832,least-connections,server-3,GET,/api/work,200,26,,3
1788020868022,ui_least-connections_ramp-up_1788020856832,least-connections,server-3,GET,/api/work,200,26,,2
1788020868034,ui_least-connections_ramp-up_1788020856832,least-connections,server-1,GET,/api/work,200,25,,4
1788020868034,ui_least-connections_ramp-up_1788020856832,least-connections,server-2,GET,/api/work,200,27,,3
1788020868037,ui_least-connections_ramp-up_1788020856832,least-connections,server-1,GET,/api/work,200,26,,4
1788020868037,ui_least-connections_ramp-up_1788020856832,least-connections,server-2,GET,/api/work,200,27,,4
1788020868038,ui_least-connections_ramp-up_1788020856832,least-connections,server-1,GET,/api/work,200,26,,3
1788020868038,ui_least-connections_ramp-up_1788020856832,least-connections,server-3,GET,/api/work,200,26,,3
1788020868040,ui_least-connections_ramp-up_1788020856832,least-connections,server-1,GET,/api/work,200,26,,2
1788020868042,ui_least-connections_ramp-up_1788020856832,least-connections,server-2,GET,/api/work,200,25,,3
1788020868042,ui_least-connections_ramp-up_1788020856832,least-connections,server-2,GET,/api/work,200,25,,2
1788020868047,ui_least-connections_ramp-up_1788020856832,least-connections,server-3,GET,/api/work,200,27,,2
1788020868047,ui_least-connections_ramp-up_1788020856832,least-connections,server-1,GET,/api/work,200,27,,2
1788020868059,ui_least-connections_ramp-up_1788020856832,least-connections,server-3,GET,/api/work,200,26,,2
1788020868059,ui_least-connections_ramp-up_1788020856832,least-connections,server-3,GET,/api/work,200,26,,1
1788020868063,ui_least-connections_ramp-up_1788020856832,least-connections,server-2,GET,/api/work,200,25,,2
1788020868063,ui_least-connections_ramp-up_1788020856832,least-connections,server-2,GET,/api/work,200,26,,1
1788020868063,ui_least-connections_ramp-up_1788020856832,least-connections,server-1,GET,/api/work,200,27,,2
1788020868068,ui_least-connections_ramp-up_1788020856832,least-connections,server-1,GET,/api/work,200,25,,1
1788020868072,ui_least-connections_ramp-up_1788020856832,least-connections,server-2,GET,/api/work,200,27,,3
1788020868080,ui_least-connections_ramp-up_1788020856832,least-connections,server-1,GET,/api/work,200,25,,4
1788020868080,ui_least-connections_ramp-up_1788020856832,least-connections,server-3,GET,/api/work,200,26,,3
1788020868090,ui_least-connections_ramp-up_1788020856832,least-connections,server-2,GET,/api/work,200,26,,3
1788020868091,ui_least-connections_ramp-up_1788020856832,least-connections,server-3,GET,/api/work,200,25,,3
1788020868093,ui_least-connections_ramp-up_1788020856832,least-connections,server-1,GET,/api/work,200,27,,4
1788020868095,ui_least-connections_ramp-up_1788020856832,least-connections,server-1,GET,/api/work,200,26,,3
1788020868095,ui_least-connections_ramp-up_1788020856832,least-connections,server-2,GET,/api/work,200,27,,3
1788020868095,ui_least-connections_ramp-up_1788020856832,least-connections,server-3,GET,/api/work,200,27,,3
1788020868097,ui_least-connections_ramp-up_1788020856832,least-connections,server-2,GET,/api/work,200,25,,2
1788020868097,ui_least-connections_ramp-up_1788020856832,least-connections,server-1,GET,/api/work,200,26,,2
1788020868098,ui_least-connections_ramp-up_1788020856832,least-connections,server-3,GET,/api/work,200,26,,2
1788020868104,ui_least-connections_ramp-up_1788020856832,least-connections,server-1,GET,/api/work,200,26,,2
1788020868104,ui_least-connections_ramp-up_1788020856832,least-connections,server-2,GET,/api/work,200,27,,2
1788020868116,ui_least-connections_ramp-up_1788020856832,least-connections,server-1,GET,/api/work,200,26,,2
1788020868116,ui_least-connections_ramp-up_1788020856832,least-connections,server-3,GET,/api/work,200,26,,2
1788020868119,ui_least-connections_ramp-up_1788020856832,least-connections,server-3,GET,/api/work,200,26,,1
1788020868119,ui_least-connections_ramp-up_1788020856832,least-connections,server-2,GET,/api/work,200,26,,2
1788020868122,ui_least-connections_ramp-up_1788020856832,least-connections,server-2,GET,/api/work,200,26,,1
1788020868123,ui_least-connections_ramp-up_1788020856832,least-connections,server-1,GET,/api/work,200,26,,2
1788020868129,ui_least-connections_ramp-up_1788020856832,least-connections,server-3,GET,/api/work,200,25,,2
1788020868137,ui_least-connections_ramp-up_1788020856832,least-connections,server-2,GET,/api/work,200,25,,3
1788020868136,ui_least-connections_ramp-up_1788020856832,least-connections,server-1,GET,/api/work,200,26,,4
1788020868147,ui_least-connections_ramp-up_1788020856832,least-connections,server-3,GET,/api/work,200,26,,3
1788020868147,ui_least-connections_ramp-up_1788020856832,least-connections,server-1,GET,/api/work,200,27,,4
1788020868149,ui_least-connections_ramp-up_1788020856832,least-connections,server-2,GET,/api/work,200,26,,3
1788020868152,ui_least-connections_ramp-up_1788020856832,least-connections,server-1,GET,/api/work,200,26,,3
1788020868152,ui_least-connections_ramp-up_1788020856832,least-connections,server-2,GET,/api/work,200,27,,3
1788020868153,ui_least-connections_ramp-up_1788020856832,least-connections,server-3,GET,/api/work,200,26,,3
1788020868153,ui_least-connections_ramp-up_1788020856832,least-connections,server-1,GET,/api/work,200,26,,2
1788020868154,ui_least-connections_ramp-up_1788020856832,least-connections,server-2,GET,/api/work,200,26,,2
1788020868155,ui_least-connections_ramp-up_1788020856832,least-connections,server-3,GET,/api/work,200,25,,2
1788020868161,ui_least-connections_ramp-up_1788020856832,least-connections,server-3,GET,/api/work,200,26,,2
1788020868161,ui_least-connections_ramp-up_1788020856832,least-connections,server-1,GET,/api/work,200,27,,2
1788020868173,ui_least-connections_ramp-up_1788020856832,least-connections,server-1,GET,/api/work,200,26,,2
1788020868173,ui_least-connections_ramp-up_1788020856832,least-connections,server-2,GET,/api/work,200,27,,2
1788020868175,ui_least-connections_ramp-up_1788020856832,least-connections,server-2,GET,/api/work,200,26,,1
1788020868176,ui_least-connections_ramp-up_1788020856832,least-connections,server-3,GET,/api/work,200,26,,2
1788020868180,ui_least-connections_ramp-up_1788020856832,least-connections,server-1,GET,/api/work,200,25,,2
1788020868181,ui_least-connections_ramp-up_1788020856832,least-connections,server-2,GET,/api/work,200,26,,2
1788020868185,ui_least-connections_ramp-up_1788020856832,least-connections,server-3,GET,/api/work,200,27,,3
1788020868192,ui_least-connections_ramp-up_1788020856832,least-connections,server-1,GET,/api/work,200,26,,3
1788020868193,ui_least-connections_ramp-up_1788020856832,least-connections,server-3,GET,/api/work,200,26,,3
1788020868204,ui_least-connections_ramp-up_1788020856832,least-connections,server-2,GET,/api/work,200,26,,3
1788020868205,ui_least-connections_ramp-up_1788020856832,least-connections,server-2,GET,/api/work,200,26,,2
1788020868204,ui_least-connections_ramp-up_1788020856832,least-connections,server-1,GET,/api/work,200,27,,4
1788020868211,ui_least-connections_ramp-up_1788020856832,least-connections,server-1,GET,/api/work,200,25,,4
1788020868211,ui_least-connections_ramp-up_1788020856832,least-connections,server-1,GET,/api/work,200,26,,4
1788020868211,ui_least-connections_ramp-up_1788020856832,least-connections,server-3,GET,/api/work,200,26,,3
1788020868211,ui_least-connections_ramp-up_1788020856832,least-connections,server-3,GET,/api/work,200,27,,2
1788020868211,ui_least-connections_ramp-up_1788020856832,least-connections,server-2,GET,/api/work,200,27,,3
1788020868211,ui_least-connections_ramp-up_1788020856832,least-connections,server-2,GET,/api/work,200,27,,2
1788020868219,ui_least-connections_ramp-up_1788020856832,least-connections,server-1,GET,/api/work,200,26,,3
1788020868219,ui_least-connections_ramp-up_1788020856832,least-connections,server-3,GET,/api/work,200,26,,1
1788020868230,ui_least-connections_ramp-up_1788020856832,least-connections,server-1,GET,/api/work,200,26,,2
1788020868230,ui_least-connections_ramp-up_1788020856832,least-connections,server-3,GET,/api/work,200,27,,2
1788020868231,ui_least-connections_ramp-up_1788020856832,least-connections,server-2,GET,/api/work,200,26,,2
1788020868232,ui_least-connections_ramp-up_1788020856832,least-connections,server-2,GET,/api/work,200,26,,1
1788020868236,ui_least-connections_ramp-up_1788020856832,least-connections,server-1,GET,/api/work,200,27,,2
1788020868237,ui_least-connections_ramp-up_1788020856832,least-connections,server-1,GET,/api/work,200,26,,1
1788020868242,ui_least-connections_ramp-up_1788020856832,least-connections,server-2,GET,/api/work,200,26,,2
1788020868249,ui_least-connections_ramp-up_1788020856832,least-connections,server-3,GET,/api/work,200,26,,2
1788020868249,ui_least-connections_ramp-up_1788020856832,least-connections,server-3,GET,/api/work,200,27,,1
1788020868261,ui_least-connections_ramp-up_1788020856832,least-connections,server-2,GET,/api/work,200,26,,3
1788020868262,ui_least-connections_ramp-up_1788020856832,least-connections,server-2,GET,/api/work,200,26,,3
1788020868262,ui_least-connections_ramp-up_1788020856832,least-connections,server-1,GET,/api/work,200,27,,3
1788020868267,ui_least-connections_ramp-up_1788020856832,least-connections,server-1,GET,/api/work,200,26,,4
1788020868269,ui_least-connections_ramp-up_1788020856832,least-connections,server-2,GET,/api/work,200,26,,3
1788020868269,ui_least-connections_ramp-up_1788020856832,least-connections,server-1,GET,/api/work,200,27,,4
1788020868270,ui_least-connections_ramp-up_1788020856832,least-connections,server-2,GET,/api/work,200,26,,2
1788020868269,ui_least-connections_ramp-up_1788020856832,least-connections,server-1,GET,/api/work,200,27,,3
1788020868269,ui_least-connections_ramp-up_1788020856832,least-connections,server-3,GET,/api/work,200,28,,3
1788020868276,ui_least-connections_ramp-up_1788020856832,least-connections,server-3,GET,/api/work,200,27,,2
1788020868276,ui_least-connections_ramp-up_1788020856832,least-connections,server-3,GET,/api/work,200,27,,1
1788020868288,ui_least-connections_ramp-up_1788020856832,least-connections,server-3,GET,/api/work,200,26,,2
1788020868288,ui_least-connections_ramp-up_1788020856832,least-connections,server-2,GET,/api/work,200,26,,2
1788020868289,ui_least-connections_ramp-up_1788020856832,least-connections,server-2,GET,/api/work,200,26,,1
1788020868289,ui_least-connections_ramp-up_1788020856832,least-connections,server-1,GET,/api/work,200,26,,2
1788020868293,ui_least-connections_ramp-up_1788020856832,least-connections,server-1,GET,/api/work,200,27,,1
1788020868294,ui_least-connections_ramp-up_1788020856832,least-connections,server-1,GET,/api/work,200,27,,0
1788020868299,ui_least-connections_ramp-up_1788020856832,least-connections,server-2,GET,/api/work,200,26,,1
1788020868306,ui_least-connections_ramp-up_1788020856832,least-connections,server-3,GET,/api/work,200,26,,2
1788020868307,ui_least-connections_ramp-up_1788020856832,least-connections,server-3,GET,/api/work,200,27,,1
1788020868317,ui_least-connections_ramp-up_1788020856832,least-connections,server-2,GET,/api/work,200,27,,3
1788020868321,ui_least-connections_ramp-up_1788020856832,least-connections,server-1,GET,/api/work,200,26,,4
1788020868321,ui_least-connections_ramp-up_1788020856832,least-connections,server-1,GET,/api/work,200,26,,3
1788020868324,ui_least-connections_ramp-up_1788020856832,least-connections,server-1,GET,/api/work,200,26,,3
1788020868325,ui_least-connections_ramp-up_1788020856832,least-connections,server-2,GET,/api/work,200,27,,3
1788020868327,ui_least-connections_ramp-up_1788020856832,least-connections,server-2,GET,/api/work,200,26,,3
1788020868327,ui_least-connections_ramp-up_1788020856832,least-connections,server-3,GET,/api/work,200,26,,3
1788020868327,ui_least-connections_ramp-up_1788020856832,least-connections,server-2,GET,/api/work,200,27,,2
1788020868327,ui_least-connections_ramp-up_1788020856832,least-connections,server-1,GET,/api/work,200,27,,3
1788020868334,ui_least-connections_ramp-up_1788020856832,least-connections,server-3,GET,/api/work,200,26,,2
1788020868335,ui_least-connections_ramp-up_1788020856832,least-connections,server-3,GET,/api/work,200,26,,1
1788020868345,ui_least-connections_ramp-up_1788020856832,least-connections,server-2,GET,/api/work,200,27,,2
1788020868346,ui_least-connections_ramp-up_1788020856832,least-connections,server-3,GET,/api/work,200,26,,2
1788020868346,ui_least-connections_ramp-up_1788020856832,least-connections,server-1,GET,/api/work,200,27,,2
1788020868348,ui_least-connections_ramp-up_1788020856832,least-connections,server-1,GET,/api/work,200,25,,1
1788020868351,ui_least-connections_ramp-up_1788020856832,least-connections,server-1,GET,/api/work,200,26,,1
1788020868352,ui_least-connections_ramp-up_1788020856832,least-connections,server-2,GET,/api/work,200,26,,1
1788020868356,ui_least-connections_ramp-up_1788020856832,least-connections,server-2,GET,/api/work,200,25,,1
1788020868362,ui_least-connections_ramp-up_1788020856832,least-connections,server-3,GET,/api/work,200,26,,2
1788020868365,ui_least-connections_ramp-up_1788020856832,least-connections,server-3,GET,/api/work,200,26,,2
1788020868374,ui_least-connections_ramp-up_1788020856832,least-connections,server-1,GET,/api/work,200,26,,3
1788020868378,ui_least-connections_ramp-up_1788020856832,least-connections,server-1,GET,/api/work,200,25,,2
1788020868378,ui_least-connections_ramp-up_1788020856832,least-connections,server-1,GET,/api/work,200,26,,3
1788020868380,ui_least-connections_ramp-up_1788020856832,least-connections,server-2,GET,/api/work,200,27,,3
1788020868383,ui_least-connections_ramp-up_1788020856832,least-connections,server-2,GET,/api/work,200,26,,3
1788020868384,ui_least-connections_ramp-up_1788020856832,least-connections,server-3,GET,/api/work,200,26,,3
1788020868384,ui_least-connections_ramp-up_1788020856832,least-connections,server-2,GET,/api/work,200,27,,2
1788020868385,ui_least-connections_ramp-up_1788020856832,least-connections,server-2,GET,/api/work,200,28,,3
1788020868385,ui_least-connections_ramp-up_1788020856832,least-connections,server-1,GET,/api/work,200,29,,3
1788020868391,ui_least-connections_ramp-up_1788020856832,least-connections,server-3,GET,/api/work,200,28,,2
1788020868392,ui_least-connections_ramp-up_1788020856832,least-connections,server-3,GET,/api/work,200,27,,1
1788020868404,ui_least-connections_ramp-up_1788020856832,least-connections,server-1,GET,/api/work,200,26,,2
1788020868404,ui_least-connections_ramp-up_1788020856832,least-connections,server-1,GET,/api/work,200,26,,1
1788020868405,ui_least-connections_ramp-up_1788020856832,least-connections,server-1,GET,/api/work,200,26,,0
1788020868404,ui_least-connections_ramp-up_1788020856832,least-connections,server-3,GET,/api/work,200,27,,2
1788020868408,ui_least-connections_ramp-up_1788020856832,least-connections,server-2,GET,/api/work,200,27,,2
1788020868412,ui_least-connections_ramp-up_1788020856832,least-connections,server-2,GET,/api/work,200,26,,2
1788020868412,ui_least-connections_ramp-up_1788020856832,least-connections,server-2,GET,/api/work,200,27,,1
1788020868420,ui_least-connections_ramp-up_1788020856832,least-connections,server-3,GET,/api/work,200,26,,2
1788020868421,ui_least-connections_ramp-up_1788020856832,least-connections,server-3,GET,/api/work,200,26,,1
1788020868431,ui_least-connections_ramp-up_1788020856832,least-connections,server-1,GET,/api/work,200,28,,3
1788020868434,ui_least-connections_ramp-up_1788020856832,least-connections,server-1,GET,/api/work,200,30,,4
1788020868435,ui_least-connections_ramp-up_1788020856832,least-connections,server-1,GET,/api/work,200,30,,3
1788020868438,ui_least-connections_ramp-up_1788020856832,least-connections,server-2,GET,/api/work,200,31,,4
1788020868441,ui_least-connections_ramp-up_1788020856832,least-connections,server-2,GET,/api/work,200,29,,3
1788020868442,ui_least-connections_ramp-up_1788020856832,least-connections,server-2,GET,/api/work,200,30,,2
1788020868443,ui_least-connections_ramp-up_1788020856832,least-connections,server-3,GET,/api/work,200,30,,3
1788020868445,ui_least-connections_ramp-up_1788020856832,least-connections,server-1,GET,/api/work,200,30,,3
1788020868445,ui_least-connections_ramp-up_1788020856832,least-connections,server-2,GET,/api/work,200,31,,2
1788020868450,ui_least-connections_ramp-up_1788020856832,least-connections,server-3,GET,/api/work,200,28,,2
1788020868450,ui_least-connections_ramp-up_1788020856832,least-connections,server-3,GET,/api/work,200,29,,1
1788020868461,ui_least-connections_ramp-up_1788020856832,least-connections,server-1,GET,/api/work,200,27,,2
1788020868462,ui_least-connections_ramp-up_1788020856832,least-connections,server-2,GET,/api/work,200,27,,2
1788020868461,ui_least-connections_ramp-up_1788020856832,least-connections,server-3,GET,/api/work,200,28,,2
1788020868462,ui_least-connections_ramp-up_1788020856832,least-connections,server-1,GET,/api/work,200,28,,1
1788020868473,ui_least-connections_ramp-up_1788020856832,least-connections,server-2,GET,/api/work,200,27,,1
1788020868474,ui_least-connections_ramp-up_1788020856832,least-connections,server-1,GET,/api/work,200,26,,1
1788020868477,ui_least-connections_ramp-up_1788020856832,least-connections,server-2,GET,/api/work,200,28,,1
1788020868480,ui_least-connections_ramp-up_1788020856832,least-connections,server-3,GET,/api/work,200,28,,2
1788020868480,ui_least-connections_ramp-up_1788020856832,least-connections,server-3,GET,/api/work,200,30,,1
1788020868490,ui_least-connections_ramp-up_1788020856832,least-connections,server-1,GET,/api/work,200,27,,3
1788020868500,ui_least-connections_ramp-up_1788020856832,least-connections,server-2,GET,/api/work,200,26,,4
1788020868500,ui_least-connections_ramp-up_1788020856832,least-connections,server-1,GET,/api/work,200,26,,4
1788020868505,ui_least-connections_ramp-up_1788020856832,least-connections,server-2,GET,/api/work,200,27,,4
1788020868507,ui_least-connections_ramp-up_1788020856832,least-connections,server-2,GET,/api/work,200,26,,3
1788020868505,ui_least-connections_ramp-up_1788020856832,least-connections,server-1,GET,/api/work,200,29,,4
1788020868507,ui_least-connections_ramp-up_1788020856832,least-connections,server-3,GET,/api/work,200,28,,3
1788020868507,ui_least-connections_ramp-up_1788020856832,least-connections,server-2,GET,/api/work,200,28,,2
1788020868507,ui_least-connections_ramp-up_1788020856832,least-connections,server-1,GET,/api/work,200,29,,3
1788020868510,ui_least-connections_ramp-up_1788020856832,least-connections,server-3,GET,/api/work,200,27,,2
1788020868511,ui_least-connections_ramp-up_1788020856832,least-connections,server-3,GET,/api/work,200,27,,1
1788020868521,ui_least-connections_ramp-up_1788020856832,least-connections,server-3,GET,/api/work,200,25,,2
1788020868521,ui_least-connections_ramp-up_1788020856832,least-connections,server-1,GET,/api/work,200,25,,2
1788020868522,ui_least-connections_ramp-up_1788020856832,least-connections,server-1,GET,/api/work,200,26,,2
1788020868522,ui_least-connections_ramp-up_1788020856832,least-connections,server-2,GET,/api/work,200,27,,2
1788020868532,ui_least-connections_ramp-up_1788020856832,least-connections,server-2,GET,/api/work,200,26,,2
1788020868532,ui_least-connections_ramp-up_1788020856832,least-connections,server-1,GET,/api/work,200,26,,2
1788020868536,ui_least-connections_ramp-up_1788020856832,least-connections,server-2,GET,/api/work,200,27,,1
1788020868540,ui_least-connections_ramp-up_1788020856832,least-connections,server-3,GET,/api/work,200,27,,1
1788020868541,ui_least-connections_ramp-up_1788020856832,least-connections,server-3,GET,/api/work,200,26,,0
1788020868547,ui_least-connections_ramp-up_1788020856832,least-connections,server-1,GET,/api/work,200,26,,3
1788020868557,ui_least-connections_ramp-up_1788020856832,least-connections,server-1,GET,/api/work,200,26,,4
1788020868558,ui_least-connections_ramp-up_1788020856832,least-connections,server-2,GET,/api/work,200,26,,4
1788020868563,ui_least-connections_ramp-up_1788020856832,least-connections,server-1,GET,/api/work,200,26,,3
1788020868565,ui_least-connections_ramp-up_1788020856832,least-connections,server-2,GET,/api/work,200,27,,3
1788020868565,ui_least-connections_ramp-up_1788020856832,least-connections,server-2,GET,/api/work,200,27,,2
1788020868568,ui_least-connections_ramp-up_1788020856832,least-connections,server-3,GET,/api/work,200,26,,3
1788020868568,ui_least-connections_ramp-up_1788020856832,least-connections,server-3,GET,/api/work,200,27,,2
1788020868568,ui_least-connections_ramp-up_1788020856832,least-connections,server-2,GET,/api/work,200,27,,1
1788020868568,ui_least-connections_ramp-up_1788020856832,least-connections,server-3,GET,/api/work,200,27,,1
1788020868568,ui_least-connections_ramp-up_1788020856832,least-connections,server-1,GET,/api/work,200,28,,4
1788020868577,ui_least-connections_ramp-up_1788020856832,least-connections,server-3,GET,/api/work,200,26,,1
1788020868577,ui_least-connections_ramp-up_1788020856832,least-connections,server-1,GET,/api/work,200,26,,3
1788020868578,ui_least-connections_ramp-up_1788020856832,least-connections,server-1,GET,/api/work,200,26,,2
1788020868579,ui_least-connections_ramp-up_1788020856832,least-connections,server-2,GET,/api/work,200,27,,2
1788020868589,ui_least-connections_ramp-up_1788020856832,least-connections,server-1,GET,/api/work,200,26,,2
1788020868590,ui_least-connections_ramp-up_1788020856832,least-connections,server-1,GET,/api/work,200,26,,1
1788020868596,ui_least-connections_ramp-up_1788020856832,least-connections,server-2,GET,/api/work,200,25,,2
1788020868597,ui_least-connections_ramp-up_1788020856832,least-connections,server-3,GET,/api/work,200,27,,1
1788020868599,ui_least-connections_ramp-up_1788020856832,least-connections,server-2,GET,/api/work,200,26,,2
1788020868604,ui_least-connections_ramp-up_1788020856832,least-connections,server-3,GET,/api/work,200,26,,2
1788020868613,ui_least-connections_ramp-up_1788020856832,least-connections,server-1,GET,/api/work,200,26,,4
1788020868615,ui_least-connections_ramp-up_1788020856832,least-connections,server-2,GET,/api/work,200,26,,4
1788020868620,ui_least-connections_ramp-up_1788020856832,least-connections,server-1,GET,/api/work,200,25,,3
1788020868623,ui_least-connections_ramp-up_1788020856832,least-connections,server-1,GET,/api/work,200,27,,4
1788020868623,ui_least-connections_ramp-up_1788020856832,least-connections,server-2,GET,/api/work,200,29,,3
1788020868626,ui_least-connections_ramp-up_1788020856832,least-connections,server-1,GET,/api/work,200,26,,3
1788020868626,ui_least-connections_ramp-up_1788020856832,least-connections,server-3,GET,/api/work,200,27,,3
1788020868626,ui_least-connections_ramp-up_1788020856832,least-connections,server-3,GET,/api/work,200,27,,2
1788020868626,ui_least-connections_ramp-up_1788020856832,least-connections,server-2,GET,/api/work,200,28,,2
1788020868626,ui_least-connections_ramp-up_1788020856832,least-connections,server-2,GET,/api/work,200,28,,2
1788020868634,ui_least-connections_ramp-up_1788020856832,least-connections,server-3,GET,/api/work,200,26,,1
1788020868634,ui_least-connections_ramp-up_1788020856832,least-connections,server-3,GET,/api/work,200,27,,0
1788020868634,ui_least-connections_ramp-up_1788020856832,least-connections,server-1,GET,/api/work,200,27,,3
1788020868636,ui_least-connections_ramp-up_1788020856832,least-connections,server-2,GET,/api/work,200,26,,2
1788020868647,ui_least-connections_ramp-up_1788020856832,least-connections,server-1,GET,/api/work,200,27,,2
1788020868647,ui_least-connections_ramp-up_1788020856832,least-connections,server-1,GET,/api/work,200,27,,1
1788020868653,ui_least-connections_ramp-up_1788020856832,least-connections,server-1,GET,/api/work,200,26,,1
1788020868654,ui_least-connections_ramp-up_1788020856832,least-connections,server-2,GET,/api/work,200,26,,2
1788020868656,ui_least-connections_ramp-up_1788020856832,least-connections,server-2,GET,/api/work,200,26,,1
1788020868661,ui_least-connections_ramp-up_1788020856832,least-connections,server-3,GET,/api/work,200,27,,2
1788020868670,ui_least-connections_ramp-up_1788020856832,least-connections,server-3,GET,/api/work,200,26,,3
1788020868672,ui_least-connections_ramp-up_1788020856832,least-connections,server-2,GET,/api/work,200,26,,4
1788020868676,ui_least-connections_ramp-up_1788020856832,least-connections,server-1,GET,/api/work,200,27,,4
1788020868683,ui_least-connections_ramp-up_1788020856832,least-connections,server-2,GET,/api/work,200,26,,3
1788020868680,ui_least-connections_ramp-up_1788020856832,least-connections,server-1,GET,/api/work,200,30,,4
1788020868684,ui_least-connections_ramp-up_1788020856832,least-connections,server-2,GET,/api/work,200,26,,2
1788020868683,ui_least-connections_ramp-up_1788020856832,least-connections,server-1,GET,/api/work,200,28,,3
1788020868684,ui_least-connections_ramp-up_1788020856832,least-connections,server-3,GET,/api/work,200,27,,3
1788020868686,ui_least-connections_ramp-up_1788020856832,least-connections,server-2,GET,/api/work,200,26,,2
1788020868685,ui_least-connections_ramp-up_1788020856832,least-connections,server-1,GET,/api/work,200,27,,3
1788020868692,ui_least-connections_ramp-up_1788020856832,least-connections,server-3,GET,/api/work,200,25,,2
1788020868692,ui_least-connections_ramp-up_1788020856832,least-connections,server-3,GET,/api/work,200,25,,1
1788020868692,ui_least-connections_ramp-up_1788020856832,least-connections,server-1,GET,/api/work,200,26,,2
1788020868693,ui_least-connections_ramp-up_1788020856832,least-connections,server-2,GET,/api/work,200,27,,2
1788020868706,ui_least-connections_ramp-up_1788020856832,least-connections,server-1,GET,/api/work,200,28,,2
1788020868706,ui_least-connections_ramp-up_1788020856832,least-connections,server-3,GET,/api/work,200,28,,2
1788020868711,ui_least-connections_ramp-up_1788020856832,least-connections,server-2,GET,/api/work,200,25,,2
1788020868712,ui_least-connections_ramp-up_1788020856832,least-connections,server-1,GET,/api/work,200,25,,1
1788020868713,ui_least-connections_ramp-up_1788020856832,least-connections,server-2,GET,/api/work,200,26,,1
1788020868718,ui_least-connections_ramp-up_1788020856832,least-connections,server-3,GET,/api/work,200,27,,2
1788020868727,ui_least-connections_ramp-up_1788020856832,least-connections,server-1,GET,/api/work,200,26,,4
1788020868729,ui_least-connections_ramp-up_1788020856832,least-connections,server-2,GET,/api/work,200,26,,4
1788020868733,ui_least-connections_ramp-up_1788020856832,least-connections,server-3,GET,/api/work,200,26,,3
1788020868741,ui_least-connections_ramp-up_1788020856832,least-connections,server-1,GET,/api/work,200,26,,4
1788020868741,ui_least-connections_ramp-up_1788020856832,least-connections,server-2,GET,/api/work,200,27,,3
1788020868742,ui_least-connections_ramp-up_1788020856832,least-connections,server-2,GET,/api/work,200,26,,3
1788020868742,ui_least-connections_ramp-up_1788020856832,least-connections,server-1,GET,/api/work,200,27,,4
1788020868743,ui_least-connections_ramp-up_1788020856832,least-connections,server-3,GET,/api/work,200,26,,3
1788020868744,ui_least-connections_ramp-up_1788020856832,least-connections,server-2,GET,/api/work,200,26,,3
1788020868744,ui_least-connections_ramp-up_1788020856832,least-connections,server-1,GET,/api/work,200,27,,3
1788020868749,ui_least-connections_ramp-up_1788020856832,least-connections,server-1,GET,/api/work,200,25,,2
1788020868748,ui_least-connections_ramp-up_1788020856832,least-connections,server-3,GET,/api/work,200,27,,2
1788020868748,ui_least-connections_ramp-up_1788020856832,least-connections,server-3,GET,/api/work,200,27,,1
1788020868751,ui_least-connections_ramp-up_1788020856832,least-connections,server-2,GET,/api/work,200,26,,2
1788020868765,ui_least-connections_ramp-up_1788020856832,least-connections,server-3,GET,/api/work,200,25,,2
1788020868765,ui_least-connections_ramp-up_1788020856832,least-connections,server-1,GET,/api/work,200,26,,2
1788020868767,ui_least-connections_ramp-up_1788020856832,least-connections,server-1,GET,/api/work,200,26,,1
1788020868768,ui_least-connections_ramp-up_1788020856832,least-connections,server-2,GET,/api/work,200,26,,2
1788020868770,ui_least-connections_ramp-up_1788020856832,least-connections,server-2,GET,/api/work,200,27,,1
1788020868775,ui_least-connections_ramp-up_1788020856832,least-connections,server-3,GET,/api/work,200,27,,2
1788020868783,ui_least-connections_ramp-up_1788020856832,least-connections,server-1,GET,/api/work,200,27,,4
1788020868786,ui_least-connections_ramp-up_1788020856832,least-connections,server-2,GET,/api/work,200,26,,4
1788020868789,ui_least-connections_ramp-up_1788020856832,least-connections,server-3,GET,/api/work,200,27,,3
1788020868797,ui_least-connections_ramp-up_1788020856832,least-connections,server-2,GET,/api/work,200,26,,3
1788020868797,ui_least-connections_ramp-up_1788020856832,least-connections,server-1,GET,/api/work,200,27,,4
1788020868799,ui_least-connections_ramp-up_1788020856832,least-connections,server-1,GET,/api/work,200,26,,4
1788020868801,ui_least-connections_ramp-up_1788020856832,least-connections,server-2,GET,/api/work,200,26,,3
1788020868801,ui_least-connections_ramp-up_1788020856832,least-connections,server-3,GET,/api/work,200,27,,3
1788020868802,ui_least-connections_ramp-up_1788020856832,least-connections,server-3,GET,/api/work,200,26,,2
1788020868802,ui_least-connections_ramp-up_1788020856832,least-connections,server-1,GET,/api/work,200,27,,3
1788020868805,ui_least-connections_ramp-up_1788020856832,least-connections,server-2,GET,/api/work,200,26,,3
1788020868807,ui_least-connections_ramp-up_1788020856832,least-connections,server-1,GET,/api/work,200,25,,2
1788020868806,ui_least-connections_ramp-up_1788020856832,least-connections,server-3,GET,/api/work,200,26,,1
1788020868807,ui_least-connections_ramp-up_1788020856832,least-connections,server-2,GET,/api/work,200,26,,2
1788020868821,ui_least-connections_ramp-up_1788020856832,least-connections,server-3,GET,/api/work,200,26,,2
1788020868822,ui_least-connections_ramp-up_1788020856832,least-connections,server-1,GET,/api/work,200,25,,2
1788020868824,ui_least-connections_ramp-up_1788020856832,least-connections,server-1,GET,/api/work,200,26,,1
1788020868824,ui_least-connections_ramp-up_1788020856832,least-connections,server-2,GET,/api/work,200,27,,2
1788020868828,ui_least-connections_ramp-up_1788020856832,least-connections,server-2,GET,/api/work,200,26,,1
1788020868833,ui_least-connections_ramp-up_1788020856832,least-connections,server-3,GET,/api/work,200,25,,1
1788020868840,ui_least-connections_ramp-up_1788020856832,least-connections,server-1,GET,/api/work,200,26,,4
1788020868842,ui_least-connections_ramp-up_1788020856832,least-connections,server-2,GET,/api/work,200,26,,4
1788020868846,ui_least-connections_ramp-up_1788020856832,least-connections,server-3,GET,/api/work,200,26,,3
1788020868855,ui_least-connections_ramp-up_1788020856832,least-connections,server-1,GET,/api/work,200,26,,4
1788020868855,ui_least-connections_ramp-up_1788020856832,least-connections,server-2,GET,/api/work,200,26,,3
1788020868855,ui_least-connections_ramp-up_1788020856832,least-connections,server-1,GET,/api/work,200,27,,3
1788020868858,ui_least-connections_ramp-up_1788020856832,least-connections,server-2,GET,/api/work,200,25,,3
1788020868859,ui_least-connections_ramp-up_1788020856832,least-connections,server-3,GET,/api/work,200,26,,3
1788020868859,ui_least-connections_ramp-up_1788020856832,least-connections,server-1,GET,/api/work,200,26,,3
1788020868859,ui_least-connections_ramp-up_1788020856832,least-connections,server-3,GET,/api/work,200,27,,2
1788020868862,ui_least-connections_ramp-up_1788020856832,least-connections,server-2,GET,/api/work,200,26,,2
1788020868863,ui_least-connections_ramp-up_1788020856832,least-connections,server-3,GET,/api/work,200,26,,2
1788020868863,ui_least-connections_ramp-up_1788020856832,least-connections,server-1,GET,/api/work,200,26,,2
1788020868864,ui_least-connections_ramp-up_1788020856832,least-connections,server-2,GET,/api/work,200,26,,2
1788020868878,ui_least-connections_ramp-up_1788020856832,least-connections,server-3,GET,/api/work,200,26,,2
1788020868878,ui_least-connections_ramp-up_1788020856832,least-connections,server-1,GET,/api/work,200,26,,2
1788020868882,ui_least-connections_ramp-up_1788020856832,least-connections,server-2,GET,/api/work,200,26,,2
1788020868882,ui_least-connections_ramp-up_1788020856832,least-connections,server-1,GET,/api/work,200,27,,1
1788020868886,ui_least-connections_ramp-up_1788020856832,least-connections,server-3,GET,/api/work,200,26,,1
1788020868889,ui_least-connections_ramp-up_1788020856832,least-connections,server-2,GET,/api/work,200,26,,2
1788020868897,ui_least-connections_ramp-up_1788020856832,least-connections,server-1,GET,/api/work,200,26,,4
1788020868897,ui_least-connections_ramp-up_1788020856832,least-connections,server-2,GET,/api/work,200,27,,4
1788020868903,ui_least-connections_ramp-up_1788020856832,least-connections,server-3,GET,/api/work,200,26,,3
1788020868913,ui_least-connections_ramp-up_1788020856832,least-connections,server-2,GET,/api/work,200,26,,4
1788020868913,ui_least-connections_ramp-up_1788020856832,least-connections,server-3,GET,/api/work,200,27,,3
1788020868913,ui_least-connections_ramp-up_1788020856832,least-connections,server-1,GET,/api/work,200,27,,4
1788020868913,ui_least-connections_ramp-up_1788020856832,least-connections,server-1,GET,/api/work,200,28,,3
1788020868916,ui_least-connections_ramp-up_1788020856832,least-connections,server-1,GET,/api/work,200,26,,2
1788020868916,ui_least-connections_ramp-up_1788020856832,least-connections,server-3,GET,/api/work,200,27,,2
1788020868916,ui_least-connections_ramp-up_1788020856832,least-connections,server-2,GET,/api/work,200,28,,4
1788020868919,ui_least-connections_ramp-up_1788020856832,least-connections,server-2,GET,/api/work,200,25,,3
1788020868920,ui_least-connections_ramp-up_1788020856832,least-connections,server-3,GET,/api/work,200,26,,1
1788020868920,ui_least-connections_ramp-up_1788020856832,least-connections,server-1,GET,/api/work,200,27,,2
1788020868920,ui_least-connections_ramp-up_1788020856832,least-connections,server-2,GET,/api/work,200,27,,2
1788020868934,ui_least-connections_ramp-up_1788020856832,least-connections,server-1,GET,/api/work,200,29,,2
1788020868934,ui_least-connections_ramp-up_1788020856832,least-connections,server-3,GET,/api/work,200,29,,1
1788020868939,ui_least-connections_ramp-up_1788020856832,least-connections,server-2,GET,/api/work,200,27,,2
1788020868939,ui_least-connections_ramp-up_1788020856832,least-connections,server-2,GET,/api/work,200,28,,1
1788020868944,ui_least-connections_ramp-up_1788020856832,least-connections,server-1,GET,/api/work,200,28,,2
1788020868947,ui_least-connections_ramp-up_1788020856832,least-connections,server-3,GET,/api/work,200,26,,1
1788020868954,ui_least-connections_ramp-up_1788020856832,least-connections,server-2,GET,/api/work,200,26,,4
1788020868954,ui_least-connections_ramp-up_1788020856832,least-connections,server-1,GET,/api/work,200,26,,4
1788020868963,ui_least-connections_ramp-up_1788020856832,least-connections,server-3,GET,/api/work,200,26,,3
1788020868971,ui_least-connections_ramp-up_1788020856832,least-connections,server-2,GET,/api/work,200,25,,3
1788020868971,ui_least-connections_ramp-up_1788020856832,least-connections,server-1,GET,/api/work,200,26,,4
1788020868973,ui_least-connections_ramp-up_1788020856832,least-connections,server-1,GET,/api/work,200,26,,4
1788020868974,ui_least-connections_ramp-up_1788020856832,least-connections,server-2,GET,/api/work,200,25,,3
1788020868974,ui_least-connections_ramp-up_1788020856832,least-connections,server-3,GET,/api/work,200,27,,3
1788020868974,ui_least-connections_ramp-up_1788020856832,least-connections,server-3,GET,/api/work,200,27,,2
1788020868975,ui_least-connections_ramp-up_1788020856832,least-connections,server-1,GET,/api/work,200,27,,3
1788020868976,ui_least-connections_ramp-up_1788020856832,least-connections,server-2,GET,/api/work,200,26,,2
1788020868977,ui_least-connections_ramp-up_1788020856832,least-connections,server-3,GET,/api/work,200,27,,1
1788020868978,ui_least-connections_ramp-up_1788020856832,least-connections,server-1,GET,/api/work,200,27,,2
1788020868979,ui_least-connections_ramp-up_1788020856832,least-connections,server-2,GET,/api/work,200,27,,2
1788020868995,ui_least-connections_ramp-up_1788020856832,least-connections,server-1,GET,/api/work,200,25,,2
1788020868995,ui_least-connections_ramp-up_1788020856832,least-connections,server-3,GET,/api/work,200,27,,2
1788020868997,ui_least-connections_ramp-up_1788020856832,least-connections,server-2,GET,/api/work,200,26,,2
1788020868998,ui_least-connections_ramp-up_1788020856832,least-connections,server-1,GET,/api/work,200,26,,1
1788020869003,ui_least-connections_ramp-up_1788020856832,least-connections,server-2,GET,/api/work,200,26,,1
1788020869004,ui_least-connections_ramp-up_1788020856832,least-connections,server-3,GET,/api/work,200,26,,1
1788020869011,ui_least-connections_ramp-up_1788020856832,least-connections,server-1,GET,/api/work,200,25,,4
1788020869011,ui_least-connections_ramp-up_1788020856832,least-connections,server-2,GET,/api/work,200,26,,3
1788020869019,ui_least-connections_ramp-up_1788020856832,least-connections,server-3,GET,/api/work,200,26,,3
1788020869027,ui_least-connections_ramp-up_1788020856832,least-connections,server-1,GET,/api/work,200,27,,4
1788020869028,ui_least-connections_ramp-up_1788020856832,least-connections,server-1,GET,/api/work,200,26,,3
1788020869030,ui_least-connections_ramp-up_1788020856832,least-connections,server-2,GET,/api/work,200,26,,3
1788020869030,ui_least-connections_ramp-up_1788020856832,least-connections,server-3,GET,/api/work,200,27,,3
1788020869032,ui_least-connections_ramp-up_1788020856832,least-connections,server-2,GET,/api/work,200,25,,2
1788020869032,ui_least-connections_ramp-up_1788020856832,least-connections,server-3,GET,/api/work,200,26,,2
1788020869033,ui_least-connections_ramp-up_1788020856832,least-connections,server-1,GET,/api/work,200,26,,4
1788020869034,ui_least-connections_ramp-up_1788020856832,least-connections,server-2,GET,/api/work,200,26,,2
1788020869035,ui_least-connections_ramp-up_1788020856832,least-connections,server-3,GET,/api/work,200,25,,1
1788020869036,ui_least-connections_ramp-up_1788020856832,least-connections,server-1,GET,/api/work,200,26,,3
1788020869037,ui_least-connections_ramp-up_1788020856832,least-connections,server-1,GET,/api/work,200,26,,2
1788020869051,ui_least-connections_ramp-up_1788020856832,least-connections,server-2,GET,/api/work,200,26,,2
1788020869052,ui_least-connections_ramp-up_1788020856832,least-connections,server-3,GET,/api/work,200,25,,2
1788020869054,ui_least-connections_ramp-up_1788020856832,least-connections,server-1,GET,/api/work,200,26,,2
1788020869055,ui_least-connections_ramp-up_1788020856832,least-connections,server-1,GET,/api/work,200,26,,1
1788020869060,ui_least-connections_ramp-up_1788020856832,least-connections,server-2,GET,/api/work,200,26,,2
1788020869061,ui_least-connections_ramp-up_1788020856832,least-connections,server-3,GET,/api/work,200,27,,1
1788020869068,ui_least-connections_ramp-up_1788020856832,least-connections,server-1,GET,/api/work,200,26,,4
1788020869068,ui_least-connections_ramp-up_1788020856832,least-connections,server-2,GET,/api/work,200,26,,3
1788020869075,ui_least-connections_ramp-up_1788020856832,least-connections,server-3,GET,/api/work,200,26,,3
1788020869084,ui_least-connections_ramp-up_1788020856832,least-connections,server-1,GET,/api/work,200,26,,4
1788020869086,ui_least-connections_ramp-up_1788020856832,least-connections,server-2,GET,/api/work,200,25,,3
1788020869085,ui_least-connections_ramp-up_1788020856832,least-connections,server-1,GET,/api/work,200,27,,4
1788020869088,ui_least-connections_ramp-up_1788020856832,least-connections,server-2,GET,/api/work,200,26,,3
1788020869088,ui_least-connections_ramp-up_1788020856832,least-connections,server-3,GET,/api/work,200,26,,3
1788020869089,ui_least-connections_ramp-up_1788020856832,least-connections,server-3,GET,/api/work,200,26,,2
1788020869090,ui_least-connections_ramp-up_1788020856832,least-connections,server-3,GET,/api/work,200,26,,1
1788020869090,ui_least-connections_ramp-up_1788020856832,least-connections,server-1,GET,/api/work,200,26,,3
1788020869090,ui_least-connections_ramp-up_1788020856832,least-connections,server-2,GET,/api/work,200,27,,2
1788020869093,ui_least-connections_ramp-up_1788020856832,least-connections,server-1,GET,/api/work,200,26,,2
1788020869094,ui_least-connections_ramp-up_1788020856832,least-connections,server-1,GET,/api/work,200,26,,1
1788020869107,ui_least-connections_ramp-up_1788020856832,least-connections,server-2,GET,/api/work,200,26,,2
1788020869108,ui_least-connections_ramp-up_1788020856832,least-connections,server-3,GET,/api/work,200,26,,2
1788020869111,ui_least-connections_ramp-up_1788020856832,least-connections,server-1,GET,/api/work,200,26,,2
1788020869112,ui_least-connections_ramp-up_1788020856832,least-connections,server-2,GET,/api/work,200,26,,1
1788020869117,ui_least-connections_ramp-up_1788020856832,least-connections,server-3,GET,/api/work,200,26,,1
1788020869118,ui_least-connections_ramp-up_1788020856832,least-connections,server-2,GET,/api/work,200,27,,1
1788020869123,ui_least-connections_ramp-up_1788020856832,least-connections,server-1,GET,/api/work,200,26,,3
1788020869125,ui_least-connections_ramp-up_1788020856832,least-connections,server-1,GET,/api/work,200,25,,3
1788020869132,ui_least-connections_ramp-up_1788020856832,least-connections,server-3,GET,/api/work,200,26,,3
1788020869141,ui_least-connections_ramp-up_1788020856832,least-connections,server-2,GET,/api/work,200,25,,3
1788020869142,ui_least-connections_ramp-up_1788020856832,least-connections,server-1,GET,/api/work,200,26,,4
1788020869143,ui_least-connections_ramp-up_1788020856832,least-connections,server-3,GET,/api/work,200,26,,3
1788020869145,ui_least-connections_ramp-up_1788020856832,least-connections,server-2,GET,/api/work,200,27,,3
1788020869146,ui_least-connections_ramp-up_1788020856832,least-connections,server-2,GET,/api/work,200,26,,2
1788020869146,ui_least-connections_ramp-up_1788020856832,least-connections,server-1,GET,/api/work,200,27,,4
1788020869146,ui_least-connections_ramp-up_1788020856832,least-connections,server-3,GET,/api/work,200,27,,2
1788020869147,ui_least-connections_ramp-up_1788020856832,least-connections,server-2,GET,/api/work,200,26,,2
1788020869148,ui_least-connections_ramp-up_1788020856832,least-connections,server-3,GET,/api/work,200,26,,1
1788020869150,ui_least-connections_ramp-up_1788020856832,least-connections,server-1,GET,/api/work,200,25,,3
1788020869151,ui_least-connections_ramp-up_1788020856832,least-connections,server-1,GET,/api/work,200,26,,2
1788020869164,ui_least-connections_ramp-up_1788020856832,least-connections,server-3,GET,/api/work,200,26,,2
1788020869165,ui_least-connections_ramp-up_1788020856832,least-connections,server-1,GET,/api/work,200,26,,2
1788020869167,ui_least-connections_ramp-up_1788020856832,least-connections,server-2,GET,/api/work,200,25,,2
1788020869169,ui_least-connections_ramp-up_1788020856832,least-connections,server-1,GET,/api/work,200,26,,1
1788020869173,ui_least-connections_ramp-up_1788020856832,least-connections,server-2,GET,/api/work,200,26,,1
1788020869176,ui_least-connections_ramp-up_1788020856832,least-connections,server-3,GET,/api/work,200,26,,1
1788020869180,ui_least-connections_ramp-up_1788020856832,least-connections,server-1,GET,/api/work,200,26,,4
1788020869180,ui_least-connections_ramp-up_1788020856832,least-connections,server-2,GET,/api/work,200,26,,3
1788020869189,ui_least-connections_ramp-up_1788020856832,least-connections,server-3,GET,/api/work,200,25,,3
1788020869197,ui_least-connections_ramp-up_1788020856832,least-connections,server-1,GET,/api/work,200,26,,4
1788020869199,ui_least-connections_ramp-up_1788020856832,least-connections,server-2,GET,/api/work,200,26,,4
1788020869200,ui_least-connections_ramp-up_1788020856832,least-connections,server-1,GET,/api/work,200,25,,4
1788020869203,ui_least-connections_ramp-up_1788020856832,least-connections,server-2,GET,/api/work,200,26,,3
1788020869203,ui_least-connections_ramp-up_1788020856832,least-connections,server-3,GET,/api/work,200,26,,3
1788020869205,ui_least-connections_ramp-up_1788020856832,least-connections,server-1,GET,/api/work,200,25,,3
1788020869205,ui_least-connections_ramp-up_1788020856832,least-connections,server-3,GET,/api/work,200,25,,2
1788020869205,ui_least-connections_ramp-up_1788020856832,least-connections,server-3,GET,/api/work,200,26,,1
1788020869205,ui_least-connections_ramp-up_1788020856832,least-connections,server-1,GET,/api/work,200,26,,3
1788020869205,ui_least-connections_ramp-up_1788020856832,least-connections,server-2,GET,/api/work,200,26,,2
1788020869208,ui_least-connections_ramp-up_1788020856832,least-connections,server-2,GET,/api/work,200,27,,1
1788020869220,ui_least-connections_ramp-up_1788020856832,least-connections,server-3,GET,/api/work,200,25,,1
1788020869222,ui_least-connections_ramp-up_1788020856832,least-connections,server-1,GET,/api/work,200,26,,2
1788020869223,ui_least-connections_ramp-up_1788020856832,least-connections,server-1,GET,/api/work,200,26,,1
1788020869225,ui_least-connections_ramp-up_1788020856832,least-connections,server-2,GET,/api/work,200,27,,2
1788020869230,ui_least-connections_ramp-up_1788020856832,least-connections,server-1,GET,/api/work,200,26,,2
1788020869233,ui_least-connections_ramp-up_1788020856832,least-connections,server-3,GET,/api/work,200,26,,1
1788020869236,ui_least-connections_ramp-up_1788020856832,least-connections,server-2,GET,/api/work,200,26,,3
1788020869237,ui_least-connections_ramp-up_1788020856832,least-connections,server-2,GET,/api/work,200,26,,2
1788020869245,ui_least-connections_ramp-up_1788020856832,least-connections,server-3,GET,/api/work,200,27,,3
1788020869254,ui_least-connections_ramp-up_1788020856832,least-connections,server-1,GET,/api/work,200,26,,4
1788020869256,ui_least-connections_ramp-up_1788020856832,least-connections,server-2,GET,/api/work,200,26,,4
1788020869256,ui_least-connections_ramp-up_1788020856832,least-connections,server-1,GET,/api/work,200,27,,3
1788020869260,ui_least-connections_ramp-up_1788020856832,least-connections,server-1,GET,/api/work,200,26,,3
1788020869260,ui_least-connections_ramp-up_1788020856832,least-connections,server-3,GET,/api/work,200,27,,3
1788020869262,ui_least-connections_ramp-up_1788020856832,least-connections,server-1,GET,/api/work,200,25,,3
1788020869261,ui_least-connections_ramp-up_1788020856832,least-connections,server-3,GET,/api/work,200,27,,2
1788020869262,ui_least-connections_ramp-up_1788020856832,least-connections,server-3,GET,/api/work,200,26,,1
1788020869262,ui_least-connections_ramp-up_1788020856832,least-connections,server-1,GET,/api/work,200,26,,2
1788020869262,ui_least-connections_ramp-up_1788020856832,least-connections,server-2,GET,/api/work,200,27,,3
1788020869265,ui_least-connections_ramp-up_1788020856832,least-connections,server-2,GET,/api/work,200,26,,2
1788020869276,ui_least-connections_ramp-up_1788020856832,least-connections,server-2,GET,/api/work,200,27,,2
1788020869279,ui_least-connections_ramp-up_1788020856832,least-connections,server-2,GET,/api/work,200,26,,1
1788020869279,ui_least-connections_ramp-up_1788020856832,least-connections,server-3,GET,/api/work,200,27,,2
1788020869283,ui_least-connections_ramp-up_1788020856832,least-connections,server-1,GET,/api/work,200,27,,2
1788020869287,ui_least-connections_ramp-up_1788020856832,least-connections,server-1,GET,/api/work,200,26,,2
1788020869290,ui_least-connections_ramp-up_1788020856832,least-connections,server-3,GET,/api/work,200,27,,1
1788020869293,ui_least-connections_ramp-up_1788020856832,least-connections,server-2,GET,/api/work,200,25,,2
1788020869293,ui_least-connections_ramp-up_1788020856832,least-connections,server-1,GET,/api/work,200,25,,2
1788020869302,ui_least-connections_ramp-up_1788020856832,least-connections,server-3,GET,/api/work,200,26,,3
1788020869310,ui_least-connections_ramp-up_1788020856832,least-connections,server-2,GET,/api/work,200,26,,3
1788020869313,ui_least-connections_ramp-up_1788020856832,least-connections,server-2,GET,/api/work,200,26,,3
1788020869313,ui_least-connections_ramp-up_1788020856832,least-connections,server-1,GET,/api/work,200,26,,4
1788020869317,ui_least-connections_ramp-up_1788020856832,least-connections,server-1,GET,/api/work,200,26,,3
1788020869317,ui_least-connections_ramp-up_1788020856832,least-connections,server-3,GET,/api/work,200,27,,3
1788020869318,ui_least-connections_ramp-up_1788020856832,least-connections,server-3,GET,/api/work,200,26,,2
1788020869319,ui_least-connections_ramp-up_1788020856832,least-connections,server-2,GET,/api/work,200,26,,3
1788020869319,ui_least-connections_ramp-up_1788020856832,least-connections,server-1,GET,/api/work,200,26,,2
1788020869319,ui_least-connections_ramp-up_1788020856832,least-connections,server-1,GET,/api/work,200,27,,1
1788020869319,ui_least-connections_ramp-up_1788020856832,least-connections,server-2,GET,/api/work,200,27,,2
1788020869322,ui_least-connections_ramp-up_1788020856832,least-connections,server-3,GET,/api/work,200,26,,2
1788020869333,ui_least-connections_ramp-up_1788020856832,least-connections,server-3,GET,/api/work,200,26,,1
1788020869336,ui_least-connections_ramp-up_1788020856832,least-connections,server-1,GET,/api/work,200,25,,2
1788020869336,ui_least-connections_ramp-up_1788020856832,least-connections,server-2,GET,/api/work,200,26,,2
1788020869341,ui_least-connections_ramp-up_1788020856832,least-connections,server-2,GET,/api/work,200,26,,1
1788020869344,ui_least-connections_ramp-up_1788020856832,least-connections,server-3,GET,/api/work,200,27,,1
1788020869348,ui_least-connections_ramp-up_1788020856832,least-connections,server-1,GET,/api/work,200,26,,2
1788020869348,ui_least-connections_ramp-up_1788020856832,least-connections,server-1,GET,/api/work,200,27,,1
1788020869349,ui_least-connections_ramp-up_1788020856832,least-connections,server-2,GET,/api/work,200,26,,2
1788020869359,ui_least-connections_ramp-up_1788020856832,least-connections,server-3,GET,/api/work,200,27,,3
1788020869367,ui_least-connections_ramp-up_1788020856832,least-connections,server-1,GET,/api/work,200,26,,4
1788020869370,ui_least-connections_ramp-up_1788020856832,least-connections,server-2,GET,/api/work,200,27,,4
1788020869370,ui_least-connections_ramp-up_1788020856832,least-connections,server-2,GET,/api/work,200,27,,3
1788020869375,ui_least-connections_ramp-up_1788020856832,least-connections,server-1,GET,/api/work,200,26,,3
1788020869376,ui_least-connections_ramp-up_1788020856832,least-connections,server-3,GET,/api/work,200,26,,3
1788020869376,ui_least-connections_ramp-up_1788020856832,least-connections,server-2,GET,/api/work,200,26,,3
1788020869377,ui_least-connections_ramp-up_1788020856832,least-connections,server-3,GET,/api/work,200,26,,2
1788020869376,ui_least-connections_ramp-up_1788020856832,least-connections,server-1,GET,/api/work,200,27,,3
1788020869377,ui_least-connections_ramp-up_1788020856832,least-connections,server-1,GET,/api/work,200,26,,2
1788020869377,ui_least-connections_ramp-up_1788020856832,least-connections,server-2,GET,/api/work,200,26,,2
1788020869379,ui_least-connections_ramp-up_1788020856832,least-connections,server-3,GET,/api/work,200,26,,1
1788020869390,ui_least-connections_ramp-up_1788020856832,least-connections,server-3,GET,/api/work,200,26,,1
1788020869392,ui_least-connections_ramp-up_1788020856832,least-connections,server-1,GET,/api/work,200,25,,2
1788020869392,ui_least-connections_ramp-up_1788020856832,least-connections,server-2,GET,/api/work,200,25,,2
1788020869398,ui_least-connections_ramp-up_1788020856832,least-connections,server-2,GET,/api/work,200,26,,1
1788020869402,ui_least-connections_ramp-up_1788020856832,least-connections,server-1,GET,/api/work,200,26,,2
1788020869405,ui_least-connections_ramp-up_1788020856832,least-connections,server-1,GET,/api/work,200,26,,1
1788020869407,ui_least-connections_ramp-up_1788020856832,least-connections,server-3,GET,/api/work,200,26,,1
1788020869407,ui_least-connections_ramp-up_1788020856832,least-connections,server-2,GET,/api/work,200,27,,2
1788020869416,ui_least-connections_ramp-up_1788020856832,least-connections,server-3,GET,/api/work,200,26,,3
1788020869423,ui_least-connections_ramp-up_1788020856832,least-connections,server-1,GET,/api/work,200,27,,4
1788020869427,ui_least-connections_ramp-up_1788020856832,least-connections,server-2,GET,/api/work,200,26,,4
1788020869427,ui_least-connections_ramp-up_1788020856832,least-connections,server-2,GET,/api/work,200,26,,3
1788020869432,ui_least-connections_ramp-up_1788020856832,least-connections,server-1,GET,/api/work,200,26,,3
1788020869434,ui_least-connections_ramp-up_1788020856832,least-connections,server-1,GET,/api/work,200,26,,3
1788020869435,ui_least-connections_ramp-up_1788020856832,least-connections,server-2,GET,/api/work,200,25,,3
1788020869435,ui_least-connections_ramp-up_1788020856832,least-connections,server-1,GET,/api/work,200,25,,2
1788020869434,ui_least-connections_ramp-up_1788020856832,least-connections,server-3,GET,/api/work,200,27,,3
1788020869435,ui_least-connections_ramp-up_1788020856832,least-connections,server-3,GET,/api/work,200,26,,2
1788020869435,ui_least-connections_ramp-up_1788020856832,least-connections,server-2,GET,/api/work,200,27,,2
1788020869435,ui_least-connections_ramp-up_1788020856832,least-connections,server-3,GET,/api/work,200,27,,1
1788020869449,ui_least-connections_ramp-up_1788020856832,least-connections,server-3,GET,/api/work,200,26,,2
1788020869449,ui_least-connections_ramp-up_1788020856832,least-connections,server-1,GET,/api/work,200,26,,2
1788020869449,ui_least-connections_ramp-up_1788020856832,least-connections,server-2,GET,/api/work,200,27,,2
1788020869455,ui_least-connections_ramp-up_1788020856832,least-connections,server-2,GET,/api/work,200,26,,1
1788020869459,ui_least-connections_ramp-up_1788020856832,least-connections,server-1,GET,/api/work,200,27,,2
1788020869462,ui_least-connections_ramp-up_1788020856832,least-connections,server-1,GET,/api/work,200,26,,1
1788020869466,ui_least-connections_ramp-up_1788020856832,least-connections,server-2,GET,/api/work,200,26,,2
1788020869464,ui_least-connections_ramp-up_1788020856832,least-connections,server-3,GET,/api/work,200,30,,3
1788020869473,ui_least-connections_ramp-up_1788020856832,least-connections,server-3,GET,/api/work,200,26,,2
1788020869480,ui_least-connections_ramp-up_1788020856832,least-connections,server-1,GET,/api/work,200,26,,4
1788020869484,ui_least-connections_ramp-up_1788020856832,least-connections,server-2,GET,/api/work,200,27,,4
1788020869484,ui_least-connections_ramp-up_1788020856832,least-connections,server-2,GET,/api/work,200,28,,3
1788020869489,ui_least-connections_ramp-up_1788020856832,least-connections,server-1,GET,/api/work,200,28,,4
1788020869490,ui_least-connections_ramp-up_1788020856832,least-connections,server-1,GET,/api/work,200,27,,3
1788020869491,ui_least-connections_ramp-up_1788020856832,least-connections,server-1,GET,/api/work,200,26,,2
1788020869494,ui_least-connections_ramp-up_1788020856832,least-connections,server-1,GET,/api/work,200,25,,1
1788020869493,ui_least-connections_ramp-up_1788020856832,least-connections,server-2,GET,/api/work,200,27,,3
1788020869491,ui_least-connections_ramp-up_1788020856832,least-connections,server-3,GET,/api/work,200,29,,3
1788020869493,ui_least-connections_ramp-up_1788020856832,least-connections,server-2,GET,/api/work,200,27,,2
1788020869493,ui_least-connections_ramp-up_1788020856832,least-connections,server-3,GET,/api/work,200,28,,2
1788020869506,ui_least-connections_ramp-up_1788020856832,least-connections,server-3,GET,/api/work,200,26,,2
1788020869506,ui_least-connections_ramp-up_1788020856832,least-connections,server-2,GET,/api/work,200,27,,2
1788020869506,ui_least-connections_ramp-up_1788020856832,least-connections,server-3,GET,/api/work,200,27,,1
1788020869512,ui_least-connections_ramp-up_1788020856832,least-connections,server-2,GET,/api/work,200,27,,1
1788020869516,ui_least-connections_ramp-up_1788020856832,least-connections,server-1,GET,/api/work,200,27,,2
1788020869521,ui_least-connections_ramp-up_1788020856832,least-connections,server-1,GET,/api/work,200,27,,2
1788020869524,ui_least-connections_ramp-up_1788020856832,least-connections,server-1,GET,/api/work,200,26,,2
1788020869525,ui_least-connections_ramp-up_1788020856832,least-connections,server-2,GET,/api/work,200,27,,3
1788020869530,ui_least-connections_ramp-up_1788020856832,least-connections,server-3,GET,/api/work,200,27,,3
1788020869537,ui_least-connections_ramp-up_1788020856832,least-connections,server-3,GET,/api/work,200,26,,2
1788020869542,ui_least-connections_ramp-up_1788020856832,least-connections,server-2,GET,/api/work,200,26,,3
1788020869544,ui_least-connections_ramp-up_1788020856832,least-connections,server-1,GET,/api/work,200,25,,4
1788020869549,ui_least-connections_ramp-up_1788020856832,least-connections,server-1,GET,/api/work,200,26,,4
1788020869549,ui_least-connections_ramp-up_1788020856832,least-connections,server-3,GET,/api/work,200,26,,3
1788020869549,ui_least-connections_ramp-up_1788020856832,least-connections,server-2,GET,/api/work,200,27,,3
1788020869551,ui_least-connections_ramp-up_1788020856832,least-connections,server-2,GET,/api/work,200,26,,2
1788020869551,ui_least-connections_ramp-up_1788020856832,least-connections,server-1,GET,/api/work,200,26,,3
1788020869551,ui_least-connections_ramp-up_1788020856832,least-connections,server-1,GET,/api/work,200,27,,2
1788020869552,ui_least-connections_ramp-up_1788020856832,least-connections,server-2,GET,/api/work,200,26,,1
1788020869552,ui_least-connections_ramp-up_1788020856832,least-connections,server-3,GET,/api/work,200,27,,2
1788020869564,ui_least-connections_ramp-up_1788020856832,least-connections,server-1,GET,/api/work,200,26,,2
1788020869564,ui_least-connections_ramp-up_1788020856832,least-connections,server-3,GET,/api/work,200,27,,2
1788020869564,ui_least-connections_ramp-up_1788020856832,least-connections,server-3,GET,/api/work,200,27,,1
1788020869570,ui_least-connections_ramp-up_1788020856832,least-connections,server-2,GET,/api/work,200,25,,2
1788020869574,ui_least-connections_ramp-up_1788020856832,least-connections,server-1,GET,/api/work,200,27,,2
1788020869579,ui_least-connections_ramp-up_1788020856832,least-connections,server-2,GET,/api/work,200,26,,2
1788020869580,ui_least-connections_ramp-up_1788020856832,least-connections,server-1,GET,/api/work,200,26,,2
1788020869583,ui_least-connections_ramp-up_1788020856832,least-connections,server-2,GET,/api/work,200,26,,3
1788020869587,ui_least-connections_ramp-up_1788020856832,least-connections,server-3,GET,/api/work,200,26,,3
1788020869594,ui_least-connections_ramp-up_1788020856832,least-connections,server-3,GET,/api/work,200,27,,2
1788020869599,ui_least-connections_ramp-up_1788020856832,least-connections,server-1,GET,/api/work,200,26,,4
1788020869600,ui_least-connections_ramp-up_1788020856832,least-connections,server-2,GET,/api/work,200,26,,3
1788020869606,ui_least-connections_ramp-up_1788020856832,least-connections,server-2,GET,/api/work,200,25,,3
1788020869606,ui_least-connections_ramp-up_1788020856832,least-connections,server-1,GET,/api/work,200,26,,4
1788020869606,ui_least-connections_ramp-up_1788020856832,least-connections,server-3,GET,/api/work,200,26,,3
1788020869608,ui_least-connections_ramp-up_1788020856832,least-connections,server-1,GET,/api/work,200,25,,3
1788020869608,ui_least-connections_ramp-up_1788020856832,least-connections,server-2,GET,/api/work,200,26,,2
1788020869608,ui_least-connections_ramp-up_1788020856832,least-connections,server-1,GET,/api/work,200,26,,2
1788020869609,ui_least-connections_ramp-up_1788020856832,least-connections,server-3,GET,/api/work,200,26,,2
1788020869609,ui_least-connections_ramp-up_1788020856832,least-connections,server-2,GET,/api/work,200,26,,1
1788020869622,ui_least-connections_ramp-up_1788020856832,least-connections,server-1,GET,/api/work,200,25,,2
1788020869621,ui_least-connections_ramp-up_1788020856832,least-connections,server-3,GET,/api/work,200,27,,2
1788020869621,ui_least-connections_ramp-up_1788020856832,least-connections,server-3,GET,/api/work,200,27,,1
1788020869626,ui_least-connections_ramp-up_1788020856832,least-connections,server-2,GET,/api/work,200,27,,2
1788020869631,ui_least-connections_ramp-up_1788020856832,least-connections,server-1,GET,/api/work,200,26,,2
1788020869636,ui_least-connections_ramp-up_1788020856832,least-connections,server-2,GET,/api/work,200,25,,2
1788020869637,ui_least-connections_ramp-up_1788020856832,least-connections,server-1,GET,/api/work,200,26,,2
1788020869638,ui_least-connections_ramp-up_1788020856832,least-connections,server-2,GET,/api/work,200,27,,2
1788020869644,ui_least-connections_ramp-up_1788020856832,least-connections,server-3,GET,/api/work,200,26,,3
1788020869651,ui_least-connections_ramp-up_1788020856832,least-connections,server-3,GET,/api/work,200,26,,2
1788020869655,ui_least-connections_ramp-up_1788020856832,least-connections,server-1,GET,/api/work,200,26,,4
1788020869657,ui_least-connections_ramp-up_1788020856832,least-connections,server-2,GET,/api/work,200,25,,3
1788020869662,ui_least-connections_ramp-up_1788020856832,least-connections,server-1,GET,/api/work,200,27,,4
1788020869663,ui_least-connections_ramp-up_1788020856832,least-connections,server-2,GET,/api/work,200,26,,3
1788020869664,ui_least-connections_ramp-up_1788020856832,least-connections,server-1,GET,/api/work,200,26,,3
1788020869663,ui_least-connections_ramp-up_1788020856832,least-connections,server-3,GET,/api/work,200,28,,3
1788020869664,ui_least-connections_ramp-up_1788020856832,least-connections,server-1,GET,/api/work,200,28,,2
1788020869665,ui_least-connections_ramp-up_1788020856832,least-connections,server-2,GET,/api/work,200,27,,2
1788020869665,ui_least-connections_ramp-up_1788020856832,least-connections,server-3,GET,/api/work,200,27,,2
1788020869665,ui_least-connections_ramp-up_1788020856832,least-connections,server-2,GET,/api/work,200,28,,1
1788020869679,ui_least-connections_ramp-up_1788020856832,least-connections,server-3,GET,/api/work,200,27,,2
1788020869679,ui_least-connections_ramp-up_1788020856832,least-connections,server-1,GET,/api/work,200,27,,2
1788020869679,ui_least-connections_ramp-up_1788020856832,least-connections,server-3,GET,/api/work,200,28,,1
1788020869683,ui_least-connections_ramp-up_1788020856832,least-connections,server-2,GET,/api/work,200,25,,2
1788020869688,ui_least-connections_ramp-up_1788020856832,least-connections,server-1,GET,/api/work,200,26,,2
1788020869693,ui_least-connections_ramp-up_1788020856832,least-connections,server-2,GET,/api/work,200,26,,2
1788020869694,ui_least-connections_ramp-up_1788020856832,least-connections,server-1,GET,/api/work,200,26,,1
1788020869695,ui_least-connections_ramp-up_1788020856832,least-connections,server-2,GET,/api/work,200,26,,1
1788020869701,ui_least-connections_ramp-up_1788020856832,least-connections,server-3,GET,/api/work,200,25,,3
1788020869709,ui_least-connections_ramp-up_1788020856832,least-connections,server-3,GET,/api/work,200,27,,2
1788020869711,ui_least-connections_ramp-up_1788020856832,least-connections,server-1,GET,/api/work,200,26,,3
1788020869713,ui_least-connections_ramp-up_1788020856832,least-connections,server-2,GET,/api/work,200,26,,3
1788020869721,ui_least-connections_ramp-up_1788020856832,least-connections,server-1,GET,/api/work,200,26,,4
1788020869722,ui_least-connections_ramp-up_1788020856832,least-connections,server-1,GET,/api/work,200,26,,3
1788020869722,ui_least-connections_ramp-up_1788020856832,least-connections,server-2,GET,/api/work,200,26,,3
1788020869722,ui_least-connections_ramp-up_1788020856832,least-connections,server-2,GET,/api/work,200,27,,2
1788020869722,ui_least-connections_ramp-up_1788020856832,least-connections,server-3,GET,/api/work,200,27,,3
1788020869724,ui_least-connections_ramp-up_1788020856832,least-connections,server-1,GET,/api/work,200,26,,3
1788020869724,ui_least-connections_ramp-up_1788020856832,least-connections,server-2,GET,/api/work,200,27,,2
1788020869724,ui_least-connections_ramp-up_1788020856832,least-connections,server-3,GET,/api/work,200,27,,2
1788020869738,ui_least-connections_ramp-up_1788020856832,least-connections,server-3,GET,/api/work,200,26,,2
1788020869738,ui_least-connections_ramp-up_1788020856832,least-connections,server-1,GET,/api/work,200,26,,2
1788020869738,ui_least-connections_ramp-up_1788020856832,least-connections,server-3,GET,/api/work,200,27,,1
1788020869740,ui_least-connections_ramp-up_1788020856832,least-connections,server-2,GET,/api/work,200,26,,2
1788020869745,ui_least-connections_ramp-up_1788020856832,least-connections,server-1,GET,/api/work,200,26,,2
1788020869750,ui_least-connections_ramp-up_1788020856832,least-connections,server-2,GET,/api/work,200,26,,2
1788020869750,ui_least-connections_ramp-up_1788020856832,least-connections,server-1,GET,/api/work,200,26,,1
1788020869751,ui_least-connections_ramp-up_1788020856832,least-connections,server-2,GET,/api/work,200,26,,1
1788020869757,ui_least-connections_ramp-up_1788020856832,least-connections,server-3,GET,/api/work,200,27,,3
1788020869766,ui_least-connections_ramp-up_1788020856832,least-connections,server-3,GET,/api/work,200,26,,2
1788020869768,ui_least-connections_ramp-up_1788020856832,least-connections,server-1,GET,/api/work,200,26,,3
1788020869770,ui_least-connections_ramp-up_1788020856832,least-connections,server-2,GET,/api/work,200,27,,3
1788020869779,ui_least-connections_ramp-up_1788020856832,least-connections,server-2,GET,/api/work,200,25,,3
1788020869778,ui_least-connections_ramp-up_1788020856832,least-connections,server-1,GET,/api/work,200,26,,4
1788020869779,ui_least-connections_ramp-up_1788020856832,least-connections,server-1,GET,/api/work,200,26,,3
1788020869779,ui_least-connections_ramp-up_1788020856832,least-connections,server-2,GET,/api/work,200,27,,2
1788020869780,ui_least-connections_ramp-up_1788020856832,least-connections,server-3,GET,/api/work,200,26,,3
1788020869780,ui_least-connections_ramp-up_1788020856832,least-connections,server-1,GET,/api/work,200,27,,2
1788020869782,ui_least-connections_ramp-up_1788020856832,least-connections,server-2,GET,/api/work,200,25,,2
1788020869782,ui_least-connections_ramp-up_1788020856832,least-connections,server-3,GET,/api/work,200,26,,2
1788020869795,ui_least-connections_ramp-up_1788020856832,least-connections,server-1,GET,/api/work,200,26,,2
1788020869795,ui_least-connections_ramp-up_1788020856832,least-connections,server-3,GET,/api/work,200,26,,2
1788020869795,ui_least-connections_ramp-up_1788020856832,least-connections,server-3,GET,/api/work,200,27,,1
1788020869796,ui_least-connections_ramp-up_1788020856832,least-connections,server-1,GET,/api/work,200,26,,1
1788020869802,ui_least-connections_ramp-up_1788020856832,least-connections,server-2,GET,/api/work,200,26,,2
1788020869806,ui_least-connections_ramp-up_1788020856832,least-connections,server-2,GET,/api/work,200,26,,1
1788020869808,ui_least-connections_ramp-up_1788020856832,least-connections,server-2,GET,/api/work,200,26,,0
1788020869808,ui_least-connections_ramp-up_1788020856832,least-connections,server-1,GET,/api/work,200,26,,2
1788020869814,ui_least-connections_ramp-up_1788020856832,least-connections,server-3,GET,/api/work,200,27,,3
1788020869823,ui_least-connections_ramp-up_1788020856832,least-connections,server-1,GET,/api/work,200,26,,3
1788020869825,ui_least-connections_ramp-up_1788020856832,least-connections,server-3,GET,/api/work,200,26,,2
1788020869827,ui_least-connections_ramp-up_1788020856832,least-connections,server-1,GET,/api/work,200,26,,3
1788020869835,ui_least-connections_ramp-up_1788020856832,least-connections,server-2,GET,/api/work,200,26,,3
1788020869835,ui_least-connections_ramp-up_1788020856832,least-connections,server-2,GET,/api/work,200,27,,2
1788020869837,ui_least-connections_ramp-up_1788020856832,least-connections,server-3,GET,/api/work,200,25,,3
1788020869836,ui_least-connections_ramp-up_1788020856832,least-connections,server-1,GET,/api/work,200,27,,4
1788020869837,ui_least-connections_ramp-up_1788020856832,least-connections,server-2,GET,/api/work,200,26,,2
1788020869838,ui_least-connections_ramp-up_1788020856832,least-connections,server-2,GET,/api/work,200,26,,1
1788020869838,ui_least-connections_ramp-up_1788020856832,least-connections,server-1,GET,/api/work,200,26,,3
1788020869839,ui_least-connections_ramp-up_1788020856832,least-connections,server-3,GET,/api/work,200,26,,2
1788020869852,ui_least-connections_ramp-up_1788020856832,least-connections,server-3,GET,/api/work,200,26,,2
1788020869852,ui_least-connections_ramp-up_1788020856832,least-connections,server-3,GET,/api/work,200,26,,1
1788020869852,ui_least-connections_ramp-up_1788020856832,least-connections,server-1,GET,/api/work,200,27,,2
1788020869853,ui_least-connections_ramp-up_1788020856832,least-connections,server-1,GET,/api/work,200,26,,1
1788020869859,ui_least-connections_ramp-up_1788020856832,least-connections,server-1,GET,/api/work,200,25,,1
1788020869863,ui_least-connections_ramp-up_1788020856832,least-connections,server-2,GET,/api/work,200,27,,2
1788020869865,ui_least-connections_ramp-up_1788020856832,least-connections,server-2,GET,/api/work,200,27,,1
1788020869865,ui_least-connections_ramp-up_1788020856832,least-connections,server-2,GET,/api/work,200,27,,0
1788020869871,ui_least-connections_ramp-up_1788020856832,least-connections,server-3,GET,/api/work,200,25,,3
1788020869879,ui_least-connections_ramp-up_1788020856832,least-connections,server-1,GET,/api/work,200,26,,3
1788020869882,ui_least-connections_ramp-up_1788020856832,least-connections,server-3,GET,/api/work,200,26,,2
1788020869885,ui_least-connections_ramp-up_1788020856832,least-connections,server-1,GET,/api/work,200,25,,4
1788020869893,ui_least-connections_ramp-up_1788020856832,least-connections,server-2,GET,/api/work,200,25,,3
1788020869893,ui_least-connections_ramp-up_1788020856832,least-connections,server-2,GET,/api/work,200,26,,2
1788020869893,ui_least-connections_ramp-up_1788020856832,least-connections,server-1,GET,/api/work,200,27,,4
1788020869894,ui_least-connections_ramp-up_1788020856832,least-connections,server-1,GET,/api/work,200,26,,3
1788020869894,ui_least-connections_ramp-up_1788020856832,least-connections,server-2,GET,/api/work,200,27,,1
1788020869894,ui_least-connections_ramp-up_1788020856832,least-connections,server-3,GET,/api/work,200,27,,3
1788020869896,ui_least-connections_ramp-up_1788020856832,least-connections,server-2,GET,/api/work,200,26,,0
1788020869896,ui_least-connections_ramp-up_1788020856832,least-connections,server-3,GET,/api/work,200,27,,2
1788020869909,ui_least-connections_ramp-up_1788020856832,least-connections,server-3,GET,/api/work,200,26,,2
1788020869909,ui_least-connections_ramp-up_1788020856832,least-connections,server-3,GET,/api/work,200,26,,1
1788020869909,ui_least-connections_ramp-up_1788020856832,least-connections,server-1,GET,/api/work,200,27,,2
1788020869909,ui_least-connections_ramp-up_1788020856832,least-connections,server-1,GET,/api/work,200,27,,1
1788020869915,ui_least-connections_ramp-up_1788020856832,least-connections,server-1,GET,/api/work,200,26,,2
1788020869922,ui_least-connections_ramp-up_1788020856832,least-connections,server-2,GET,/api/work,200,27,,2
1788020869923,ui_least-connections_ramp-up_1788020856832,least-connections,server-2,GET,/api/work,200,26,,1
1788020869923,ui_least-connections_ramp-up_1788020856832,least-connections,server-2,GET,/api/work,200,26,,0
1788020869927,ui_least-connections_ramp-up_1788020856832,least-connections,server-3,GET,/api/work,200,26,,2
1788020869937,ui_least-connections_ramp-up_1788020856832,least-connections,server-1,GET,/api/work,200,26,,3
1788020869940,ui_least-connections_ramp-up_1788020856832,least-connections,server-3,GET,/api/work,200,27,,2
1788020869940,ui_least-connections_ramp-up_1788020856832,least-connections,server-1,GET,/api/work,200,28,,4
1788020869948,ui_least-connections_ramp-up_1788020856832,least-connections,server-1,GET,/api/work,200,26,,4
1788020869951,ui_least-connections_ramp-up_1788020856832,least-connections,server-2,GET,/api/work,200,27,,3
1788020869951,ui_least-connections_ramp-up_1788020856832,least-connections,server-2,GET,/api/work,200,27,,2
1788020869952,ui_least-connections_ramp-up_1788020856832,least-connections,server-3,GET,/api/work,200,26,,3
1788020869952,ui_least-connections_ramp-up_1788020856832,least-connections,server-2,GET,/api/work,200,27,,2
1788020869954,ui_least-connections_ramp-up_1788020856832,least-connections,server-2,GET,/api/work,200,26,,1
1788020869954,ui_least-connections_ramp-up_1788020856832,least-connections,server-3,GET,/api/work,200,27,,2
1788020869954,ui_least-connections_ramp-up_1788020856832,least-connections,server-1,GET,/api/work,200,27,,3
1788020869966,ui_least-connections_ramp-up_1788020856832,least-connections,server-1,GET,/api/work,200,26,,2
1788020869967,ui_least-connections_ramp-up_1788020856832,least-connections,server-3,GET,/api/work,200,26,,2
1788020869967,ui_least-connections_ramp-up_1788020856832,least-connections,server-3,GET,/api/work,200,27,,1
1788020869967,ui_least-connections_ramp-up_1788020856832,least-connections,server-1,GET,/api/work,200,27,,1
1788020869972,ui_least-connections_ramp-up_1788020856832,least-connections,server-1,GET,/api/work,200,26,,2
1788020869979,ui_least-connections_ramp-up_1788020856832,least-connections,server-2,GET,/api/work,200,26,,2
1788020869980,ui_least-connections_ramp-up_1788020856832,least-connections,server-2,GET,/api/work,200,26,,1
1788020869981,ui_least-connections_ramp-up_1788020856832,least-connections,server-2,GET,/api/work,200,26,,0
1788020869984,ui_least-connections_ramp-up_1788020856832,least-connections,server-3,GET,/api/work,200,26,,1
1788020869994,ui_least-connections_ramp-up_1788020856832,least-connections,server-1,GET,/api/work,200,27,,3
1788020869998,ui_least-connections_ramp-up_1788020856832,least-connections,server-3,GET,/api/work,200,26,,3
1788020869998,ui_least-connections_ramp-up_1788020856832,least-connections,server-1,GET,/api/work,200,27,,3
1788020870005,ui_least-connections_ramp-up_1788020856832,least-connections,server-1,GET,/api/work,200,26,,4
1788020870008,ui_least-connections_ramp-up_1788020856832,least-connections,server-2,GET,/api/work,200,27,,3
1788020870009,ui_least-connections_ramp-up_1788020856832,least-connections,server-2,GET,/api/work,200,26,,2
1788020870009,ui_least-connections_ramp-up_1788020856832,least-connections,server-2,GET,/api/work,200,27,,1
1788020870011,ui_least-connections_ramp-up_1788020856832,least-connections,server-3,GET,/api/work,200,26,,3
1788020870011,ui_least-connections_ramp-up_1788020856832,least-connections,server-3,GET,/api/work,200,27,,2
1788020870013,ui_least-connections_ramp-up_1788020856832,least-connections,server-2,GET,/api/work,200,25,,3
1788020870012,ui_least-connections_ramp-up_1788020856832,least-connections,server-1,GET,/api/work,200,27,,3
1788020870023,ui_least-connections_ramp-up_1788020856832,least-connections,server-1,GET,/api/work,200,26,,2
1788020870024,ui_least-connections_ramp-up_1788020856832,least-connections,server-3,GET,/api/work,200,27,,2
1788020870025,ui_least-connections_ramp-up_1788020856832,least-connections,server-3,GET,/api/work,200,26,,1
1788020870025,ui_least-connections_ramp-up_1788020856832,least-connections,server-1,GET,/api/work,200,27,,1
1788020870029,ui_least-connections_ramp-up_1788020856832,least-connections,server-1,GET,/api/work,200,26,,0
1788020870037,ui_least-connections_ramp-up_1788020856832,least-connections,server-2,GET,/api/work,200,26,,2
1788020870037,ui_least-connections_ramp-up_1788020856832,least-connections,server-2,GET,/api/work,200,27,,1
1788020870037,ui_least-connections_ramp-up_1788020856832,least-connections,server-2,GET,/api/work,200,27,,0
1788020870041,ui_least-connections_ramp-up_1788020856832,least-connections,server-3,GET,/api/work,200,27,,1
1788020870051,ui_least-connections_ramp-up_1788020856832,least-connections,server-3,GET,/api/work,200,26,,2
1788020870055,ui_least-connections_ramp-up_1788020856832,least-connections,server-1,GET,/api/work,200,27,,3
1788020870056,ui_least-connections_ramp-up_1788020856832,least-connections,server-1,GET,/api/work,200,26,,2
1788020870062,ui_least-connections_ramp-up_1788020856832,least-connections,server-1,GET,/api/work,200,27,,4
1788020870066,ui_least-connections_ramp-up_1788020856832,least-connections,server-2,GET,/api/work,200,27,,3
1788020870067,ui_least-connections_ramp-up_1788020856832,least-connections,server-2,GET,/api/work,200,26,,2
1788020870067,ui_least-connections_ramp-up_1788020856832,least-connections,server-2,GET,/api/work,200,27,,1
1788020870068,ui_least-connections_ramp-up_1788020856832,least-connections,server-1,GET,/api/work,200,26,,3
1788020870068,ui_least-connections_ramp-up_1788020856832,least-connections,server-3,GET,/api/work,200,27,,3
1788020870069,ui_least-connections_ramp-up_1788020856832,least-connections,server-2,GET,/api/work,200,27,,1
1788020870068,ui_least-connections_ramp-up_1788020856832,least-connections,server-3,GET,/api/work,200,28,,2
1788020870080,ui_least-connections_ramp-up_1788020856832,least-connections,server-3,GET,/api/work,200,26,,2
1788020870080,ui_least-connections_ramp-up_1788020856832,least-connections,server-3,GET,/api/work,200,27,,1
1788020870083,ui_least-connections_ramp-up_1788020856832,least-connections,server-1,GET,/api/work,200,26,,2
1788020870083,ui_least-connections_ramp-up_1788020856832,least-connections,server-1,GET,/api/work,200,26,,1
1788020870086,ui_least-connections_ramp-up_1788020856832,least-connections,server-1,GET,/api/work,200,27,,0
1788020870094,ui_least-connections_ramp-up_1788020856832,least-connections,server-2,GET,/api/work,200,26,,2
1788020870096,ui_least-connections_ramp-up_1788020856832,least-connections,server-2,GET,/api/work,200,26,,1
1788020870096,ui_least-connections_ramp-up_1788020856832,least-connections,server-2,GET,/api/work,200,26,,0
1788020870099,ui_least-connections_ramp-up_1788020856832,least-connections,server-3,GET,/api/work,200,27,,1
1788020870107,ui_least-connections_ramp-up_1788020856832,least-connections,server-3,GET,/api/work,200,27,,2
1788020870113,ui_least-connections_ramp-up_1788020856832,least-connections,server-1,GET,/api/work,200,26,,3
1788020870113,ui_least-connections_ramp-up_1788020856832,least-connections,server-1,GET,/api/work,200,26,,2
1788020870119,ui_least-connections_ramp-up_1788020856832,least-connections,server-1,GET,/api/work,200,25,,4
1788020870124,ui_least-connections_ramp-up_1788020856832,least-connections,server-2,GET,/api/work,200,26,,3
1788020870124,ui_least-connections_ramp-up_1788020856832,least-connections,server-2,GET,/api/work,200,27,,2
1788020870125,ui_least-connections_ramp-up_1788020856832,least-connections,server-2,GET,/api/work,200,26,,1
1788020870126,ui_least-connections_ramp-up_1788020856832,least-connections,server-3,GET,/api/work,200,27,,3
1788020870127,ui_least-connections_ramp-up_1788020856832,least-connections,server-1,GET,/api/work,200,27,,3
1788020870127,ui_least-connections_ramp-up_1788020856832,least-connections,server-3,GET,/api/work,200,28,,2
1788020870127,ui_least-connections_ramp-up_1788020856832,least-connections,server-2,GET,/api/work,200,28,,1
1788020870138,ui_least-connections_ramp-up_1788020856832,least-connections,server-3,GET,/api/work,200,25,,2
1788020870138,ui_least-connections_ramp-up_1788020856832,least-connections,server-3,GET,/api/work,200,26,,1
1788020870140,ui_least-connections_ramp-up_1788020856832,least-connections,server-1,GET,/api/work,200,26,,2
1788020870140,ui_least-connections_ramp-up_1788020856832,least-connections,server-1,GET,/api/work,200,26,,1
1788020870143,ui_least-connections_ramp-up_1788020856832,least-connections,server-1,GET,/api/work,200,26,,0
1788020870151,ui_least-connections_ramp-up_1788020856832,least-connections,server-2,GET,/api/work,200,27,,2
1788020870155,ui_least-connections_ramp-up_1788020856832,least-connections,server-2,GET,/api/work,200,26,,1
1788020870155,ui_least-connections_ramp-up_1788020856832,least-connections,server-2,GET,/api/work,200,27,,0
1788020870156,ui_least-connections_ramp-up_1788020856832,least-connections,server-3,GET,/api/work,200,27,,1
1788020870164,ui_least-connections_ramp-up_1788020856832,least-connections,server-3,GET,/api/work,200,27,,2
1788020870169,ui_least-connections_ramp-up_1788020856832,least-connections,server-1,GET,/api/work,200,26,,3
1788020870170,ui_least-connections_ramp-up_1788020856832,least-connections,server-1,GET,/api/work,200,25,,2
1788020870174,ui_least-connections_ramp-up_1788020856832,least-connections,server-1,GET,/api/work,200,26,,4
1788020870182,ui_least-connections_ramp-up_1788020856832,least-connections,server-2,GET,/api/work,200,26,,3
1788020870182,ui_least-connections_ramp-up_1788020856832,least-connections,server-2,GET,/api/work,200,27,,2
1788020870182,ui_least-connections_ramp-up_1788020856832,least-connections,server-2,GET,/api/work,200,27,,1
1788020870185,ui_least-connections_ramp-up_1788020856832,least-connections,server-3,GET,/api/work,200,27,,3
1788020870186,ui_least-connections_ramp-up_1788020856832,least-connections,server-3,GET,/api/work,200,26,,2
1788020870186,ui_least-connections_ramp-up_1788020856832,least-connections,server-2,GET,/api/work,200,27,,0
1788020870186,ui_least-connections_ramp-up_1788020856832,least-connections,server-1,GET,/api/work,200,27,,4
1788020870194,ui_least-connections_ramp-up_1788020856832,least-connections,server-3,GET,/api/work,200,27,,1
1788020870195,ui_least-connections_ramp-up_1788020856832,least-connections,server-3,GET,/api/work,200,26,,0
1788020870196,ui_least-connections_ramp-up_1788020856832,least-connections,server-1,GET,/api/work,200,25,,3
1788020870197,ui_least-connections_ramp-up_1788020856832,least-connections,server-1,GET,/api/work,200,27,,2
1788020870200,ui_least-connections_ramp-up_1788020856832,least-connections,server-1,GET,/api/work,200,26,,1
1788020870208,ui_least-connections_ramp-up_1788020856832,least-connections,server-1,GET,/api/work,200,27,,2
1788020870213,ui_least-connections_ramp-up_1788020856832,least-connections,server-2,GET,/api/work,200,26,,2
1788020870214,ui_least-connections_ramp-up_1788020856832,least-connections,server-2,GET,/api/work,200,26,,1
1788020870214,ui_least-connections_ramp-up_1788020856832,least-connections,server-2,GET,/api/work,200,27,,2
1788020870222,ui_least-connections_ramp-up_1788020856832,least-connections,server-3,GET,/api/work,200,25,,2
1788020870227,ui_least-connections_ramp-up_1788020856832,least-connections,server-1,GET,/api/work,200,26,,4
1788020870227,ui_least-connections_ramp-up_1788020856832,least-connections,server-3,GET,/api/work,200,26,,3
1788020870231,ui_least-connections_ramp-up_1788020856832,least-connections,server-1,GET,/api/work,200,26,,3
1788020870240,ui_least-connections_ramp-up_1788020856832,least-connections,server-2,GET,/api/work,200,26,,3
1788020870240,ui_least-connections_ramp-up_1788020856832,least-connections,server-2,GET,/api/work,200,26,,2
1788020870240,ui_least-connections_ramp-up_1788020856832,least-connections,server-1,GET,/api/work,200,27,,4
1788020870244,ui_least-connections_ramp-up_1788020856832,least-connections,server-2,GET,/api/work,200,26,,2
1788020870244,ui_least-connections_ramp-up_1788020856832,least-connections,server-2,GET,/api/work,200,27,,1
1788020870244,ui_least-connections_ramp-up_1788020856832,least-connections,server-1,GET,/api/work,200,27,,3
1788020870244,ui_least-connections_ramp-up_1788020856832,least-connections,server-3,GET,/api/work,200,28,,3
1788020870253,ui_least-connections_ramp-up_1788020856832,least-connections,server-1,GET,/api/work,200,25,,3
1788020870253,ui_least-connections_ramp-up_1788020856832,least-connections,server-3,GET,/api/work,200,26,,2
1788020870253,ui_least-connections_ramp-up_1788020856832,least-connections,server-3,GET,/api/work,200,26,,1
1788020870254,ui_least-connections_ramp-up_1788020856832,least-connections,server-3,GET,/api/work,200,26,,0
1788020870257,ui_least-connections_ramp-up_1788020856832,least-connections,server-1,GET,/api/work,200,27,,2
1788020870265,ui_least-connections_ramp-up_1788020856832,least-connections,server-1,GET,/api/work,200,25,,2
1788020870270,ui_least-connections_ramp-up_1788020856832,least-connections,server-2,GET,/api/work,200,26,,2
1788020870271,ui_least-connections_ramp-up_1788020856832,least-connections,server-2,GET,/api/work,200,26,,1
1788020870271,ui_least-connections_ramp-up_1788020856832,least-connections,server-2,GET,/api/work,200,27,,0
1788020870277,ui_least-connections_ramp-up_1788020856832,least-connections,server-1,GET,/api/work,200,26,,3
1788020870284,ui_least-connections_ramp-up_1788020856832,least-connections,server-3,GET,/api/work,200,26,,3
1788020870284,ui_least-connections_ramp-up_1788020856832,least-connections,server-3,GET,/api/work,200,27,,2
1788020870288,ui_least-connections_ramp-up_1788020856832,least-connections,server-1,GET,/api/work,200,27,,4
1788020870298,ui_least-connections_ramp-up_1788020856832,least-connections,server-1,GET,/api/work,200,26,,3
1788020870298,ui_least-connections_ramp-up_1788020856832,least-connections,server-2,GET,/api/work,200,27,,4
1788020870298,ui_least-connections_ramp-up_1788020856832,least-connections,server-2,GET,/api/work,200,27,,3
1788020870301,ui_least-connections_ramp-up_1788020856832,least-connections,server-2,GET,/api/work,200,26,,2
1788020870302,ui_least-connections_ramp-up_1788020856832,least-connections,server-3,GET,/api/work,200,27,,3
1788020870303,ui_least-connections_ramp-up_1788020856832,least-connections,server-1,GET,/api/work,200,26,,3
1788020870303,ui_least-connections_ramp-up_1788020856832,least-connections,server-2,GET,/api/work,200,26,,2
1788020870309,ui_least-connections_ramp-up_1788020856832,least-connections,server-2,GET,/api/work,200,26,,2
1788020870309,ui_least-connections_ramp-up_1788020856832,least-connections,server-3,GET,/api/work,200,26,,2
1788020870309,ui_least-connections_ramp-up_1788020856832,least-connections,server-1,GET,/api/work,200,27,,3
1788020870309,ui_least-connections_ramp-up_1788020856832,least-connections,server-1,GET,/api/work,200,27,,2
1788020870315,ui_least-connections_ramp-up_1788020856832,least-connections,server-3,GET,/api/work,200,27,,1
1788020870321,ui_least-connections_ramp-up_1788020856832,least-connections,server-3,GET,/api/work,200,27,,1
1788020870325,ui_least-connections_ramp-up_1788020856832,least-connections,server-1,GET,/api/work,200,26,,2
1788020870328,ui_least-connections_ramp-up_1788020856832,least-connections,server-2,GET,/api/work,200,27,,2
1788020870330,ui_least-connections_ramp-up_1788020856832,least-connections,server-2,GET,/api/work,200,26,,2
1788020870334,ui_least-connections_ramp-up_1788020856832,least-connections,server-1,GET,/api/work,200,26,,2
1788020870340,ui_least-connections_ramp-up_1788020856832,least-connections,server-1,GET,/api/work,200,27,,3
1788020870342,ui_least-connections_ramp-up_1788020856832,least-connections,server-3,GET,/api/work,200,26,,3
1788020870345,ui_least-connections_ramp-up_1788020856832,least-connections,server-2,GET,/api/work,200,25,,3
1788020870356,ui_least-connections_ramp-up_1788020856832,least-connections,server-2,GET,/api/work,200,25,,3
1788020870355,ui_least-connections_ramp-up_1788020856832,least-connections,server-3,GET,/api/work,200,26,,3
1788020870355,ui_least-connections_ramp-up_1788020856832,least-connections,server-1,GET,/api/work,200,27,,4
1788020870358,ui_least-connections_ramp-up_1788020856832,least-connections,server-2,GET,/api/work,200,25,,3
1788020870360,ui_least-connections_ramp-up_1788020856832,least-connections,server-3,GET,/api/work,200,26,,2
1788020870360,ui_least-connections_ramp-up_1788020856832,least-connections,server-1,GET,/api/work,200,27,,3
1788020870361,ui_least-connections_ramp-up_1788020856832,least-connections,server-1,GET,/api/work,200,26,,2
1788020870366,ui_least-connections_ramp-up_1788020856832,least-connections,server-3,GET,/api/work,200,26,,2
1788020870366,ui_least-connections_ramp-up_1788020856832,least-connections,server-2,GET,/api/work,200,27,,3
1788020870367,ui_least-connections_ramp-up_1788020856832,least-connections,server-1,GET,/api/work,200,27,,2
1788020870367,ui_least-connections_ramp-up_1788020856832,least-connections,server-1,GET,/api/work,200,27,,1
1788020870373,ui_least-connections_ramp-up_1788020856832,least-connections,server-2,GET,/api/work,200,26,,2
1788020870378,ui_least-connections_ramp-up_1788020856832,least-connections,server-3,GET,/api/work,200,27,,1
1788020870382,ui_least-connections_ramp-up_1788020856832,least-connections,server-2,GET,/api/work,200,27,,2
1788020870384,ui_least-connections_ramp-up_1788020856832,least-connections,server-2,GET,/api/work,200,26,,1
1788020870387,ui_least-connections_ramp-up_1788020856832,least-connections,server-3,GET,/api/work,200,26,,1
1788020870390,ui_least-connections_ramp-up_1788020856832,least-connections,server-1,GET,/api/work,200,27,,2
1788020870397,ui_least-connections_ramp-up_1788020856832,least-connections,server-1,GET,/api/work,200,26,,3
1788020870399,ui_least-connections_ramp-up_1788020856832,least-connections,server-1,GET,/api/work,200,25,,3
1788020870401,ui_least-connections_ramp-up_1788020856832,least-connections,server-2,GET,/api/work,200,25,,3
1788020870412,ui_least-connections_ramp-up_1788020856832,least-connections,server-3,GET,/api/work,200,26,,3
1788020870412,ui_least-connections_ramp-up_1788020856832,least-connections,server-2,GET,/api/work,200,27,,3
1788020870412,ui_least-connections_ramp-up_1788020856832,least-connections,server-2,GET,/api/work,200,27,,2
1788020870414,ui_least-connections_ramp-up_1788020856832,least-connections,server-3,GET,/api/work,200,26,,2
1788020870417,ui_least-connections_ramp-up_1788020856832,least-connections,server-1,GET,/api/work,200,26,,4
1788020870419,ui_least-connections_ramp-up_1788020856832,least-connections,server-3,GET,/api/work,200,26,,2
1788020870419,ui_least-connections_ramp-up_1788020856832,least-connections,server-1,GET,/api/work,200,27,,3
1788020870424,ui_least-connections_ramp-up_1788020856832,least-connections,server-2,GET,/api/work,200,25,,3
1788020870424,ui_least-connections_ramp-up_1788020856832,least-connections,server-1,GET,/api/work,200,25,,2
1788020870425,ui_least-connections_ramp-up_1788020856832,least-connections,server-3,GET,/api/work,200,26,,2
1788020870425,ui_least-connections_ramp-up_1788020856832,least-connections,server-1,GET,/api/work,200,27,,1
1788020870430,ui_least-connections_ramp-up_1788020856832,least-connections,server-2,GET,/api/work,200,26,,2
1788020870435,ui_least-connections_ramp-up_1788020856832,least-connections,server-1,GET,/api/work,200,26,,2
1788020870439,ui_least-connections_ramp-up_1788020856832,least-connections,server-2,GET,/api/work,200,27,,2
1788020870441,ui_least-connections_ramp-up_1788020856832,least-connections,server-3,GET,/api/work,200,26,,1
1788020870444,ui_least-connections_ramp-up_1788020856832,least-connections,server-2,GET,/api/work,200,26,,2
1788020870447,ui_least-connections_ramp-up_1788020856832,least-connections,server-3,GET,/api/work,200,27,,1
1788020870454,ui_least-connections_ramp-up_1788020856832,least-connections,server-1,GET,/api/work,200,27,,3
1788020870455,ui_least-connections_ramp-up_1788020856832,least-connections,server-1,GET,/api/work,200,28,,2
1788020870457,ui_least-connections_ramp-up_1788020856832,least-connections,server-2,GET,/api/work,200,27,,3
1788020870468,ui_least-connections_ramp-up_1788020856832,least-connections,server-3,GET,/api/work,200,26,,3
1788020870469,ui_least-connections_ramp-up_1788020856832,least-connections,server-1,GET,/api/work,200,26,,4
1788020870470,ui_least-connections_ramp-up_1788020856832,least-connections,server-2,GET,/api/work,200,27,,3
1788020870471,ui_least-connections_ramp-up_1788020856832,least-connections,server-2,GET,/api/work,200,26,,3
1788020870474,ui_least-connections_ramp-up_1788020856832,least-connections,server-3,GET,/api/work,200,26,,3
1788020870477,ui_least-connections_ramp-up_1788020856832,least-connections,server-1,GET,/api/work,200,25,,3
1788020870476,ui_least-connections_ramp-up_1788020856832,least-connections,server-3,GET,/api/work,200,27,,2
1788020870480,ui_least-connections_ramp-up_1788020856832,least-connections,server-3,GET,/api/work,200,27,,2
1788020870480,ui_least-connections_ramp-up_1788020856832,least-connections,server-2,GET,/api/work,200,27,,3
1788020870484,ui_least-connections_ramp-up_1788020856832,least-connections,server-1,GET,/api/work,200,27,,2
1788020870485,ui_least-connections_ramp-up_1788020856832,least-connections,server-1,GET,/api/work,200,26,,1
1788020870486,ui_least-connections_ramp-up_1788020856832,least-connections,server-2,GET,/api/work,200,28,,2
1788020870492,ui_least-connections_ramp-up_1788020856832,least-connections,server-1,GET,/api/work,200,25,,2
1788020870497,ui_least-connections_ramp-up_1788020856832,least-connections,server-3,GET,/api/work,200,26,,1
1788020870497,ui_least-connections_ramp-up_1788020856832,least-connections,server-2,GET,/api/work,200,27,,2
1788020870500,ui_least-connections_ramp-up_1788020856832,least-connections,server-2,GET,/api/work,200,27,,1
1788020870504,ui_least-connections_ramp-up_1788020856832,least-connections,server-3,GET,/api/work,200,26,,1
1788020870513,ui_least-connections_ramp-up_1788020856832,least-connections,server-1,GET,/api/work,200,26,,3
1788020870516,ui_least-connections_ramp-up_1788020856832,least-connections,server-1,GET,/api/work,200,26,,2
1788020870517,ui_least-connections_ramp-up_1788020856832,least-connections,server-2,GET,/api/work,200,26,,3
1788020870525,ui_least-connections_ramp-up_1788020856832,least-connections,server-1,GET,/api/work,200,26,,4
1788020870525,ui_least-connections_ramp-up_1788020856832,least-connections,server-3,GET,/api/work,200,26,,3
1788020870529,ui_least-connections_ramp-up_1788020856832,least-connections,server-2,GET,/api/work,200,26,,3
1788020870529,ui_least-connections_ramp-up_1788020856832,least-connections,server-2,GET,/api/work,200,26,,2
1788020870531,ui_least-connections_ramp-up_1788020856832,least-connections,server-3,GET,/api/work,200,26,,3
1788020870534,ui_least-connections_ramp-up_1788020856832,least-connections,server-1,GET,/api/work,200,25,,4
1788020870533,ui_least-connections_ramp-up_1788020856832,least-connections,server-3,GET,/api/work,200,27,,2
1788020870538,ui_least-connections_ramp-up_1788020856832,least-connections,server-2,GET,/api/work,200,26,,2
1788020870539,ui_least-connections_ramp-up_1788020856832,least-connections,server-3,GET,/api/work,200,27,,2
1788020870543,ui_least-connections_ramp-up_1788020856832,least-connections,server-1,GET,/api/work,200,27,,3
1788020870544,ui_least-connections_ramp-up_1788020856832,least-connections,server-1,GET,/api/work,200,27,,2
1788020870546,ui_least-connections_ramp-up_1788020856832,least-connections,server-2,GET,/api/work,200,26,,1
1788020870548,ui_least-connections_ramp-up_1788020856832,least-connections,server-1,GET,/api/work,200,27,,2
1788020870554,ui_least-connections_ramp-up_1788020856832,least-connections,server-3,GET,/api/work,200,26,,1
1788020870554,ui_least-connections_ramp-up_1788020856832,least-connections,server-1,GET,/api/work,200,28,,1
1788020870558,ui_least-connections_ramp-up_1788020856832,least-connections,server-2,GET,/api/work,200,26,,2
1788020870561,ui_least-connections_ramp-up_1788020856832,least-connections,server-3,GET,/api/work,200,27,,1
1788020870571,ui_least-connections_ramp-up_1788020856832,least-connections,server-1,GET,/api/work,200,26,,3
1788020870573,ui_least-connections_ramp-up_1788020856832,least-connections,server-2,GET,/api/work,200,27,,3
1788020870573,ui_least-connections_ramp-up_1788020856832,least-connections,server-2,GET,/api/work,200,28,,2
1788020870583,ui_least-connections_ramp-up_1788020856832,least-connections,server-3,GET,/api/work,200,26,,3
1788020870583,ui_least-connections_ramp-up_1788020856832,least-connections,server-1,GET,/api/work,200,28,,4
1788020870586,ui_least-connections_ramp-up_1788020856832,least-connections,server-1,GET,/api/work,200,27,,3
1788020870587,ui_least-connections_ramp-up_1788020856832,least-connections,server-2,GET,/api/work,200,27,,3
1788020870588,ui_least-connections_ramp-up_1788020856832,least-connections,server-3,GET,/api/work,200,28,,3
1788020870589,ui_least-connections_ramp-up_1788020856832,least-connections,server-3,GET,/api/work,200,28,,2
1788020870590,ui_least-connections_ramp-up_1788020856832,least-connections,server-1,GET,/api/work,200,28,,3
1788020870595,ui_least-connections_ramp-up_1788020856832,least-connections,server-2,GET,/api/work,200,26,,3
1788020870597,ui_least-connections_ramp-up_1788020856832,least-connections,server-3,GET,/api/work,200,26,,2
1788020870602,ui_least-connections_ramp-up_1788020856832,least-connections,server-2,GET,/api/work,200,27,,2
1788020870604,ui_least-connections_ramp-up_1788020856832,least-connections,server-2,GET,/api/work,200,27,,1
1788020870603,ui_least-connections_ramp-up_1788020856832,least-connections,server-1,GET,/api/work,200,29,,2
1788020870608,ui_least-connections_ramp-up_1788020856832,least-connections,server-1,GET,/api/work,200,27,,2
1788020870612,ui_least-connections_ramp-up_1788020856832,least-connections,server-3,GET,/api/work,200,27,,2
1788020870614,ui_least-connections_ramp-up_1788020856832,least-connections,server-1,GET,/api/work,200,26,,1
1788020870615,ui_least-connections_ramp-up_1788020856832,least-connections,server-2,GET,/api/work,200,26,,1
1788020870619,ui_least-connections_ramp-up_1788020856832,least-connections,server-3,GET,/api/work,200,25,,1
1788020870628,ui_least-connections_ramp-up_1788020856832,least-connections,server-3,GET,/api/work,200,27,,3
1788020870633,ui_least-connections_ramp-up_1788020856832,least-connections,server-2,GET,/api/work,200,27,,3
1788020870634,ui_least-connections_ramp-up_1788020856832,least-connections,server-1,GET,/api/work,200,26,,3
1788020870640,ui_least-connections_ramp-up_1788020856832,least-connections,server-1,GET,/api/work,200,26,,4
1788020870642,ui_least-connections_ramp-up_1788020856832,least-connections,server-2,GET,/api/work,200,25,,3
1788020870644,ui_least-connections_ramp-up_1788020856832,least-connections,server-3,GET,/api/work,200,29,,3
1788020870646,ui_least-connections_ramp-up_1788020856832,least-connections,server-1,GET,/api/work,200,28,,3
1788020870647,ui_least-connections_ramp-up_1788020856832,least-connections,server-3,GET,/api/work,200,28,,3
1788020870647,ui_least-connections_ramp-up_1788020856832,least-connections,server-2,GET,/api/work,200,29,,3
1788020870649,ui_least-connections_ramp-up_1788020856832,least-connections,server-1,GET,/api/work,200,29,,3
1788020870652,ui_least-connections_ramp-up_1788020856832,least-connections,server-2,GET,/api/work,200,27,,2
1788020870654,ui_least-connections_ramp-up_1788020856832,least-connections,server-3,GET,/api/work,200,25,,3
1788020870661,ui_least-connections_ramp-up_1788020856832,least-connections,server-1,GET,/api/work,200,26,,2
1788020870662,ui_least-connections_ramp-up_1788020856832,least-connections,server-2,GET,/api/work,200,27,,2
1788020870664,ui_least-connections_ramp-up_1788020856832,least-connections,server-3,GET,/api/work,200,25,,2
1788020870665,ui_least-connections_ramp-up_1788020856832,least-connections,server-1,GET,/api/work,200,26,,2
1788020870669,ui_least-connections_ramp-up_1788020856832,least-connections,server-2,GET,/api/work,200,26,,2
1788020870674,ui_least-connections_ramp-up_1788020856832,least-connections,server-3,GET,/api/work,200,27,,1
1788020870674,ui_least-connections_ramp-up_1788020856832,least-connections,server-1,GET,/api/work,200,27,,2
1788020870675,ui_least-connections_ramp-up_1788020856832,least-connections,server-3,GET,/api/work,200,28,,0
1788020870685,ui_least-connections_ramp-up_1788020856832,least-connections,server-2,GET,/api/work,200,26,,3
1788020870689,ui_least-connections_ramp-up_1788020856832,least-connections,server-1,GET,/api/work,200,26,,3
1788020870691,ui_least-connections_ramp-up_1788020856832,least-connections,server-2,GET,/api/work,200,27,,2
1788020870696,ui_least-connections_ramp-up_1788020856832,least-connections,server-1,GET,/api/work,200,27,,4
1788020870698,ui_least-connections_ramp-up_1788020856832,least-connections,server-2,GET,/api/work,200,27,,3
1788020870703,ui_least-connections_ramp-up_1788020856832,least-connections,server-3,GET,/api/work,200,27,,3
1788020870705,ui_least-connections_ramp-up_1788020856832,least-connections,server-3,GET,/api/work,200,25,,2
1788020870706,ui_least-connections_ramp-up_1788020856832,least-connections,server-1,GET,/api/work,200,26,,3
1788020870708,ui_least-connections_ramp-up_1788020856832,least-connections,server-3,GET,/api/work,200,25,,3
1788020870709,ui_least-connections_ramp-up_1788020856832,least-connections,server-1,GET,/api/work,200,26,,3
1788020870710,ui_least-connections_ramp-up_1788020856832,least-connections,server-2,GET,/api/work,200,26,,3
1788020870711,ui_least-connections_ramp-up_1788020856832,least-connections,server-3,GET,/api/work,200,26,,2
1788020870717,ui_least-connections_ramp-up_1788020856832,least-connections,server-1,GET,/api/work,200,25,,2
1788020870719,ui_least-connections_ramp-up_1788020856832,least-connections,server-2,GET,/api/work,200,27,,2
1788020870719,ui_least-connections_ramp-up_1788020856832,least-connections,server-2,GET,/api/work,200,27,,1
1788020870722,ui_least-connections_ramp-up_1788020856832,least-connections,server-1,GET,/api/work,200,25,,1
1788020870726,ui_least-connections_ramp-up_1788020856832,least-connections,server-2,GET,/api/work,200,27,,1
1788020870732,ui_least-connections_ramp-up_1788020856832,least-connections,server-3,GET,/api/work,200,26,,2
1788020870732,ui_least-connections_ramp-up_1788020856832,least-connections,server-3,GET,/api/work,200,26,,1
1788020870734,ui_least-connections_ramp-up_1788020856832,least-connections,server-1,GET,/api/work,200,27,,2
1788020870742,ui_least-connections_ramp-up_1788020856832,least-connections,server-3,GET,/api/work,200,26,,2
1788020870747,ui_least-connections_ramp-up_1788020856832,least-connections,server-2,GET,/api/work,200,26,,3
1788020870747,ui_least-connections_ramp-up_1788020856832,least-connections,server-1,GET,/api/work,200,27,,3
1788020870753,ui_least-connections_ramp-up_1788020856832,least-connections,server-2,GET,/api/work,200,26,,3
1788020870755,ui_least-connections_ramp-up_1788020856832,least-connections,server-1,GET,/api/work,200,25,,4
1788020870760,ui_least-connections_ramp-up_1788020856832,least-connections,server-3,GET,/api/work,200,26,,3
1788020870761,ui_least-connections_ramp-up_1788020856832,least-connections,server-1,GET,/api/work,200,26,,3
1788020870763,ui_least-connections_ramp-up_1788020856832,least-connections,server-2,GET,/api/work,200,26,,3
1788020870763,ui_least-connections_ramp-up_1788020856832,least-connections,server-3,GET,/api/work,200,27,,2
1788020870766,ui_least-connections_ramp-up_1788020856832,least-connections,server-1,GET,/api/work,200,26,,3
1788020870768,ui_least-connections_ramp-up_1788020856832,least-connections,server-3,GET,/api/work,200,26,,2
1788020870768,ui_least-connections_ramp-up_1788020856832,least-connections,server-2,GET,/api/work,200,27,,3
1788020870773,ui_least-connections_ramp-up_1788020856832,least-connections,server-2,GET,/api/work,200,26,,2
1788020870777,ui_least-connections_ramp-up_1788020856832,least-connections,server-1,GET,/api/work,200,27,,2
1788020870777,ui_least-connections_ramp-up_1788020856832,least-connections,server-3,GET,/api/work,200,27,,2
1788020870777,ui_least-connections_ramp-up_1788020856832,least-connections,server-1,GET,/api/work,200,28,,1
1788020870784,ui_least-connections_ramp-up_1788020856832,least-connections,server-2,GET,/api/work,200,26,,2
1788020870790,ui_least-connections_ramp-up_1788020856832,least-connections,server-1,GET,/api/work,200,26,,2
1788020870790,ui_least-connections_ramp-up_1788020856832,least-connections,server-3,GET,/api/work,200,27,,1
1788020870792,ui_least-connections_ramp-up_1788020856832,least-connections,server-2,GET,/api/work,200,26,,2
1788020870800,ui_least-connections_ramp-up_1788020856832,least-connections,server-2,GET,/api/work,200,27,,3
1788020870803,ui_least-connections_ramp-up_1788020856832,least-connections,server-3,GET,/api/work,200,26,,3
1788020870805,ui_least-connections_ramp-up_1788020856832,least-connections,server-1,GET,/api/work,200,26,,3
1788020870810,ui_least-connections_ramp-up_1788020856832,least-connections,server-1,GET,/api/work,200,26,,3
1788020870811,ui_least-connections_ramp-up_1788020856832,least-connections,server-2,GET,/api/work,200,26,,3
1788020870817,ui_least-connections_ramp-up_1788020856832,least-connections,server-3,GET,/api/work,200,26,,3
1788020870817,ui_least-connections_ramp-up_1788020856832,least-connections,server-1,GET,/api/work,200,26,,3
1788020870821,ui_least-connections_ramp-up_1788020856832,least-connections,server-2,GET,/api/work,200,25,,3
1788020870821,ui_least-connections_ramp-up_1788020856832,least-connections,server-3,GET,/api/work,200,25,,2
1788020870823,ui_least-connections_ramp-up_1788020856832,least-connections,server-1,GET,/api/work,200,26,,3
1788020870826,ui_least-connections_ramp-up_1788020856832,least-connections,server-3,GET,/api/work,200,26,,2
1788020870826,ui_least-connections_ramp-up_1788020856832,least-connections,server-2,GET,/api/work,200,26,,3
1788020870830,ui_least-connections_ramp-up_1788020856832,least-connections,server-2,GET,/api/work,200,26,,2
1788020870836,ui_least-connections_ramp-up_1788020856832,least-connections,server-3,GET,/api/work,200,25,,2
1788020870835,ui_least-connections_ramp-up_1788020856832,least-connections,server-1,GET,/api/work,200,26,,2
1788020870836,ui_least-connections_ramp-up_1788020856832,least-connections,server-1,GET,/api/work,200,26,,2
1788020870841,ui_least-connections_ramp-up_1788020856832,least-connections,server-2,GET,/api/work,200,27,,2
1788020870847,ui_least-connections_ramp-up_1788020856832,least-connections,server-3,GET,/api/work,200,27,,2
1788020870848,ui_least-connections_ramp-up_1788020856832,least-connections,server-1,GET,/api/work,200,26,,2
1788020870848,ui_least-connections_ramp-up_1788020856832,least-connections,server-2,GET,/api/work,200,27,,2
1788020870857,ui_least-connections_ramp-up_1788020856832,least-connections,server-2,GET,/api/work,200,25,,3
1788020870860,ui_least-connections_ramp-up_1788020856832,least-connections,server-3,GET,/api/work,200,27,,2
1788020870862,ui_least-connections_ramp-up_1788020856832,least-connections,server-1,GET,/api/work,200,25,,3
1788020870867,ui_least-connections_ramp-up_1788020856832,least-connections,server-1,GET,/api/work,200,26,,3
1788020870868,ui_least-connections_ramp-up_1788020856832,least-connections,server-2,GET,/api/work,200,26,,3
1788020870873,ui_least-connections_ramp-up_1788020856832,least-connections,server-3,GET,/api/work,200,25,,3
1788020870874,ui_least-connections_ramp-up_1788020856832,least-connections,server-1,GET,/api/work,200,26,,3
1788020870877,ui_least-connections_ramp-up_1788020856832,least-connections,server-3,GET,/api/work,200,26,,2
1788020870877,ui_least-connections_ramp-up_1788020856832,least-connections,server-2,GET,/api/work,200,26,,3
1788020870880,ui_least-connections_ramp-up_1788020856832,least-connections,server-1,GET,/api/work,200,26,,3
1788020870881,ui_least-connections_ramp-up_1788020856832,least-connections,server-2,GET,/api/work,200,26,,3
1788020870883,ui_least-connections_ramp-up_1788020856832,least-connections,server-2,GET,/api/work,200,27,,2
1788020870888,ui_least-connections_ramp-up_1788020856832,least-connections,server-3,GET,/api/work,200,25,,2
1788020870892,ui_least-connections_ramp-up_1788020856832,least-connections,server-1,GET,/api/work,200,27,,2
1788020870893,ui_least-connections_ramp-up_1788020856832,least-connections,server-1,GET,/api/work,200,27,,2
1788020870893,ui_least-connections_ramp-up_1788020856832,least-connections,server-3,GET,/api/work,200,29,,2
1788020870899,ui_least-connections_ramp-up_1788020856832,least-connections,server-2,GET,/api/work,200,26,,2
1788020870905,ui_least-connections_ramp-up_1788020856832,least-connections,server-2,GET,/api/work,200,26,,2
1788020870905,ui_least-connections_ramp-up_1788020856832,least-connections,server-1,GET,/api/work,200,26,,3
1788020870905,ui_least-connections_ramp-up_1788020856832,least-connections,server-3,GET,/api/work,200,27,,2
1788020870914,ui_least-connections_ramp-up_1788020856832,least-connections,server-2,GET,/api/work,200,25,,3
1788020870919,ui_least-connections_ramp-up_1788020856832,least-connections,server-3,GET,/api/work,200,26,,3
1788020870919,ui_least-connections_ramp-up_1788020856832,least-connections,server-1,GET,/api/work,200,26,,3
1788020870924,ui_least-connections_ramp-up_1788020856832,least-connections,server-1,GET,/api/work,200,27,,3
1788020870924,ui_least-connections_ramp-up_1788020856832,least-connections,server-3,GET,/api/work,200,27,,3
1788020870929,ui_least-connections_ramp-up_1788020856832,least-connections,server-2,GET,/api/work,200,25,,3
1788020870930,ui_least-connections_ramp-up_1788020856832,least-connections,server-1,GET,/api/work,200,26,,3
1788020870934,ui_least-connections_ramp-up_1788020856832,least-connections,server-2,GET,/api/work,200,26,,3
1788020870935,ui_least-connections_ramp-up_1788020856832,least-connections,server-3,GET,/api/work,200,27,,2
1788020870937,ui_least-connections_ramp-up_1788020856832,least-connections,server-2,GET,/api/work,200,26,,3
1788020870937,ui_least-connections_ramp-up_1788020856832,least-connections,server-1,GET,/api/work,200,27,,3
1788020870940,ui_least-connections_ramp-up_1788020856832,least-connections,server-2,GET,/api/work,200,26,,2
1788020870944,ui_least-connections_ramp-up_1788020856832,least-connections,server-3,GET,/api/work,200,27,,2
1788020870950,ui_least-connections_ramp-up_1788020856832,least-connections,server-3,GET,/api/work,200,26,,2
1788020870950,ui_least-connections_ramp-up_1788020856832,least-connections,server-1,GET,/api/work,200,27,,2
1788020870953,ui_least-connections_ramp-up_1788020856832,least-connections,server-1,GET,/api/work,200,26,,2
1788020870956,ui_least-connections_ramp-up_1788020856832,least-connections,server-2,GET,/api/work,200,27,,2
1788020870961,ui_least-connections_ramp-up_1788020856832,least-connections,server-1,GET,/api/work,200,25,,2
1788020870963,ui_least-connections_ramp-up_1788020856832,least-connections,server-3,GET,/api/work,200,26,,2
1788020870963,ui_least-connections_ramp-up_1788020856832,least-connections,server-2,GET,/api/work,200,26,,2
1788020870970,ui_least-connections_ramp-up_1788020856832,least-connections,server-2,GET,/api/work,200,26,,3
1788020870975,ui_least-connections_ramp-up_1788020856832,least-connections,server-3,GET,/api/work,200,27,,2
1788020870977,ui_least-connections_ramp-up_1788020856832,least-connections,server-1,GET,/api/work,200,27,,3
1788020870981,ui_least-connections_ramp-up_1788020856832,least-connections,server-3,GET,/api/work,200,26,,2
1788020870981,ui_least-connections_ramp-up_1788020856832,least-connections,server-1,GET,/api/work,200,27,,2
1788020870985,ui_least-connections_ramp-up_1788020856832,least-connections,server-2,GET,/api/work,200,27,,3
1788020870987,ui_least-connections_ramp-up_1788020856832,least-connections,server-1,GET,/api/work,200,27,,3
1788020870991,ui_least-connections_ramp-up_1788020856832,least-connections,server-2,GET,/api/work,200,27,,3
1788020870994,ui_least-connections_ramp-up_1788020856832,least-connections,server-2,GET,/api/work,200,25,,2
1788020870993,ui_least-connections_ramp-up_1788020856832,least-connections,server-3,GET,/api/work,200,27,,2
1788020870994,ui_least-connections_ramp-up_1788020856832,least-connections,server-1,GET,/api/work,200,26,,3
1788020870997,ui_least-connections_ramp-up_1788020856832,least-connections,server-2,GET,/api/work,200,27,,2
1788020871002,ui_least-connections_ramp-up_1788020856832,least-connections,server-3,GET,/api/work,200,27,,2
1788020871008,ui_least-connections_ramp-up_1788020856832,least-connections,server-1,GET,/api/work,200,26,,2
1788020871008,ui_least-connections_ramp-up_1788020856832,least-connections,server-3,GET,/api/work,200,26,,2
1788020871010,ui_least-connections_ramp-up_1788020856832,least-connections,server-1,GET,/api/work,200,26,,2
1788020871013,ui_least-connections_ramp-up_1788020856832,least-connections,server-2,GET,/api/work,200,26,,2
1788020871017,ui_least-connections_ramp-up_1788020856832,least-connections,server-1,GET,/api/work,200,26,,2
1788020871021,ui_least-connections_ramp-up_1788020856832,least-connections,server-3,GET,/api/work,200,25,,2
1788020871020,ui_least-connections_ramp-up_1788020856832,least-connections,server-2,GET,/api/work,200,27,,2
1788020871027,ui_least-connections_ramp-up_1788020856832,least-connections,server-2,GET,/api/work,200,25,,3
1788020871032,ui_least-connections_ramp-up_1788020856832,least-connections,server-3,GET,/api/work,200,26,,2
1788020871035,ui_least-connections_ramp-up_1788020856832,least-connections,server-1,GET,/api/work,200,26,,3
1788020871038,ui_least-connections_ramp-up_1788020856832,least-connections,server-3,GET,/api/work,200,26,,2
1788020871038,ui_least-connections_ramp-up_1788020856832,least-connections,server-1,GET,/api/work,200,27,,2
1788020871043,ui_least-connections_ramp-up_1788020856832,least-connections,server-2,GET,/api/work,200,25,,3
1788020871044,ui_least-connections_ramp-up_1788020856832,least-connections,server-1,GET,/api/work,200,26,,3
1788020871048,ui_least-connections_ramp-up_1788020856832,least-connections,server-2,GET,/api/work,200,27,,3
1788020871050,ui_least-connections_ramp-up_1788020856832,least-connections,server-3,GET,/api/work,200,26,,2
1788020871051,ui_least-connections_ramp-up_1788020856832,least-connections,server-2,GET,/api/work,200,26,,3
1788020871051,ui_least-connections_ramp-up_1788020856832,least-connections,server-1,GET,/api/work,200,27,,3
1788020871054,ui_least-connections_ramp-up_1788020856832,least-connections,server-2,GET,/api/work,200,26,,2
1788020871059,ui_least-connections_ramp-up_1788020856832,least-connections,server-3,GET,/api/work,200,26,,2
1788020871065,ui_least-connections_ramp-up_1788020856832,least-connections,server-1,GET,/api/work,200,26,,2
1788020871065,ui_least-connections_ramp-up_1788020856832,least-connections,server-3,GET,/api/work,200,26,,2
1788020871067,ui_least-connections_ramp-up_1788020856832,least-connections,server-1,GET,/api/work,200,25,,2
1788020871069,ui_least-connections_ramp-up_1788020856832,least-connections,server-2,GET,/api/work,200,25,,2
1788020871074,ui_least-connections_ramp-up_1788020856832,least-connections,server-1,GET,/api/work,200,26,,2
1788020871077,ui_least-connections_ramp-up_1788020856832,least-connections,server-2,GET,/api/work,200,27,,2
1788020871077,ui_least-connections_ramp-up_1788020856832,least-connections,server-3,GET,/api/work,200,27,,2
1788020871083,ui_least-connections_ramp-up_1788020856832,least-connections,server-2,GET,/api/work,200,27,,3
1788020871089,ui_least-connections_ramp-up_1788020856832,least-connections,server-3,GET,/api/work,200,26,,2
1788020871092,ui_least-connections_ramp-up_1788020856832,least-connections,server-1,GET,/api/work,200,27,,3
1788020871095,ui_least-connections_ramp-up_1788020856832,least-connections,server-1,GET,/api/work,200,26,,2
1788020871096,ui_least-connections_ramp-up_1788020856832,least-connections,server-2,GET,/api/work,200,26,,3
1788020871099,ui_least-connections_ramp-up_1788020856832,least-connections,server-3,GET,/api/work,200,26,,2
1788020871101,ui_least-connections_ramp-up_1788020856832,least-connections,server-1,GET,/api/work,200,25,,3
1788020871105,ui_least-connections_ramp-up_1788020856832,least-connections,server-2,GET,/api/work,200,25,,3
1788020871107,ui_least-connections_ramp-up_1788020856832,least-connections,server-3,GET,/api/work,200,26,,2
1788020871108,ui_least-connections_ramp-up_1788020856832,least-connections,server-2,GET,/api/work,200,26,,2
1788020871107,ui_least-connections_ramp-up_1788020856832,least-connections,server-1,GET,/api/work,200,28,,3
1788020871111,ui_least-connections_ramp-up_1788020856832,least-connections,server-2,GET,/api/work,200,26,,2
1788020871116,ui_least-connections_ramp-up_1788020856832,least-connections,server-3,GET,/api/work,200,25,,2
1788020871122,ui_least-connections_ramp-up_1788020856832,least-connections,server-1,GET,/api/work,200,26,,2
1788020871122,ui_least-connections_ramp-up_1788020856832,least-connections,server-1,GET,/api/work,200,26,,1
1788020871123,ui_least-connections_ramp-up_1788020856832,least-connections,server-2,GET,/api/work,200,26,,2
1788020871125,ui_least-connections_ramp-up_1788020856832,least-connections,server-3,GET,/api/work,200,26,,2
1788020871131,ui_least-connections_ramp-up_1788020856832,least-connections,server-1,GET,/api/work,200,25,,2
1788020871135,ui_least-connections_ramp-up_1788020856832,least-connections,server-2,GET,/api/work,200,26,,2
1788020871135,ui_least-connections_ramp-up_1788020856832,least-connections,server-3,GET,/api/work,200,27,,2
1788020871140,ui_least-connections_ramp-up_1788020856832,least-connections,server-2,GET,/api/work,200,26,,3
1788020871146,ui_least-connections_ramp-up_1788020856832,least-connections,server-3,GET,/api/work,200,26,,2
1788020871149,ui_least-connections_ramp-up_1788020856832,least-connections,server-1,GET,/api/work,200,27,,3
1788020871152,ui_least-connections_ramp-up_1788020856832,least-connections,server-1,GET,/api/work,200,26,,2
1788020871152,ui_least-connections_ramp-up_1788020856832,least-connections,server-2,GET,/api/work,200,26,,3
1788020871155,ui_least-connections_ramp-up_1788020856832,least-connections,server-3,GET,/api/work,200,26,,2
1788020871157,ui_least-connections_ramp-up_1788020856832,least-connections,server-1,GET,/api/work,200,25,,3
1788020871161,ui_least-connections_ramp-up_1788020856832,least-connections,server-2,GET,/api/work,200,26,,3
1788020871165,ui_least-connections_ramp-up_1788020856832,least-connections,server-1,GET,/api/work,200,27,,3
1788020871165,ui_least-connections_ramp-up_1788020856832,least-connections,server-3,GET,/api/work,200,27,,2
1788020871166,ui_least-connections_ramp-up_1788020856832,least-connections,server-2,GET,/api/work,200,27,,3
1788020871168,ui_least-connections_ramp-up_1788020856832,least-connections,server-2,GET,/api/work,200,26,,2
1788020871173,ui_least-connections_ramp-up_1788020856832,least-connections,server-3,GET,/api/work,200,25,,1
1788020871179,ui_least-connections_ramp-up_1788020856832,least-connections,server-1,GET,/api/work,200,25,,3
1788020871179,ui_least-connections_ramp-up_1788020856832,least-connections,server-1,GET,/api/work,200,27,,2
1788020871180,ui_least-connections_ramp-up_1788020856832,least-connections,server-2,GET,/api/work,200,27,,2
1788020871183,ui_least-connections_ramp-up_1788020856832,least-connections,server-3,GET,/api/work,200,25,,1
1788020871187,ui_least-connections_ramp-up_1788020856832,least-connections,server-1,GET,/api/work,200,26,,3
1788020871191,ui_least-connections_ramp-up_1788020856832,least-connections,server-2,GET,/api/work,200,27,,2
1788020871192,ui_least-connections_ramp-up_1788020856832,least-connections,server-1,GET,/api/work,200,27,,2
1788020871198,ui_least-connections_ramp-up_1788020856832,least-connections,server-2,GET,/api/work,200,25,,2
1788020871203,ui_least-connections_ramp-up_1788020856832,least-connections,server-3,GET,/api/work,200,26,,2
1788020871206,ui_least-connections_ramp-up_1788020856832,least-connections,server-1,GET,/api/work,200,27,,3
1788020871209,ui_least-connections_ramp-up_1788020856832,least-connections,server-2,GET,/api/work,200,25,,3
1788020871208,ui_least-connections_ramp-up_1788020856832,least-connections,server-3,GET,/api/work,200,26,,2
1788020871211,ui_least-connections_ramp-up_1788020856832,least-connections,server-3,GET,/api/work,200,26,,2
1788020871212,ui_least-connections_ramp-up_1788020856832,least-connections,server-1,GET,/api/work,200,27,,3
1788020871218,ui_least-connections_ramp-up_1788020856832,least-connections,server-2,GET,/api/work,200,26,,3
1788020871224,ui_least-connections_ramp-up_1788020856832,least-connections,server-1,GET,/api/work,200,25,,3
1788020871224,ui_least-connections_ramp-up_1788020856832,least-connections,server-2,GET,/api/work,200,26,,3
1788020871224,ui_least-connections_ramp-up_1788020856832,least-connections,server-1,GET,/api/work,200,27,,3
1788020871225,ui_least-connections_ramp-up_1788020856832,least-connections,server-2,GET,/api/work,200,26,,2
1788020871229,ui_least-connections_ramp-up_1788020856832,least-connections,server-3,GET,/api/work,200,27,,2
1788020871235,ui_least-connections_ramp-up_1788020856832,least-connections,server-3,GET,/api/work,200,26,,2
1788020871236,ui_least-connections_ramp-up_1788020856832,least-connections,server-1,GET,/api/work,200,27,,2
1788020871237,ui_least-connections_ramp-up_1788020856832,least-connections,server-2,GET,/api/work,200,27,,2
1788020871239,ui_least-connections_ramp-up_1788020856832,least-connections,server-3,GET,/api/work,200,26,,2
1788020871244,ui_least-connections_ramp-up_1788020856832,least-connections,server-1,GET,/api/work,200,26,,2
1788020871248,ui_least-connections_ramp-up_1788020856832,least-connections,server-2,GET,/api/work,200,26,,2
1788020871249,ui_least-connections_ramp-up_1788020856832,least-connections,server-1,GET,/api/work,200,26,,2
1788020871255,ui_least-connections_ramp-up_1788020856832,least-connections,server-2,GET,/api/work,200,28,,3
1788020871260,ui_least-connections_ramp-up_1788020856832,least-connections,server-3,GET,/api/work,200,26,,3
1788020871263,ui_least-connections_ramp-up_1788020856832,least-connections,server-1,GET,/api/work,200,27,,3
1788020871264,ui_least-connections_ramp-up_1788020856832,least-connections,server-2,GET,/api/work,200,27,,3
1788020871264,ui_least-connections_ramp-up_1788020856832,least-connections,server-3,GET,/api/work,200,27,,2
1788020871268,ui_least-connections_ramp-up_1788020856832,least-connections,server-3,GET,/api/work,200,25,,2
1788020871270,ui_least-connections_ramp-up_1788020856832,least-connections,server-1,GET,/api/work,200,26,,3
1788020871275,ui_least-connections_ramp-up_1788020856832,least-connections,server-2,GET,/api/work,200,27,,3
1788020871280,ui_least-connections_ramp-up_1788020856832,least-connections,server-1,GET,/api/work,200,27,,3
1788020871281,ui_least-connections_ramp-up_1788020856832,least-connections,server-1,GET,/api/work,200,27,,2
1788020871282,ui_least-connections_ramp-up_1788020856832,least-connections,server-3,GET,/api/work,200,28,,3
1788020871282,ui_least-connections_ramp-up_1788020856832,least-connections,server-2,GET,/api/work,200,28,,3
1788020871287,ui_least-connections_ramp-up_1788020856832,least-connections,server-2,GET,/api/work,200,27,,2
1788020871292,ui_least-connections_ramp-up_1788020856832,least-connections,server-3,GET,/api/work,200,27,,2
1788020871293,ui_least-connections_ramp-up_1788020856832,least-connections,server-3,GET,/api/work,200,26,,1
1788020871295,ui_least-connections_ramp-up_1788020856832,least-connections,server-1,GET,/api/work,200,27,,2
1788020871296,ui_least-connections_ramp-up_1788020856832,least-connections,server-1,GET,/api/work,200,26,,1
1788020871301,ui_least-connections_ramp-up_1788020856832,least-connections,server-2,GET,/api/work,200,26,,2
1788020871305,ui_least-connections_ramp-up_1788020856832,least-connections,server-2,GET,/api/work,200,26,,2
1788020871307,ui_least-connections_ramp-up_1788020856832,least-connections,server-3,GET,/api/work,200,27,,2
1788020871314,ui_least-connections_ramp-up_1788020856832,least-connections,server-1,GET,/api/work,200,26,,2
1788020871317,ui_least-connections_ramp-up_1788020856832,least-connections,server-2,GET,/api/work,200,27,,3
1788020871321,ui_least-connections_ramp-up_1788020856832,least-connections,server-3,GET,/api/work,200,29,,2
1788020871323,ui_least-connections_ramp-up_1788020856832,least-connections,server-1,GET,/api/work,200,28,,3
1788020871323,ui_least-connections_ramp-up_1788020856832,least-connections,server-1,GET,/api/work,200,29,,2
1788020871324,ui_least-connections_ramp-up_1788020856832,least-connections,server-3,GET,/api/work,200,28,,1
1788020871328,ui_least-connections_ramp-up_1788020856832,least-connections,server-2,GET,/api/work,200,26,,3
1788020871333,ui_least-connections_ramp-up_1788020856832,least-connections,server-2,GET,/api/work,200,26,,3
1788020871341,ui_least-connections_ramp-up_1788020856832,least-connections,server-3,GET,/api/work,200,27,,3
1788020871341,ui_least-connections_ramp-up_1788020856832,least-connections,server-1,GET,/api/work,200,28,,3
1788020871343,ui_least-connections_ramp-up_1788020856832,least-connections,server-2,GET,/api/work,200,26,,3
1788020871343,ui_least-connections_ramp-up_1788020856832,least-connections,server-1,GET,/api/work,200,27,,2
1788020871345,ui_least-connections_ramp-up_1788020856832,least-connections,server-2,GET,/api/work,200,31,,2
1788020871353,ui_least-connections_ramp-up_1788020856832,least-connections,server-1,GET,/api/work,200,26,,2
1788020871353,ui_least-connections_ramp-up_1788020856832,least-connections,server-3,GET,/api/work,200,27,,2
1788020871354,ui_least-connections_ramp-up_1788020856832,least-connections,server-1,GET,/api/work,200,27,,1
1788020871354,ui_least-connections_ramp-up_1788020856832,least-connections,server-3,GET,/api/work,200,27,,1
1788020871359,ui_least-connections_ramp-up_1788020856832,least-connections,server-2,GET,/api/work,200,26,,2
1788020871362,ui_least-connections_ramp-up_1788020856832,least-connections,server-2,GET,/api/work,200,28,,2
1788020871363,ui_least-connections_ramp-up_1788020856832,least-connections,server-3,GET,/api/work,200,28,,2
1788020871371,ui_least-connections_ramp-up_1788020856832,least-connections,server-1,GET,/api/work,200,28,,2
1788020871376,ui_least-connections_ramp-up_1788020856832,least-connections,server-2,GET,/api/work,200,27,,3
1788020871382,ui_least-connections_ramp-up_1788020856832,least-connections,server-1,GET,/api/work,200,25,,3
1788020871383,ui_least-connections_ramp-up_1788020856832,least-connections,server-3,GET,/api/work,200,26,,2
1788020871384,ui_least-connections_ramp-up_1788020856832,least-connections,server-3,GET,/api/work,200,26,,1
1788020871383,ui_least-connections_ramp-up_1788020856832,least-connections,server-1,GET,/api/work,200,27,,2
1788020871385,ui_least-connections_ramp-up_1788020856832,least-connections,server-2,GET,/api/work,200,27,,3
1788020871390,ui_least-connections_ramp-up_1788020856832,least-connections,server-2,GET,/api/work,200,27,,3
1788020871401,ui_least-connections_ramp-up_1788020856832,least-connections,server-1,GET,/api/work,200,25,,3
1788020871401,ui_least-connections_ramp-up_1788020856832,least-connections,server-3,GET,/api/work,200,26,,3
1788020871401,ui_least-connections_ramp-up_1788020856832,least-connections,server-1,GET,/api/work,200,26,,2
1788020871402,ui_least-connections_ramp-up_1788020856832,least-connections,server-2,GET,/api/work,200,27,,3
1788020871406,ui_least-connections_ramp-up_1788020856832,least-connections,server-2,GET,/api/work,200,27,,2
1788020871411,ui_least-connections_ramp-up_1788020856832,least-connections,server-3,GET,/api/work,200,26,,2
1788020871413,ui_least-connections_ramp-up_1788020856832,least-connections,server-3,GET,/api/work,200,26,,1
1788020871412,ui_least-connections_ramp-up_1788020856832,least-connections,server-1,GET,/api/work,200,27,,3
1788020871413,ui_least-connections_ramp-up_1788020856832,least-connections,server-1,GET,/api/work,200,27,,2
1788020871416,ui_least-connections_ramp-up_1788020856832,least-connections,server-2,GET,/api/work,200,25,,2
1788020871421,ui_least-connections_ramp-up_1788020856832,least-connections,server-2,GET,/api/work,200,25,,2
1788020871421,ui_least-connections_ramp-up_1788020856832,least-connections,server-3,GET,/api/work,200,26,,2
1788020871431,ui_least-connections_ramp-up_1788020856832,least-connections,server-1,GET,/api/work,200,26,,2
1788020871433,ui_least-connections_ramp-up_1788020856832,least-connections,server-1,GET,/api/work,200,25,,3
1788020871438,ui_least-connections_ramp-up_1788020856832,least-connections,server-2,GET,/api/work,200,27,,3
1788020871442,ui_least-connections_ramp-up_1788020856832,least-connections,server-3,GET,/api/work,200,25,,2
1788020871442,ui_least-connections_ramp-up_1788020856832,least-connections,server-1,GET,/api/work,200,26,,3
1788020871442,ui_least-connections_ramp-up_1788020856832,least-connections,server-2,GET,/api/work,200,27,,2
1788020871443,ui_least-connections_ramp-up_1788020856832,least-connections,server-3,GET,/api/work,200,27,,2
1788020871448,ui_least-connections_ramp-up_1788020856832,least-connections,server-2,GET,/api/work,200,27,,3
1788020871456,ui_least-connections_ramp-up_1788020856832,least-connections,server-3,GET,/api/work,200,27,,3
1788020871457,ui_least-connections_ramp-up_1788020856832,least-connections,server-1,GET,/api/work,200,27,,3
1788020871458,ui_least-connections_ramp-up_1788020856832,least-connections,server-1,GET,/api/work,200,26,,2
1788020871460,ui_least-connections_ramp-up_1788020856832,least-connections,server-1,GET,/api/work,200,27,,1
1788020871464,ui_least-connections_ramp-up_1788020856832,least-connections,server-2,GET,/api/work,200,26,,3
1788020871468,ui_least-connections_ramp-up_1788020856832,least-connections,server-3,GET,/api/work,200,26,,2
1788020871470,ui_least-connections_ramp-up_1788020856832,least-connections,server-2,GET,/api/work,200,26,,2
1788020871471,ui_least-connections_ramp-up_1788020856832,least-connections,server-1,GET,/api/work,200,25,,2
1788020871470,ui_least-connections_ramp-up_1788020856832,least-connections,server-3,GET,/api/work,200,27,,2
1788020871472,ui_least-connections_ramp-up_1788020856832,least-connections,server-2,GET,/api/work,200,26,,1
1788020871478,ui_least-connections_ramp-up_1788020856832,least-connections,server-3,GET,/api/work,200,25,,2
1788020871477,ui_least-connections_ramp-up_1788020856832,least-connections,server-2,GET,/api/work,200,27,,2
1788020871488,ui_least-connections_ramp-up_1788020856832,least-connections,server-1,GET,/api/work,200,27,,3
1788020871490,ui_least-connections_ramp-up_1788020856832,least-connections,server-1,GET,/api/work,200,27,,2
1788020871494,ui_least-connections_ramp-up_1788020856832,least-connections,server-3,GET,/api/work,200,27,,2
1788020871498,ui_least-connections_ramp-up_1788020856832,least-connections,server-1,GET,/api/work,200,25,,2
1788020871500,ui_least-connections_ramp-up_1788020856832,least-connections,server-2,GET,/api/work,200,27,,3
1788020871500,ui_least-connections_ramp-up_1788020856832,least-connections,server-2,GET,/api/work,200,28,,3
1788020871500,ui_least-connections_ramp-up_1788020856832,least-connections,server-3,GET,/api/work,200,30,,2
1788020871505,ui_least-connections_ramp-up_1788020856832,least-connections,server-2,GET,/api/work,200,27,,3
1788020871513,ui_least-connections_ramp-up_1788020856832,least-connections,server-3,GET,/api/work,200,25,,3
1788020871514,ui_least-connections_ramp-up_1788020856832,least-connections,server-1,GET,/api/work,200,26,,3
1788020871514,ui_least-connections_ramp-up_1788020856832,least-connections,server-2,GET,/api/work,200,27,,3
1788020871518,ui_least-connections_ramp-up_1788020856832,least-connections,server-1,GET,/api/work,200,26,,2
1788020871521,ui_least-connections_ramp-up_1788020856832,least-connections,server-3,GET,/api/work,200,26,,2
1788020871527,ui_least-connections_ramp-up_1788020856832,least-connections,server-2,GET,/api/work,200,26,,2
1788020871526,ui_least-connections_ramp-up_1788020856832,least-connections,server-1,GET,/api/work,200,27,,3
1788020871527,ui_least-connections_ramp-up_1788020856832,least-connections,server-1,GET,/api/work,200,27,,2
1788020871529,ui_least-connections_ramp-up_1788020856832,least-connections,server-2,GET,/api/work,200,26,,1
1788020871531,ui_least-connections_ramp-up_1788020856832,least-connections,server-3,GET,/api/work,200,26,,2
1788020871535,ui_least-connections_ramp-up_1788020856832,least-connections,server-3,GET,/api/work,200,27,,1
1788020871535,ui_least-connections_ramp-up_1788020856832,least-connections,server-2,GET,/api/work,200,27,,2
1788020871544,ui_least-connections_ramp-up_1788020856832,least-connections,server-1,GET,/api/work,200,27,,2
1788020871548,ui_least-connections_ramp-up_1788020856832,least-connections,server-3,GET,/api/work,200,26,,2
1788020871552,ui_least-connections_ramp-up_1788020856832,least-connections,server-1,GET,/api/work,200,27,,3
1788020871556,ui_least-connections_ramp-up_1788020856832,least-connections,server-2,GET,/api/work,200,26,,3
1788020871559,ui_least-connections_ramp-up_1788020856832,least-connections,server-1,GET,/api/work,200,25,,2
1788020871561,ui_least-connections_ramp-up_1788020856832,least-connections,server-2,GET,/api/work,200,26,,3
1788020871562,ui_least-connections_ramp-up_1788020856832,least-connections,server-3,GET,/api/work,200,26,,3
1788020871562,ui_least-connections_ramp-up_1788020856832,least-connections,server-2,GET,/api/work,200,27,,3
1788020871568,ui_least-connections_ramp-up_1788020856832,least-connections,server-3,GET,/api/work,200,26,,3
1788020871572,ui_least-connections_ramp-up_1788020856832,least-connections,server-1,GET,/api/work,200,27,,3
1788020871573,ui_least-connections_ramp-up_1788020856832,least-connections,server-1,GET,/api/work,200,26,,2
1788020871575,ui_least-connections_ramp-up_1788020856832,least-connections,server-3,GET,/api/work,200,25,,2
1788020871578,ui_least-connections_ramp-up_1788020856832,least-connections,server-2,GET,/api/work,200,27,,3
1788020871585,ui_least-connections_ramp-up_1788020856832,least-connections,server-3,GET,/api/work,200,26,,2
1788020871585,ui_least-connections_ramp-up_1788020856832,least-connections,server-2,GET,/api/work,200,26,,2
1788020871585,ui_least-connections_ramp-up_1788020856832,least-connections,server-1,GET,/api/work,200,27,,3
1788020871585,ui_least-connections_ramp-up_1788020856832,least-connections,server-1,GET,/api/work,200,28,,2
1788020871588,ui_least-connections_ramp-up_1788020856832,least-connections,server-2,GET,/api/work,200,26,,1
1788020871593,ui_least-connections_ramp-up_1788020856832,least-connections,server-2,GET,/api/work,200,26,,2
1788020871594,ui_least-connections_ramp-up_1788020856832,least-connections,server-3,GET,/api/work,200,26,,2
1788020871601,ui_least-connections_ramp-up_1788020856832,least-connections,server-1,GET,/api/work,200,26,,2
1788020871606,ui_least-connections_ramp-up_1788020856832,least-connections,server-3,GET,/api/work,200,26,,2
1788020871609,ui_least-connections_ramp-up_1788020856832,least-connections,server-1,GET,/api/work,200,26,,3
1788020871613,ui_least-connections_ramp-up_1788020856832,least-connections,server-1,GET,/api/work,200,26,,2
1788020871615,ui_least-connections_ramp-up_1788020856832,least-connections,server-2,GET,/api/work,200,27,,3
1788020871618,ui_least-connections_ramp-up_1788020856832,least-connections,server-2,GET,/api/work,200,26,,2
1788020871619,ui_least-connections_ramp-up_1788020856832,least-connections,server-3,GET,/api/work,200,26,,2
1788020871621,ui_least-connections_ramp-up_1788020856832,least-connections,server-2,GET,/api/work,200,25,,3
1788020871625,ui_least-connections_ramp-up_1788020856832,least-connections,server-3,GET,/api/work,200,27,,2
1788020871630,ui_least-connections_ramp-up_1788020856832,least-connections,server-1,GET,/api/work,200,26,,3
1788020871630,ui_least-connections_ramp-up_1788020856832,least-connections,server-2,GET,/api/work,200,27,,3
1788020871630,ui_least-connections_ramp-up_1788020856832,least-connections,server-1,GET,/api/work,200,27,,2
1788020871636,ui_least-connections_ramp-up_1788020856832,least-connections,server-3,GET,/api/work,200,27,,2
1788020871642,ui_least-connections_ramp-up_1788020856832,least-connections,server-1,GET,/api/work,200,27,,3
1788020871643,ui_least-connections_ramp-up_1788020856832,least-connections,server-1,GET,/api/work,200,26,,2
1788020871645,ui_least-connections_ramp-up_1788020856832,least-connections,server-3,GET,/api/work,200,26,,2
1788020871645,ui_least-connections_ramp-up_1788020856832,least-connections,server-2,GET,/api/work,200,27,,2
1788020871646,ui_least-connections_ramp-up_1788020856832,least-connections,server-2,GET,/api/work,200,27,,1
1788020871650,ui_least-connections_ramp-up_1788020856832,least-connections,server-2,GET,/api/work,200,26,,2
1788020871652,ui_least-connections_ramp-up_1788020856832,least-connections,server-3,GET,/api/work,200,27,,2
1788020871658,ui_least-connections_ramp-up_1788020856832,least-connections,server-1,GET,/api/work,200,26,,2
1788020871663,ui_least-connections_ramp-up_1788020856832,least-connections,server-3,GET,/api/work,200,26,,2
1788020871665,ui_least-connections_ramp-up_1788020856832,least-connections,server-1,GET,/api/work,200,26,,3
1788020871669,ui_least-connections_ramp-up_1788020856832,least-connections,server-1,GET,/api/work,200,27,,2
1788020871673,ui_least-connections_ramp-up_1788020856832,least-connections,server-2,GET,/api/work,200,26,,3
1788020871676,ui_least-connections_ramp-up_1788020856832,least-connections,server-3,GET,/api/work,200,25,,2
1788020871675,ui_least-connections_ramp-up_1788020856832,least-connections,server-2,GET,/api/work,200,27,,3
1788020871676,ui_least-connections_ramp-up_1788020856832,least-connections,server-2,GET,/api/work,200,26,,2
1788020871683,ui_least-connections_ramp-up_1788020856832,least-connections,server-3,GET,/api/work,200,26,,2
1788020871687,ui_least-connections_ramp-up_1788020856832,least-connections,server-1,GET,/api/work,200,26,,3
1788020871689,ui_least-connections_ramp-up_1788020856832,least-connections,server-2,GET,/api/work,200,25,,3
1788020871688,ui_least-connections_ramp-up_1788020856832,least-connections,server-1,GET,/api/work,200,27,,2
1788020871693,ui_least-connections_ramp-up_1788020856832,least-connections,server-3,GET,/api/work,200,26,,2
1788020871700,ui_least-connections_ramp-up_1788020856832,least-connections,server-1,GET,/api/work,200,26,,3
1788020871700,ui_least-connections_ramp-up_1788020856832,least-connections,server-1,GET,/api/work,200,26,,2
1788020871701,ui_least-connections_ramp-up_1788020856832,least-connections,server-3,GET,/api/work,200,27,,2
1788020871702,ui_least-connections_ramp-up_1788020856832,least-connections,server-2,GET,/api/work,200,26,,3
1788020871703,ui_least-connections_ramp-up_1788020856832,least-connections,server-2,GET,/api/work,200,25,,2
1788020871707,ui_least-connections_ramp-up_1788020856832,least-connections,server-2,GET,/api/work,200,27,,2
1788020871709,ui_least-connections_ramp-up_1788020856832,least-connections,server-3,GET,/api/work,200,26,,2
1788020871715,ui_least-connections_ramp-up_1788020856832,least-connections,server-1,GET,/api/work,200,26,,3
1788020871720,ui_least-connections_ramp-up_1788020856832,least-connections,server-3,GET,/api/work,200,25,,2
1788020871722,ui_least-connections_ramp-up_1788020856832,least-connections,server-1,GET,/api/work,200,27,,3
1788020871726,ui_least-connections_ramp-up_1788020856832,least-connections,server-2,GET,/api/work,200,27,,2
1788020871730,ui_least-connections_ramp-up_1788020856832,least-connections,server-1,GET,/api/work,200,26,,3
1788020871732,ui_least-connections_ramp-up_1788020856832,least-connections,server-2,GET,/api/work,200,26,,2
1788020871733,ui_least-connections_ramp-up_1788020856832,least-connections,server-1,GET,/api/work,200,26,,3
1788020871733,ui_least-connections_ramp-up_1788020856832,least-connections,server-3,GET,/api/work,200,27,,2
1788020871740,ui_least-connections_ramp-up_1788020856832,least-connections,server-2,GET,/api/work,200,25,,3
1788020871744,ui_least-connections_ramp-up_1788020856832,least-connections,server-3,GET,/api/work,200,26,,2
1788020871745,ui_least-connections_ramp-up_1788020856832,least-connections,server-3,GET,/api/work,200,27,,1
1788020871746,ui_least-connections_ramp-up_1788020856832,least-connections,server-1,GET,/api/work,200,26,,3
1788020871750,ui_least-connections_ramp-up_1788020856832,least-connections,server-1,GET,/api/work,200,26,,2
1788020871757,ui_least-connections_ramp-up_1788020856832,least-connections,server-1,GET,/api/work,200,27,,2
1788020871757,ui_least-connections_ramp-up_1788020856832,least-connections,server-2,GET,/api/work,200,27,,3
1788020871758,ui_least-connections_ramp-up_1788020856832,least-connections,server-2,GET,/api/work,200,27,,2
1788020871760,ui_least-connections_ramp-up_1788020856832,least-connections,server-3,GET,/api/work,200,26,,2
1788020871761,ui_least-connections_ramp-up_1788020856832,least-connections,server-1,GET,/api/work,200,26,,2
1788020871764,ui_least-connections_ramp-up_1788020856832,least-connections,server-2,GET,/api/work,200,27,,2
1788020871766,ui_least-connections_ramp-up_1788020856832,least-connections,server-2,GET,/api/work,200,26,,2
1788020871773,ui_least-connections_ramp-up_1788020856832,least-connections,server-3,GET,/api/work,200,25,,2
1788020871776,ui_least-connections_ramp-up_1788020856832,least-connections,server-1,GET,/api/work,200,26,,2
1788020871779,ui_least-connections_ramp-up_1788020856832,least-connections,server-3,GET,/api/work,200,26,,2
1788020871784,ui_least-connections_ramp-up_1788020856832,least-connections,server-1,GET,/api/work,200,27,,3
1788020871787,ui_least-connections_ramp-up_1788020856832,least-connections,server-1,GET,/api/work,200,26,,2
1788020871788,ui_least-connections_ramp-up_1788020856832,least-connections,server-2,GET,/api/work,200,27,,2
1788020871791,ui_least-connections_ramp-up_1788020856832,least-connections,server-2,GET,/api/work,200,26,,3
1788020871791,ui_least-connections_ramp-up_1788020856832,least-connections,server-3,GET,/api/work,200,27,,3
1788020871794,ui_least-connections_ramp-up_1788020856832,least-connections,server-2,GET,/api/work,200,27,,2
1788020871801,ui_least-connections_ramp-up_1788020856832,least-connections,server-3,GET,/api/work,200,26,,2
1788020871803,ui_least-connections_ramp-up_1788020856832,least-connections,server-1,GET,/api/work,200,26,,3
1788020871804,ui_least-connections_ramp-up_1788020856832,least-connections,server-1,GET,/api/work,200,26,,2
1788020871807,ui_least-connections_ramp-up_1788020856832,least-connections,server-3,GET,/api/work,200,25,,2
1788020871815,ui_least-connections_ramp-up_1788020856832,least-connections,server-2,GET,/api/work,200,27,,3
1788020871816,ui_least-connections_ramp-up_1788020856832,least-connections,server-2,GET,/api/work,200,26,,2
1788020871815,ui_least-connections_ramp-up_1788020856832,least-connections,server-1,GET,/api/work,200,27,,3
1788020871815,ui_least-connections_ramp-up_1788020856832,least-connections,server-1,GET,/api/work,200,28,,2
1788020871817,ui_least-connections_ramp-up_1788020856832,least-connections,server-3,GET,/api/work,200,26,,2
1788020871821,ui_least-connections_ramp-up_1788020856832,least-connections,server-2,GET,/api/work,200,27,,2
1788020871823,ui_least-connections_ramp-up_1788020856832,least-connections,server-2,GET,/api/work,200,27,,2
1788020871829,ui_least-connections_ramp-up_1788020856832,least-connections,server-3,GET,/api/work,200,26,,2
1788020871832,ui_least-connections_ramp-up_1788020856832,least-connections,server-1,GET,/api/work,200,26,,2
1788020871836,ui_least-connections_ramp-up_1788020856832,least-connections,server-3,GET,/api/work,200,27,,2
1788020871841,ui_least-connections_ramp-up_1788020856832,least-connections,server-1,GET,/api/work,200,27,,3
1788020871844,ui_least-connections_ramp-up_1788020856832,least-connections,server-1,GET,/api/work,200,26,,2
1788020871846,ui_least-connections_ramp-up_1788020856832,least-connections,server-2,GET,/api/work,200,27,,2
1788020871847,ui_least-connections_ramp-up_1788020856832,least-connections,server-3,GET,/api/work,200,26,,2
1788020871849,ui_least-connections_ramp-up_1788020856832,least-connections,server-2,GET,/api/work,200,26,,3
1788020871850,ui_least-connections_ramp-up_1788020856832,least-connections,server-2,GET,/api/work,200,26,,2
1788020871858,ui_least-connections_ramp-up_1788020856832,least-connections,server-3,GET,/api/work,200,25,,2
1788020871860,ui_least-connections_ramp-up_1788020856832,least-connections,server-1,GET,/api/work,200,25,,3
1788020871860,ui_least-connections_ramp-up_1788020856832,least-connections,server-1,GET,/api/work,200,26,,2
1788020871863,ui_least-connections_ramp-up_1788020856832,least-connections,server-3,GET,/api/work,200,27,,2
1788020871872,ui_least-connections_ramp-up_1788020856832,least-connections,server-1,GET,/api/work,200,26,,3
1788020871874,ui_least-connections_ramp-up_1788020856832,least-connections,server-2,GET,/api/work,200,25,,3
1788020871874,ui_least-connections_ramp-up_1788020856832,least-connections,server-3,GET,/api/work,200,26,,2
1788020871874,ui_least-connections_ramp-up_1788020856832,least-connections,server-1,GET,/api/work,200,27,,2
1788020871874,ui_least-connections_ramp-up_1788020856832,least-connections,server-2,GET,/api/work,200,27,,2
1788020871879,ui_least-connections_ramp-up_1788020856832,least-connections,server-2,GET,/api/work,200,26,,2
1788020871881,ui_least-connections_ramp-up_1788020856832,least-connections,server-2,GET,/api/work,200,26,,1
1788020871886,ui_least-connections_ramp-up_1788020856832,least-connections,server-1,GET,/api/work,200,27,,3
1788020871888,ui_least-connections_ramp-up_1788020856832,least-connections,server-3,GET,/api/work,200,27,,2
1788020871893,ui_least-connections_ramp-up_1788020856832,least-connections,server-3,GET,/api/work,200,27,,2
1788020871898,ui_least-connections_ramp-up_1788020856832,least-connections,server-1,GET,/api/work,200,26,,3
1788020871901,ui_least-connections_ramp-up_1788020856832,least-connections,server-1,GET,/api/work,200,26,,2
1788020871903,ui_least-connections_ramp-up_1788020856832,least-connections,server-3,GET,/api/work,200,26,,2
1788020871903,ui_least-connections_ramp-up_1788020856832,least-connections,server-2,GET,/api/work,200,27,,2
1788020871905,ui_least-connections_ramp-up_1788020856832,least-connections,server-1,GET,/api/work,200,26,,2
1788020871907,ui_least-connections_ramp-up_1788020856832,least-connections,server-2,GET,/api/work,200,26,,2
1788020871913,ui_least-connections_ramp-up_1788020856832,least-connections,server-2,GET,/api/work,200,26,,3
1788020871917,ui_least-connections_ramp-up_1788020856832,least-connections,server-1,GET,/api/work,200,25,,3
1788020871916,ui_least-connections_ramp-up_1788020856832,least-connections,server-3,GET,/api/work,200,27,,2
1788020871920,ui_least-connections_ramp-up_1788020856832,least-connections,server-3,GET,/api/work,200,27,,2
1788020871929,ui_least-connections_ramp-up_1788020856832,least-connections,server-1,GET,/api/work,200,27,,3
1788020871930,ui_least-connections_ramp-up_1788020856832,least-connections,server-2,GET,/api/work,200,26,,3
1788020871931,ui_least-connections_ramp-up_1788020856832,least-connections,server-1,GET,/api/work,200,26,,2
1788020871931,ui_least-connections_ramp-up_1788020856832,least-connections,server-3,GET,/api/work,200,27,,2
1788020871932,ui_least-connections_ramp-up_1788020856832,least-connections,server-1,GET,/api/work,200,26,,1
1788020871936,ui_least-connections_ramp-up_1788020856832,least-connections,server-2,GET,/api/work,200,26,,2
1788020871938,ui_least-connections_ramp-up_1788020856832,least-connections,server-2,GET,/api/work,200,26,,1
1788020871944,ui_least-connections_ramp-up_1788020856832,least-connections,server-3,GET,/api/work,200,26,,2
1788020871945,ui_least-connections_ramp-up_1788020856832,least-connections,server-1,GET,/api/work,200,26,,3
1788020871950,ui_least-connections_ramp-up_1788020856832,least-connections,server-3,GET,/api/work,200,26,,2
1788020871954,ui_least-connections_ramp-up_1788020856832,least-connections,server-2,GET,/api/work,200,27,,2
1788020871958,ui_least-connections_ramp-up_1788020856832,least-connections,server-1,GET,/api/work,200,26,,3
1788020871960,ui_least-connections_ramp-up_1788020856832,least-connections,server-3,GET,/api/work,200,26,,2
1788020871960,ui_least-connections_ramp-up_1788020856832,least-connections,server-1,GET,/api/work,200,27,,2
1788020871960,ui_least-connections_ramp-up_1788020856832,least-connections,server-1,GET,/api/work,200,27,,2
1788020871965,ui_least-connections_ramp-up_1788020856832,least-connections,server-2,GET,/api/work,200,26,,2
1788020871969,ui_least-connections_ramp-up_1788020856832,least-connections,server-2,GET,/api/work,200,27,,3
1788020871974,ui_least-connections_ramp-up_1788020856832,least-connections,server-3,GET,/api/work,200,26,,2
1788020871974,ui_least-connections_ramp-up_1788020856832,least-connections,server-1,GET,/api/work,200,27,,3
1788020871977,ui_least-connections_ramp-up_1788020856832,least-connections,server-3,GET,/api/work,200,26,,2
1788020871986,ui_least-connections_ramp-up_1788020856832,least-connections,server-2,GET,/api/work,200,26,,3
1788020871987,ui_least-connections_ramp-up_1788020856832,least-connections,server-1,GET,/api/work,200,26,,3
1788020871987,ui_least-connections_ramp-up_1788020856832,least-connections,server-1,GET,/api/work,200,27,,2
1788020871989,ui_least-connections_ramp-up_1788020856832,least-connections,server-1,GET,/api/work,200,26,,1
1788020871989,ui_least-connections_ramp-up_1788020856832,least-connections,server-3,GET,/api/work,200,26,,2
1788020871991,ui_least-connections_ramp-up_1788020856832,least-connections,server-2,GET,/api/work,200,26,,2
1788020871995,ui_least-connections_ramp-up_1788020856832,least-connections,server-2,GET,/api/work,200,27,,2
1788020872001,ui_least-connections_ramp-up_1788020856832,least-connections,server-1,GET,/api/work,200,26,,3
1788020872001,ui_least-connections_ramp-up_1788020856832,least-connections,server-3,GET,/api/work,200,27,,2
1788020872007,ui_least-connections_ramp-up_1788020856832,least-connections,server-3,GET,/api/work,200,26,,2
1788020872012,ui_least-connections_ramp-up_1788020856832,least-connections,server-2,GET,/api/work,200,25,,2
1788020872016,ui_least-connections_ramp-up_1788020856832,least-connections,server-1,GET,/api/work,200,26,,3
1788020872017,ui_least-connections_ramp-up_1788020856832,least-connections,server-1,GET,/api/work,200,26,,2
1788020872018,ui_least-connections_ramp-up_1788020856832,least-connections,server-2,GET,/api/work,200,26,,1
1788020872018,ui_least-connections_ramp-up_1788020856832,least-connections,server-3,GET,/api/work,200,27,,2
1788020872022,ui_least-connections_ramp-up_1788020856832,least-connections,server-2,GET,/api/work,200,26,,3
1788020872025,ui_least-connections_ramp-up_1788020856832,least-connections,server-1,GET,/api/work,200,26,,3
1788020872032,ui_least-connections_ramp-up_1788020856832,least-connections,server-1,GET,/api/work,200,26,,3
1788020872031,ui_least-connections_ramp-up_1788020856832,least-connections,server-3,GET,/api/work,200,27,,2
1788020872034,ui_least-connections_ramp-up_1788020856832,least-connections,server-3,GET,/api/work,200,25,,2
1788020872044,ui_least-connections_ramp-up_1788020856832,least-connections,server-1,GET,/api/work,200,26,,3
1788020872044,ui_least-connections_ramp-up_1788020856832,least-connections,server-2,GET,/api/work,200,26,,3
1788020872044,ui_least-connections_ramp-up_1788020856832,least-connections,server-2,GET,/api/work,200,27,,2
1788020872045,ui_least-connections_ramp-up_1788020856832,least-connections,server-3,GET,/api/work,200,26,,2
1788020872046,ui_least-connections_ramp-up_1788020856832,least-connections,server-1,GET,/api/work,200,26,,2
1788020872047,ui_least-connections_ramp-up_1788020856832,least-connections,server-2,GET,/api/work,200,26,,2
1788020872051,ui_least-connections_ramp-up_1788020856832,least-connections,server-1,GET,/api/work,200,27,,2
1788020872059,ui_least-connections_ramp-up_1788020856832,least-connections,server-1,GET,/api/work,200,25,,3
1788020872058,ui_least-connections_ramp-up_1788020856832,least-connections,server-3,GET,/api/work,200,27,,2
1788020872064,ui_least-connections_ramp-up_1788020856832,least-connections,server-3,GET,/api/work,200,26,,2
1788020872068,ui_least-connections_ramp-up_1788020856832,least-connections,server-2,GET,/api/work,200,26,,2
1788020872071,ui_least-connections_ramp-up_1788020856832,least-connections,server-2,GET,/api/work,200,27,,1
1788020872074,ui_least-connections_ramp-up_1788020856832,least-connections,server-1,GET,/api/work,200,25,,3
1788020872076,ui_least-connections_ramp-up_1788020856832,least-connections,server-3,GET,/api/work,200,26,,2
1788020872076,ui_least-connections_ramp-up_1788020856832,least-connections,server-2,GET,/api/work,200,27,,2
1788020872079,ui_least-connections_ramp-up_1788020856832,least-connections,server-1,GET,/api/work,200,26,,3
1788020872081,ui_least-connections_ramp-up_1788020856832,least-connections,server-1,GET,/api/work,200,25,,2
1788020872089,ui_least-connections_ramp-up_1788020856832,least-connections,server-3,GET,/api/work,200,27,,2
1788020872089,ui_least-connections_ramp-up_1788020856832,least-connections,server-1,GET,/api/work,200,27,,3
1788020872090,ui_least-connections_ramp-up_1788020856832,least-connections,server-3,GET,/api/work,200,27,,2
1788020872099,ui_least-connections_ramp-up_1788020856832,least-connections,server-2,GET,/api/work,200,26,,3
1788020872101,ui_least-connections_ramp-up_1788020856832,least-connections,server-1,GET,/api/work,200,25,,3
1788020872101,ui_least-connections_ramp-up_1788020856832,least-connections,server-2,GET,/api/work,200,26,,2
1788020872103,ui_least-connections_ramp-up_1788020856832,least-connections,server-3,GET,/api/work,200,25,,2
1788020872103,ui_least-connections_ramp-up_1788020856832,least-connections,server-2,GET,/api/work,200,26,,2
1788020872103,ui_least-connections_ramp-up_1788020856832,least-connections,server-2,GET,/api/work,200,27,,1
1788020872108,ui_least-connections_ramp-up_1788020856832,least-connections,server-1,GET,/api/work,200,26,,2
1788020872115,ui_least-connections_ramp-up_1788020856832,least-connections,server-1,GET,/api/work,200,27,,3
1788020872117,ui_least-connections_ramp-up_1788020856832,least-connections,server-3,GET,/api/work,200,25,,2
1788020872120,ui_least-connections_ramp-up_1788020856832,least-connections,server-3,GET,/api/work,200,27,,1
1788020872126,ui_least-connections_ramp-up_1788020856832,least-connections,server-1,GET,/api/work,200,25,,3
1788020872128,ui_least-connections_ramp-up_1788020856832,least-connections,server-2,GET,/api/work,200,27,,2
1788020872130,ui_least-connections_ramp-up_1788020856832,least-connections,server-2,GET,/api/work,200,26,,1
1788020872133,ui_least-connections_ramp-up_1788020856832,least-connections,server-2,GET,/api/work,200,25,,2
1788020872134,ui_least-connections_ramp-up_1788020856832,least-connections,server-1,GET,/api/work,200,26,,3
1788020872134,ui_least-connections_ramp-up_1788020856832,least-connections,server-3,GET,/api/work,200,27,,2
1788020872137,ui_least-connections_ramp-up_1788020856832,least-connections,server-1,GET,/api/work,200,26,,2
1788020872147,ui_least-connections_ramp-up_1788020856832,least-connections,server-3,GET,/api/work,200,26,,2
1788020872147,ui_least-connections_ramp-up_1788020856832,least-connections,server-3,GET,/api/work,200,27,,1
1788020872147,ui_least-connections_ramp-up_1788020856832,least-connections,server-1,GET,/api/work,200,27,,3
1788020872157,ui_least-connections_ramp-up_1788020856832,least-connections,server-2,GET,/api/work,200,26,,3
1788020872157,ui_least-connections_ramp-up_1788020856832,least-connections,server-1,GET,/api/work,200,26,,3
1788020872157,ui_least-connections_ramp-up_1788020856832,least-connections,server-2,GET,/api/work,200,27,,2
1788020872158,ui_least-connections_ramp-up_1788020856832,least-connections,server-2,GET,/api/work,200,27,,1
1788020872160,ui_least-connections_ramp-up_1788020856832,least-connections,server-2,GET,/api/work,200,26,,1
1788020872161,ui_least-connections_ramp-up_1788020856832,least-connections,server-3,GET,/api/work,200,26,,2
1788020872164,ui_least-connections_ramp-up_1788020856832,least-connections,server-1,GET,/api/work,200,26,,2
1788020872172,ui_least-connections_ramp-up_1788020856832,least-connections,server-1,GET,/api/work,200,25,,3
1788020872174,ui_least-connections_ramp-up_1788020856832,least-connections,server-3,GET,/api/work,200,26,,2
1788020872177,ui_least-connections_ramp-up_1788020856832,least-connections,server-3,GET,/api/work,200,27,,1
1788020872182,ui_least-connections_ramp-up_1788020856832,least-connections,server-1,GET,/api/work,200,27,,3
1788020872185,ui_least-connections_ramp-up_1788020856832,least-connections,server-2,GET,/api/work,200,26,,2
1788020872187,ui_least-connections_ramp-up_1788020856832,least-connections,server-2,GET,/api/work,200,27,,1
1788020872189,ui_least-connections_ramp-up_1788020856832,least-connections,server-2,GET,/api/work,200,26,,3
1788020872191,ui_least-connections_ramp-up_1788020856832,least-connections,server-1,GET,/api/work,200,27,,3
1788020872191,ui_least-connections_ramp-up_1788020856832,least-connections,server-3,GET,/api/work,200,27,,2
1788020872193,ui_least-connections_ramp-up_1788020856832,least-connections,server-1,GET,/api/work,200,25,,2
1788020872204,ui_least-connections_ramp-up_1788020856832,least-connections,server-3,GET,/api/work,200,26,,2
1788020872204,ui_least-connections_ramp-up_1788020856832,least-connections,server-3,GET,/api/work,200,26,,1
1788020872205,ui_least-connections_ramp-up_1788020856832,least-connections,server-1,GET,/api/work,200,26,,3
1788020872214,ui_least-connections_ramp-up_1788020856832,least-connections,server-1,GET,/api/work,200,27,,3
1788020872214,ui_least-connections_ramp-up_1788020856832,least-connections,server-2,GET,/api/work,200,27,,3
1788020872214,ui_least-connections_ramp-up_1788020856832,least-connections,server-2,GET,/api/work,200,28,,2
1788020872214,ui_least-connections_ramp-up_1788020856832,least-connections,server-2,GET,/api/work,200,28,,2
1788020872215,ui_least-connections_ramp-up_1788020856832,least-connections,server-2,GET,/api/work,200,28,,1
1788020872218,ui_least-connections_ramp-up_1788020856832,least-connections,server-1,GET,/api/work,200,26,,2
1788020872221,ui_least-connections_ramp-up_1788020856832,least-connections,server-3,GET,/api/work,200,26,,2
1788020872228,ui_least-connections_ramp-up_1788020856832,least-connections,server-1,GET,/api/work,200,28,,3
1788020872231,ui_least-connections_ramp-up_1788020856832,least-connections,server-3,GET,/api/work,200,26,,2
1788020872234,ui_least-connections_ramp-up_1788020856832,least-connections,server-3,GET,/api/work,200,27,,1
1788020872239,ui_least-connections_ramp-up_1788020856832,least-connections,server-1,GET,/api/work,200,26,,3
1788020872242,ui_least-connections_ramp-up_1788020856832,least-connections,server-2,GET,/api/work,200,26,,2
1788020872244,ui_least-connections_ramp-up_1788020856832,least-connections,server-2,GET,/api/work,200,27,,1
1788020872246,ui_least-connections_ramp-up_1788020856832,least-connections,server-1,GET,/api/work,200,26,,2
1788020872249,ui_least-connections_ramp-up_1788020856832,least-connections,server-3,GET,/api/work,200,26,,2
1788020872249,ui_least-connections_ramp-up_1788020856832,least-connections,server-2,GET,/api/work,200,26,,3
1788020872249,ui_least-connections_ramp-up_1788020856832,least-connections,server-1,GET,/api/work,200,27,,3
1788020872261,ui_least-connections_ramp-up_1788020856832,least-connections,server-3,GET,/api/work,200,26,,2
1788020872262,ui_least-connections_ramp-up_1788020856832,least-connections,server-3,GET,/api/work,200,25,,1
1788020872262,ui_least-connections_ramp-up_1788020856832,least-connections,server-1,GET,/api/work,200,26,,3
1788020872272,ui_least-connections_ramp-up_1788020856832,least-connections,server-2,GET,/api/work,200,25,,3
1788020872273,ui_least-connections_ramp-up_1788020856832,least-connections,server-1,GET,/api/work,200,25,,3
1788020872272,ui_least-connections_ramp-up_1788020856832,least-connections,server-2,GET,/api/work,200,27,,2
1788020872273,ui_least-connections_ramp-up_1788020856832,least-connections,server-2,GET,/api/work,200,26,,1
1788020872273,ui_least-connections_ramp-up_1788020856832,least-connections,server-1,GET,/api/work,200,27,,2
1788020872276,ui_least-connections_ramp-up_1788020856832,least-connections,server-3,GET,/api/work,200,26,,2
1788020872278,ui_least-connections_ramp-up_1788020856832,least-connections,server-1,GET,/api/work,200,26,,2
1788020872286,ui_least-connections_ramp-up_1788020856832,least-connections,server-2,GET,/api/work,200,27,,2
1788020872288,ui_least-connections_ramp-up_1788020856832,least-connections,server-3,GET,/api/work,200,27,,2
1788020872292,ui_least-connections_ramp-up_1788020856832,least-connections,server-3,GET,/api/work,200,26,,2
1788020872295,ui_least-connections_ramp-up_1788020856832,least-connections,server-1,GET,/api/work,200,26,,3
1788020872300,ui_least-connections_ramp-up_1788020856832,least-connections,server-2,GET,/api/work,200,26,,2
1788020872303,ui_least-connections_ramp-up_1788020856832,least-connections,server-2,GET,/api/work,200,25,,1
1788020872302,ui_least-connections_ramp-up_1788020856832,least-connections,server-1,GET,/api/work,200,27,,2
1788020872306,ui_least-connections_ramp-up_1788020856832,least-connections,server-1,GET,/api/work,200,26,,3
1788020872307,ui_least-connections_ramp-up_1788020856832,least-connections,server-1,GET,/api/work,200,27,,3
1788020872306,ui_least-connections_ramp-up_1788020856832,least-connections,server-3,GET,/api/work,200,28,,2
1788020872317,ui_least-connections_ramp-up_1788020856832,least-connections,server-2,GET,/api/work,200,27,,3
1788020872318,ui_least-connections_ramp-up_1788020856832,least-connections,server-3,GET,/api/work,200,26,,2
1788020872319,ui_least-connections_ramp-up_1788020856832,least-connections,server-3,GET,/api/work,200,26,,1
1788020872329,ui_least-connections_ramp-up_1788020856832,least-connections,server-2,GET,/api/work,200,27,,3
1788020872330,ui_least-connections_ramp-up_1788020856832,least-connections,server-2,GET,/api/work,200,26,,2
1788020872330,ui_least-connections_ramp-up_1788020856832,least-connections,server-1,GET,/api/work,200,26,,3
1788020872330,ui_least-connections_ramp-up_1788020856832,least-connections,server-2,GET,/api/work,200,27,,2
1788020872330,ui_least-connections_ramp-up_1788020856832,least-connections,server-1,GET,/api/work,200,27,,2
1788020872333,ui_least-connections_ramp-up_1788020856832,least-connections,server-1,GET,/api/work,200,25,,1
1788020872335,ui_least-connections_ramp-up_1788020856832,least-connections,server-3,GET,/api/work,200,26,,2
1788020872345,ui_least-connections_ramp-up_1788020856832,least-connections,server-3,GET,/api/work,200,26,,2
1788020872345,ui_least-connections_ramp-up_1788020856832,least-connections,server-3,GET,/api/work,200,27,,1
1788020872349,ui_least-connections_ramp-up_1788020856832,least-connections,server-1,GET,/api/work,200,27,,3
1788020872352,ui_least-connections_ramp-up_1788020856832,least-connections,server-2,GET,/api/work,200,26,,2
1788020872357,ui_least-connections_ramp-up_1788020856832,least-connections,server-2,GET,/api/work,200,27,,1
1788020872359,ui_least-connections_ramp-up_1788020856832,least-connections,server-1,GET,/api/work,200,26,,3
1788020872360,ui_least-connections_ramp-up_1788020856832,least-connections,server-1,GET,/api/work,200,26,,2
1788020872363,ui_least-connections_ramp-up_1788020856832,least-connections,server-2,GET,/api/work,200,26,,3
1788020872366,ui_least-connections_ramp-up_1788020856832,least-connections,server-3,GET,/api/work,200,25,,2
1788020872366,ui_least-connections_ramp-up_1788020856832,least-connections,server-1,GET,/api/work,200,26,,3
1788020872376,ui_least-connections_ramp-up_1788020856832,least-connections,server-3,GET,/api/work,200,25,,2
1788020872376,ui_least-connections_ramp-up_1788020856832,least-connections,server-1,GET,/api/work,200,26,,3
1788020872376,ui_least-connections_ramp-up_1788020856832,least-connections,server-3,GET,/api/work,200,28,,2
1788020872387,ui_least-connections_ramp-up_1788020856832,least-connections,server-2,GET,/api/work,200,27,,3
1788020872389,ui_least-connections_ramp-up_1788020856832,least-connections,server-2,GET,/api/work,200,25,,3
1788020872388,ui_least-connections_ramp-up_1788020856832,least-connections,server-1,GET,/api/work,200,27,,3
1788020872389,ui_least-connections_ramp-up_1788020856832,least-connections,server-1,GET,/api/work,200,26,,2
1788020872389,ui_least-connections_ramp-up_1788020856832,least-connections,server-2,GET,/api/work,200,27,,2
1788020872390,ui_least-connections_ramp-up_1788020856832,least-connections,server-2,GET,/api/work,200,26,,1
1788020872392,ui_least-connections_ramp-up_1788020856832,least-connections,server-3,GET,/api/work,200,26,,2
1788020872402,ui_least-connections_ramp-up_1788020856832,least-connections,server-1,GET,/api/work,200,26,,3
1788020872402,ui_least-connections_ramp-up_1788020856832,least-connections,server-3,GET,/api/work,200,27,,2
1788020872407,ui_least-connections_ramp-up_1788020856832,least-connections,server-3,GET,/api/work,200,25,,2
1788020872409,ui_least-connections_ramp-up_1788020856832,least-connections,server-1,GET,/api/work,200,26,,3
1788020872414,ui_least-connections_ramp-up_1788020856832,least-connections,server-2,GET,/api/work,200,27,,2
1788020872417,ui_least-connections_ramp-up_1788020856832,least-connections,server-2,GET,/api/work,200,25,,1
1788020872417,ui_least-connections_ramp-up_1788020856832,least-connections,server-1,GET,/api/work,200,27,,2
1788020872420,ui_least-connections_ramp-up_1788020856832,least-connections,server-2,GET,/api/work,200,27,,2
1788020872422,ui_least-connections_ramp-up_1788020856832,least-connections,server-3,GET,/api/work,200,27,,3
1788020872423,ui_least-connections_ramp-up_1788020856832,least-connections,server-1,GET,/api/work,200,26,,3
1788020872432,ui_least-connections_ramp-up_1788020856832,least-connections,server-3,GET,/api/work,200,25,,2
1788020872433,ui_least-connections_ramp-up_1788020856832,least-connections,server-3,GET,/api/work,200,27,,2
1788020872434,ui_least-connections_ramp-up_1788020856832,least-connections,server-1,GET,/api/work,200,27,,2
1788020872446,ui_least-connections_ramp-up_1788020856832,least-connections,server-2,GET,/api/work,200,26,,3
1788020872446,ui_least-connections_ramp-up_1788020856832,least-connections,server-2,GET,/api/work,200,26,,2
1788020872446,ui_least-connections_ramp-up_1788020856832,least-connections,server-1,GET,/api/work,200,26,,3
1788020872447,ui_least-connections_ramp-up_1788020856832,least-connections,server-1,GET,/api/work,200,26,,2
1788020872447,ui_least-connections_ramp-up_1788020856832,least-connections,server-2,GET,/api/work,200,27,,2
1788020872448,ui_least-connections_ramp-up_1788020856832,least-connections,server-3,GET,/api/work,200,26,,3
1788020872447,ui_least-connections_ramp-up_1788020856832,least-connections,server-2,GET,/api/work,200,28,,1
1788020872459,ui_least-connections_ramp-up_1788020856832,least-connections,server-3,GET,/api/work,200,26,,2
1788020872461,ui_least-connections_ramp-up_1788020856832,least-connections,server-3,GET,/api/work,200,26,,1
1788020872462,ui_least-connections_ramp-up_1788020856832,least-connections,server-1,GET,/api/work,200,26,,3
1788020872466,ui_least-connections_ramp-up_1788020856832,least-connections,server-1,GET,/api/work,200,27,,3
1788020872471,ui_least-connections_ramp-up_1788020856832,least-connections,server-3,GET,/api/work,200,27,,2
1788020872474,ui_least-connections_ramp-up_1788020856832,least-connections,server-1,GET,/api/work,200,26,,2
1788020872473,ui_least-connections_ramp-up_1788020856832,least-connections,server-2,GET,/api/work,200,28,,2
1788020872477,ui_least-connections_ramp-up_1788020856832,least-connections,server-2,GET,/api/work,200,26,,1
1788020872479,ui_least-connections_ramp-up_1788020856832,least-connections,server-2,GET,/api/work,200,26,,2
1788020872480,ui_least-connections_ramp-up_1788020856832,least-connections,server-1,GET,/api/work,200,27,,3
1788020872487,ui_least-connections_ramp-up_1788020856832,least-connections,server-3,GET,/api/work,200,26,,2
1788020872490,ui_least-connections_ramp-up_1788020856832,least-connections,server-3,GET,/api/work,200,27,,2
1788020872492,ui_least-connections_ramp-up_1788020856832,least-connections,server-1,GET,/api/work,200,26,,2
1788020872504,ui_least-connections_ramp-up_1788020856832,least-connections,server-2,GET,/api/work,200,26,,3
1788020872505,ui_least-connections_ramp-up_1788020856832,least-connections,server-2,GET,/api/work,200,26,,2
1788020872505,ui_least-connections_ramp-up_1788020856832,least-connections,server-1,GET,/api/work,200,26,,3
1788020872505,ui_least-connections_ramp-up_1788020856832,least-connections,server-3,GET,/api/work,200,28,,3
1788020872506,ui_least-connections_ramp-up_1788020856832,least-connections,server-2,GET,/api/work,200,27,,2
1788020872506,ui_least-connections_ramp-up_1788020856832,least-connections,server-2,GET,/api/work,200,28,,1
1788020872506,ui_least-connections_ramp-up_1788020856832,least-connections,server-1,GET,/api/work,200,28,,3
1788020872516,ui_least-connections_ramp-up_1788020856832,least-connections,server-3,GET,/api/work,200,25,,2
1788020872519,ui_least-connections_ramp-up_1788020856832,least-connections,server-1,GET,/api/work,200,26,,3
1788020872519,ui_least-connections_ramp-up_1788020856832,least-connections,server-3,GET,/api/work,200,27,,2
1788020872523,ui_least-connections_ramp-up_1788020856832,least-connections,server-1,GET,/api/work,200,27,,3
1788020872528,ui_least-connections_ramp-up_1788020856832,least-connections,server-3,GET,/api/work,200,27,,2
1788020872531,ui_least-connections_ramp-up_1788020856832,least-connections,server-2,GET,/api/work,200,27,,2
1788020872532,ui_least-connections_ramp-up_1788020856832,least-connections,server-1,GET,/api/work,200,26,,2
1788020872534,ui_least-connections_ramp-up_1788020856832,least-connections,server-2,GET,/api/work,200,26,,1
1788020872537,ui_least-connections_ramp-up_1788020856832,least-connections,server-2,GET,/api/work,200,26,,1
1788020872538,ui_least-connections_ramp-up_1788020856832,least-connections,server-1,GET,/api/work,200,27,,2
1788020872544,ui_least-connections_ramp-up_1788020856832,least-connections,server-3,GET,/api/work,200,25,,2
1788020872547,ui_least-connections_ramp-up_1788020856832,least-connections,server-3,GET,/api/work,200,27,,2
1788020872549,ui_least-connections_ramp-up_1788020856832,least-connections,server-1,GET,/api/work,200,27,,3
1788020872562,ui_least-connections_ramp-up_1788020856832,least-connections,server-2,GET,/api/work,200,26,,3
1788020872563,ui_least-connections_ramp-up_1788020856832,least-connections,server-2,GET,/api/work,200,26,,2
1788020872564,ui_least-connections_ramp-up_1788020856832,least-connections,server-1,GET,/api/work,200,26,,3
1788020872564,ui_least-connections_ramp-up_1788020856832,least-connections,server-2,GET,/api/work,200,27,,2
1788020872565,ui_least-connections_ramp-up_1788020856832,least-connections,server-3,GET,/api/work,200,27,,3
1788020872565,ui_least-connections_ramp-up_1788020856832,least-connections,server-1,GET,/api/work,200,27,,3
1788020872565,ui_least-connections_ramp-up_1788020856832,least-connections,server-1,GET,/api/work,200,27,,2
1788020872572,ui_least-connections_ramp-up_1788020856832,least-connections,server-3,GET,/api/work,200,26,,2
1788020872577,ui_least-connections_ramp-up_1788020856832,least-connections,server-3,GET,/api/work,200,28,,2
1788020872577,ui_least-connections_ramp-up_1788020856832,least-connections,server-1,GET,/api/work,200,29,,3
1788020872580,ui_least-connections_ramp-up_1788020856832,least-connections,server-2,GET,/api/work,200,27,,2
1788020872585,ui_least-connections_ramp-up_1788020856832,least-connections,server-3,GET,/api/work,200,26,,2
1788020872590,ui_least-connections_ramp-up_1788020856832,least-connections,server-1,GET,/api/work,200,26,,3
1788020872590,ui_least-connections_ramp-up_1788020856832,least-connections,server-2,GET,/api/work,200,26,,1
1788020872593,ui_least-connections_ramp-up_1788020856832,least-connections,server-1,GET,/api/work,200,26,,2
1788020872595,ui_least-connections_ramp-up_1788020856832,least-connections,server-1,GET,/api/work,200,26,,1
1788020872594,ui_least-connections_ramp-up_1788020856832,least-connections,server-2,GET,/api/work,200,27,,1
1788020872600,ui_least-connections_ramp-up_1788020856832,least-connections,server-3,GET,/api/work,200,26,,2
1788020872607,ui_least-connections_ramp-up_1788020856832,least-connections,server-3,GET,/api/work,200,25,,2
1788020872607,ui_least-connections_ramp-up_1788020856832,least-connections,server-1,GET,/api/work,200,26,,3
1788020872620,ui_least-connections_ramp-up_1788020856832,least-connections,server-2,GET,/api/work,200,26,,3
1788020872621,ui_least-connections_ramp-up_1788020856832,least-connections,server-1,GET,/api/work,200,26,,4
1788020872622,ui_least-connections_ramp-up_1788020856832,least-connections,server-2,GET,/api/work,200,26,,3
1788020872623,ui_least-connections_ramp-up_1788020856832,least-connections,server-2,GET,/api/work,200,26,,2
1788020872623,ui_least-connections_ramp-up_1788020856832,least-connections,server-1,GET,/api/work,200,27,,3
1788020872624,ui_least-connections_ramp-up_1788020856832,least-connections,server-1,GET,/api/work,200,27,,2
1788020872624,ui_least-connections_ramp-up_1788020856832,least-connections,server-3,GET,/api/work,200,27,,3
1788020872629,ui_least-connections_ramp-up_1788020856832,least-connections,server-3,GET,/api/work,200,26,,2
1788020872638,ui_least-connections_ramp-up_1788020856832,least-connections,server-1,GET,/api/work,200,25,,3
1788020872637,ui_least-connections_ramp-up_1788020856832,least-connections,server-3,GET,/api/work,200,28,,2
1788020872639,ui_least-connections_ramp-up_1788020856832,least-connections,server-2,GET,/api/work,200,26,,3
1788020872641,ui_least-connections_ramp-up_1788020856832,least-connections,server-3,GET,/api/work,200,26,,1
1788020872646,ui_least-connections_ramp-up_1788020856832,least-connections,server-1,GET,/api/work,200,26,,3
1788020872647,ui_least-connections_ramp-up_1788020856832,least-connections,server-2,GET,/api/work,200,26,,2
1788020872653,ui_least-connections_ramp-up_1788020856832,least-connections,server-2,GET,/api/work,200,26,,2
1788020872652,ui_least-connections_ramp-up_1788020856832,least-connections,server-1,GET,/api/work,200,28,,2
1788020872653,ui_least-connections_ramp-up_1788020856832,least-connections,server-1,GET,/api/work,200,27,,1
1788020872656,ui_least-connections_ramp-up_1788020856832,least-connections,server-3,GET,/api/work,200,26,,1
1788020872663,ui_least-connections_ramp-up_1788020856832,least-connections,server-2,GET,/api/work,200,27,,2
1788020872664,ui_least-connections_ramp-up_1788020856832,least-connections,server-1,GET,/api/work,200,27,,3
1788020872678,ui_least-connections_ramp-up_1788020856832,least-connections,server-3,GET,/api/work,200,26,,3
1788020872678,ui_least-connections_ramp-up_1788020856832,least-connections,server-2,GET,/api/work,200,27,,4
1788020872679,ui_least-connections_ramp-up_1788020856832,least-connections,server-2,GET,/api/work,200,26,,3
1788020872681,ui_least-connections_ramp-up_1788020856832,least-connections,server-1,GET,/api/work,200,27,,4
1788020872683,ui_least-connections_ramp-up_1788020856832,least-connections,server-3,GET,/api/work,200,26,,2
1788020872683,ui_least-connections_ramp-up_1788020856832,least-connections,server-3,GET,/api/work,200,27,,1
1788020872683,ui_least-connections_ramp-up_1788020856832,least-connections,server-1,GET,/api/work,200,28,,3
1788020872686,ui_least-connections_ramp-up_1788020856832,least-connections,server-1,GET,/api/work,200,27,,3
1788020872695,ui_least-connections_ramp-up_1788020856832,least-connections,server-1,GET,/api/work,200,26,,3
1788020872695,ui_least-connections_ramp-up_1788020856832,least-connections,server-2,GET,/api/work,200,27,,3
1788020872696,ui_least-connections_ramp-up_1788020856832,least-connections,server-2,GET,/api/work,200,27,,2
1788020872698,ui_least-connections_ramp-up_1788020856832,least-connections,server-3,GET,/api/work,200,26,,2
1788020872703,ui_least-connections_ramp-up_1788020856832,least-connections,server-2,GET,/api/work,200,26,,2
1788020872703,ui_least-connections_ramp-up_1788020856832,least-connections,server-1,GET,/api/work,200,26,,2
1788020872712,ui_least-connections_ramp-up_1788020856832,least-connections,server-1,GET,/api/work,200,29,,3
1788020872714,ui_least-connections_ramp-up_1788020856832,least-connections,server-1,GET,/api/work,200,30,,3
1788020872712,ui_least-connections_ramp-up_1788020856832,least-connections,server-3,GET,/api/work,200,32,,2
1788020872712,ui_least-connections_ramp-up_1788020856832,least-connections,server-3,GET,/api/work,200,33,,1
1788020872720,ui_least-connections_ramp-up_1788020856832,least-connections,server-2,GET,/api/work,200,27,,2
1788020872723,ui_least-connections_ramp-up_1788020856832,least-connections,server-2,GET,/api/work,200,27,,1
1788020872735,ui_least-connections_ramp-up_1788020856832,least-connections,server-1,GET,/api/work,200,26,,4
1788020872735,ui_least-connections_ramp-up_1788020856832,least-connections,server-2,GET,/api/work,200,27,,4
1788020872736,ui_least-connections_ramp-up_1788020856832,least-connections,server-3,GET,/api/work,200,27,,3
1788020872740,ui_least-connections_ramp-up_1788020856832,least-connections,server-1,GET,/api/work,200,26,,3
1788020872743,ui_least-connections_ramp-up_1788020856832,least-connections,server-1,GET,/api/work,200,26,,2
1788020872745,ui_least-connections_ramp-up_1788020856832,least-connections,server-3,GET,/api/work,200,26,,2
1788020872745,ui_least-connections_ramp-up_1788020856832,least-connections,server-3,GET,/api/work,200,28,,1
1788020872745,ui_least-connections_ramp-up_1788020856832,least-connections,server-1,GET,/api/work,200,28,,1
1788020872752,ui_least-connections_ramp-up_1788020856832,least-connections,server-2,GET,/api/work,200,27,,3
1788020872754,ui_least-connections_ramp-up_1788020856832,least-connections,server-2,GET,/api/work,200,26,,2
1788020872755,ui_least-connections_ramp-up_1788020856832,least-connections,server-3,GET,/api/work,200,26,,2
1788020872755,ui_least-connections_ramp-up_1788020856832,least-connections,server-2,GET,/api/work,200,27,,2
1788020872761,ui_least-connections_ramp-up_1788020856832,least-connections,server-1,GET,/api/work,200,26,,3
1788020872761,ui_least-connections_ramp-up_1788020856832,least-connections,server-2,GET,/api/work,200,27,,1
1788020872775,ui_least-connections_ramp-up_1788020856832,least-connections,server-1,GET,/api/work,200,26,,3
1788020872776,ui_least-connections_ramp-up_1788020856832,least-connections,server-3,GET,/api/work,200,26,,2
1788020872776,ui_least-connections_ramp-up_1788020856832,least-connections,server-1,GET,/api/work,200,27,,2
1788020872776,ui_least-connections_ramp-up_1788020856832,least-connections,server-3,GET,/api/work,200,27,,2
1788020872778,ui_least-connections_ramp-up_1788020856832,least-connections,server-1,GET,/api/work,200,26,,2
1788020872782,ui_least-connections_ramp-up_1788020856832,least-connections,server-2,GET,/api/work,200,26,,3
1788020872792,ui_least-connections_ramp-up_1788020856832,least-connections,server-2,GET,/api/work,200,26,,4
1788020872793,ui_least-connections_ramp-up_1788020856832,least-connections,server-2,GET,/api/work,200,26,,3
1788020872793,ui_least-connections_ramp-up_1788020856832,least-connections,server-3,GET,/api/work,200,26,,3
1788020872797,ui_least-connections_ramp-up_1788020856832,least-connections,server-1,GET,/api/work,200,27,,4
1788020872800,ui_least-connections_ramp-up_1788020856832,least-connections,server-2,GET,/api/work,200,26,,2
1788020872802,ui_least-connections_ramp-up_1788020856832,least-connections,server-3,GET,/api/work,200,27,,2
1788020872804,ui_least-connections_ramp-up_1788020856832,least-connections,server-3,GET,/api/work,200,25,,1
1788020872803,ui_least-connections_ramp-up_1788020856832,least-connections,server-1,GET,/api/work,200,27,,3
1788020872810,ui_least-connections_ramp-up_1788020856832,least-connections,server-1,GET,/api/work,200,26,,3
1788020872811,ui_least-connections_ramp-up_1788020856832,least-connections,server-1,GET,/api/work,200,27,,2
1788020872811,ui_least-connections_ramp-up_1788020856832,least-connections,server-2,GET,/api/work,200,27,,3
1788020872813,ui_least-connections_ramp-up_1788020856832,least-connections,server-3,GET,/api/work,200,27,,2
1788020872818,ui_least-connections_ramp-up_1788020856832,least-connections,server-2,GET,/api/work,200,25,,2
1788020872817,ui_least-connections_ramp-up_1788020856832,least-connections,server-1,GET,/api/work,200,27,,2
1788020872834,ui_least-connections_ramp-up_1788020856832,least-connections,server-3,GET,/api/work,200,26,,2
1788020872834,ui_least-connections_ramp-up_1788020856832,least-connections,server-1,GET,/api/work,200,27,,3
1788020872834,ui_least-connections_ramp-up_1788020856832,least-connections,server-3,GET,/api/work,200,27,,1
1788020872834,ui_least-connections_ramp-up_1788020856832,least-connections,server-2,GET,/api/work,200,28,,3
1788020872834,ui_least-connections_ramp-up_1788020856832,least-connections,server-2,GET,/api/work,200,28,,2
1788020872838,ui_least-connections_ramp-up_1788020856832,least-connections,server-1,GET,/api/work,200,27,,3
1788020872850,ui_least-connections_ramp-up_1788020856832,least-connections,server-2,GET,/api/work,200,26,,4
1788020872850,ui_least-connections_ramp-up_1788020856832,least-connections,server-1,GET,/api/work,200,26,,4
1788020872850,ui_least-connections_ramp-up_1788020856832,least-connections,server-3,GET,/api/work,200,27,,3
1788020872854,ui_least-connections_ramp-up_1788020856832,least-connections,server-1,GET,/api/work,200,26,,3
1788020872856,ui_least-connections_ramp-up_1788020856832,least-connections,server-2,GET,/api/work,200,26,,3
1788020872861,ui_least-connections_ramp-up_1788020856832,least-connections,server-3,GET,/api/work,200,26,,2
1788020872861,ui_least-connections_ramp-up_1788020856832,least-connections,server-3,GET,/api/work,200,26,,1
1788020872862,ui_least-connections_ramp-up_1788020856832,least-connections,server-1,GET,/api/work,200,26,,2
1788020872867,ui_least-connections_ramp-up_1788020856832,least-connections,server-2,GET,/api/work,200,26,,2
1788020872869,ui_least-connections_ramp-up_1788020856832,least-connections,server-2,GET,/api/work,200,27,,3
1788020872869,ui_least-connections_ramp-up_1788020856832,least-connections,server-3,GET,/api/work,200,27,,2
1788020872869,ui_least-connections_ramp-up_1788020856832,least-connections,server-1,GET,/api/work,200,27,,3
1788020872874,ui_least-connections_ramp-up_1788020856832,least-connections,server-1,GET,/api/work,200,25,,2
1788020872874,ui_least-connections_ramp-up_1788020856832,least-connections,server-2,GET,/api/work,200,26,,2
1788020872891,ui_least-connections_ramp-up_1788020856832,least-connections,server-3,GET,/api/work,200,27,,2
1788020872892,ui_least-connections_ramp-up_1788020856832,least-connections,server-1,GET,/api/work,200,26,,3
1788020872893,ui_least-connections_ramp-up_1788020856832,least-connections,server-3,GET,/api/work,200,26,,2
1788020872894,ui_least-connections_ramp-up_1788020856832,least-connections,server-1,GET,/api/work,200,26,,3
1788020872893,ui_least-connections_ramp-up_1788020856832,least-connections,server-2,GET,/api/work,200,27,,3
1788020872895,ui_least-connections_ramp-up_1788020856832,least-connections,server-2,GET,/api/work,200,26,,2
1788020872908,ui_least-connections_ramp-up_1788020856832,least-connections,server-2,GET,/api/work,200,25,,4
1788020872908,ui_least-connections_ramp-up_1788020856832,least-connections,server-3,GET,/api/work,200,25,,3
1788020872907,ui_least-connections_ramp-up_1788020856832,least-connections,server-1,GET,/api/work,200,27,,4
1788020872911,ui_least-connections_ramp-up_1788020856832,least-connections,server-1,GET,/api/work,200,26,,3
1788020872913,ui_least-connections_ramp-up_1788020856832,least-connections,server-2,GET,/api/work,200,26,,3
1788020872919,ui_least-connections_ramp-up_1788020856832,least-connections,server-3,GET,/api/work,200,27,,2
1788020872919,ui_least-connections_ramp-up_1788020856832,least-connections,server-1,GET,/api/work,200,27,,2
1788020872919,ui_least-connections_ramp-up_1788020856832,least-connections,server-3,GET,/api/work,200,27,,1
1788020872924,ui_least-connections_ramp-up_1788020856832,least-connections,server-2,GET,/api/work,200,27,,2
1788020872927,ui_least-connections_ramp-up_1788020856832,least-connections,server-1,GET,/api/work,200,26,,3
1788020872927,ui_least-connections_ramp-up_1788020856832,least-connections,server-3,GET,/api/work,200,26,,2
1788020872927,ui_least-connections_ramp-up_1788020856832,least-connections,server-2,GET,/api/work,200,26,,3
1788020872930,ui_least-connections_ramp-up_1788020856832,least-connections,server-1,GET,/api/work,200,25,,2
1788020872930,ui_least-connections_ramp-up_1788020856832,least-connections,server-2,GET,/api/work,200,27,,2
1788020872949,ui_least-connections_ramp-up_1788020856832,least-connections,server-3,GET,/api/work,200,26,,2
1788020872949,ui_least-connections_ramp-up_1788020856832,least-connections,server-1,GET,/api/work,200,26,,3
1788020872952,ui_least-connections_ramp-up_1788020856832,least-connections,server-1,GET,/api/work,200,26,,3
1788020872952,ui_least-connections_ramp-up_1788020856832,least-connections,server-3,GET,/api/work,200,27,,3
1788020872952,ui_least-connections_ramp-up_1788020856832,least-connections,server-2,GET,/api/work,200,27,,3
1788020872952,ui_least-connections_ramp-up_1788020856832,least-connections,server-2,GET,/api/work,200,27,,2
1788020872965,ui_least-connections_ramp-up_1788020856832,least-connections,server-1,GET,/api/work,200,26,,4
1788020872965,ui_least-connections_ramp-up_1788020856832,least-connections,server-3,GET,/api/work,200,26,,3
1788020872965,ui_least-connections_ramp-up_1788020856832,least-connections,server-2,GET,/api/work,200,27,,4
1788020872968,ui_least-connections_ramp-up_1788020856832,least-connections,server-1,GET,/api/work,200,26,,3
1788020872970,ui_least-connections_ramp-up_1788020856832,least-connections,server-2,GET,/api/work,200,26,,3
1788020872977,ui_least-connections_ramp-up_1788020856832,least-connections,server-1,GET,/api/work,200,27,,2
1788020872977,ui_least-connections_ramp-up_1788020856832,least-connections,server-3,GET,/api/work,200,28,,2
1788020872978,ui_least-connections_ramp-up_1788020856832,least-connections,server-3,GET,/api/work,200,27,,1
1788020872982,ui_least-connections_ramp-up_1788020856832,least-connections,server-1,GET,/api/work,200,26,,2
1788020872982,ui_least-connections_ramp-up_1788020856832,least-connections,server-2,GET,/api/work,200,27,,2
1788020872984,ui_least-connections_ramp-up_1788020856832,least-connections,server-3,GET,/api/work,200,27,,2
1788020872984,ui_least-connections_ramp-up_1788020856832,least-connections,server-2,GET,/api/work,200,28,,2
1788020872986,ui_least-connections_ramp-up_1788020856832,least-connections,server-1,GET,/api/work,200,26,,3
1788020872987,ui_least-connections_ramp-up_1788020856832,least-connections,server-2,GET,/api/work,200,27,,1
1788020873006,ui_least-connections_ramp-up_1788020856832,least-connections,server-3,GET,/api/work,200,26,,2
1788020873006,ui_least-connections_ramp-up_1788020856832,least-connections,server-1,GET,/api/work,200,26,,3
1788020873009,ui_least-connections_ramp-up_1788020856832,least-connections,server-1,GET,/api/work,200,27,,2
1788020873010,ui_least-connections_ramp-up_1788020856832,least-connections,server-1,GET,/api/work,200,26,,1
1788020873010,ui_least-connections_ramp-up_1788020856832,least-connections,server-3,GET,/api/work,200,27,,1
1788020873010,ui_least-connections_ramp-up_1788020856832,least-connections,server-2,GET,/api/work,200,27,,3
1788020873022,ui_least-connections_ramp-up_1788020856832,least-connections,server-3,GET,/api/work,200,26,,3
1788020873021,ui_least-connections_ramp-up_1788020856832,least-connections,server-2,GET,/api/work,200,27,,4
1788020873022,ui_least-connections_ramp-up_1788020856832,least-connections,server-2,GET,/api/work,200,26,,3
1788020873025,ui_least-connections_ramp-up_1788020856832,least-connections,server-1,GET,/api/work,200,27,,4
1788020873026,ui_least-connections_ramp-up_1788020856832,least-connections,server-2,GET,/api/work,200,27,,2
1788020873037,ui_least-connections_ramp-up_1788020856832,least-connections,server-3,GET,/api/work,200,26,,2
1788020873037,ui_least-connections_ramp-up_1788020856832,least-connections,server-1,GET,/api/work,200,26,,3
1788020873038,ui_least-connections_ramp-up_1788020856832,least-connections,server-1,GET,/api/work,200,26,,2
1788020873041,ui_least-connections_ramp-up_1788020856832,least-connections,server-1,GET,/api/work,200,25,,1
1788020873040,ui_least-connections_ramp-up_1788020856832,least-connections,server-3,GET,/api/work,200,26,,1
1788020873042,ui_least-connections_ramp-up_1788020856832,least-connections,server-2,GET,/api/work,200,26,,3
1788020873043,ui_least-connections_ramp-up_1788020856832,least-connections,server-3,GET,/api/work,200,26,,2
1788020873044,ui_least-connections_ramp-up_1788020856832,least-connections,server-2,GET,/api/work,200,26,,2
1788020873044,ui_least-connections_ramp-up_1788020856832,least-connections,server-1,GET,/api/work,200,26,,2
1788020873061,ui_least-connections_ramp-up_1788020856832,least-connections,server-2,GET,/api/work,200,28,,3
1788020873063,ui_least-connections_ramp-up_1788020856832,least-connections,server-2,GET,/api/work,200,27,,2
1788020873067,ui_least-connections_ramp-up_1788020856832,least-connections,server-1,GET,/api/work,200,25,,3
1788020873068,ui_least-connections_ramp-up_1788020856832,least-connections,server-3,GET,/api/work,200,27,,2
1788020873068,ui_least-connections_ramp-up_1788020856832,least-connections,server-1,GET,/api/work,200,27,,3
1788020873068,ui_least-connections_ramp-up_1788020856832,least-connections,server-3,GET,/api/work,200,28,,1
1788020873079,ui_least-connections_ramp-up_1788020856832,least-connections,server-3,GET,/api/work,200,26,,3
1788020873079,ui_least-connections_ramp-up_1788020856832,least-connections,server-2,GET,/api/work,200,27,,4
1788020873079,ui_least-connections_ramp-up_1788020856832,least-connections,server-1,GET,/api/work,200,27,,4
1788020873084,ui_least-connections_ramp-up_1788020856832,least-connections,server-1,GET,/api/work,200,27,,3
1788020873084,ui_least-connections_ramp-up_1788020856832,least-connections,server-2,GET,/api/work,200,28,,3
1788020873094,ui_least-connections_ramp-up_1788020856832,least-connections,server-2,GET,/api/work,200,26,,2
1788020873094,ui_least-connections_ramp-up_1788020856832,least-connections,server-1,GET,/api/work,200,27,,2
1788020873095,ui_least-connections_ramp-up_1788020856832,least-connections,server-2,GET,/api/work,200,26,,2
1788020873098,ui_least-connections_ramp-up_1788020856832,least-connections,server-1,GET,/api/work,200,25,,2
1788020873097,ui_least-connections_ramp-up_1788020856832,least-connections,server-3,GET,/api/work,200,27,,2
1788020873098,ui_least-connections_ramp-up_1788020856832,least-connections,server-3,GET,/api/work,200,26,,1
1788020873101,ui_least-connections_ramp-up_1788020856832,least-connections,server-3,GET,/api/work,200,26,,2
1788020873101,ui_least-connections_ramp-up_1788020856832,least-connections,server-2,GET,/api/work,200,27,,2
1788020873101,ui_least-connections_ramp-up_1788020856832,least-connections,server-1,GET,/api/work,200,27,,2
1788020873121,ui_least-connections_ramp-up_1788020856832,least-connections,server-1,GET,/api/work,200,28,,3
1788020873121,ui_least-connections_ramp-up_1788020856832,least-connections,server-2,GET,/api/work,200,29,,3
1788020873124,ui_least-connections_ramp-up_1788020856832,least-connections,server-1,GET,/api/work,200,26,,2
1788020873126,ui_least-connections_ramp-up_1788020856832,least-connections,server-3,GET,/api/work,200,26,,2
1788020873126,ui_least-connections_ramp-up_1788020856832,least-connections,server-3,GET,/api/work,200,27,,2
1788020873126,ui_least-connections_ramp-up_1788020856832,least-connections,server-2,GET,/api/work,200,27,,2
1788020873137,ui_least-connections_ramp-up_1788020856832,least-connections,server-2,GET,/api/work,200,25,,4
1788020873137,ui_least-connections_ramp-up_1788020856832,least-connections,server-1,GET,/api/work,200,26,,4
1788020873137,ui_least-connections_ramp-up_1788020856832,least-connections,server-3,GET,/api/work,200,26,,3
1788020873142,ui_least-connections_ramp-up_1788020856832,least-connections,server-1,GET,/api/work,200,26,,3
1788020873142,ui_least-connections_ramp-up_1788020856832,least-connections,server-2,GET,/api/work,200,27,,3
1788020873152,ui_least-connections_ramp-up_1788020856832,least-connections,server-1,GET,/api/work,200,27,,2
1788020873152,ui_least-connections_ramp-up_1788020856832,least-connections,server-1,GET,/api/work,200,27,,1
1788020873152,ui_least-connections_ramp-up_1788020856832,least-connections,server-3,GET,/api/work,200,28,,2
1788020873153,ui_least-connections_ramp-up_1788020856832,least-connections,server-2,GET,/api/work,200,27,,2
1788020873157,ui_least-connections_ramp-up_1788020856832,least-connections,server-2,GET,/api/work,200,27,,2
1788020873157,ui_least-connections_ramp-up_1788020856832,least-connections,server-3,GET,/api/work,200,27,,2
1788020873158,ui_least-connections_ramp-up_1788020856832,least-connections,server-1,GET,/api/work,200,27,,2
1788020873159,ui_least-connections_ramp-up_1788020856832,least-connections,server-2,GET,/api/work,200,27,,2
1788020873158,ui_least-connections_ramp-up_1788020856832,least-connections,server-3,GET,/api/work,200,28,,2
1788020873181,ui_least-connections_ramp-up_1788020856832,least-connections,server-1,GET,/api/work,200,26,,3
1788020873181,ui_least-connections_ramp-up_1788020856832,least-connections,server-2,GET,/api/work,200,27,,3
1788020873181,ui_least-connections_ramp-up_1788020856832,least-connections,server-1,GET,/api/work,200,27,,2
1788020873184,ui_least-connections_ramp-up_1788020856832,least-connections,server-3,GET,/api/work,200,26,,2
1788020873184,ui_least-connections_ramp-up_1788020856832,least-connections,server-2,GET,/api/work,200,28,,2
1788020873185,ui_least-connections_ramp-up_1788020856832,least-connections,server-3,GET,/api/work,200,27,,2
1788020873193,ui_least-connections_ramp-up_1788020856832,least-connections,server-1,GET,/api/work,200,26,,4
1788020873195,ui_least-connections_ramp-up_1788020856832,least-connections,server-3,GET,/api/work,200,25,,3
1788020873194,ui_least-connections_ramp-up_1788020856832,least-connections,server-2,GET,/api/work,200,27,,4
1788020873199,ui_least-connections_ramp-up_1788020856832,least-connections,server-1,GET,/api/work,200,26,,3
1788020873199,ui_least-connections_ramp-up_1788020856832,least-connections,server-2,GET,/api/work,200,26,,3
1788020873210,ui_least-connections_ramp-up_1788020856832,least-connections,server-1,GET,/api/work,200,27,,2
1788020873211,ui_least-connections_ramp-up_1788020856832,least-connections,server-1,GET,/api/work,200,26,,1
1788020873211,ui_least-connections_ramp-up_1788020856832,least-connections,server-3,GET,/api/work,200,26,,2
1788020873213,ui_least-connections_ramp-up_1788020856832,least-connections,server-2,GET,/api/work,200,26,,2
1788020873215,ui_least-connections_ramp-up_1788020856832,least-connections,server-2,GET,/api/work,200,27,,2
1788020873216,ui_least-connections_ramp-up_1788020856832,least-connections,server-1,GET,/api/work,200,26,,2
1788020873215,ui_least-connections_ramp-up_1788020856832,least-connections,server-3,GET,/api/work,200,27,,1
1788020873217,ui_least-connections_ramp-up_1788020856832,least-connections,server-2,GET,/api/work,200,25,,1
1788020873216,ui_least-connections_ramp-up_1788020856832,least-connections,server-3,GET,/api/work,200,27,,0
1788020873239,ui_least-connections_ramp-up_1788020856832,least-connections,server-1,GET,/api/work,200,26,,3
1788020873239,ui_least-connections_ramp-up_1788020856832,least-connections,server-2,GET,/api/work,200,27,,3
1788020873239,ui_least-connections_ramp-up_1788020856832,least-connections,server-1,GET,/api/work,200,27,,2
1788020873243,ui_least-connections_ramp-up_1788020856832,least-connections,server-2,GET,/api/work,200,26,,3
1788020873243,ui_least-connections_ramp-up_1788020856832,least-connections,server-3,GET,/api/work,200,27,,2
1788020873244,ui_least-connections_ramp-up_1788020856832,least-connections,server-3,GET,/api/work,200,26,,1
1788020873250,ui_least-connections_ramp-up_1788020856832,least-connections,server-2,GET,/api/work,200,26,,4
1788020873250,ui_least-connections_ramp-up_1788020856832,least-connections,server-1,GET,/api/work,200,27,,4
1788020873252,ui_least-connections_ramp-up_1788020856832,least-connections,server-3,GET,/api/work,200,26,,3
1788020873256,ui_least-connections_ramp-up_1788020856832,least-connections,server-2,GET,/api/work,200,26,,3
1788020873256,ui_least-connections_ramp-up_1788020856832,least-connections,server-1,GET,/api/work,200,26,,3
1788020873268,ui_least-connections_ramp-up_1788020856832,least-connections,server-1,GET,/api/work,200,25,,2
1788020873268,ui_least-connections_ramp-up_1788020856832,least-connections,server-2,GET,/api/work,200,27,,2
1788020873268,ui_least-connections_ramp-up_1788020856832,least-connections,server-1,GET,/api/work,200,27,,1
1788020873269,ui_least-connections_ramp-up_1788020856832,least-connections,server-2,GET,/api/work,200,27,,1
1788020873273,ui_least-connections_ramp-up_1788020856832,least-connections,server-3,GET,/api/work,200,26,,2
1788020873274,ui_least-connections_ramp-up_1788020856832,least-connections,server-1,GET,/api/work,200,26,,2
1788020873274,ui_least-connections_ramp-up_1788020856832,least-connections,server-3,GET,/api/work,200,27,,1
1788020873275,ui_least-connections_ramp-up_1788020856832,least-connections,server-2,GET,/api/work,200,26,,2
1788020873274,ui_least-connections_ramp-up_1788020856832,least-connections,server-3,GET,/api/work,200,27,,1
1788020873296,ui_least-connections_ramp-up_1788020856832,least-connections,server-1,GET,/api/work,200,26,,3
1788020873296,ui_least-connections_ramp-up_1788020856832,least-connections,server-2,GET,/api/work,200,26,,3
1788020873297,ui_least-connections_ramp-up_1788020856832,least-connections,server-1,GET,/api/work,200,26,,2
1788020873300,ui_least-connections_ramp-up_1788020856832,least-connections,server-1,GET,/api/work,200,26,,3
1788020873300,ui_least-connections_ramp-up_1788020856832,least-connections,server-2,GET,/api/work,200,27,,3
1788020873301,ui_least-connections_ramp-up_1788020856832,least-connections,server-3,GET,/api/work,200,26,,2
1788020873307,ui_least-connections_ramp-up_1788020856832,least-connections,server-2,GET,/api/work,200,26,,4
1788020873307,ui_least-connections_ramp-up_1788020856832,least-connections,server-3,GET,/api/work,200,27,,3
1788020873307,ui_least-connections_ramp-up_1788020856832,least-connections,server-3,GET,/api/work,200,27,,2
1788020873313,ui_least-connections_ramp-up_1788020856832,least-connections,server-1,GET,/api/work,200,26,,4
1788020873313,ui_least-connections_ramp-up_1788020856832,least-connections,server-2,GET,/api/work,200,26,,3
1788020873325,ui_least-connections_ramp-up_1788020856832,least-connections,server-1,GET,/api/work,200,26,,3
1788020873326,ui_least-connections_ramp-up_1788020856832,least-connections,server-2,GET,/api/work,200,26,,2
1788020873326,ui_least-connections_ramp-up_1788020856832,least-connections,server-1,GET,/api/work,200,26,,2
1788020873327,ui_least-connections_ramp-up_1788020856832,least-connections,server-1,GET,/api/work,200,27,,2
1788020873330,ui_least-connections_ramp-up_1788020856832,least-connections,server-2,GET,/api/work,200,27,,2
1788020873330,ui_least-connections_ramp-up_1788020856832,least-connections,server-3,GET,/api/work,200,28,,2
1788020873332,ui_least-connections_ramp-up_1788020856832,least-connections,server-3,GET,/api/work,200,27,,1
1788020873332,ui_least-connections_ramp-up_1788020856832,least-connections,server-2,GET,/api/work,200,28,,2
1788020873332,ui_least-connections_ramp-up_1788020856832,least-connections,server-1,GET,/api/work,200,29,,2
1788020873353,ui_least-connections_ramp-up_1788020856832,least-connections,server-1,GET,/api/work,200,26,,3
1788020873353,ui_least-connections_ramp-up_1788020856832,least-connections,server-3,GET,/api/work,200,26,,2
1788020873353,ui_least-connections_ramp-up_1788020856832,least-connections,server-2,GET,/api/work,200,27,,3
1788020873359,ui_least-connections_ramp-up_1788020856832,least-connections,server-3,GET,/api/work,200,27,,3
1788020873360,ui_least-connections_ramp-up_1788020856832,least-connections,server-1,GET,/api/work,200,26,,3
1788020873360,ui_least-connections_ramp-up_1788020856832,least-connections,server-2,GET,/api/work,200,27,,3
1788020873364,ui_least-connections_ramp-up_1788020856832,least-connections,server-2,GET,/api/work,200,25,,2
1788020873363,ui_least-connections_ramp-up_1788020856832,least-connections,server-1,GET,/api/work,200,26,,2
1788020873365,ui_least-connections_ramp-up_1788020856832,least-connections,server-3,GET,/api/work,200,26,,2
1788020873371,ui_least-connections_ramp-up_1788020856832,least-connections,server-2,GET,/api/work,200,25,,3
1788020873370,ui_least-connections_ramp-up_1788020856832,least-connections,server-1,GET,/api/work,200,27,,3
1788020873383,ui_least-connections_ramp-up_1788020856832,least-connections,server-1,GET,/api/work,200,27,,2
1788020873383,ui_least-connections_ramp-up_1788020856832,least-connections,server-3,GET,/api/work,200,27,,2
1788020873384,ui_least-connections_ramp-up_1788020856832,least-connections,server-3,GET,/api/work,200,27,,1
1788020873383,ui_least-connections_ramp-up_1788020856832,least-connections,server-2,GET,/api/work,200,29,,2
1788020873390,ui_least-connections_ramp-up_1788020856832,least-connections,server-1,GET,/api/work,200,26,,2
1788020873392,ui_least-connections_ramp-up_1788020856832,least-connections,server-2,GET,/api/work,200,26,,2
1788020873392,ui_least-connections_ramp-up_1788020856832,least-connections,server-1,GET,/api/work,200,26,,3
1788020873392,ui_least-connections_ramp-up_1788020856832,least-connections,server-2,GET,/api/work,200,26,,1
1788020873392,ui_least-connections_ramp-up_1788020856832,least-connections,server-3,GET,/api/work,200,27,,2
1788020873412,ui_least-connections_ramp-up_1788020856832,least-connections,server-3,GET,/api/work,200,26,,2
1788020873412,ui_least-connections_ramp-up_1788020856832,least-connections,server-3,GET,/api/work,200,26,,1
1788020873412,ui_least-connections_ramp-up_1788020856832,least-connections,server-1,GET,/api/work,200,27,,3
1788020873417,ui_least-connections_ramp-up_1788020856832,least-connections,server-1,GET,/api/work,200,25,,2
1788020873417,ui_least-connections_ramp-up_1788020856832,least-connections,server-1,GET,/api/work,200,26,,3
1788020873417,ui_least-connections_ramp-up_1788020856832,least-connections,server-2,GET,/api/work,200,27,,3
1788020873419,ui_least-connections_ramp-up_1788020856832,least-connections,server-2,GET,/api/work,200,26,,2
1788020873420,ui_least-connections_ramp-up_1788020856832,least-connections,server-2,GET,/api/work,200,26,,1
1788020873422,ui_least-connections_ramp-up_1788020856832,least-connections,server-3,GET,/api/work,200,26,,2
1788020873427,ui_least-connections_ramp-up_1788020856832,least-connections,server-1,GET,/api/work,200,27,,3
1788020873428,ui_least-connections_ramp-up_1788020856832,least-connections,server-2,GET,/api/work,200,27,,3
1788020873443,ui_least-connections_ramp-up_1788020856832,least-connections,server-3,GET,/api/work,200,25,,2
1788020873443,ui_least-connections_ramp-up_1788020856832,least-connections,server-1,GET,/api/work,200,26,,2
1788020873443,ui_least-connections_ramp-up_1788020856832,least-connections,server-1,GET,/api/work,200,27,,1
1788020873443,ui_least-connections_ramp-up_1788020856832,least-connections,server-3,GET,/api/work,200,27,,1
1788020873447,ui_least-connections_ramp-up_1788020856832,least-connections,server-2,GET,/api/work,200,26,,2
1788020873449,ui_least-connections_ramp-up_1788020856832,least-connections,server-2,GET,/api/work,200,26,,2
1788020873449,ui_least-connections_ramp-up_1788020856832,least-connections,server-3,GET,/api/work,200,27,,2
1788020873451,ui_least-connections_ramp-up_1788020856832,least-connections,server-2,GET,/api/work,200,26,,2
1788020873450,ui_least-connections_ramp-up_1788020856832,least-connections,server-1,GET,/api/work,200,27,,3
1788020873471,ui_least-connections_ramp-up_1788020856832,least-connections,server-3,GET,/api/work,200,25,,2
1788020873470,ui_least-connections_ramp-up_1788020856832,least-connections,server-1,GET,/api/work,200,27,,3
1788020873471,ui_least-connections_ramp-up_1788020856832,least-connections,server-1,GET,/api/work,200,27,,2
1788020873474,ui_least-connections_ramp-up_1788020856832,least-connections,server-2,GET,/api/work,200,26,,3
1788020873474,ui_least-connections_ramp-up_1788020856832,least-connections,server-3,GET,/api/work,200,27,,2
1788020873475,ui_least-connections_ramp-up_1788020856832,least-connections,server-2,GET,/api/work,200,27,,3
1788020873476,ui_least-connections_ramp-up_1788020856832,least-connections,server-1,GET,/api/work,200,27,,3
1788020873476,ui_least-connections_ramp-up_1788020856832,least-connections,server-3,GET,/api/work,200,27,,1
1788020873479,ui_least-connections_ramp-up_1788020856832,least-connections,server-2,GET,/api/work,200,26,,2
1788020873484,ui_least-connections_ramp-up_1788020856832,least-connections,server-1,GET,/api/work,200,26,,3
1788020873485,ui_least-connections_ramp-up_1788020856832,least-connections,server-2,GET,/api/work,200,26,,3
1788020873498,ui_least-connections_ramp-up_1788020856832,least-connections,server-1,GET,/api/work,200,26,,2
1788020873501,ui_least-connections_ramp-up_1788020856832,least-connections,server-3,GET,/api/work,200,26,,2
1788020873501,ui_least-connections_ramp-up_1788020856832,least-connections,server-1,GET,/api/work,200,27,,2
1788020873501,ui_least-connections_ramp-up_1788020856832,least-connections,server-2,GET,/api/work,200,28,,2
1788020873506,ui_least-connections_ramp-up_1788020856832,least-connections,server-2,GET,/api/work,200,26,,2
1788020873506,ui_least-connections_ramp-up_1788020856832,least-connections,server-3,GET,/api/work,200,27,,2
1788020873508,ui_least-connections_ramp-up_1788020856832,least-connections,server-3,GET,/api/work,200,26,,2
1788020873508,ui_least-connections_ramp-up_1788020856832,least-connections,server-1,GET,/api/work,200,26,,3
1788020873508,ui_least-connections_ramp-up_1788020856832,least-connections,server-2,GET,/api/work,200,27,,2
1788020873529,ui_least-connections_ramp-up_1788020856832,least-connections,server-3,GET,/api/work,200,25,,2
1788020873528,ui_least-connections_ramp-up_1788020856832,least-connections,server-1,GET,/api/work,200,27,,3
1788020873529,ui_least-connections_ramp-up_1788020856832,least-connections,server-1,GET,/api/work,200,27,,2
1788020873531,ui_least-connections_ramp-up_1788020856832,least-connections,server-2,GET,/api/work,200,26,,3
1788020873532,ui_least-connections_ramp-up_1788020856832,least-connections,server-2,GET,/api/work,200,27,,2
1788020873533,ui_least-connections_ramp-up_1788020856832,least-connections,server-3,GET,/api/work,200,26,,2
1788020873534,ui_least-connections_ramp-up_1788020856832,least-connections,server-1,GET,/api/work,200,26,,2
1788020873534,ui_least-connections_ramp-up_1788020856832,least-connections,server-3,GET,/api/work,200,27,,2
1788020873536,ui_least-connections_ramp-up_1788020856832,least-connections,server-2,GET,/api/work,200,27,,2
1788020873541,ui_least-connections_ramp-up_1788020856832,least-connections,server-1,GET,/api/work,200,25,,3
1788020873542,ui_least-connections_ramp-up_1788020856832,least-connections,server-2,GET,/api/work,200,27,,3
1788020873556,ui_least-connections_ramp-up_1788020856832,least-connections,server-1,GET,/api/work,200,27,,2
1788020873558,ui_least-connections_ramp-up_1788020856832,least-connections,server-3,GET,/api/work,200,26,,2
1788020873560,ui_least-connections_ramp-up_1788020856832,least-connections,server-2,GET,/api/work,200,25,,2
1788020873560,ui_least-connections_ramp-up_1788020856832,least-connections,server-3,GET,/api/work,200,26,,1
1788020873563,ui_least-connections_ramp-up_1788020856832,least-connections,server-1,GET,/api/work,200,26,,2
1788020873564,ui_least-connections_ramp-up_1788020856832,least-connections,server-2,GET,/api/work,200,26,,2
1788020873566,ui_least-connections_ramp-up_1788020856832,least-connections,server-2,GET,/api/work,200,25,,1
1788020873565,ui_least-connections_ramp-up_1788020856832,least-connections,server-3,GET,/api/work,200,27,,2
1788020873565,ui_least-connections_ramp-up_1788020856832,least-connections,server-1,GET,/api/work,200,27,,3
1788020873585,ui_least-connections_ramp-up_1788020856832,least-connections,server-1,GET,/api/work,200,26,,3
1788020873586,ui_least-connections_ramp-up_1788020856832,least-connections,server-2,GET,/api/work,200,26,,3
1788020873586,ui_least-connections_ramp-up_1788020856832,least-connections,server-3,GET,/api/work,200,27,,2
1788020873588,ui_least-connections_ramp-up_1788020856832,least-connections,server-3,GET,/api/work,200,26,,1
1788020873590,ui_least-connections_ramp-up_1788020856832,least-connections,server-1,GET,/api/work,200,25,,2
1788020873590,ui_least-connections_ramp-up_1788020856832,least-connections,server-1,GET,/api/work,200,27,,2
1788020873593,ui_least-connections_ramp-up_1788020856832,least-connections,server-3,GET,/api/work,200,27,,2
1788020873593,ui_least-connections_ramp-up_1788020856832,least-connections,server-2,GET,/api/work,200,27,,2
1788020873593,ui_least-connections_ramp-up_1788020856832,least-connections,server-2,GET,/api/work,200,28,,2
1788020873597,ui_least-connections_ramp-up_1788020856832,least-connections,server-1,GET,/api/work,200,26,,3
1788020873599,ui_least-connections_ramp-up_1788020856832,least-connections,server-2,GET,/api/work,200,26,,3
1788020873614,ui_least-connections_ramp-up_1788020856832,least-connections,server-3,GET,/api/work,200,27,,2
1788020873615,ui_least-connections_ramp-up_1788020856832,least-connections,server-3,GET,/api/work,200,26,,1
1788020873616,ui_least-connections_ramp-up_1788020856832,least-connections,server-1,GET,/api/work,200,26,,2
1788020873617,ui_least-connections_ramp-up_1788020856832,least-connections,server-1,GET,/api/work,200,26,,2
1788020873620,ui_least-connections_ramp-up_1788020856832,least-connections,server-2,GET,/api/work,200,26,,2
1788020873622,ui_least-connections_ramp-up_1788020856832,least-connections,server-2,GET,/api/work,200,26,,2
1788020873622,ui_least-connections_ramp-up_1788020856832,least-connections,server-3,GET,/api/work,200,26,,2
1788020873623,ui_least-connections_ramp-up_1788020856832,least-connections,server-1,GET,/api/work,200,26,,3
1788020873623,ui_least-connections_ramp-up_1788020856832,least-connections,server-2,GET,/api/work,200,26,,1
1788020873642,ui_least-connections_ramp-up_1788020856832,least-connections,server-3,GET,/api/work,200,25,,2
1788020873642,ui_least-connections_ramp-up_1788020856832,least-connections,server-1,GET,/api/work,200,27,,3
1788020873642,ui_least-connections_ramp-up_1788020856832,least-connections,server-3,GET,/api/work,200,27,,1
1788020873645,ui_least-connections_ramp-up_1788020856832,least-connections,server-1,GET,/api/work,200,25,,2
1788020873646,ui_least-connections_ramp-up_1788020856832,least-connections,server-1,GET,/api/work,200,26,,2
1788020873647,ui_least-connections_ramp-up_1788020856832,least-connections,server-2,GET,/api/work,200,27,,3
1788020873651,ui_least-connections_ramp-up_1788020856832,least-connections,server-2,GET,/api/work,200,26,,2
1788020873651,ui_least-connections_ramp-up_1788020856832,least-connections,server-2,GET,/api/work,200,27,,1
1788020873651,ui_least-connections_ramp-up_1788020856832,least-connections,server-3,GET,/api/work,200,27,,2
1788020873654,ui_least-connections_ramp-up_1788020856832,least-connections,server-1,GET,/api/work,200,27,,3
1788020873656,ui_least-connections_ramp-up_1788020856832,least-connections,server-2,GET,/api/work,200,25,,3
1788020873671,ui_least-connections_ramp-up_1788020856832,least-connections,server-3,GET,/api/work,200,26,,2
1788020873672,ui_least-connections_ramp-up_1788020856832,least-connections,server-3,GET,/api/work,200,25,,1
1788020873672,ui_least-connections_ramp-up_1788020856832,least-connections,server-1,GET,/api/work,200,25,,2
1788020873674,ui_least-connections_ramp-up_1788020856832,least-connections,server-1,GET,/api/work,200,26,,3
1788020873677,ui_least-connections_ramp-up_1788020856832,least-connections,server-1,GET,/api/work,200,25,,2
1788020873678,ui_least-connections_ramp-up_1788020856832,least-connections,server-2,GET,/api/work,200,27,,2
1788020873679,ui_least-connections_ramp-up_1788020856832,least-connections,server-2,GET,/api/work,200,26,,1
1788020873679,ui_least-connections_ramp-up_1788020856832,least-connections,server-3,GET,/api/work,200,27,,2
1788020873680,ui_least-connections_ramp-up_1788020856832,least-connections,server-2,GET,/api/work,200,26,,1
1788020873698,ui_least-connections_ramp-up_1788020856832,least-connections,server-3,GET,/api/work,200,26,,2
1788020873699,ui_least-connections_ramp-up_1788020856832,least-connections,server-1,GET,/api/work,200,27,,3
1788020873700,ui_least-connections_ramp-up_1788020856832,least-connections,server-3,GET,/api/work,200,26,,1
1788020873700,ui_least-connections_ramp-up_1788020856832,least-connections,server-1,GET,/api/work,200,26,,2
1788020873703,ui_least-connections_ramp-up_1788020856832,least-connections,server-1,GET,/api/work,200,25,,2
1788020873705,ui_least-connections_ramp-up_1788020856832,least-connections,server-2,GET,/api/work,200,27,,3
1788020873707,ui_least-connections_ramp-up_1788020856832,least-connections,server-2,GET,/api/work,200,26,,2
1788020873709,ui_least-connections_ramp-up_1788020856832,least-connections,server-2,GET,/api/work,200,26,,2
1788020873709,ui_least-connections_ramp-up_1788020856832,least-connections,server-3,GET,/api/work,200,27,,2
1788020873712,ui_least-connections_ramp-up_1788020856832,least-connections,server-2,GET,/api/work,200,25,,3
1788020873712,ui_least-connections_ramp-up_1788020856832,least-connections,server-1,GET,/api/work,200,26,,3
1788020873727,ui_least-connections_ramp-up_1788020856832,least-connections,server-3,GET,/api/work,200,26,,2
1788020873728,ui_least-connections_ramp-up_1788020856832,least-connections,server-3,GET,/api/work,200,26,,1
1788020873728,ui_least-connections_ramp-up_1788020856832,least-connections,server-1,GET,/api/work,200,26,,2
1788020873731,ui_least-connections_ramp-up_1788020856832,least-connections,server-1,GET,/api/work,200,26,,3
1788020873734,ui_least-connections_ramp-up_1788020856832,least-connections,server-1,GET,/api/work,200,26,,3
1788020873734,ui_least-connections_ramp-up_1788020856832,least-connections,server-2,GET,/api/work,200,26,,2
1788020873736,ui_least-connections_ramp-up_1788020856832,least-connections,server-2,GET,/api/work,200,26,,1
1788020873737,ui_least-connections_ramp-up_1788020856832,least-connections,server-3,GET,/api/work,200,26,,2
1788020873737,ui_least-connections_ramp-up_1788020856832,least-connections,server-2,GET,/api/work,200,26,,1
1788020873755,ui_least-connections_ramp-up_1788020856832,least-connections,server-3,GET,/api/work,200,26,,2
1788020873756,ui_least-connections_ramp-up_1788020856832,least-connections,server-1,GET,/api/work,200,26,,3
1788020873757,ui_least-connections_ramp-up_1788020856832,least-connections,server-3,GET,/api/work,200,26,,1
1788020873757,ui_least-connections_ramp-up_1788020856832,least-connections,server-1,GET,/api/work,200,26,,2
1788020873759,ui_least-connections_ramp-up_1788020856832,least-connections,server-1,GET,/api/work,200,26,,1
1788020873762,ui_least-connections_ramp-up_1788020856832,least-connections,server-2,GET,/api/work,200,26,,3
1788020873763,ui_least-connections_ramp-up_1788020856832,least-connections,server-2,GET,/api/work,200,26,,2
1788020873767,ui_least-connections_ramp-up_1788020856832,least-connections,server-3,GET,/api/work,200,26,,2
1788020873767,ui_least-connections_ramp-up_1788020856832,least-connections,server-2,GET,/api/work,200,27,,3
1788020873768,ui_least-connections_ramp-up_1788020856832,least-connections,server-2,GET,/api/work,200,26,,2
1788020873768,ui_least-connections_ramp-up_1788020856832,least-connections,server-1,GET,/api/work,200,27,,3
1788020873784,ui_least-connections_ramp-up_1788020856832,least-connections,server-3,GET,/api/work,200,26,,3
1788020873786,ui_least-connections_ramp-up_1788020856832,least-connections,server-1,GET,/api/work,200,26,,2
1788020873786,ui_least-connections_ramp-up_1788020856832,least-connections,server-1,GET,/api/work,200,27,,2
1788020873788,ui_least-connections_ramp-up_1788020856832,least-connections,server-3,GET,/api/work,200,25,,2
1788020873791,ui_least-connections_ramp-up_1788020856832,least-connections,server-2,GET,/api/work,200,25,,2
1788020873791,ui_least-connections_ramp-up_1788020856832,least-connections,server-1,GET,/api/work,200,25,,3
1788020873793,ui_least-connections_ramp-up_1788020856832,least-connections,server-3,GET,/api/work,200,26,,2
1788020873794,ui_least-connections_ramp-up_1788020856832,least-connections,server-3,GET,/api/work,200,26,,1
1788020873793,ui_least-connections_ramp-up_1788020856832,least-connections,server-2,GET,/api/work,200,27,,2
1788020873813,ui_least-connections_ramp-up_1788020856832,least-connections,server-1,GET,/api/work,200,25,,3
1788020873814,ui_least-connections_ramp-up_1788020856832,least-connections,server-1,GET,/api/work,200,26,,2
1788020873814,ui_least-connections_ramp-up_1788020856832,least-connections,server-2,GET,/api/work,200,27,,3
1788020873815,ui_least-connections_ramp-up_1788020856832,least-connections,server-1,GET,/api/work,200,27,,2
1788020873814,ui_least-connections_ramp-up_1788020856832,least-connections,server-3,GET,/api/work,200,28,,2
1788020873819,ui_least-connections_ramp-up_1788020856832,least-connections,server-1,GET,/api/work,200,26,,3
1788020873819,ui_least-connections_ramp-up_1788020856832,least-connections,server-2,GET,/api/work,200,27,,2
1788020873823,ui_least-connections_ramp-up_1788020856832,least-connections,server-3,GET,/api/work,200,25,,2
1788020873825,ui_least-connections_ramp-up_1788020856832,least-connections,server-2,GET,/api/work,200,26,,3
1788020873825,ui_least-connections_ramp-up_1788020856832,least-connections,server-3,GET,/api/work,200,26,,3
1788020873825,ui_least-connections_ramp-up_1788020856832,least-connections,server-2,GET,/api/work,200,27,,2
1788020873840,ui_least-connections_ramp-up_1788020856832,least-connections,server-1,GET,/api/work,200,27,,3
1788020873844,ui_least-connections_ramp-up_1788020856832,least-connections,server-3,GET,/api/work,200,26,,2
1788020873844,ui_least-connections_ramp-up_1788020856832,least-connections,server-1,GET,/api/work,200,26,,2
1788020873844,ui_least-connections_ramp-up_1788020856832,least-connections,server-1,GET,/api/work,200,27,,1
1788020873848,ui_least-connections_ramp-up_1788020856832,least-connections,server-1,GET,/api/work,200,25,,3
1788020873847,ui_least-connections_ramp-up_1788020856832,least-connections,server-2,GET,/api/work,200,27,,2
1788020873850,ui_least-connections_ramp-up_1788020856832,least-connections,server-3,GET,/api/work,200,26,,2
1788020873850,ui_least-connections_ramp-up_1788020856832,least-connections,server-2,GET,/api/work,200,26,,2
1788020873850,ui_least-connections_ramp-up_1788020856832,least-connections,server-3,GET,/api/work,200,27,,1
1788020873869,ui_least-connections_ramp-up_1788020856832,least-connections,server-2,GET,/api/work,200,27,,3
1788020873871,ui_least-connections_ramp-up_1788020856832,least-connections,server-1,GET,/api/work,200,27,,3
1788020873873,ui_least-connections_ramp-up_1788020856832,least-connections,server-1,GET,/api/work,200,25,,2
1788020873873,ui_least-connections_ramp-up_1788020856832,least-connections,server-1,GET,/api/work,200,26,,1
1788020873873,ui_least-connections_ramp-up_1788020856832,least-connections,server-3,GET,/api/work,200,26,,2
1788020873875,ui_least-connections_ramp-up_1788020856832,least-connections,server-2,GET,/api/work,200,27,,3
1788020873876,ui_least-connections_ramp-up_1788020856832,least-connections,server-1,GET,/api/work,200,26,,2
1788020873879,ui_least-connections_ramp-up_1788020856832,least-connections,server-3,GET,/api/work,200,26,,2
1788020873882,ui_least-connections_ramp-up_1788020856832,least-connections,server-3,GET,/api/work,200,26,,3
1788020873882,ui_least-connections_ramp-up_1788020856832,least-connections,server-2,GET,/api/work,200,26,,3
1788020873882,ui_least-connections_ramp-up_1788020856832,least-connections,server-2,GET,/api/work,200,27,,2
1788020873897,ui_least-connections_ramp-up_1788020856832,least-connections,server-2,GET,/api/work,200,27,,1
1788020873901,ui_least-connections_ramp-up_1788020856832,least-connections,server-1,GET,/api/work,200,27,,3
1788020873902,ui_least-connections_ramp-up_1788020856832,least-connections,server-1,GET,/api/work,200,26,,2
1788020873903,ui_least-connections_ramp-up_1788020856832,least-connections,server-1,GET,/api/work,200,26,,2
1788020873905,ui_least-connections_ramp-up_1788020856832,least-connections,server-1,GET,/api/work,200,25,,3
1788020873904,ui_least-connections_ramp-up_1788020856832,least-connections,server-3,GET,/api/work,200,27,,2
1788020873906,ui_least-connections_ramp-up_1788020856832,least-connections,server-3,GET,/api/work,200,26,,1
1788020873907,ui_least-connections_ramp-up_1788020856832,least-connections,server-3,GET,/api/work,200,26,,2
1788020873907,ui_least-connections_ramp-up_1788020856832,least-connections,server-2,GET,/api/work,200,27,,2
1788020873926,ui_least-connections_ramp-up_1788020856832,least-connections,server-2,GET,/api/work,200,26,,3
1788020873928,ui_least-connections_ramp-up_1788020856832,least-connections,server-1,GET,/api/work,200,26,,3
1788020873929,ui_least-connections_ramp-up_1788020856832,least-connections,server-2,GET,/api/work,200,26,,3
1788020873930,ui_least-connections_ramp-up_1788020856832,least-connections,server-1,GET,/api/work,200,25,,2
1788020873930,ui_least-connections_ramp-up_1788020856832,least-connections,server-1,GET,/api/work,200,26,,1
1788020873933,ui_least-connections_ramp-up_1788020856832,least-connections,server-3,GET,/api/work,200,25,,2
1788020873933,ui_least-connections_ramp-up_1788020856832,least-connections,server-3,GET,/api/work,200,26,,1
1788020873936,ui_least-connections_ramp-up_1788020856832,least-connections,server-2,GET,/api/work,200,26,,2
1788020873939,ui_least-connections_ramp-up_1788020856832,least-connections,server-2,GET,/api/work,200,26,,3
1788020873939,ui_least-connections_ramp-up_1788020856832,least-connections,server-3,GET,/api/work,200,26,,3
1788020873939,ui_least-connections_ramp-up_1788020856832,least-connections,server-1,GET,/api/work,200,26,,3
1788020873954,ui_least-connections_ramp-up_1788020856832,least-connections,server-2,GET,/api/work,200,26,,2
1788020873958,ui_least-connections_ramp-up_1788020856832,least-connections,server-1,GET,/api/work,200,25,,2
1788020873958,ui_least-connections_ramp-up_1788020856832,least-connections,server-1,GET,/api/work,200,26,,1
1788020873960,ui_least-connections_ramp-up_1788020856832,least-connections,server-3,GET,/api/work,200,27,,2
1788020873961,ui_least-connections_ramp-up_1788020856832,least-connections,server-3,GET,/api/work,200,26,,2
1788020873962,ui_least-connections_ramp-up_1788020856832,least-connections,server-1,GET,/api/work,200,26,,3
1788020873962,ui_least-connections_ramp-up_1788020856832,least-connections,server-2,GET,/api/work,200,26,,2
1788020873964,ui_least-connections_ramp-up_1788020856832,least-connections,server-3,GET,/api/work,200,26,,2
1788020873964,ui_least-connections_ramp-up_1788020856832,least-connections,server-2,GET,/api/work,200,26,,2
1788020873983,ui_least-connections_ramp-up_1788020856832,least-connections,server-2,GET,/api/work,200,27,,3
1788020873985,ui_least-connections_ramp-up_1788020856832,least-connections,server-1,GET,/api/work,200,27,,3
1788020873985,ui_least-connections_ramp-up_1788020856832,least-connections,server-1,GET,/api/work,200,27,,2
1788020873987,ui_least-connections_ramp-up_1788020856832,least-connections,server-3,GET,/api/work,200,26,,2
1788020873986,ui_least-connections_ramp-up_1788020856832,least-connections,server-1,GET,/api/work,200,28,,1
1788020873989,ui_least-connections_ramp-up_1788020856832,least-connections,server-2,GET,/api/work,200,26,,3
1788020873990,ui_least-connections_ramp-up_1788020856832,least-connections,server-3,GET,/api/work,200,25,,1
1788020873993,ui_least-connections_ramp-up_1788020856832,least-connections,server-2,GET,/api/work,200,26,,3
1788020873995,ui_least-connections_ramp-up_1788020856832,least-connections,server-3,GET,/api/work,200,26,,3
1788020873996,ui_least-connections_ramp-up_1788020856832,least-connections,server-1,GET,/api/work,200,26,,3
1788020873997,ui_least-connections_ramp-up_1788020856832,least-connections,server-2,GET,/api/work,200,26,,3
1788020874011,ui_least-connections_ramp-up_1788020856832,least-connections,server-2,GET,/api/work,200,25,,2
1788020874014,ui_least-connections_ramp-up_1788020856832,least-connections,server-1,GET,/api/work,200,27,,2
1788020874015,ui_least-connections_ramp-up_1788020856832,least-connections,server-1,GET,/api/work,200,26,,1
1788020874018,ui_least-connections_ramp-up_1788020856832,least-connections,server-1,GET,/api/work,200,26,,3
1788020874018,ui_least-connections_ramp-up_1788020856832,least-connections,server-3,GET,/api/work,200,26,,2
1788020874018,ui_least-connections_ramp-up_1788020856832,least-connections,server-3,GET,/api/work,200,27,,1
1788020874018,ui_least-connections_ramp-up_1788020856832,least-connections,server-2,GET,/api/work,200,27,,2
1788020874021,ui_least-connections_ramp-up_1788020856832,least-connections,server-2,GET,/api/work,200,25,,2
1788020874021,ui_least-connections_ramp-up_1788020856832,least-connections,server-3,GET,/api/work,200,26,,2
1788020874041,ui_least-connections_ramp-up_1788020856832,least-connections,server-1,GET,/api/work,200,26,,3
1788020874042,ui_least-connections_ramp-up_1788020856832,least-connections,server-1,GET,/api/work,200,25,,2
1788020874043,ui_least-connections_ramp-up_1788020856832,least-connections,server-2,GET,/api/work,200,26,,3
1788020874044,ui_least-connections_ramp-up_1788020856832,least-connections,server-1,GET,/api/work,200,26,,1
1788020874045,ui_least-connections_ramp-up_1788020856832,least-connections,server-3,GET,/api/work,200,26,,3
1788020874046,ui_least-connections_ramp-up_1788020856832,least-connections,server-2,GET,/api/work,200,27,,2
1788020874046,ui_least-connections_ramp-up_1788020856832,least-connections,server-3,GET,/api/work,200,27,,2
1788020874050,ui_least-connections_ramp-up_1788020856832,least-connections,server-2,GET,/api/work,200,26,,2
1788020874052,ui_least-connections_ramp-up_1788020856832,least-connections,server-3,GET,/api/work,200,25,,3
1788020874053,ui_least-connections_ramp-up_1788020856832,least-connections,server-1,GET,/api/work,200,26,,3
1788020874053,ui_least-connections_ramp-up_1788020856832,least-connections,server-2,GET,/api/work,200,27,,3
1788020874067,ui_least-connections_ramp-up_1788020856832,least-connections,server-3,GET,/api/work,200,26,,2
1788020874073,ui_least-connections_ramp-up_1788020856832,least-connections,server-1,GET,/api/work,200,26,,3
1788020874073,ui_least-connections_ramp-up_1788020856832,least-connections,server-1,GET,/api/work,200,27,,2
1788020874075,ui_least-connections_ramp-up_1788020856832,least-connections,server-2,GET,/api/work,200,26,,3
1788020874076,ui_least-connections_ramp-up_1788020856832,least-connections,server-2,GET,/api/work,200,27,,2
1788020874077,ui_least-connections_ramp-up_1788020856832,least-connections,server-2,GET,/api/work,200,26,,1
1788020874077,ui_least-connections_ramp-up_1788020856832,least-connections,server-3,GET,/api/work,200,27,,2
1788020874077,ui_least-connections_ramp-up_1788020856832,least-connections,server-1,GET,/api/work,200,27,,3
1788020874077,ui_least-connections_ramp-up_1788020856832,least-connections,server-3,GET,/api/work,200,27,,1
1788020874098,ui_least-connections_ramp-up_1788020856832,least-connections,server-1,GET,/api/work,200,26,,3
1788020874098,ui_least-connections_ramp-up_1788020856832,least-connections,server-3,GET,/api/work,200,27,,3
1788020874100,ui_least-connections_ramp-up_1788020856832,least-connections,server-2,GET,/api/work,200,26,,3
1788020874100,ui_least-connections_ramp-up_1788020856832,least-connections,server-1,GET,/api/work,200,27,,2
1788020874100,ui_least-connections_ramp-up_1788020856832,least-connections,server-1,GET,/api/work,200,27,,1
1788020874104,ui_least-connections_ramp-up_1788020856832,least-connections,server-2,GET,/api/work,200,26,,2
1788020874104,ui_least-connections_ramp-up_1788020856832,least-connections,server-3,GET,/api/work,200,27,,2
1788020874107,ui_least-connections_ramp-up_1788020856832,least-connections,server-3,GET,/api/work,200,26,,1
1788020874107,ui_least-connections_ramp-up_1788020856832,least-connections,server-2,GET,/api/work,200,26,,2
1788020874109,ui_least-connections_ramp-up_1788020856832,least-connections,server-1,GET,/api/work,200,26,,3
1788020874110,ui_least-connections_ramp-up_1788020856832,least-connections,server-2,GET,/api/work,200,27,,3
1788020874123,ui_least-connections_ramp-up_1788020856832,least-connections,server-3,GET,/api/work,200,26,,2
1788020874130,ui_least-connections_ramp-up_1788020856832,least-connections,server-1,GET,/api/work,200,26,,3
1788020874131,ui_least-connections_ramp-up_1788020856832,least-connections,server-2,GET,/api/work,200,26,,2
1788020874131,ui_least-connections_ramp-up_1788020856832,least-connections,server-1,GET,/api/work,200,27,,2
1788020874134,ui_least-connections_ramp-up_1788020856832,least-connections,server-2,GET,/api/work,200,27,,2
1788020874134,ui_least-connections_ramp-up_1788020856832,least-connections,server-3,GET,/api/work,200,27,,2
1788020874134,ui_least-connections_ramp-up_1788020856832,least-connections,server-3,GET,/api/work,200,28,,1
1788020874135,ui_least-connections_ramp-up_1788020856832,least-connections,server-2,GET,/api/work,200,27,,1
1788020874135,ui_least-connections_ramp-up_1788020856832,least-connections,server-1,GET,/api/work,200,28,,3
1788020874155,ui_least-connections_ramp-up_1788020856832,least-connections,server-3,GET,/api/work,200,26,,3
1788020874155,ui_least-connections_ramp-up_1788020856832,least-connections,server-1,GET,/api/work,200,26,,3
1788020874158,ui_least-connections_ramp-up_1788020856832,least-connections,server-1,GET,/api/work,200,26,,2
1788020874158,ui_least-connections_ramp-up_1788020856832,least-connections,server-1,GET,/api/work,200,27,,1
1788020874158,ui_least-connections_ramp-up_1788020856832,least-connections,server-2,GET,/api/work,200,27,,3
1788020874163,ui_least-connections_ramp-up_1788020856832,least-connections,server-2,GET,/api/work,200,26,,2
1788020874164,ui_least-connections_ramp-up_1788020856832,least-connections,server-2,GET,/api/work,200,26,,1
1788020874163,ui_least-connections_ramp-up_1788020856832,least-connections,server-3,GET,/api/work,200,27,,2
1788020874164,ui_least-connections_ramp-up_1788020856832,least-connections,server-3,GET,/api/work,200,27,,1
1788020874167,ui_least-connections_ramp-up_1788020856832,least-connections,server-2,GET,/api/work,200,25,,0
1788020874166,ui_least-connections_ramp-up_1788020856832,least-connections,server-1,GET,/api/work,200,27,,3
1788020874180,ui_least-connections_ramp-up_1788020856832,least-connections,server-3,GET,/api/work,200,27,,2
1788020874187,ui_least-connections_ramp-up_1788020856832,least-connections,server-1,GET,/api/work,200,26,,3
1788020874188,ui_least-connections_ramp-up_1788020856832,least-connections,server-1,GET,/api/work,200,26,,2
1788020874188,ui_least-connections_ramp-up_1788020856832,least-connections,server-1,GET,/api/work,200,26,,1
1788020874192,ui_least-connections_ramp-up_1788020856832,least-connections,server-2,GET,/api/work,200,27,,2
1788020874193,ui_least-connections_ramp-up_1788020856832,least-connections,server-2,GET,/api/work,200,26,,1
1788020874194,ui_least-connections_ramp-up_1788020856832,least-connections,server-2,GET,/api/work,200,25,,0
1788020874193,ui_least-connections_ramp-up_1788020856832,least-connections,server-3,GET,/api/work,200,27,,2
1788020874194,ui_least-connections_ramp-up_1788020856832,least-connections,server-3,GET,/api/work,200,26,,1
1788020874212,ui_least-connections_ramp-up_1788020856832,least-connections,server-3,GET,/api/work,200,26,,3
1788020874213,ui_least-connections_ramp-up_1788020856832,least-connections,server-1,GET,/api/work,200,26,,3
1788020874215,ui_least-connections_ramp-up_1788020856832,least-connections,server-1,GET,/api/work,200,27,,2
1788020874216,ui_least-connections_ramp-up_1788020856832,least-connections,server-1,GET,/api/work,200,26,,1
1788020874217,ui_least-connections_ramp-up_1788020856832,least-connections,server-1,GET,/api/work,200,26,,0
1788020874220,ui_least-connections_ramp-up_1788020856832,least-connections,server-2,GET,/api/work,200,26,,3
1788020874221,ui_least-connections_ramp-up_1788020856832,least-connections,server-2,GET,/api/work,200,26,,2
1788020874221,ui_least-connections_ramp-up_1788020856832,least-connections,server-2,GET,/api/work,200,26,,1
1788020874221,ui_least-connections_ramp-up_1788020856832,least-connections,server-3,GET,/api/work,200,26,,2
1788020874224,ui_least-connections_ramp-up_1788020856832,least-connections,server-3,GET,/api/work,200,25,,1
1788020874224,ui_least-connections_ramp-up_1788020856832,least-connections,server-2,GET,/api/work,200,26,,0
1788020874237,ui_least-connections_ramp-up_1788020856832,least-connections,server-3,GET,/api/work,200,27,,2
1788020874244,ui_least-connections_ramp-up_1788020856832,least-connections,server-1,GET,/api/work,200,26,,2
1788020874245,ui_least-connections_ramp-up_1788020856832,least-connections,server-1,GET,/api/work,200,26,,2
1788020874245,ui_least-connections_ramp-up_1788020856832,least-connections,server-1,GET,/api/work,200,26,,1
1788020874251,ui_least-connections_ramp-up_1788020856832,least-connections,server-3,GET,/api/work,200,27,,3
1788020874252,ui_least-connections_ramp-up_1788020856832,least-connections,server-3,GET,/api/work,200,26,,2
1788020874251,ui_least-connections_ramp-up_1788020856832,least-connections,server-2,GET,/api/work,200,28,,3
1788020874251,ui_least-connections_ramp-up_1788020856832,least-connections,server-2,GET,/api/work,200,28,,2
1788020874251,ui_least-connections_ramp-up_1788020856832,least-connections,server-2,GET,/api/work,200,28,,1
1788020874270,ui_least-connections_ramp-up_1788020856832,least-connections,server-1,GET,/api/work,200,25,,3
1788020874269,ui_least-connections_ramp-up_1788020856832,least-connections,server-3,GET,/api/work,200,27,,3
1788020874273,ui_least-connections_ramp-up_1788020856832,least-connections,server-1,GET,/api/work,200,26,,2
1788020874273,ui_least-connections_ramp-up_1788020856832,least-connections,server-1,GET,/api/work,200,27,,1
1788020874274,ui_least-connections_ramp-up_1788020856832,least-connections,server-1,GET,/api/work,200,26,,1
1788020874277,ui_least-connections_ramp-up_1788020856832,least-connections,server-3,GET,/api/work,200,26,,2
1788020874278,ui_least-connections_ramp-up_1788020856832,least-connections,server-3,GET,/api/work,200,26,,1
1788020874278,ui_least-connections_ramp-up_1788020856832,least-connections,server-3,GET,/api/work,200,27,,0
1788020874277,ui_least-connections_ramp-up_1788020856832,least-connections,server-2,GET,/api/work,200,30,,3
1788020874280,ui_least-connections_ramp-up_1788020856832,least-connections,server-2,GET,/api/work,200,27,,2
1788020874281,ui_least-connections_ramp-up_1788020856832,least-connections,server-2,GET,/api/work,200,27,,1
1788020874294,ui_least-connections_ramp-up_1788020856832,least-connections,server-2,GET,/api/work,200,26,,2
1788020874300,ui_least-connections_ramp-up_1788020856832,least-connections,server-1,GET,/api/work,200,26,,3
1788020874302,ui_least-connections_ramp-up_1788020856832,least-connections,server-1,GET,/api/work,200,27,,2
1788020874302,ui_least-connections_ramp-up_1788020856832,least-connections,server-1,GET,/api/work,200,27,,1
1788020874309,ui_least-connections_ramp-up_1788020856832,least-connections,server-3,GET,/api/work,200,27,,3
1788020874311,ui_least-connections_ramp-up_1788020856832,least-connections,server-3,GET,/api/work,200,25,,2
1788020874310,ui_least-connections_ramp-up_1788020856832,least-connections,server-2,GET,/api/work,200,27,,3
1788020874311,ui_least-connections_ramp-up_1788020856832,least-connections,server-3,GET,/api/work,200,26,,1
1788020874311,ui_least-connections_ramp-up_1788020856832,least-connections,server-2,GET,/api/work,200,27,,2
1788020874326,ui_least-connections_ramp-up_1788020856832,least-connections,server-2,GET,/api/work,200,25,,3
1788020874326,ui_least-connections_ramp-up_1788020856832,least-connections,server-1,GET,/api/work,200,27,,4
1788020874330,ui_least-connections_ramp-up_1788020856832,least-connections,server-1,GET,/api/work,200,25,,3
1788020874331,ui_least-connections_ramp-up_1788020856832,least-connections,server-1,GET,/api/work,200,27,,3
1788020874332,ui_least-connections_ramp-up_1788020856832,least-connections,server-1,GET,/api/work,200,26,,2
1788020874334,ui_least-connections_ramp-up_1788020856832,least-connections,server-2,GET,/api/work,200,26,,2
1788020874336,ui_least-connections_ramp-up_1788020856832,least-connections,server-1,GET,/api/work,200,25,,3
1788020874335,ui_least-connections_ramp-up_1788020856832,least-connections,server-3,GET,/api/work,200,27,,2
1788020874338,ui_least-connections_ramp-up_1788020856832,least-connections,server-3,GET,/api/work,200,26,,1
1788020874340,ui_least-connections_ramp-up_1788020856832,least-connections,server-3,GET,/api/work,200,25,,0
1788020874339,ui_least-connections_ramp-up_1788020856832,least-connections,server-2,GET,/api/work,200,27,,1
1788020874351,ui_least-connections_ramp-up_1788020856832,least-connections,server-2,GET,/api/work,200,27,,2
1788020874357,ui_least-connections_ramp-up_1788020856832,least-connections,server-1,GET,/api/work,200,26,,3
1788020874360,ui_least-connections_ramp-up_1788020856832,least-connections,server-1,GET,/api/work,200,26,,2
1788020874360,ui_least-connections_ramp-up_1788020856832,least-connections,server-1,GET,/api/work,200,27,,2
1788020874368,ui_least-connections_ramp-up_1788020856832,least-connections,server-3,GET,/api/work,200,26,,3
1788020874368,ui_least-connections_ramp-up_1788020856832,least-connections,server-3,GET,/api/work,200,26,,2
1788020874368,ui_least-connections_ramp-up_1788020856832,least-connections,server-3,GET,/api/work,200,27,,1
1788020874368,ui_least-connections_ramp-up_1788020856832,least-connections,server-2,GET,/api/work,200,27,,3
1788020874368,ui_least-connections_ramp-up_1788020856832,least-connections,server-2,GET,/api/work,200,28,,2
1788020874383,ui_least-connections_ramp-up_1788020856832,least-connections,server-1,GET,/api/work,200,25,,4
1788020874382,ui_least-connections_ramp-up_1788020856832,least-connections,server-2,GET,/api/work,200,26,,2
1788020874386,ui_least-connections_ramp-up_1788020856832,least-connections,server-1,GET,/api/work,200,26,,3
1788020874389,ui_least-connections_ramp-up_1788020856832,least-connections,server-1,GET,/api/work,200,25,,2
1788020874389,ui_least-connections_ramp-up_1788020856832,least-connections,server-1,GET,/api/work,200,26,,2
1788020874392,ui_least-connections_ramp-up_1788020856832,least-connections,server-3,GET,/api/work,200,25,,2
1788020874391,ui_least-connections_ramp-up_1788020856832,least-connections,server-2,GET,/api/work,200,27,,2
1788020874392,ui_least-connections_ramp-up_1788020856832,least-connections,server-1,GET,/api/work,200,26,,3
1788020874397,ui_least-connections_ramp-up_1788020856832,least-connections,server-3,GET,/api/work,200,26,,1
1788020874397,ui_least-connections_ramp-up_1788020856832,least-connections,server-3,GET,/api/work,200,26,,0
1788020874397,ui_least-connections_ramp-up_1788020856832,least-connections,server-2,GET,/api/work,200,27,,1
1788020874409,ui_least-connections_ramp-up_1788020856832,least-connections,server-2,GET,/api/work,200,25,,2
1788020874415,ui_least-connections_ramp-up_1788020856832,least-connections,server-1,GET,/api/work,200,26,,3
1788020874417,ui_least-connections_ramp-up_1788020856832,least-connections,server-1,GET,/api/work,200,27,,3
1788020874417,ui_least-connections_ramp-up_1788020856832,least-connections,server-1,GET,/api/work,200,27,,2
1788020874425,ui_least-connections_ramp-up_1788020856832,least-connections,server-2,GET,/api/work,200,26,,3
1788020874425,ui_least-connections_ramp-up_1788020856832,least-connections,server-3,GET,/api/work,200,27,,3
1788020874427,ui_least-connections_ramp-up_1788020856832,least-connections,server-3,GET,/api/work,200,26,,2
1788020874427,ui_least-connections_ramp-up_1788020856832,least-connections,server-2,GET,/api/work,200,27,,2
1788020874427,ui_least-connections_ramp-up_1788020856832,least-connections,server-3,GET,/api/work,200,27,,1
1788020874439,ui_least-connections_ramp-up_1788020856832,least-connections,server-1,GET,/api/work,200,26,,4
1788020874439,ui_least-connections_ramp-up_1788020856832,least-connections,server-2,GET,/api/work,200,27,,3
1788020874442,ui_least-connections_ramp-up_1788020856832,least-connections,server-1,GET,/api/work,200,26,,3
1788020874445,ui_least-connections_ramp-up_1788020856832,least-connections,server-1,GET,/api/work,200,27,,2
1788020874445,ui_least-connections_ramp-up_1788020856832,least-connections,server-1,GET,/api/work,200,27,,1
1788020874448,ui_least-connections_ramp-up_1788020856832,least-connections,server-2,GET,/api/work,200,26,,2
1788020874450,ui_least-connections_ramp-up_1788020856832,least-connections,server-3,GET,/api/work,200,25,,2
1788020874450,ui_least-connections_ramp-up_1788020856832,least-connections,server-1,GET,/api/work,200,26,,2
1788020874455,ui_least-connections_ramp-up_1788020856832,least-connections,server-3,GET,/api/work,200,26,,1
1788020874455,ui_least-connections_ramp-up_1788020856832,least-connections,server-2,GET,/api/work,200,27,,2
1788020874455,ui_least-connections_ramp-up_1788020856832,least-connections,server-3,GET,/api/work,200,27,,0
1788020874465,ui_least-connections_ramp-up_1788020856832,least-connections,server-2,GET,/api/work,200,26,,2
1788020874473,ui_least-connections_ramp-up_1788020856832,least-connections,server-1,GET,/api/work,200,26,,3
1788020874475,ui_least-connections_ramp-up_1788020856832,least-connections,server-2,GET,/api/work,200,25,,3
1788020874474,ui_least-connections_ramp-up_1788020856832,least-connections,server-1,GET,/api/work,200,26,,2
1788020874482,ui_least-connections_ramp-up_1788020856832,least-connections,server-3,GET,/api/work,200,27,,3
1788020874483,ui_least-connections_ramp-up_1788020856832,least-connections,server-3,GET,/api/work,200,27,,2
1788020874485,ui_least-connections_ramp-up_1788020856832,least-connections,server-2,GET,/api/work,200,26,,3
1788020874484,ui_least-connections_ramp-up_1788020856832,least-connections,server-1,GET,/api/work,200,28,,4
1788020874486,ui_least-connections_ramp-up_1788020856832,least-connections,server-3,GET,/api/work,200,26,,1
1788020874496,ui_least-connections_ramp-up_1788020856832,least-connections,server-2,GET,/api/work,200,26,,3
1788020874497,ui_least-connections_ramp-up_1788020856832,least-connections,server-1,GET,/api/work,200,26,,3
1788020874499,ui_least-connections_ramp-up_1788020856832,least-connections,server-2,GET,/api/work,200,27,,2
1788020874503,ui_least-connections_ramp-up_1788020856832,least-connections,server-1,GET,/api/work,200,26,,2
1788020874503,ui_least-connections_ramp-up_1788020856832,least-connections,server-1,GET,/api/work,200,26,,1
1788020874505,ui_least-connections_ramp-up_1788020856832,least-connections,server-2,GET,/api/work,200,26,,1
1788020874506,ui_least-connections_ramp-up_1788020856832,least-connections,server-3,GET,/api/work,200,27,,3
1788020874507,ui_least-connections_ramp-up_1788020856832,least-connections,server-1,GET,/api/work,200,26,,2
1788020874513,ui_least-connections_ramp-up_1788020856832,least-connections,server-3,GET,/api/work,200,26,,2
1788020874513,ui_least-connections_ramp-up_1788020856832,least-connections,server-2,GET,/api/work,200,26,,1
1788020874513,ui_least-connections_ramp-up_1788020856832,least-connections,server-3,GET,/api/work,200,27,,1
1788020874521,ui_least-connections_ramp-up_1788020856832,least-connections,server-3,GET,/api/work,200,25,,2
1788020874532,ui_least-connections_ramp-up_1788020856832,least-connections,server-2,GET,/api/work,200,26,,3
1788020874532,ui_least-connections_ramp-up_1788020856832,least-connections,server-1,GET,/api/work,200,26,,3
1788020874532,ui_least-connections_ramp-up_1788020856832,least-connections,server-1,GET,/api/work,200,27,,2
1788020874541,ui_least-connections_ramp-up_1788020856832,least-connections,server-2,GET,/api/work,200,25,,3
1788020874542,ui_least-connections_ramp-up_1788020856832,least-connections,server-3,GET,/api/work,200,26,,3
1788020874542,ui_least-connections_ramp-up_1788020856832,least-connections,server-1,GET,/api/work,200,26,,4
1788020874542,ui_least-connections_ramp-up_1788020856832,least-connections,server-3,GET,/api/work,200,27,,2
1788020874542,ui_least-connections_ramp-up_1788020856832,least-connections,server-2,GET,/api/work,200,27,,2
1788020874553,ui_least-connections_ramp-up_1788020856832,least-connections,server-3,GET,/api/work,200,26,,3
1788020874553,ui_least-connections_ramp-up_1788020856832,least-connections,server-1,GET,/api/work,200,27,,3
1788020874556,ui_least-connections_ramp-up_1788020856832,least-connections,server-2,GET,/api/work,200,25,,3
1788020874560,ui_least-connections_ramp-up_1788020856832,least-connections,server-1,GET,/api/work,200,25,,2
1788020874560,ui_least-connections_ramp-up_1788020856832,least-connections,server-1,GET,/api/work,200,27,,1
1788020874562,ui_least-connections_ramp-up_1788020856832,least-connections,server-2,GET,/api/work,200,26,,2
1788020874564,ui_least-connections_ramp-up_1788020856832,least-connections,server-1,GET,/api/work,200,26,,2
1788020874564,ui_least-connections_ramp-up_1788020856832,least-connections,server-3,GET,/api/work,200,26,,2
1788020874571,ui_least-connections_ramp-up_1788020856832,least-connections,server-3,GET,/api/work,200,26,,1
1788020874571,ui_least-connections_ramp-up_1788020856832,least-connections,server-2,GET,/api/work,200,27,,2
1788020874572,ui_least-connections_ramp-up_1788020856832,least-connections,server-2,GET,/api/work,200,26,,1
1788020874577,ui_least-connections_ramp-up_1788020856832,least-connections,server-3,GET,/api/work,200,26,,2
1788020874589,ui_least-connections_ramp-up_1788020856832,least-connections,server-1,GET,/api/work,200,26,,3
1788020874589,ui_least-connections_ramp-up_1788020856832,least-connections,server-2,GET,/api/work,200,27,,3
1788020874589,ui_least-connections_ramp-up_1788020856832,least-connections,server-1,GET,/api/work,200,27,,2
1788020874598,ui_least-connections_ramp-up_1788020856832,least-connections,server-3,GET,/api/work,200,26,,3
1788020874599,ui_least-connections_ramp-up_1788020856832,least-connections,server-2,GET,/api/work,200,26,,3
1788020874600,ui_least-connections_ramp-up_1788020856832,least-connections,server-1,GET,/api/work,200,26,,4
1788020874601,ui_least-connections_ramp-up_1788020856832,least-connections,server-3,GET,/api/work,200,26,,2
1788020874601,ui_least-connections_ramp-up_1788020856832,least-connections,server-2,GET,/api/work,200,27,,2
1788020874610,ui_least-connections_ramp-up_1788020856832,least-connections,server-3,GET,/api/work,200,25,,3
1788020874610,ui_least-connections_ramp-up_1788020856832,least-connections,server-1,GET,/api/work,200,26,,3
1788020874611,ui_least-connections_ramp-up_1788020856832,least-connections,server-2,GET,/api/work,200,26,,3
1788020874616,ui_least-connections_ramp-up_1788020856832,least-connections,server-1,GET,/api/work,200,26,,2
1788020874617,ui_least-connections_ramp-up_1788020856832,least-connections,server-1,GET,/api/work,200,25,,1
1788020874619,ui_least-connections_ramp-up_1788020856832,least-connections,server-2,GET,/api/work,200,27,,2
1788020874621,ui_least-connections_ramp-up_1788020856832,least-connections,server-1,GET,/api/work,200,26,,2
1788020874621,ui_least-connections_ramp-up_1788020856832,least-connections,server-3,GET,/api/work,200,26,,2
1788020874628,ui_least-connections_ramp-up_1788020856832,least-connections,server-2,GET,/api/work,200,27,,2
1788020874629,ui_least-connections_ramp-up_1788020856832,least-connections,server-2,GET,/api/work,200,27,,1
1788020874629,ui_least-connections_ramp-up_1788020856832,least-connections,server-3,GET,/api/work,200,27,,1
1788020874634,ui_least-connections_ramp-up_1788020856832,least-connections,server-3,GET,/api/work,200,26,,2
1788020874646,ui_least-connections_ramp-up_1788020856832,least-connections,server-1,GET,/api/work,200,26,,3
1788020874646,ui_least-connections_ramp-up_1788020856832,least-connections,server-1,GET,/api/work,200,27,,2
1788020874647,ui_least-connections_ramp-up_1788020856832,least-connections,server-2,GET,/api/work,200,26,,3
1788020874654,ui_least-connections_ramp-up_1788020856832,least-connections,server-1,GET,/api/work,200,27,,4
1788020874657,ui_least-connections_ramp-up_1788020856832,least-connections,server-2,GET,/api/work,200,26,,3
1788020874657,ui_least-connections_ramp-up_1788020856832,least-connections,server-3,GET,/api/work,200,27,,3
1788020874657,ui_least-connections_ramp-up_1788020856832,least-connections,server-2,GET,/api/work,200,27,,2
1788020874659,ui_least-connections_ramp-up_1788020856832,least-connections,server-3,GET,/api/work,200,26,,2
1788020874665,ui_least-connections_ramp-up_1788020856832,least-connections,server-3,GET,/api/work,200,25,,2
1788020874667,ui_least-connections_ramp-up_1788020856832,least-connections,server-1,GET,/api/work,200,26,,3
1788020874667,ui_least-connections_ramp-up_1788020856832,least-connections,server-2,GET,/api/work,200,26,,3
1788020874673,ui_least-connections_ramp-up_1788020856832,least-connections,server-1,GET,/api/work,200,27,,2
1788020874674,ui_least-connections_ramp-up_1788020856832,least-connections,server-1,GET,/api/work,200,26,,1
1788020874678,ui_least-connections_ramp-up_1788020856832,least-connections,server-1,GET,/api/work,200,26,,1
1788020874678,ui_least-connections_ramp-up_1788020856832,least-connections,server-3,GET,/api/work,200,27,,2
1788020874678,ui_least-connections_ramp-up_1788020856832,least-connections,server-2,GET,/api/work,200,28,,2
1788020874686,ui_least-connections_ramp-up_1788020856832,least-connections,server-2,GET,/api/work,200,25,,1
1788020874687,ui_least-connections_ramp-up_1788020856832,least-connections,server-3,GET,/api/work,200,26,,1
1788020874687,ui_least-connections_ramp-up_1788020856832,least-connections,server-2,GET,/api/work,200,27,,1
1788020874691,ui_least-connections_ramp-up_1788020856832,least-connections,server-3,GET,/api/work,200,25,,2
1788020874703,ui_least-connections_ramp-up_1788020856832,least-connections,server-1,GET,/api/work,200,25,,3
1788020874705,ui_least-connections_ramp-up_1788020856832,least-connections,server-1,GET,/api/work,200,26,,3
1788020874705,ui_least-connections_ramp-up_1788020856832,least-connections,server-1,GET,/api/work,200,27,,2
1788020874712,ui_least-connections_ramp-up_1788020856832,least-connections,server-2,GET,/api/work,200,26,,3
1788020874714,ui_least-connections_ramp-up_1788020856832,least-connections,server-3,GET,/api/work,200,28,,3
1788020874715,ui_least-connections_ramp-up_1788020856832,least-connections,server-2,GET,/api/work,200,28,,2
1788020874716,ui_least-connections_ramp-up_1788020856832,least-connections,server-3,GET,/api/work,200,27,,2
1788020874716,ui_least-connections_ramp-up_1788020856832,least-connections,server-2,GET,/api/work,200,28,,1
1788020874721,ui_least-connections_ramp-up_1788020856832,least-connections,server-3,GET,/api/work,200,25,,2
1788020874724,ui_least-connections_ramp-up_1788020856832,least-connections,server-1,GET,/api/work,200,27,,4
1788020874724,ui_least-connections_ramp-up_1788020856832,least-connections,server-2,GET,/api/work,200,27,,2
1788020874730,ui_least-connections_ramp-up_1788020856832,least-connections,server-1,GET,/api/work,200,26,,3
1788020874732,ui_least-connections_ramp-up_1788020856832,least-connections,server-1,GET,/api/work,200,27,,2
1788020874736,ui_least-connections_ramp-up_1788020856832,least-connections,server-1,GET,/api/work,200,28,,3
1788020874736,ui_least-connections_ramp-up_1788020856832,least-connections,server-3,GET,/api/work,200,29,,2
1788020874736,ui_least-connections_ramp-up_1788020856832,least-connections,server-1,GET,/api/work,200,29,,2
1788020874745,ui_least-connections_ramp-up_1788020856832,least-connections,server-3,GET,/api/work,200,25,,1
1788020874744,ui_least-connections_ramp-up_1788020856832,least-connections,server-2,GET,/api/work,200,26,,2
1788020874745,ui_least-connections_ramp-up_1788020856832,least-connections,server-2,GET,/api/work,200,26,,1
1788020874746,ui_least-connections_ramp-up_1788020856832,least-connections,server-3,GET,/api/work,200,26,,0
1788020874759,ui_least-connections_ramp-up_1788020856832,least-connections,server-1,GET,/api/work,200,26,,3
1788020874762,ui_least-connections_ramp-up_1788020856832,least-connections,server-1,GET,/api/work,200,26,,3
1788020874762,ui_least-connections_ramp-up_1788020856832,least-connections,server-2,GET,/api/work,200,26,,3
1788020874769,ui_least-connections_ramp-up_1788020856832,least-connections,server-1,GET,/api/work,200,27,,3
1788020874774,ui_least-connections_ramp-up_1788020856832,least-connections,server-3,GET,/api/work,200,26,,3
1788020874775,ui_least-connections_ramp-up_1788020856832,least-connections,server-3,GET,/api/work,200,26,,2
1788020874775,ui_least-connections_ramp-up_1788020856832,least-connections,server-2,GET,/api/work,200,28,,3
1788020874775,ui_least-connections_ramp-up_1788020856832,least-connections,server-2,GET,/api/work,200,31,,2
1788020874776,ui_least-connections_ramp-up_1788020856832,least-connections,server-3,GET,/api/work,200,31,,2
1788020874782,ui_least-connections_ramp-up_1788020856832,least-connections,server-2,GET,/api/work,200,27,,3
1788020874782,ui_least-connections_ramp-up_1788020856832,least-connections,server-1,GET,/api/work,200,27,,3
1788020874786,ui_least-connections_ramp-up_1788020856832,least-connections,server-1,GET,/api/work,200,27,,2
1788020874790,ui_least-connections_ramp-up_1788020856832,least-connections,server-1,GET,/api/work,200,26,,1
1788020874797,ui_least-connections_ramp-up_1788020856832,least-connections,server-2,GET,/api/work,200,27,,2
1788020874797,ui_least-connections_ramp-up_1788020856832,least-connections,server-1,GET,/api/work,200,27,,3
1788020874797,ui_least-connections_ramp-up_1788020856832,least-connections,server-3,GET,/api/work,200,28,,2
1788020874802,ui_least-connections_ramp-up_1788020856832,least-connections,server-3,GET,/api/work,200,27,,1
1788020874808,ui_least-connections_ramp-up_1788020856832,least-connections,server-2,GET,/api/work,200,26,,2
1788020874808,ui_least-connections_ramp-up_1788020856832,least-connections,server-2,GET,/api/work,200,27,,1
1788020874808,ui_least-connections_ramp-up_1788020856832,least-connections,server-3,GET,/api/work,200,28,,1
1788020874817,ui_least-connections_ramp-up_1788020856832,least-connections,server-1,GET,/api/work,200,27,,3
1788020874817,ui_least-connections_ramp-up_1788020856832,least-connections,server-1,GET,/api/work,200,28,,2
1788020874820,ui_least-connections_ramp-up_1788020856832,least-connections,server-1,GET,/api/work,200,27,,2
1788020874827,ui_least-connections_ramp-up_1788020856832,least-connections,server-2,GET,/api/work,200,28,,3
1788020874831,ui_least-connections_ramp-up_1788020856832,least-connections,server-3,GET,/api/work,200,27,,3
1788020874837,ui_least-connections_ramp-up_1788020856832,least-connections,server-2,GET,/api/work,200,27,,3
1788020874838,ui_least-connections_ramp-up_1788020856832,least-connections,server-3,GET,/api/work,200,26,,3
1788020874839,ui_least-connections_ramp-up_1788020856832,least-connections,server-3,GET,/api/work,200,26,,2
1788020874839,ui_least-connections_ramp-up_1788020856832,least-connections,server-2,GET,/api/work,200,27,,2
1788020874840,ui_least-connections_ramp-up_1788020856832,least-connections,server-2,GET,/api/work,200,27,,3
1788020874840,ui_least-connections_ramp-up_1788020856832,least-connections,server-1,GET,/api/work,200,28,,3
1788020874846,ui_least-connections_ramp-up_1788020856832,least-connections,server-1,GET,/api/work,200,27,,2
1788020874848,ui_least-connections_ramp-up_1788020856832,least-connections,server-1,GET,/api/work,200,26,,1
1788020874854,ui_least-connections_ramp-up_1788020856832,least-connections,server-1,GET,/api/work,200,28,,3
1788020874856,ui_least-connections_ramp-up_1788020856832,least-connections,server-3,GET,/api/work,200,26,,2
1788020874856,ui_least-connections_ramp-up_1788020856832,least-connections,server-2,GET,/api/work,200,27,,2
1788020874860,ui_least-connections_ramp-up_1788020856832,least-connections,server-3,GET,/api/work,200,27,,1
1788020874865,ui_least-connections_ramp-up_1788020856832,least-connections,server-3,GET,/api/work,200,28,,1
1788020874867,ui_least-connections_ramp-up_1788020856832,least-connections,server-2,GET,/api/work,200,27,,2
1788020874867,ui_least-connections_ramp-up_1788020856832,least-connections,server-2,GET,/api/work,200,28,,1
1788020874876,ui_least-connections_ramp-up_1788020856832,least-connections,server-1,GET,/api/work,200,26,,3
1788020874876,ui_least-connections_ramp-up_1788020856832,least-connections,server-1,GET,/api/work,200,27,,2
1788020874878,ui_least-connections_ramp-up_1788020856832,least-connections,server-1,GET,/api/work,200,26,,2
1788020874886,ui_least-connections_ramp-up_1788020856832,least-connections,server-2,GET,/api/work,200,26,,3
1788020874889,ui_least-connections_ramp-up_1788020856832,least-connections,server-3,GET,/api/work,200,26,,3
1788020874896,ui_least-connections_ramp-up_1788020856832,least-connections,server-2,GET,/api/work,200,29,,3
1788020874897,ui_least-connections_ramp-up_1788020856832,least-connections,server-2,GET,/api/work,200,29,,2
1788020874896,ui_least-connections_ramp-up_1788020856832,least-connections,server-3,GET,/api/work,200,31,,3
1788020874897,ui_least-connections_ramp-up_1788020856832,least-connections,server-3,GET,/api/work,200,30,,2
1788020874901,ui_least-connections_ramp-up_1788020856832,least-connections,server-2,GET,/api/work,200,27,,2
1788020874901,ui_least-connections_ramp-up_1788020856832,least-connections,server-1,GET,/api/work,200,28,,4
1788020874903,ui_least-connections_ramp-up_1788020856832,least-connections,server-1,GET,/api/work,200,27,,3
1788020874907,ui_least-connections_ramp-up_1788020856832,least-connections,server-1,GET,/api/work,200,27,,3
1788020874913,ui_least-connections_ramp-up_1788020856832,least-connections,server-2,GET,/api/work,200,27,,3
1788020874913,ui_least-connections_ramp-up_1788020856832,least-connections,server-3,GET,/api/work,200,27,,2
1788020874913,ui_least-connections_ramp-up_1788020856832,least-connections,server-1,GET,/api/work,200,28,,2
1788020874917,ui_least-connections_ramp-up_1788020856832,least-connections,server-3,GET,/api/work,200,27,,1
1788020874923,ui_least-connections_ramp-up_1788020856832,least-connections,server-1,GET,/api/work,200,26,,2
1788020874926,ui_least-connections_ramp-up_1788020856832,least-connections,server-2,GET,/api/work,200,28,,2
1788020874928,ui_least-connections_ramp-up_1788020856832,least-connections,server-3,GET,/api/work,200,27,,1
1788020874933,ui_least-connections_ramp-up_1788020856832,least-connections,server-2,GET,/api/work,200,27,,2
1788020874934,ui_least-connections_ramp-up_1788020856832,least-connections,server-1,GET,/api/work,200,26,,3
1788020874934,ui_least-connections_ramp-up_1788020856832,least-connections,server-2,GET,/api/work,200,27,,1
1788020874943,ui_least-connections_ramp-up_1788020856832,least-connections,server-1,GET,/api/work,200,26,,3
1788020874945,ui_least-connections_ramp-up_1788020856832,least-connections,server-3,GET,/api/work,200,26,,2
1788020874957,ui_least-connections_ramp-up_1788020856832,least-connections,server-3,GET,/api/work,200,25,,3
1788020874958,ui_least-connections_ramp-up_1788020856832,least-connections,server-1,GET,/api/work,200,26,,4
1788020874958,ui_least-connections_ramp-up_1788020856832,least-connections,server-2,GET,/api/work,200,27,,3
1788020874959,ui_least-connections_ramp-up_1788020856832,least-connections,server-3,GET,/api/work,200,27,,3
1788020874959,ui_least-connections_ramp-up_1788020856832,least-connections,server-1,GET,/api/work,200,27,,3
1788020874961,ui_least-connections_ramp-up_1788020856832,least-connections,server-2,GET,/api/work,200,27,,3
1788020874962,ui_least-connections_ramp-up_1788020856832,least-connections,server-2,GET,/api/work,200,26,,2
1788020874965,ui_least-connections_ramp-up_1788020856832,least-connections,server-1,GET,/api/work,200,26,,2
1788020874972,ui_least-connections_ramp-up_1788020856832,least-connections,server-2,GET,/api/work,200,26,,2
1788020874972,ui_least-connections_ramp-up_1788020856832,least-connections,server-1,GET,/api/work,200,26,,3
1788020874972,ui_least-connections_ramp-up_1788020856832,least-connections,server-3,GET,/api/work,200,27,,2
1788020874975,ui_least-connections_ramp-up_1788020856832,least-connections,server-3,GET,/api/work,200,26,,1
1788020874980,ui_least-connections_ramp-up_1788020856832,least-connections,server-1,GET,/api/work,200,27,,2
1788020874986,ui_least-connections_ramp-up_1788020856832,least-connections,server-3,GET,/api/work,200,25,,1
1788020874985,ui_least-connections_ramp-up_1788020856832,least-connections,server-2,GET,/api/work,200,27,,2
1788020874990,ui_least-connections_ramp-up_1788020856832,least-connections,server-2,GET,/api/work,200,27,,2
1788020874992,ui_least-connections_ramp-up_1788020856832,least-connections,server-1,GET,/api/work,200,26,,2
1788020874992,ui_least-connections_ramp-up_1788020856832,least-connections,server-1,GET,/api/work,200,27,,1
1788020875000,ui_least-connections_ramp-up_1788020856832,least-connections,server-2,GET,/api/work,200,26,,2
1788020875003,ui_least-connections_ramp-up_1788020856832,least-connections,server-3,GET,/api/work,200,26,,2
1788020875013,ui_least-connections_ramp-up_1788020856832,least-connections,server-3,GET,/api/work,200,27,,3
1788020875016,ui_least-connections_ramp-up_1788020856832,least-connections,server-1,GET,/api/work,200,26,,4
1788020875016,ui_least-connections_ramp-up_1788020856832,least-connections,server-2,GET,/api/work,200,27,,3
1788020875017,ui_least-connections_ramp-up_1788020856832,least-connections,server-3,GET,/api/work,200,27,,3
1788020875017,ui_least-connections_ramp-up_1788020856832,least-connections,server-2,GET,/api/work,200,27,,3
1788020875019,ui_least-connections_ramp-up_1788020856832,least-connections,server-1,GET,/api/work,200,25,,3
1788020875019,ui_least-connections_ramp-up_1788020856832,least-connections,server-1,GET,/api/work,200,27,,2
1788020875022,ui_least-connections_ramp-up_1788020856832,least-connections,server-1,GET,/api/work,200,26,,2
1788020875030,ui_least-connections_ramp-up_1788020856832,least-connections,server-2,GET,/api/work,200,25,,2
1788020875030,ui_least-connections_ramp-up_1788020856832,least-connections,server-2,GET,/api/work,200,26,,1
1788020875030,ui_least-connections_ramp-up_1788020856832,least-connections,server-3,GET,/api/work,200,27,,2
1788020875031,ui_least-connections_ramp-up_1788020856832,least-connections,server-3,GET,/api/work,200,26,,1
1788020875038,ui_least-connections_ramp-up_1788020856832,least-connections,server-1,GET,/api/work,200,26,,3
1788020875043,ui_least-connections_ramp-up_1788020856832,least-connections,server-3,GET,/api/work,200,26,,1
1788020875043,ui_least-connections_ramp-up_1788020856832,least-connections,server-2,GET,/api/work,200,27,,1
1788020875047,ui_least-connections_ramp-up_1788020856832,least-connections,server-1,GET,/api/work,200,27,,2
1788020875049,ui_least-connections_ramp-up_1788020856832,least-connections,server-1,GET,/api/work,200,25,,2
1788020875049,ui_least-connections_ramp-up_1788020856832,least-connections,server-1,GET,/api/work,200,26,,2
1788020875056,ui_least-connections_ramp-up_1788020856832,least-connections,server-2,GET,/api/work,200,26,,2
1788020875060,ui_least-connections_ramp-up_1788020856832,least-connections,server-3,GET,/api/work,200,26,,2
1788020875070,ui_least-connections_ramp-up_1788020856832,least-connections,server-2,GET,/api/work,200,26,,3
1788020875073,ui_least-connections_ramp-up_1788020856832,least-connections,server-3,GET,/api/work,200,26,,3
1788020875074,ui_least-connections_ramp-up_1788020856832,least-connections,server-1,GET,/api/work,200,27,,4
1788020875075,ui_least-connections_ramp-up_1788020856832,least-connections,server-2,GET,/api/work,200,26,,3
1788020875075,ui_least-connections_ramp-up_1788020856832,least-connections,server-1,GET,/api/work,200,26,,3
1788020875076,ui_least-connections_ramp-up_1788020856832,least-connections,server-3,GET,/api/work,200,26,,2
1788020875075,ui_least-connections_ramp-up_1788020856832,least-connections,server-1,GET,/api/work,200,27,,3
1788020875079,ui_least-connections_ramp-up_1788020856832,least-connections,server-1,GET,/api/work,200,27,,3
1788020875086,ui_least-connections_ramp-up_1788020856832,least-connections,server-2,GET,/api/work,200,26,,2
1788020875087,ui_least-connections_ramp-up_1788020856832,least-connections,server-3,GET,/api/work,200,26,,2
1788020875088,ui_least-connections_ramp-up_1788020856832,least-connections,server-3,GET,/api/work,200,27,,1
1788020875088,ui_least-connections_ramp-up_1788020856832,least-connections,server-2,GET,/api/work,200,27,,2
1788020875095,ui_least-connections_ramp-up_1788020856832,least-connections,server-1,GET,/api/work,200,27,,3
1788020875100,ui_least-connections_ramp-up_1788020856832,least-connections,server-2,GET,/api/work,200,25,,1
1788020875101,ui_least-connections_ramp-up_1788020856832,least-connections,server-1,GET,/api/work,200,27,,2
1788020875105,ui_least-connections_ramp-up_1788020856832,least-connections,server-1,GET,/api/work,200,28,,2
1788020875105,ui_least-connections_ramp-up_1788020856832,least-connections,server-3,GET,/api/work,200,28,,1
1788020875106,ui_least-connections_ramp-up_1788020856832,least-connections,server-1,GET,/api/work,200,28,,1
1788020875113,ui_least-connections_ramp-up_1788020856832,least-connections,server-2,GET,/api/work,200,26,,2
1788020875117,ui_least-connections_ramp-up_1788020856832,least-connections,server-3,GET,/api/work,200,26,,2
1788020875130,ui_least-connections_ramp-up_1788020856832,least-connections,server-1,GET,/api/work,200,26,,4
1788020875129,ui_least-connections_ramp-up_1788020856832,least-connections,server-2,GET,/api/work,200,28,,3
1788020875135,ui_least-connections_ramp-up_1788020856832,least-connections,server-1,GET,/api/work,200,26,,4
1788020875135,ui_least-connections_ramp-up_1788020856832,least-connections,server-1,GET,/api/work,200,26,,3
1788020875135,ui_least-connections_ramp-up_1788020856832,least-connections,server-3,GET,/api/work,200,26,,3
1788020875135,ui_least-connections_ramp-up_1788020856832,least-connections,server-2,GET,/api/work,200,27,,3
1788020875135,ui_least-connections_ramp-up_1788020856832,least-connections,server-3,GET,/api/work,200,27,,2
1788020875136,ui_least-connections_ramp-up_1788020856832,least-connections,server-1,GET,/api/work,200,27,,2
1788020875144,ui_least-connections_ramp-up_1788020856832,least-connections,server-3,GET,/api/work,200,26,,2
1788020875144,ui_least-connections_ramp-up_1788020856832,least-connections,server-2,GET,/api/work,200,27,,2
1788020875146,ui_least-connections_ramp-up_1788020856832,least-connections,server-3,GET,/api/work,200,26,,2
1788020875146,ui_least-connections_ramp-up_1788020856832,least-connections,server-2,GET,/api/work,200,27,,1
1788020875153,ui_least-connections_ramp-up_1788020856832,least-connections,server-1,GET,/api/work,200,27,,3
1788020875156,ui_least-connections_ramp-up_1788020856832,least-connections,server-1,GET,/api/work,200,27,,2
1788020875159,ui_least-connections_ramp-up_1788020856832,least-connections,server-2,GET,/api/work,200,27,,1
1788020875165,ui_least-connections_ramp-up_1788020856832,least-connections,server-1,GET,/api/work,200,25,,2
1788020875165,ui_least-connections_ramp-up_1788020856832,least-connections,server-3,GET,/api/work,200,27,,1
1788020875166,ui_least-connections_ramp-up_1788020856832,least-connections,server-1,GET,/api/work,200,27,,2
1788020875170,ui_least-connections_ramp-up_1788020856832,least-connections,server-3,GET,/api/work,200,26,,2
1788020875175,ui_least-connections_ramp-up_1788020856832,least-connections,server-2,GET,/api/work,200,26,,3
1788020875187,ui_least-connections_ramp-up_1788020856832,least-connections,server-2,GET,/api/work,200,26,,4
1788020875187,ui_least-connections_ramp-up_1788020856832,least-connections,server-1,GET,/api/work,200,27,,4
1788020875192,ui_least-connections_ramp-up_1788020856832,least-connections,server-3,GET,/api/work,200,26,,3
1788020875192,ui_least-connections_ramp-up_1788020856832,least-connections,server-1,GET,/api/work,200,27,,4
1788020875194,ui_least-connections_ramp-up_1788020856832,least-connections,server-3,GET,/api/work,200,26,,2
1788020875193,ui_least-connections_ramp-up_1788020856832,least-connections,server-1,GET,/api/work,200,27,,3
1788020875194,ui_least-connections_ramp-up_1788020856832,least-connections,server-2,GET,/api/work,200,27,,3
1788020875194,ui_least-connections_ramp-up_1788020856832,least-connections,server-1,GET,/api/work,200,27,,2
1788020875201,ui_least-connections_ramp-up_1788020856832,least-connections,server-3,GET,/api/work,200,26,,2
1788020875201,ui_least-connections_ramp-up_1788020856832,least-connections,server-2,GET,/api/work,200,27,,3
1788020875204,ui_least-connections_ramp-up_1788020856832,least-connections,server-2,GET,/api/work,200,26,,2
1788020875204,ui_least-connections_ramp-up_1788020856832,least-connections,server-3,GET,/api/work,200,27,,1
1788020875211,ui_least-connections_ramp-up_1788020856832,least-connections,server-1,GET,/api/work,200,25,,3
1788020875213,ui_least-connections_ramp-up_1788020856832,least-connections,server-2,GET,/api/work,200,27,,1
1788020875216,ui_least-connections_ramp-up_1788020856832,least-connections,server-1,GET,/api/work,200,26,,2
1788020875222,ui_least-connections_ramp-up_1788020856832,least-connections,server-1,GET,/api/work,200,26,,2
1788020875223,ui_least-connections_ramp-up_1788020856832,least-connections,server-3,GET,/api/work,200,26,,1
1788020875224,ui_least-connections_ramp-up_1788020856832,least-connections,server-1,GET,/api/work,200,26,,1
1788020875227,ui_least-connections_ramp-up_1788020856832,least-connections,server-2,GET,/api/work,200,26,,2
1788020875232,ui_least-connections_ramp-up_1788020856832,least-connections,server-3,GET,/api/work,200,27,,2
1788020875244,ui_least-connections_ramp-up_1788020856832,least-connections,server-1,GET,/api/work,200,25,,4
1788020875244,ui_least-connections_ramp-up_1788020856832,least-connections,server-2,GET,/api/work,200,26,,3
1788020875250,ui_least-connections_ramp-up_1788020856832,least-connections,server-3,GET,/api/work,200,26,,3
1788020875251,ui_least-connections_ramp-up_1788020856832,least-connections,server-3,GET,/api/work,200,26,,2
1788020875251,ui_least-connections_ramp-up_1788020856832,least-connections,server-2,GET,/api/work,200,27,,3
1788020875251,ui_least-connections_ramp-up_1788020856832,least-connections,server-1,GET,/api/work,200,27,,4
1788020875251,ui_least-connections_ramp-up_1788020856832,least-connections,server-1,GET,/api/work,200,28,,3
1788020875251,ui_least-connections_ramp-up_1788020856832,least-connections,server-1,GET,/api/work,200,28,,2
1788020875258,ui_least-connections_ramp-up_1788020856832,least-connections,server-2,GET,/api/work,200,26,,2
1788020875258,ui_least-connections_ramp-up_1788020856832,least-connections,server-2,GET,/api/work,200,27,,1
1788020875261,ui_least-connections_ramp-up_1788020856832,least-connections,server-3,GET,/api/work,200,26,,2
1788020875262,ui_least-connections_ramp-up_1788020856832,least-connections,server-3,GET,/api/work,200,26,,1
1788020875267,ui_least-connections_ramp-up_1788020856832,least-connections,server-1,GET,/api/work,200,26,,3
1788020875270,ui_least-connections_ramp-up_1788020856832,least-connections,server-1,GET,/api/work,200,26,,2
1788020875273,ui_least-connections_ramp-up_1788020856832,least-connections,server-2,GET,/api/work,200,25,,1
1788020875278,ui_least-connections_ramp-up_1788020856832,least-connections,server-3,GET,/api/work,200,27,,1
1788020875279,ui_least-connections_ramp-up_1788020856832,least-connections,server-1,GET,/api/work,200,26,,2
1788020875281,ui_least-connections_ramp-up_1788020856832,least-connections,server-1,GET,/api/work,200,26,,1
1788020875285,ui_least-connections_ramp-up_1788020856832,least-connections,server-2,GET,/api/work,200,27,,2
1788020875289,ui_least-connections_ramp-up_1788020856832,least-connections,server-3,GET,/api/work,200,27,,2
1788020875300,ui_least-connections_ramp-up_1788020856832,least-connections,server-2,GET,/api/work,200,26,,4
1788020875301,ui_least-connections_ramp-up_1788020856832,least-connections,server-1,GET,/api/work,200,26,,4
1788020875306,ui_least-connections_ramp-up_1788020856832,least-connections,server-3,GET,/api/work,200,27,,3
1788020875308,ui_least-connections_ramp-up_1788020856832,least-connections,server-1,GET,/api/work,200,26,,4
1788020875309,ui_least-connections_ramp-up_1788020856832,least-connections,server-2,GET,/api/work,200,26,,3
1788020875309,ui_least-connections_ramp-up_1788020856832,least-connections,server-1,GET,/api/work,200,27,,3
1788020875310,ui_least-connections_ramp-up_1788020856832,least-connections,server-1,GET,/api/work,200,26,,2
1788020875310,ui_least-connections_ramp-up_1788020856832,least-connections,server-3,GET,/api/work,200,27,,3
1788020875316,ui_least-connections_ramp-up_1788020856832,least-connections,server-3,GET,/api/work,200,26,,2
1788020875316,ui_least-connections_ramp-up_1788020856832,least-connections,server-2,GET,/api/work,200,27,,2
1788020875318,ui_least-connections_ramp-up_1788020856832,least-connections,server-2,GET,/api/work,200,26,,2
1788020875318,ui_least-connections_ramp-up_1788020856832,least-connections,server-3,GET,/api/work,200,27,,1
1788020875324,ui_least-connections_ramp-up_1788020856832,least-connections,server-1,GET,/api/work,200,26,,3
1788020875325,ui_least-connections_ramp-up_1788020856832,least-connections,server-2,GET,/api/work,200,26,,1
1788020875329,ui_least-connections_ramp-up_1788020856832,least-connections,server-1,GET,/api/work,200,26,,2
1788020875334,ui_least-connections_ramp-up_1788020856832,least-connections,server-3,GET,/api/work,200,26,,1
1788020875336,ui_least-connections_ramp-up_1788020856832,least-connections,server-1,GET,/api/work,200,26,,2
1788020875337,ui_least-connections_ramp-up_1788020856832,least-connections,server-1,GET,/api/work,200,27,,1
1788020875343,ui_least-connections_ramp-up_1788020856832,least-connections,server-2,GET,/api/work,200,27,,2
1788020875347,ui_least-connections_ramp-up_1788020856832,least-connections,server-3,GET,/api/work,200,26,,2
1788020875357,ui_least-connections_ramp-up_1788020856832,least-connections,server-2,GET,/api/work,200,26,,4
1788020875358,ui_least-connections_ramp-up_1788020856832,least-connections,server-1,GET,/api/work,200,27,,4
1788020875363,ui_least-connections_ramp-up_1788020856832,least-connections,server-3,GET,/api/work,200,25,,3
1788020875364,ui_least-connections_ramp-up_1788020856832,least-connections,server-1,GET,/api/work,200,26,,4
1788020875364,ui_least-connections_ramp-up_1788020856832,least-connections,server-1,GET,/api/work,200,27,,3
1788020875366,ui_least-connections_ramp-up_1788020856832,least-connections,server-2,GET,/api/work,200,25,,3
1788020875367,ui_least-connections_ramp-up_1788020856832,least-connections,server-3,GET,/api/work,200,26,,2
1788020875367,ui_least-connections_ramp-up_1788020856832,least-connections,server-1,GET,/api/work,200,26,,3
1788020875374,ui_least-connections_ramp-up_1788020856832,least-connections,server-3,GET,/api/work,200,26,,2
1788020875374,ui_least-connections_ramp-up_1788020856832,least-connections,server-2,GET,/api/work,200,27,,2
1788020875375,ui_least-connections_ramp-up_1788020856832,least-connections,server-3,GET,/api/work,200,26,,2
1788020875374,ui_least-connections_ramp-up_1788020856832,least-connections,server-2,GET,/api/work,200,28,,1
1788020875381,ui_least-connections_ramp-up_1788020856832,least-connections,server-1,GET,/api/work,200,25,,3
1788020875382,ui_least-connections_ramp-up_1788020856832,least-connections,server-2,GET,/api/work,200,26,,1
1788020875386,ui_least-connections_ramp-up_1788020856832,least-connections,server-1,GET,/api/work,200,26,,2
1788020875391,ui_least-connections_ramp-up_1788020856832,least-connections,server-1,GET,/api/work,200,26,,2
1788020875393,ui_least-connections_ramp-up_1788020856832,least-connections,server-3,GET,/api/work,200,26,,1
1788020875394,ui_least-connections_ramp-up_1788020856832,least-connections,server-1,GET,/api/work,200,26,,2
1788020875401,ui_least-connections_ramp-up_1788020856832,least-connections,server-3,GET,/api/work,200,26,,2
1788020875404,ui_least-connections_ramp-up_1788020856832,least-connections,server-2,GET,/api/work,200,27,,2
1788020875413,ui_least-connections_ramp-up_1788020856832,least-connections,server-2,GET,/api/work,200,25,,3
1788020875415,ui_least-connections_ramp-up_1788020856832,least-connections,server-1,GET,/api/work,200,26,,4
1788020875419,ui_least-connections_ramp-up_1788020856832,least-connections,server-1,GET,/api/work,200,25,,4
1788020875421,ui_least-connections_ramp-up_1788020856832,least-connections,server-3,GET,/api/work,200,26,,3
1788020875423,ui_least-connections_ramp-up_1788020856832,least-connections,server-2,GET,/api/work,200,26,,3
1788020875422,ui_least-connections_ramp-up_1788020856832,least-connections,server-1,GET,/api/work,200,27,,3
1788020875425,ui_least-connections_ramp-up_1788020856832,least-connections,server-1,GET,/api/work,200,25,,3
1788020875424,ui_least-connections_ramp-up_1788020856832,least-connections,server-3,GET,/api/work,200,27,,3
1788020875432,ui_least-connections_ramp-up_1788020856832,least-connections,server-3,GET,/api/work,200,26,,2
1788020875432,ui_least-connections_ramp-up_1788020856832,least-connections,server-2,GET,/api/work,200,26,,3
1788020875433,ui_least-connections_ramp-up_1788020856832,least-connections,server-3,GET,/api/work,200,26,,1
1788020875433,ui_least-connections_ramp-up_1788020856832,least-connections,server-2,GET,/api/work,200,26,,2
1788020875437,ui_least-connections_ramp-up_1788020856832,least-connections,server-1,GET,/api/work,200,26,,3
1788020875439,ui_least-connections_ramp-up_1788020856832,least-connections,server-2,GET,/api/work,200,25,,1
1788020875443,ui_least-connections_ramp-up_1788020856832,least-connections,server-1,GET,/api/work,200,27,,2
1788020875448,ui_least-connections_ramp-up_1788020856832,least-connections,server-3,GET,/api/work,200,26,,1
1788020875449,ui_least-connections_ramp-up_1788020856832,least-connections,server-1,GET,/api/work,200,26,,2
1788020875451,ui_least-connections_ramp-up_1788020856832,least-connections,server-1,GET,/api/work,200,27,,2
1788020875458,ui_least-connections_ramp-up_1788020856832,least-connections,server-2,GET,/api/work,200,26,,2
1788020875461,ui_least-connections_ramp-up_1788020856832,least-connections,server-3,GET,/api/work,200,26,,2
1788020875469,ui_least-connections_ramp-up_1788020856832,least-connections,server-2,GET,/api/work,200,26,,4
1788020875471,ui_least-connections_ramp-up_1788020856832,least-connections,server-1,GET,/api/work,200,26,,4
1788020875474,ui_least-connections_ramp-up_1788020856832,least-connections,server-3,GET,/api/work,200,26,,3
1788020875477,ui_least-connections_ramp-up_1788020856832,least-connections,server-1,GET,/api/work,200,27,,3
1788020875480,ui_least-connections_ramp-up_1788020856832,least-connections,server-1,GET,/api/work,200,25,,2
1788020875480,ui_least-connections_ramp-up_1788020856832,least-connections,server-2,GET,/api/work,200,26,,3
1788020875482,ui_least-connections_ramp-up_1788020856832,least-connections,server-1,GET,/api/work,200,25,,3
1788020875481,ui_least-connections_ramp-up_1788020856832,least-connections,server-3,GET,/api/work,200,26,,3
1788020875490,ui_least-connections_ramp-up_1788020856832,least-connections,server-3,GET,/api/work,200,25,,2
1788020875489,ui_least-connections_ramp-up_1788020856832,least-connections,server-2,GET,/api/work,200,26,,3
1788020875490,ui_least-connections_ramp-up_1788020856832,least-connections,server-2,GET,/api/work,200,26,,2
1788020875490,ui_least-connections_ramp-up_1788020856832,least-connections,server-3,GET,/api/work,200,26,,1
1788020875494,ui_least-connections_ramp-up_1788020856832,least-connections,server-1,GET,/api/work,200,26,,3
1788020875494,ui_least-connections_ramp-up_1788020856832,least-connections,server-2,GET,/api/work,200,27,,1
1788020875500,ui_least-connections_ramp-up_1788020856832,least-connections,server-3,GET,/api/work,200,26,,1
1788020875505,ui_least-connections_ramp-up_1788020856832,least-connections,server-1,GET,/api/work,200,26,,2
1788020875506,ui_least-connections_ramp-up_1788020856832,least-connections,server-1,GET,/api/work,200,27,,1
1788020875509,ui_least-connections_ramp-up_1788020856832,least-connections,server-1,GET,/api/work,200,25,,0
1788020875514,ui_least-connections_ramp-up_1788020856832,least-connections,server-2,GET,/api/work,200,28,,2
1788020875518,ui_least-connections_ramp-up_1788020856832,least-connections,server-3,GET,/api/work,200,27,,2
1788020875525,ui_least-connections_ramp-up_1788020856832,least-connections,server-2,GET,/api/work,200,26,,3
1788020875528,ui_least-connections_ramp-up_1788020856832,least-connections,server-3,GET,/api/work,200,25,,3
1788020875531,ui_least-connections_ramp-up_1788020856832,least-connections,server-2,GET,/api/work,200,26,,3
1788020875535,ui_least-connections_ramp-up_1788020856832,least-connections,server-1,GET,/api/work,200,25,,4
1788020875536,ui_least-connections_ramp-up_1788020856832,least-connections,server-1,GET,/api/work,200,27,,3
1788020875537,ui_least-connections_ramp-up_1788020856832,least-connections,server-1,GET,/api/work,200,26,,2
1788020875538,ui_least-connections_ramp-up_1788020856832,least-connections,server-3,GET,/api/work,200,26,,3
1788020875538,ui_least-connections_ramp-up_1788020856832,least-connections,server-1,GET,/api/work,200,26,,1
1788020875546,ui_least-connections_ramp-up_1788020856832,least-connections,server-2,GET,/api/work,200,26,,3
1788020875546,ui_least-connections_ramp-up_1788020856832,least-connections,server-2,GET,/api/work,200,26,,2
1788020875546,ui_least-connections_ramp-up_1788020856832,least-connections,server-3,GET,/api/work,200,27,,2
1788020875546,ui_least-connections_ramp-up_1788020856832,least-connections,server-3,GET,/api/work,200,27,,1
1788020875551,ui_least-connections_ramp-up_1788020856832,least-connections,server-1,GET,/api/work,200,26,,2
1788020875552,ui_least-connections_ramp-up_1788020856832,least-connections,server-2,GET,/api/work,200,30,,2
1788020875557,ui_least-connections_ramp-up_1788020856832,least-connections,server-2,GET,/api/work,200,26,,1
1788020875562,ui_least-connections_ramp-up_1788020856832,least-connections,server-3,GET,/api/work,200,27,,1
1788020875564,ui_least-connections_ramp-up_1788020856832,least-connections,server-1,GET,/api/work,200,27,,2
1788020875565,ui_least-connections_ramp-up_1788020856832,least-connections,server-1,GET,/api/work,200,26,,1
1788020875573,ui_least-connections_ramp-up_1788020856832,least-connections,server-2,GET,/api/work,200,27,,2
1788020875576,ui_least-connections_ramp-up_1788020856832,least-connections,server-3,GET,/api/work,200,27,,2
1788020875582,ui_least-connections_ramp-up_1788020856832,least-connections,server-1,GET,/api/work,200,26,,4
1788020875584,ui_least-connections_ramp-up_1788020856832,least-connections,server-2,GET,/api/work,200,26,,3
1788020875590,ui_least-connections_ramp-up_1788020856832,least-connections,server-3,GET,/api/work,200,26,,3
1788020875590,ui_least-connections_ramp-up_1788020856832,least-connections,server-2,GET,/api/work,200,27,,3
1788020875594,ui_least-connections_ramp-up_1788020856832,least-connections,server-1,GET,/api/work,200,26,,4
1788020875595,ui_least-connections_ramp-up_1788020856832,least-connections,server-1,GET,/api/work,200,26,,3
1788020875595,ui_least-connections_ramp-up_1788020856832,least-connections,server-3,GET,/api/work,200,26,,2
1788020875595,ui_least-connections_ramp-up_1788020856832,least-connections,server-1,GET,/api/work,200,27,,2
1788020875604,ui_least-connections_ramp-up_1788020856832,least-connections,server-3,GET,/api/work,200,25,,2
1788020875603,ui_least-connections_ramp-up_1788020856832,least-connections,server-2,GET,/api/work,200,27,,2
1788020875604,ui_least-connections_ramp-up_1788020856832,least-connections,server-3,GET,/api/work,200,27,,1
1788020875604,ui_least-connections_ramp-up_1788020856832,least-connections,server-2,GET,/api/work,200,27,,1
1788020875608,ui_least-connections_ramp-up_1788020856832,least-connections,server-1,GET,/api/work,200,25,,3
1788020875613,ui_least-connections_ramp-up_1788020856832,least-connections,server-2,GET,/api/work,200,26,,1
1788020875614,ui_least-connections_ramp-up_1788020856832,least-connections,server-1,GET,/api/work,200,28,,2
1788020875623,ui_least-connections_ramp-up_1788020856832,least-connections,server-3,GET,/api/work,200,26,,2
1788020875622,ui_least-connections_ramp-up_1788020856832,least-connections,server-1,GET,/api/work,200,28,,2
1788020875623,ui_least-connections_ramp-up_1788020856832,least-connections,server-1,GET,/api/work,200,28,,1
1788020875631,ui_least-connections_ramp-up_1788020856832,least-connections,server-2,GET,/api/work,200,26,,2
1788020875634,ui_least-connections_ramp-up_1788020856832,least-connections,server-3,GET,/api/work,200,27,,2
1788020875639,ui_least-connections_ramp-up_1788020856832,least-connections,server-2,GET,/api/work,200,27,,3
1788020875642,ui_least-connections_ramp-up_1788020856832,least-connections,server-1,GET,/api/work,200,27,,4
1788020875648,ui_least-connections_ramp-up_1788020856832,least-connections,server-3,GET,/api/work,200,27,,3
1788020875647,ui_least-connections_ramp-up_1788020856832,least-connections,server-2,GET,/api/work,200,29,,3
1788020875653,ui_least-connections_ramp-up_1788020856832,least-connections,server-3,GET,/api/work,200,28,,2
1788020875651,ui_least-connections_ramp-up_1788020856832,least-connections,server-1,GET,/api/work,200,30,,4
1788020875653,ui_least-connections_ramp-up_1788020856832,least-connections,server-1,GET,/api/work,200,28,,3
1788020875653,ui_least-connections_ramp-up_1788020856832,least-connections,server-1,GET,/api/work,200,29,,3
1788020875660,ui_least-connections_ramp-up_1788020856832,least-connections,server-2,GET,/api/work,200,28,,3
1788020875662,ui_least-connections_ramp-up_1788020856832,least-connections,server-3,GET,/api/work,200,26,,2
1788020875660,ui_least-connections_ramp-up_1788020856832,least-connections,server-2,GET,/api/work,200,28,,2
1788020875663,ui_least-connections_ramp-up_1788020856832,least-connections,server-3,GET,/api/work,200,26,,1
1788020875665,ui_least-connections_ramp-up_1788020856832,least-connections,server-1,GET,/api/work,200,26,,2
1788020875670,ui_least-connections_ramp-up_1788020856832,least-connections,server-2,GET,/api/work,200,27,,2
1788020875673,ui_least-connections_ramp-up_1788020856832,least-connections,server-1,GET,/api/work,200,27,,2
1788020875680,ui_least-connections_ramp-up_1788020856832,least-connections,server-2,GET,/api/work,200,25,,2
1788020875682,ui_least-connections_ramp-up_1788020856832,least-connections,server-1,GET,/api/work,200,26,,2
1788020875682,ui_least-connections_ramp-up_1788020856832,least-connections,server-3,GET,/api/work,200,27,,1
1788020875689,ui_least-connections_ramp-up_1788020856832,least-connections,server-2,GET,/api/work,200,25,,2
1788020875691,ui_least-connections_ramp-up_1788020856832,least-connections,server-3,GET,/api/work,200,26,,2
1788020875696,ui_least-connections_ramp-up_1788020856832,least-connections,server-1,GET,/api/work,200,26,,4
1788020875699,ui_least-connections_ramp-up_1788020856832,least-connections,server-2,GET,/api/work,200,26,,3
1788020875706,ui_least-connections_ramp-up_1788020856832,least-connections,server-1,GET,/api/work,200,26,,4
1788020875708,ui_least-connections_ramp-up_1788020856832,least-connections,server-2,GET,/api/work,200,25,,3
1788020875712,ui_least-connections_ramp-up_1788020856832,least-connections,server-3,GET,/api/work,200,27,,3
1788020875712,ui_least-connections_ramp-up_1788020856832,least-connections,server-1,GET,/api/work,200,27,,3
1788020875712,ui_least-connections_ramp-up_1788020856832,least-connections,server-1,GET,/api/work,200,27,,2
1788020875712,ui_least-connections_ramp-up_1788020856832,least-connections,server-3,GET,/api/work,200,28,,2
1788020875719,ui_least-connections_ramp-up_1788020856832,least-connections,server-2,GET,/api/work,200,26,,3
1788020875719,ui_least-connections_ramp-up_1788020856832,least-connections,server-3,GET,/api/work,200,27,,2
1788020875719,ui_least-connections_ramp-up_1788020856832,least-connections,server-2,GET,/api/work,200,27,,2
1788020875720,ui_least-connections_ramp-up_1788020856832,least-connections,server-3,GET,/api/work,200,26,,1
1788020875722,ui_least-connections_ramp-up_1788020856832,least-connections,server-1,GET,/api/work,200,26,,3
1788020875727,ui_least-connections_ramp-up_1788020856832,least-connections,server-2,GET,/api/work,200,26,,1
1788020875731,ui_least-connections_ramp-up_1788020856832,least-connections,server-1,GET,/api/work,200,26,,2
1788020875736,ui_least-connections_ramp-up_1788020856832,least-connections,server-2,GET,/api/work,200,26,,2
1788020875740,ui_least-connections_ramp-up_1788020856832,least-connections,server-1,GET,/api/work,200,26,,2
1788020875740,ui_least-connections_ramp-up_1788020856832,least-connections,server-3,GET,/api/work,200,27,,1
1788020875744,ui_least-connections_ramp-up_1788020856832,least-connections,server-1,GET,/api/work,200,26,,2
1788020875748,ui_least-connections_ramp-up_1788020856832,least-connections,server-3,GET,/api/work,200,26,,2
1788020875753,ui_least-connections_ramp-up_1788020856832,least-connections,server-2,GET,/api/work,200,26,,3
1788020875756,ui_least-connections_ramp-up_1788020856832,least-connections,server-2,GET,/api/work,200,26,,2
1788020875764,ui_least-connections_ramp-up_1788020856832,least-connections,server-2,GET,/api/work,200,25,,3
1788020875763,ui_least-connections_ramp-up_1788020856832,least-connections,server-1,GET,/api/work,200,27,,4
1788020875770,ui_least-connections_ramp-up_1788020856832,least-connections,server-1,GET,/api/work,200,26,,3
1788020875771,ui_least-connections_ramp-up_1788020856832,least-connections,server-1,GET,/api/work,200,25,,2
1788020875770,ui_least-connections_ramp-up_1788020856832,least-connections,server-3,GET,/api/work,200,27,,3
1788020875771,ui_least-connections_ramp-up_1788020856832,least-connections,server-3,GET,/api/work,200,27,,2
1788020875776,ui_least-connections_ramp-up_1788020856832,least-connections,server-3,GET,/api/work,200,25,,1
1788020875777,ui_least-connections_ramp-up_1788020856832,least-connections,server-2,GET,/api/work,200,26,,3
1788020875777,ui_least-connections_ramp-up_1788020856832,least-connections,server-1,GET,/api/work,200,26,,3
1788020875778,ui_least-connections_ramp-up_1788020856832,least-connections,server-3,GET,/api/work,200,26,,1
1788020875778,ui_least-connections_ramp-up_1788020856832,least-connections,server-1,GET,/api/work,200,27,,2
1788020875784,ui_least-connections_ramp-up_1788020856832,least-connections,server-2,GET,/api/work,200,26,,2
1788020875788,ui_least-connections_ramp-up_1788020856832,least-connections,server-2,GET,/api/work,200,25,,2
1788020875792,ui_least-connections_ramp-up_1788020856832,least-connections,server-2,GET,/api/work,200,25,,1
1788020875797,ui_least-connections_ramp-up_1788020856832,least-connections,server-1,GET,/api/work,200,27,,2
1788020875797,ui_least-connections_ramp-up_1788020856832,least-connections,server-1,GET,/api/work,200,27,,1
1788020875801,ui_least-connections_ramp-up_1788020856832,least-connections,server-3,GET,/api/work,200,26,,1
1788020875805,ui_least-connections_ramp-up_1788020856832,least-connections,server-3,GET,/api/work,200,27,,2
1788020875811,ui_least-connections_ramp-up_1788020856832,least-connections,server-1,GET,/api/work,200,25,,4
1788020875812,ui_least-connections_ramp-up_1788020856832,least-connections,server-2,GET,/api/work,200,26,,3
1788020875821,ui_least-connections_ramp-up_1788020856832,least-connections,server-2,GET,/api/work,200,26,,3
1788020875821,ui_least-connections_ramp-up_1788020856832,least-connections,server-2,GET,/api/work,200,26,,2
1788020875827,ui_least-connections_ramp-up_1788020856832,least-connections,server-3,GET,/api/work,200,26,,3
1788020875827,ui_least-connections_ramp-up_1788020856832,least-connections,server-1,GET,/api/work,200,26,,4
1788020875828,ui_least-connections_ramp-up_1788020856832,least-connections,server-3,GET,/api/work,200,26,,2
1788020875828,ui_least-connections_ramp-up_1788020856832,least-connections,server-1,GET,/api/work,200,26,,3
1788020875832,ui_least-connections_ramp-up_1788020856832,least-connections,server-3,GET,/api/work,200,26,,2
1788020875833,ui_least-connections_ramp-up_1788020856832,least-connections,server-2,GET,/api/work,200,26,,3
1788020875833,ui_least-connections_ramp-up_1788020856832,least-connections,server-1,GET,/api/work,200,26,,3
1788020875835,ui_least-connections_ramp-up_1788020856832,least-connections,server-3,GET,/api/work,200,26,,1
1788020875835,ui_least-connections_ramp-up_1788020856832,least-connections,server-1,GET,/api/work,200,26,,2
1788020875841,ui_least-connections_ramp-up_1788020856832,least-connections,server-2,GET,/api/work,200,26,,2
1788020875843,ui_least-connections_ramp-up_1788020856832,least-connections,server-1,GET,/api/work,200,26,,2
1788020875847,ui_least-connections_ramp-up_1788020856832,least-connections,server-2,GET,/api/work,200,26,,1
1788020875854,ui_least-connections_ramp-up_1788020856832,least-connections,server-1,GET,/api/work,200,26,,2
1788020875854,ui_least-connections_ramp-up_1788020856832,least-connections,server-3,GET,/api/work,200,27,,1
1788020875858,ui_least-connections_ramp-up_1788020856832,least-connections,server-2,GET,/api/work,200,27,,2
1788020875862,ui_least-connections_ramp-up_1788020856832,least-connections,server-3,GET,/api/work,200,25,,2
1788020875867,ui_least-connections_ramp-up_1788020856832,least-connections,server-1,GET,/api/work,200,26,,4
1788020875869,ui_least-connections_ramp-up_1788020856832,least-connections,server-1,GET,/api/work,200,26,,3
1788020875878,ui_least-connections_ramp-up_1788020856832,least-connections,server-2,GET,/api/work,200,26,,3
1788020875878,ui_least-connections_ramp-up_1788020856832,least-connections,server-2,GET,/api/work,200,26,,2
1788020875884,ui_least-connections_ramp-up_1788020856832,least-connections,server-3,GET,/api/work,200,26,,3
1788020875885,ui_least-connections_ramp-up_1788020856832,least-connections,server-2,GET,/api/work,200,26,,3
1788020875885,ui_least-connections_ramp-up_1788020856832,least-connections,server-1,GET,/api/work,200,26,,4
1788020875885,ui_least-connections_ramp-up_1788020856832,least-connections,server-3,GET,/api/work,200,27,,3
1788020875889,ui_least-connections_ramp-up_1788020856832,least-connections,server-3,GET,/api/work,200,26,,2
1788020875891,ui_least-connections_ramp-up_1788020856832,least-connections,server-2,GET,/api/work,200,25,,2
1788020875890,ui_least-connections_ramp-up_1788020856832,least-connections,server-1,GET,/api/work,200,27,,3
1788020875892,ui_least-connections_ramp-up_1788020856832,least-connections,server-1,GET,/api/work,200,26,,2
1788020875892,ui_least-connections_ramp-up_1788020856832,least-connections,server-3,GET,/api/work,200,28,,2
1788020875898,ui_least-connections_ramp-up_1788020856832,least-connections,server-1,GET,/api/work,200,26,,2
1788020875900,ui_least-connections_ramp-up_1788020856832,least-connections,server-1,GET,/api/work,200,26,,1
1788020875904,ui_least-connections_ramp-up_1788020856832,least-connections,server-2,GET,/api/work,200,26,,2
1788020875911,ui_least-connections_ramp-up_1788020856832,least-connections,server-3,GET,/api/work,200,26,,1
1788020875911,ui_least-connections_ramp-up_1788020856832,least-connections,server-2,GET,/api/work,200,26,,2
1788020875916,ui_least-connections_ramp-up_1788020856832,least-connections,server-3,GET,/api/work,200,28,,2
1788020875919,ui_least-connections_ramp-up_1788020856832,least-connections,server-1,GET,/api/work,200,29,,3
1788020875924,ui_least-connections_ramp-up_1788020856832,least-connections,server-2,GET,/api/work,200,26,,3
1788020875926,ui_least-connections_ramp-up_1788020856832,least-connections,server-1,GET,/api/work,200,27,,4
1788020875935,ui_least-connections_ramp-up_1788020856832,least-connections,server-2,GET,/api/work,200,25,,4
1788020875934,ui_least-connections_ramp-up_1788020856832,least-connections,server-1,GET,/api/work,200,27,,4
1788020875941,ui_least-connections_ramp-up_1788020856832,least-connections,server-3,GET,/api/work,200,26,,3
1788020875942,ui_least-connections_ramp-up_1788020856832,least-connections,server-3,GET,/api/work,200,26,,3
1788020875943,ui_least-connections_ramp-up_1788020856832,least-connections,server-1,GET,/api/work,200,25,,4
1788020875942,ui_least-connections_ramp-up_1788020856832,least-connections,server-2,GET,/api/work,200,27,,3
1788020875946,ui_least-connections_ramp-up_1788020856832,least-connections,server-3,GET,/api/work,200,27,,2
1788020875947,ui_least-connections_ramp-up_1788020856832,least-connections,server-3,GET,/api/work,200,26,,1
1788020875947,ui_least-connections_ramp-up_1788020856832,least-connections,server-2,GET,/api/work,200,27,,2
1788020875949,ui_least-connections_ramp-up_1788020856832,least-connections,server-1,GET,/api/work,200,26,,3
1788020875949,ui_least-connections_ramp-up_1788020856832,least-connections,server-1,GET,/api/work,200,26,,2
1788020875955,ui_least-connections_ramp-up_1788020856832,least-connections,server-2,GET,/api/work,200,26,,2
1788020875957,ui_least-connections_ramp-up_1788020856832,least-connections,server-1,GET,/api/work,200,25,,2
1788020875960,ui_least-connections_ramp-up_1788020856832,least-connections,server-2,GET,/api/work,200,26,,1
1788020875968,ui_least-connections_ramp-up_1788020856832,least-connections,server-3,GET,/api/work,200,26,,1
1788020875968,ui_least-connections_ramp-up_1788020856832,least-connections,server-1,GET,/api/work,200,26,,2
1788020875976,ui_least-connections_ramp-up_1788020856832,least-connections,server-3,GET,/api/work,200,25,,2
1788020875978,ui_least-connections_ramp-up_1788020856832,least-connections,server-1,GET,/api/work,200,26,,3
1788020875981,ui_least-connections_ramp-up_1788020856832,least-connections,server-2,GET,/api/work,200,27,,3
1788020875983,ui_least-connections_ramp-up_1788020856832,least-connections,server-1,GET,/api/work,200,25,,4
1788020875991,ui_least-connections_ramp-up_1788020856832,least-connections,server-2,GET,/api/work,200,25,,3
1788020875991,ui_least-connections_ramp-up_1788020856832,least-connections,server-2,GET,/api/work,200,26,,3
1788020875999,ui_least-connections_ramp-up_1788020856832,least-connections,server-1,GET,/api/work,200,26,,4
1788020875999,ui_least-connections_ramp-up_1788020856832,least-connections,server-3,GET,/api/work,200,26,,3
1788020875999,ui_least-connections_ramp-up_1788020856832,least-connections,server-1,GET,/api/work,200,26,,3
1788020875999,ui_least-connections_ramp-up_1788020856832,least-connections,server-3,GET,/api/work,200,26,,2
1788020876004,ui_least-connections_ramp-up_1788020856832,least-connections,server-3,GET,/api/work,200,26,,1
1788020876005,ui_least-connections_ramp-up_1788020856832,least-connections,server-1,GET,/api/work,200,26,,2
1788020876005,ui_least-connections_ramp-up_1788020856832,least-connections,server-2,GET,/api/work,200,26,,4
1788020876006,ui_least-connections_ramp-up_1788020856832,least-connections,server-3,GET,/api/work,200,26,,1
1788020876006,ui_least-connections_ramp-up_1788020856832,least-connections,server-1,GET,/api/work,200,27,,1
1788020876012,ui_least-connections_ramp-up_1788020856832,least-connections,server-2,GET,/api/work,200,26,,3
1788020876013,ui_least-connections_ramp-up_1788020856832,least-connections,server-1,GET,/api/work,200,27,,2
1788020876016,ui_least-connections_ramp-up_1788020856832,least-connections,server-2,GET,/api/work,200,27,,2
1788020876024,ui_least-connections_ramp-up_1788020856832,least-connections,server-2,GET,/api/work,200,27,,2
1788020876024,ui_least-connections_ramp-up_1788020856832,least-connections,server-2,GET,/api/work,200,27,,1
1788020876031,ui_least-connections_ramp-up_1788020856832,least-connections,server-3,GET,/api/work,200,27,,2
1788020876035,ui_least-connections_ramp-up_1788020856832,least-connections,server-1,GET,/api/work,200,25,,3
1788020876038,ui_least-connections_ramp-up_1788020856832,least-connections,server-3,GET,/api/work,200,26,,3
1788020876039,ui_least-connections_ramp-up_1788020856832,least-connections,server-1,GET,/api/work,200,26,,3
1788020876046,ui_least-connections_ramp-up_1788020856832,least-connections,server-1,GET,/api/work,200,27,,4
1788020876048,ui_least-connections_ramp-up_1788020856832,least-connections,server-2,GET,/api/work,200,26,,3
1788020876056,ui_least-connections_ramp-up_1788020856832,least-connections,server-2,GET,/api/work,200,26,,2
1788020876057,ui_least-connections_ramp-up_1788020856832,least-connections,server-1,GET,/api/work,200,26,,4
1788020876057,ui_least-connections_ramp-up_1788020856832,least-connections,server-3,GET,/api/work,200,27,,3
1788020876057,ui_least-connections_ramp-up_1788020856832,least-connections,server-2,GET,/api/work,200,27,,3
1788020876061,ui_least-connections_ramp-up_1788020856832,least-connections,server-3,GET,/api/work,200,26,,2
1788020876062,ui_least-connections_ramp-up_1788020856832,least-connections,server-1,GET,/api/work,200,26,,3
1788020876062,ui_least-connections_ramp-up_1788020856832,least-connections,server-2,GET,/api/work,200,26,,2
1788020876063,ui_least-connections_ramp-up_1788020856832,least-connections,server-3,GET,/api/work,200,27,,1
1788020876065,ui_least-connections_ramp-up_1788020856832,least-connections,server-1,GET,/api/work,200,26,,2
1788020876068,ui_least-connections_ramp-up_1788020856832,least-connections,server-3,GET,/api/work,200,26,,1
1788020876070,ui_least-connections_ramp-up_1788020856832,least-connections,server-1,GET,/api/work,200,25,,1
1788020876073,ui_least-connections_ramp-up_1788020856832,least-connections,server-1,GET,/api/work,200,26,,1
1788020876083,ui_least-connections_ramp-up_1788020856832,least-connections,server-2,GET,/api/work,200,26,,2
1788020876083,ui_least-connections_ramp-up_1788020856832,least-connections,server-2,GET,/api/work,200,27,,1
1788020876088,ui_least-connections_ramp-up_1788020856832,least-connections,server-2,GET,/api/work,200,26,,2
1788020876090,ui_least-connections_ramp-up_1788020856832,least-connections,server-3,GET,/api/work,200,27,,2
1788020876096,ui_least-connections_ramp-up_1788020856832,least-connections,server-1,GET,/api/work,200,25,,3
1788020876095,ui_least-connections_ramp-up_1788020856832,least-connections,server-3,GET,/api/work,200,27,,3
1788020876103,ui_least-connections_ramp-up_1788020856832,least-connections,server-1,GET,/api/work,200,26,,4
1788020876104,ui_least-connections_ramp-up_1788020856832,least-connections,server-1,GET,/api/work,200,25,,3
1788020876114,ui_least-connections_ramp-up_1788020856832,least-connections,server-3,GET,/api/work,200,25,,3
1788020876114,ui_least-connections_ramp-up_1788020856832,least-connections,server-2,GET,/api/work,200,26,,3
1788020876114,ui_least-connections_ramp-up_1788020856832,least-connections,server-2,GET,/api/work,200,26,,2
1788020876114,ui_least-connections_ramp-up_1788020856832,least-connections,server-1,GET,/api/work,200,27,,3
1788020876118,ui_least-connections_ramp-up_1788020856832,least-connections,server-2,GET,/api/work,200,27,,2
1788020876119,ui_least-connections_ramp-up_1788020856832,least-connections,server-2,GET,/api/work,200,26,,2
1788020876119,ui_least-connections_ramp-up_1788020856832,least-connections,server-3,GET,/api/work,200,27,,2
1788020876120,ui_least-connections_ramp-up_1788020856832,least-connections,server-3,GET,/api/work,200,26,,1
1788020876121,ui_least-connections_ramp-up_1788020856832,least-connections,server-1,GET,/api/work,200,26,,3
1788020876125,ui_least-connections_ramp-up_1788020856832,least-connections,server-3,GET,/api/work,200,25,,1
1788020876126,ui_least-connections_ramp-up_1788020856832,least-connections,server-1,GET,/api/work,200,26,,2
1788020876130,ui_least-connections_ramp-up_1788020856832,least-connections,server-1,GET,/api/work,200,26,,2
1788020876141,ui_least-connections_ramp-up_1788020856832,least-connections,server-2,GET,/api/work,200,25,,2
1788020876141,ui_least-connections_ramp-up_1788020856832,least-connections,server-1,GET,/api/work,200,26,,2
1788020876145,ui_least-connections_ramp-up_1788020856832,least-connections,server-2,GET,/api/work,200,26,,1
1788020876148,ui_least-connections_ramp-up_1788020856832,least-connections,server-3,GET,/api/work,200,27,,2
1788020876152,ui_least-connections_ramp-up_1788020856832,least-connections,server-3,GET,/api/work,200,25,,3
1788020876153,ui_least-connections_ramp-up_1788020856832,least-connections,server-1,GET,/api/work,200,26,,4
1788020876160,ui_least-connections_ramp-up_1788020856832,least-connections,server-1,GET,/api/work,200,26,,4
1788020876161,ui_least-connections_ramp-up_1788020856832,least-connections,server-2,GET,/api/work,200,26,,4
1788020876169,ui_least-connections_ramp-up_1788020856832,least-connections,server-1,GET,/api/work,200,26,,3
1788020876171,ui_least-connections_ramp-up_1788020856832,least-connections,server-2,GET,/api/work,200,26,,3
1788020876172,ui_least-connections_ramp-up_1788020856832,least-connections,server-3,GET,/api/work,200,26,,3
1788020876171,ui_least-connections_ramp-up_1788020856832,least-connections,server-2,GET,/api/work,200,27,,2
1788020876177,ui_least-connections_ramp-up_1788020856832,least-connections,server-2,GET,/api/work,200,26,,3
1788020876176,ui_least-connections_ramp-up_1788020856832,least-connections,server-1,GET,/api/work,200,27,,3
1788020876176,ui_least-connections_ramp-up_1788020856832,least-connections,server-3,GET,/api/work,200,27,,2
1788020876177,ui_least-connections_ramp-up_1788020856832,least-connections,server-1,GET,/api/work,200,26,,2
1788020876177,ui_least-connections_ramp-up_1788020856832,least-connections,server-3,GET,/api/work,200,27,,1
1788020876181,ui_least-connections_ramp-up_1788020856832,least-connections,server-3,GET,/api/work,200,26,,1
1788020876183,ui_least-connections_ramp-up_1788020856832,least-connections,server-1,GET,/api/work,200,25,,1
1788020876186,ui_least-connections_ramp-up_1788020856832,least-connections,server-2,GET,/api/work,200,26,,2
1788020876197,ui_least-connections_ramp-up_1788020856832,least-connections,server-1,GET,/api/work,200,25,,2
1788020876198,ui_least-connections_ramp-up_1788020856832,least-connections,server-2,GET,/api/work,200,26,,2
1788020876202,ui_least-connections_ramp-up_1788020856832,least-connections,server-2,GET,/api/work,200,26,,2
1788020876204,ui_least-connections_ramp-up_1788020856832,least-connections,server-3,GET,/api/work,200,26,,2
1788020876208,ui_least-connections_ramp-up_1788020856832,least-connections,server-3,GET,/api/work,200,26,,1
1788020876208,ui_least-connections_ramp-up_1788020856832,least-connections,server-1,GET,/api/work,200,27,,2
1788020876217,ui_least-connections_ramp-up_1788020856832,least-connections,server-1,GET,/api/work,200,26,,4
1788020876217,ui_least-connections_ramp-up_1788020856832,least-connections,server-2,GET,/api/work,200,26,,3
1788020876226,ui_least-connections_ramp-up_1788020856832,least-connections,server-1,GET,/api/work,200,25,,3
1788020876228,ui_least-connections_ramp-up_1788020856832,least-connections,server-2,GET,/api/work,200,27,,3
1788020876229,ui_least-connections_ramp-up_1788020856832,least-connections,server-2,GET,/api/work,200,26,,3
1788020876229,ui_least-connections_ramp-up_1788020856832,least-connections,server-3,GET,/api/work,200,27,,3
1788020876236,ui_least-connections_ramp-up_1788020856832,least-connections,server-1,GET,/api/work,200,25,,3
1788020876235,ui_least-connections_ramp-up_1788020856832,least-connections,server-3,GET,/api/work,200,26,,3
1788020876236,ui_least-connections_ramp-up_1788020856832,least-connections,server-3,GET,/api/work,200,26,,2
1788020876236,ui_least-connections_ramp-up_1788020856832,least-connections,server-2,GET,/api/work,200,26,,3
1788020876236,ui_least-connections_ramp-up_1788020856832,least-connections,server-1,GET,/api/work,200,26,,2
1788020876238,ui_least-connections_ramp-up_1788020856832,least-connections,server-3,GET,/api/work,200,26,,1
1788020876239,ui_least-connections_ramp-up_1788020856832,least-connections,server-1,GET,/api/work,200,26,,1
1788020876244,ui_least-connections_ramp-up_1788020856832,least-connections,server-2,GET,/api/work,200,26,,2
1788020876252,ui_least-connections_ramp-up_1788020856832,least-connections,server-1,GET,/api/work,200,26,,2
1788020876255,ui_least-connections_ramp-up_1788020856832,least-connections,server-2,GET,/api/work,200,26,,2
1788020876259,ui_least-connections_ramp-up_1788020856832,least-connections,server-2,GET,/api/work,200,26,,1
1788020876259,ui_least-connections_ramp-up_1788020856832,least-connections,server-3,GET,/api/work,200,27,,1
1788020876266,ui_least-connections_ramp-up_1788020856832,least-connections,server-1,GET,/api/work,200,26,,2
1788020876266,ui_least-connections_ramp-up_1788020856832,least-connections,server-3,GET,/api/work,200,27,,2
1788020876274,ui_least-connections_ramp-up_1788020856832,least-connections,server-2,GET,/api/work,200,26,,3
1788020876274,ui_least-connections_ramp-up_1788020856832,least-connections,server-1,GET,/api/work,200,27,,4
1788020876282,ui_least-connections_ramp-up_1788020856832,least-connections,server-1,GET,/api/work,200,25,,3
1788020876286,ui_least-connections_ramp-up_1788020856832,least-connections,server-3,GET,/api/work,200,25,,3
1788020876285,ui_least-connections_ramp-up_1788020856832,least-connections,server-2,GET,/api/work,200,27,,3
1788020876286,ui_least-connections_ramp-up_1788020856832,least-connections,server-2,GET,/api/work,200,27,,2
1788020876292,ui_least-connections_ramp-up_1788020856832,least-connections,server-3,GET,/api/work,200,26,,3
1788020876292,ui_least-connections_ramp-up_1788020856832,least-connections,server-1,GET,/api/work,200,26,,3
1788020876292,ui_least-connections_ramp-up_1788020856832,least-connections,server-1,GET,/api/work,200,27,,2
1788020876293,ui_least-connections_ramp-up_1788020856832,least-connections,server-2,GET,/api/work,200,26,,3
1788020876293,ui_least-connections_ramp-up_1788020856832,least-connections,server-3,GET,/api/work,200,27,,2
1788020876293,ui_least-connections_ramp-up_1788020856832,least-connections,server-3,GET,/api/work,200,27,,1
1788020876295,ui_least-connections_ramp-up_1788020856832,least-connections,server-1,GET,/api/work,200,26,,1
1788020876300,ui_least-connections_ramp-up_1788020856832,least-connections,server-2,GET,/api/work,200,26,,2
1788020876309,ui_least-connections_ramp-up_1788020856832,least-connections,server-1,GET,/api/work,200,26,,2
1788020876313,ui_least-connections_ramp-up_1788020856832,least-connections,server-2,GET,/api/work,200,26,,2
1788020876315,ui_least-connections_ramp-up_1788020856832,least-connections,server-2,GET,/api/work,200,26,,1
1788020876316,ui_least-connections_ramp-up_1788020856832,least-connections,server-3,GET,/api/work,200,26,,1
1788020876321,ui_least-connections_ramp-up_1788020856832,least-connections,server-1,GET,/api/work,200,27,,2
1788020876324,ui_least-connections_ramp-up_1788020856832,least-connections,server-3,GET,/api/work,200,26,,2
1788020876332,ui_least-connections_ramp-up_1788020856832,least-connections,server-2,GET,/api/work,200,25,,4
1788020876331,ui_least-connections_ramp-up_1788020856832,least-connections,server-1,GET,/api/work,200,26,,4
1788020876337,ui_least-connections_ramp-up_1788020856832,least-connections,server-1,GET,/api/work,200,26,,3
1788020876343,ui_least-connections_ramp-up_1788020856832,least-connections,server-2,GET,/api/work,200,26,,3
1788020876344,ui_least-connections_ramp-up_1788020856832,least-connections,server-2,GET,/api/work,200,25,,2
1788020876343,ui_least-connections_ramp-up_1788020856832,least-connections,server-3,GET,/api/work,200,26,,3
1788020876348,ui_least-connections_ramp-up_1788020856832,least-connections,server-1,GET,/api/work,200,26,,3
1788020876350,ui_least-connections_ramp-up_1788020856832,least-connections,server-1,GET,/api/work,200,25,,2
1788020876349,ui_least-connections_ramp-up_1788020856832,least-connections,server-3,GET,/api/work,200,27,,3
1788020876351,ui_least-connections_ramp-up_1788020856832,least-connections,server-1,GET,/api/work,200,26,,1
1788020876351,ui_least-connections_ramp-up_1788020856832,least-connections,server-3,GET,/api/work,200,26,,2
1788020876351,ui_least-connections_ramp-up_1788020856832,least-connections,server-3,GET,/api/work,200,27,,1
1788020876351,ui_least-connections_ramp-up_1788020856832,least-connections,server-2,GET,/api/work,200,27,,3
1788020876357,ui_least-connections_ramp-up_1788020856832,least-connections,server-2,GET,/api/work,200,26,,2
1788020876366,ui_least-connections_ramp-up_1788020856832,least-connections,server-1,GET,/api/work,200,26,,2
1788020876370,ui_least-connections_ramp-up_1788020856832,least-connections,server-2,GET,/api/work,200,27,,2
1788020876371,ui_least-connections_ramp-up_1788020856832,least-connections,server-2,GET,/api/work,200,26,,1
1788020876372,ui_least-connections_ramp-up_1788020856832,least-connections,server-3,GET,/api/work,200,25,,1
1788020876378,ui_least-connections_ramp-up_1788020856832,least-connections,server-1,GET,/api/work,200,27,,2
1788020876381,ui_least-connections_ramp-up_1788020856832,least-connections,server-3,GET,/api/work,200,26,,2
1788020876389,ui_least-connections_ramp-up_1788020856832,least-connections,server-2,GET,/api/work,200,25,,4
1788020876388,ui_least-connections_ramp-up_1788020856832,least-connections,server-1,GET,/api/work,200,26,,4
1788020876393,ui_least-connections_ramp-up_1788020856832,least-connections,server-1,GET,/api/work,200,25,,3
1788020876399,ui_least-connections_ramp-up_1788020856832,least-connections,server-2,GET,/api/work,200,26,,3
1788020876401,ui_least-connections_ramp-up_1788020856832,least-connections,server-2,GET,/api/work,200,25,,2
1788020876400,ui_least-connections_ramp-up_1788020856832,least-connections,server-3,GET,/api/work,200,27,,3
1788020876405,ui_least-connections_ramp-up_1788020856832,least-connections,server-1,GET,/api/work,200,26,,3
1788020876407,ui_least-connections_ramp-up_1788020856832,least-connections,server-1,GET,/api/work,200,25,,2
1788020876407,ui_least-connections_ramp-up_1788020856832,least-connections,server-3,GET,/api/work,200,25,,3
1788020876407,ui_least-connections_ramp-up_1788020856832,least-connections,server-2,GET,/api/work,200,27,,3
1788020876410,ui_least-connections_ramp-up_1788020856832,least-connections,server-1,GET,/api/work,200,25,,1
1788020876409,ui_least-connections_ramp-up_1788020856832,least-connections,server-3,GET,/api/work,200,26,,2
1788020876409,ui_least-connections_ramp-up_1788020856832,least-connections,server-3,GET,/api/work,200,27,,1
1788020876413,ui_least-connections_ramp-up_1788020856832,least-connections,server-2,GET,/api/work,200,26,,2
1788020876423,ui_least-connections_ramp-up_1788020856832,least-connections,server-1,GET,/api/work,200,26,,2
1788020876427,ui_least-connections_ramp-up_1788020856832,least-connections,server-2,GET,/api/work,200,26,,2
1788020876428,ui_least-connections_ramp-up_1788020856832,least-connections,server-2,GET,/api/work,200,25,,1
1788020876428,ui_least-connections_ramp-up_1788020856832,least-connections,server-3,GET,/api/work,200,26,,2
1788020876435,ui_least-connections_ramp-up_1788020856832,least-connections,server-1,GET,/api/work,200,26,,2
1788020876438,ui_least-connections_ramp-up_1788020856832,least-connections,server-3,GET,/api/work,200,27,,2
1788020876444,ui_least-connections_ramp-up_1788020856832,least-connections,server-1,GET,/api/work,200,25,,4
1788020876445,ui_least-connections_ramp-up_1788020856832,least-connections,server-2,GET,/api/work,200,26,,3
1788020876448,ui_least-connections_ramp-up_1788020856832,least-connections,server-3,GET,/api/work,200,26,,3
1788020876456,ui_least-connections_ramp-up_1788020856832,least-connections,server-2,GET,/api/work,200,25,,3
1788020876458,ui_least-connections_ramp-up_1788020856832,least-connections,server-2,GET,/api/work,200,27,,2
1788020876458,ui_least-connections_ramp-up_1788020856832,least-connections,server-1,GET,/api/work,200,27,,4
1788020876462,ui_least-connections_ramp-up_1788020856832,least-connections,server-1,GET,/api/work,200,25,,3
1788020876462,ui_least-connections_ramp-up_1788020856832,least-connections,server-3,GET,/api/work,200,25,,3
1788020876463,ui_least-connections_ramp-up_1788020856832,least-connections,server-1,GET,/api/work,200,26,,2
1788020876464,ui_least-connections_ramp-up_1788020856832,least-connections,server-2,GET,/api/work,200,26,,3
1788020876466,ui_least-connections_ramp-up_1788020856832,least-connections,server-1,GET,/api/work,200,26,,2
1788020876466,ui_least-connections_ramp-up_1788020856832,least-connections,server-3,GET,/api/work,200,26,,2
1788020876466,ui_least-connections_ramp-up_1788020856832,least-connections,server-3,GET,/api/work,200,27,,1
1788020876470,ui_least-connections_ramp-up_1788020856832,least-connections,server-1,GET,/api/work,200,26,,1
1788020876480,ui_least-connections_ramp-up_1788020856832,least-connections,server-2,GET,/api/work,200,26,,2
1788020876485,ui_least-connections_ramp-up_1788020856832,least-connections,server-2,GET,/api/work,200,26,,1
1788020876485,ui_least-connections_ramp-up_1788020856832,least-connections,server-2,GET,/api/work,200,26,,0
1788020876486,ui_least-connections_ramp-up_1788020856832,least-connections,server-3,GET,/api/work,200,26,,2
1788020876492,ui_least-connections_ramp-up_1788020856832,least-connections,server-1,GET,/api/work,200,26,,2
1788020876495,ui_least-connections_ramp-up_1788020856832,least-connections,server-3,GET,/api/work,200,26,,2
1788020876500,ui_least-connections_ramp-up_1788020856832,least-connections,server-1,GET,/api/work,200,26,,4
1788020876502,ui_least-connections_ramp-up_1788020856832,least-connections,server-1,GET,/api/work,200,26,,3
1788020876505,ui_least-connections_ramp-up_1788020856832,least-connections,server-3,GET,/api/work,200,26,,3
1788020876511,ui_least-connections_ramp-up_1788020856832,least-connections,server-2,GET,/api/work,200,26,,4
1788020876516,ui_least-connections_ramp-up_1788020856832,least-connections,server-2,GET,/api/work,200,25,,3
1788020876516,ui_least-connections_ramp-up_1788020856832,least-connections,server-2,GET,/api/work,200,26,,2
1788020876518,ui_least-connections_ramp-up_1788020856832,least-connections,server-3,GET,/api/work,200,26,,3
1788020876518,ui_least-connections_ramp-up_1788020856832,least-connections,server-1,GET,/api/work,200,26,,3
1788020876520,ui_least-connections_ramp-up_1788020856832,least-connections,server-1,GET,/api/work,200,25,,2
1788020876521,ui_least-connections_ramp-up_1788020856832,least-connections,server-3,GET,/api/work,200,26,,2
1788020876523,ui_least-connections_ramp-up_1788020856832,least-connections,server-2,GET,/api/work,200,27,,3
1788020876523,ui_least-connections_ramp-up_1788020856832,least-connections,server-1,GET,/api/work,200,27,,2
1788020876523,ui_least-connections_ramp-up_1788020856832,least-connections,server-3,GET,/api/work,200,27,,1
1788020876526,ui_least-connections_ramp-up_1788020856832,least-connections,server-2,GET,/api/work,200,25,,2
1788020876537,ui_least-connections_ramp-up_1788020856832,least-connections,server-1,GET,/api/work,200,25,,2
1788020876543,ui_least-connections_ramp-up_1788020856832,least-connections,server-2,GET,/api/work,200,25,,2
1788020876543,ui_least-connections_ramp-up_1788020856832,least-connections,server-2,GET,/api/work,200,26,,1
1788020876543,ui_least-connections_ramp-up_1788020856832,least-connections,server-3,GET,/api/work,200,26,,1
1788020876548,ui_least-connections_ramp-up_1788020856832,least-connections,server-1,GET,/api/work,200,25,,2
1788020876551,ui_least-connections_ramp-up_1788020856832,least-connections,server-3,GET,/api/work,200,27,,2
1788020876557,ui_least-connections_ramp-up_1788020856832,least-connections,server-1,GET,/api/work,200,25,,4
1788020876558,ui_least-connections_ramp-up_1788020856832,least-connections,server-2,GET,/api/work,200,26,,3
1788020876562,ui_least-connections_ramp-up_1788020856832,least-connections,server-1,GET,/api/work,200,25,,4
1788020876569,ui_least-connections_ramp-up_1788020856832,least-connections,server-2,GET,/api/work,200,26,,3
1788020876571,ui_least-connections_ramp-up_1788020856832,least-connections,server-3,GET,/api/work,200,27,,3
1788020876573,ui_least-connections_ramp-up_1788020856832,least-connections,server-1,GET,/api/work,200,26,,3
1788020876573,ui_least-connections_ramp-up_1788020856832,least-connections,server-2,GET,/api/work,200,26,,2
1788020876575,ui_least-connections_ramp-up_1788020856832,least-connections,server-3,GET,/api/work,200,25,,2
1788020876575,ui_least-connections_ramp-up_1788020856832,least-connections,server-1,GET,/api/work,200,26,,3
1788020876578,ui_least-connections_ramp-up_1788020856832,least-connections,server-3,GET,/api/work,200,26,,2
1788020876582,ui_least-connections_ramp-up_1788020856832,least-connections,server-1,GET,/api/work,200,25,,3
1788020876582,ui_least-connections_ramp-up_1788020856832,least-connections,server-2,GET,/api/work,200,25,,2
1788020876582,ui_least-connections_ramp-up_1788020856832,least-connections,server-3,GET,/api/work,200,26,,1
1788020876583,ui_least-connections_ramp-up_1788020856832,least-connections,server-1,GET,/api/work,200,25,,2
1788020876592,ui_least-connections_ramp-up_1788020856832,least-connections,server-2,GET,/api/work,200,26,,2
1788020876600,ui_least-connections_ramp-up_1788020856832,least-connections,server-1,GET,/api/work,200,25,,2
1788020876599,ui_least-connections_ramp-up_1788020856832,least-connections,server-2,GET,/api/work,200,26,,2
1788020876600,ui_least-connections_ramp-up_1788020856832,least-connections,server-3,GET,/api/work,200,26,,2
1788020876603,ui_least-connections_ramp-up_1788020856832,least-connections,server-1,GET,/api/work,200,26,,2
1788020876608,ui_least-connections_ramp-up_1788020856832,least-connections,server-3,GET,/api/work,200,26,,2
1788020876613,ui_least-connections_ramp-up_1788020856832,least-connections,server-1,GET,/api/work,200,26,,4
1788020876615,ui_least-connections_ramp-up_1788020856832,least-connections,server-2,GET,/api/work,200,26,,3
1788020876618,ui_least-connections_ramp-up_1788020856832,least-connections,server-3,GET,/api/work,200,26,,3
1788020876625,ui_least-connections_ramp-up_1788020856832,least-connections,server-2,GET,/api/work,200,25,,3
1788020876628,ui_least-connections_ramp-up_1788020856832,least-connections,server-1,GET,/api/work,200,26,,4
1788020876631,ui_least-connections_ramp-up_1788020856832,least-connections,server-1,GET,/api/work,200,26,,3
1788020876631,ui_least-connections_ramp-up_1788020856832,least-connections,server-2,GET,/api/work,200,26,,3
1788020876631,ui_least-connections_ramp-up_1788020856832,least-connections,server-1,GET,/api/work,200,27,,2
1788020876631,ui_least-connections_ramp-up_1788020856832,least-connections,server-3,GET,/api/work,200,27,,3
1788020876635,ui_least-connections_ramp-up_1788020856832,least-connections,server-3,GET,/api/work,200,26,,2
1788020876638,ui_least-connections_ramp-up_1788020856832,least-connections,server-3,GET,/api/work,200,25,,1
1788020876637,ui_least-connections_ramp-up_1788020856832,least-connections,server-2,GET,/api/work,200,26,,2
1788020876638,ui_least-connections_ramp-up_1788020856832,least-connections,server-1,GET,/api/work,200,26,,3
1788020876640,ui_least-connections_ramp-up_1788020856832,least-connections,server-1,GET,/api/work,200,26,,2
1788020876649,ui_least-connections_ramp-up_1788020856832,least-connections,server-2,GET,/api/work,200,26,,2
1788020876655,ui_least-connections_ramp-up_1788020856832,least-connections,server-2,GET,/api/work,200,25,,2
1788020876656,ui_least-connections_ramp-up_1788020856832,least-connections,server-3,GET,/api/work,200,27,,2
1788020876658,ui_least-connections_ramp-up_1788020856832,least-connections,server-1,GET,/api/work,200,26,,2
1788020876659,ui_least-connections_ramp-up_1788020856832,least-connections,server-1,GET,/api/work,200,25,,1
1788020876664,ui_least-connections_ramp-up_1788020856832,least-connections,server-3,GET,/api/work,200,26,,2
1788020876670,ui_least-connections_ramp-up_1788020856832,least-connections,server-1,GET,/api/work,200,27,,4
1788020876672,ui_least-connections_ramp-up_1788020856832,least-connections,server-2,GET,/api/work,200,26,,3
1788020876675,ui_least-connections_ramp-up_1788020856832,least-connections,server-3,GET,/api/work,200,25,,3
1788020876680,ui_least-connections_ramp-up_1788020856832,least-connections,server-2,GET,/api/work,200,26,,2
1788020876685,ui_least-connections_ramp-up_1788020856832,least-connections,server-1,GET,/api/work,200,26,,4
1788020876689,ui_least-connections_ramp-up_1788020856832,least-connections,server-3,GET,/api/work,200,25,,3
1788020876688,ui_least-connections_ramp-up_1788020856832,least-connections,server-1,GET,/api/work,200,26,,3
1788020876689,ui_least-connections_ramp-up_1788020856832,least-connections,server-1,GET,/api/work,200,26,,2
1788020876689,ui_least-connections_ramp-up_1788020856832,least-connections,server-2,GET,/api/work,200,26,,3
1788020876692,ui_least-connections_ramp-up_1788020856832,least-connections,server-3,GET,/api/work,200,26,,2
1788020876693,ui_least-connections_ramp-up_1788020856832,least-connections,server-3,GET,/api/work,200,26,,1
1788020876693,ui_least-connections_ramp-up_1788020856832,least-connections,server-2,GET,/api/work,200,26,,2
1788020876695,ui_least-connections_ramp-up_1788020856832,least-connections,server-1,GET,/api/work,200,25,,3
1788020876697,ui_least-connections_ramp-up_1788020856832,least-connections,server-1,GET,/api/work,200,26,,2
1788020876706,ui_least-connections_ramp-up_1788020856832,least-connections,server-2,GET,/api/work,200,26,,2
1788020876711,ui_least-connections_ramp-up_1788020856832,least-connections,server-2,GET,/api/work,200,25,,2
1788020876713,ui_least-connections_ramp-up_1788020856832,least-connections,server-3,GET,/api/work,200,27,,2
1788020876715,ui_least-connections_ramp-up_1788020856832,least-connections,server-1,GET,/api/work,200,26,,2
1788020876715,ui_least-connections_ramp-up_1788020856832,least-connections,server-1,GET,/api/work,200,26,,1
1788020876720,ui_least-connections_ramp-up_1788020856832,least-connections,server-3,GET,/api/work,200,26,,2
1788020876727,ui_least-connections_ramp-up_1788020856832,least-connections,server-1,GET,/api/work,200,27,,4
1788020876729,ui_least-connections_ramp-up_1788020856832,least-connections,server-2,GET,/api/work,200,26,,3
1788020876731,ui_least-connections_ramp-up_1788020856832,least-connections,server-3,GET,/api/work,200,25,,3
1788020876736,ui_least-connections_ramp-up_1788020856832,least-connections,server-2,GET,/api/work,200,25,,2
1788020876741,ui_least-connections_ramp-up_1788020856832,least-connections,server-1,GET,/api/work,200,26,,4
1788020876744,ui_least-connections_ramp-up_1788020856832,least-connections,server-1,GET,/api/work,200,26,,3
1788020876745,ui_least-connections_ramp-up_1788020856832,least-connections,server-3,GET,/api/work,200,26,,2
1788020876745,ui_least-connections_ramp-up_1788020856832,least-connections,server-2,GET,/api/work,200,26,,3
1788020876746,ui_least-connections_ramp-up_1788020856832,least-connections,server-1,GET,/api/work,200,26,,3
1788020876749,ui_least-connections_ramp-up_1788020856832,least-connections,server-3,GET,/api/work,200,26,,2
1788020876749,ui_least-connections_ramp-up_1788020856832,least-connections,server-2,GET,/api/work,200,27,,2
1788020876750,ui_least-connections_ramp-up_1788020856832,least-connections,server-1,GET,/api/work,200,26,,3
1788020876750,ui_least-connections_ramp-up_1788020856832,least-connections,server-3,GET,/api/work,200,27,,1
1788020876754,ui_least-connections_ramp-up_1788020856832,least-connections,server-1,GET,/api/work,200,27,,2
1788020876763,ui_least-connections_ramp-up_1788020856832,least-connections,server-2,GET,/api/work,200,25,,2
1788020876767,ui_least-connections_ramp-up_1788020856832,least-connections,server-2,GET,/api/work,200,26,,2
1788020876770,ui_least-connections_ramp-up_1788020856832,least-connections,server-1,GET,/api/work,200,26,,2
1788020876772,ui_least-connections_ramp-up_1788020856832,least-connections,server-3,GET,/api/work,200,26,,2
1788020876772,ui_least-connections_ramp-up_1788020856832,least-connections,server-1,GET,/api/work,200,27,,2
1788020876777,ui_least-connections_ramp-up_1788020856832,least-connections,server-3,GET,/api/work,200,26,,2
1788020876785,ui_least-connections_ramp-up_1788020856832,least-connections,server-2,GET,/api/work,200,25,,3
1788020876784,ui_least-connections_ramp-up_1788020856832,least-connections,server-1,GET,/api/work,200,26,,4
1788020876787,ui_least-connections_ramp-up_1788020856832,least-connections,server-3,GET,/api/work,200,25,,3
1788020876792,ui_least-connections_ramp-up_1788020856832,least-connections,server-2,GET,/api/work,200,26,,3
1788020876798,ui_least-connections_ramp-up_1788020856832,least-connections,server-1,GET,/api/work,200,26,,3
1788020876801,ui_least-connections_ramp-up_1788020856832,least-connections,server-1,GET,/api/work,200,26,,2
1788020876801,ui_least-connections_ramp-up_1788020856832,least-connections,server-2,GET,/api/work,200,26,,3
1788020876801,ui_least-connections_ramp-up_1788020856832,least-connections,server-1,GET,/api/work,200,27,,1
1788020876801,ui_least-connections_ramp-up_1788020856832,least-connections,server-3,GET,/api/work,200,27,,3
1788020876806,ui_least-connections_ramp-up_1788020856832,least-connections,server-3,GET,/api/work,200,26,,2
1788020876806,ui_least-connections_ramp-up_1788020856832,least-connections,server-3,GET,/api/work,200,26,,1
1788020876806,ui_least-connections_ramp-up_1788020856832,least-connections,server-2,GET,/api/work,200,27,,2
1788020876808,ui_least-connections_ramp-up_1788020856832,least-connections,server-1,GET,/api/work,200,25,,3
1788020876811,ui_least-connections_ramp-up_1788020856832,least-connections,server-2,GET,/api/work,200,25,,1
1788020876819,ui_least-connections_ramp-up_1788020856832,least-connections,server-2,GET,/api/work,200,26,,2
1788020876823,ui_least-connections_ramp-up_1788020856832,least-connections,server-3,GET,/api/work,200,25,,2
1788020876829,ui_least-connections_ramp-up_1788020856832,least-connections,server-1,GET,/api/work,200,26,,2
1788020876829,ui_least-connections_ramp-up_1788020856832,least-connections,server-1,GET,/api/work,200,26,,1
1788020876829,ui_least-connections_ramp-up_1788020856832,least-connections,server-1,GET,/api/work,200,26,,0
1788020876834,ui_least-connections_ramp-up_1788020856832,least-connections,server-3,GET,/api/work,200,26,,2
1788020876841,ui_least-connections_ramp-up_1788020856832,least-connections,server-2,GET,/api/work,200,26,,4
1788020876841,ui_least-connections_ramp-up_1788020856832,least-connections,server-2,GET,/api/work,200,26,,3
1788020876842,ui_least-connections_ramp-up_1788020856832,least-connections,server-3,GET,/api/work,200,27,,3
1788020876848,ui_least-connections_ramp-up_1788020856832,least-connections,server-2,GET,/api/work,200,26,,2
1788020876854,ui_least-connections_ramp-up_1788020856832,least-connections,server-3,GET,/api/work,200,26,,2
1788020876858,ui_least-connections_ramp-up_1788020856832,least-connections,server-1,GET,/api/work,200,26,,4
1788020876859,ui_least-connections_ramp-up_1788020856832,least-connections,server-1,GET,/api/work,200,26,,3
1788020876859,ui_least-connections_ramp-up_1788020856832,least-connections,server-1,GET,/api/work,200,27,,2
1788020876860,ui_least-connections_ramp-up_1788020856832,least-connections,server-1,GET,/api/work,200,27,,3
1788020876864,ui_least-connections_ramp-up_1788020856832,least-connections,server-3,GET,/api/work,200,26,,2
1788020876864,ui_least-connections_ramp-up_1788020856832,least-connections,server-2,GET,/api/work,200,26,,3
1788020876864,ui_least-connections_ramp-up_1788020856832,least-connections,server-3,GET,/api/work,200,26,,1
1788020876865,ui_least-connections_ramp-up_1788020856832,least-connections,server-1,GET,/api/work,200,26,,2
1788020876866,ui_least-connections_ramp-up_1788020856832,least-connections,server-2,GET,/api/work,200,26,,2
1788020876876,ui_least-connections_ramp-up_1788020856832,least-connections,server-2,GET,/api/work,200,27,,2
1788020876879,ui_least-connections_ramp-up_1788020856832,least-connections,server-2,GET,/api/work,200,25,,1
1788020876884,ui_least-connections_ramp-up_1788020856832,least-connections,server-3,GET,/api/work,200,26,,2
1788020876886,ui_least-connections_ramp-up_1788020856832,least-connections,server-1,GET,/api/work,200,27,,2
1788020876887,ui_least-connections_ramp-up_1788020856832,least-connections,server-1,GET,/api/work,200,26,,1
1788020876891,ui_least-connections_ramp-up_1788020856832,least-connections,server-3,GET,/api/work,200,26,,2
1788020876898,ui_least-connections_ramp-up_1788020856832,least-connections,server-1,GET,/api/work,200,25,,4
1788020876898,ui_least-connections_ramp-up_1788020856832,least-connections,server-2,GET,/api/work,200,26,,4
1788020876899,ui_least-connections_ramp-up_1788020856832,least-connections,server-3,GET,/api/work,200,26,,3
1788020876905,ui_least-connections_ramp-up_1788020856832,least-connections,server-2,GET,/api/work,200,25,,3
1788020876911,ui_least-connections_ramp-up_1788020856832,least-connections,server-2,GET,/api/work,200,25,,3
1788020876915,ui_least-connections_ramp-up_1788020856832,least-connections,server-1,GET,/api/work,200,26,,3
1788020876916,ui_least-connections_ramp-up_1788020856832,least-connections,server-1,GET,/api/work,200,27,,3
1788020876917,ui_least-connections_ramp-up_1788020856832,least-connections,server-3,GET,/api/work,200,26,,3
1788020876918,ui_least-connections_ramp-up_1788020856832,least-connections,server-3,GET,/api/work,200,26,,2
1788020876922,ui_least-connections_ramp-up_1788020856832,least-connections,server-3,GET,/api/work,200,25,,1
1788020876921,ui_least-connections_ramp-up_1788020856832,least-connections,server-2,GET,/api/work,200,27,,3
1788020876921,ui_least-connections_ramp-up_1788020856832,least-connections,server-1,GET,/api/work,200,27,,3
1788020876923,ui_least-connections_ramp-up_1788020856832,least-connections,server-1,GET,/api/work,200,26,,2
1788020876923,ui_least-connections_ramp-up_1788020856832,least-connections,server-2,GET,/api/work,200,27,,2
1788020876933,ui_least-connections_ramp-up_1788020856832,least-connections,server-2,GET,/api/work,200,26,,2
1788020876935,ui_least-connections_ramp-up_1788020856832,least-connections,server-3,GET,/api/work,200,26,,2
1788020876941,ui_least-connections_ramp-up_1788020856832,least-connections,server-1,GET,/api/work,200,26,,2
1788020876944,ui_least-connections_ramp-up_1788020856832,least-connections,server-1,GET,/api/work,200,27,,1
1788020876944,ui_least-connections_ramp-up_1788020856832,least-connections,server-2,GET,/api/work,200,28,,2
1788020876949,ui_least-connections_ramp-up_1788020856832,least-connections,server-3,GET,/api/work,200,27,,2
1788020876954,ui_least-connections_ramp-up_1788020856832,least-connections,server-1,GET,/api/work,200,26,,3
1788020876954,ui_least-connections_ramp-up_1788020856832,least-connections,server-2,GET,/api/work,200,27,,3
1788020876955,ui_least-connections_ramp-up_1788020856832,least-connections,server-3,GET,/api/work,200,27,,3
1788020876961,ui_least-connections_ramp-up_1788020856832,least-connections,server-2,GET,/api/work,200,26,,3
1788020876966,ui_least-connections_ramp-up_1788020856832,least-connections,server-3,GET,/api/work,200,26,,3
1788020876972,ui_least-connections_ramp-up_1788020856832,least-connections,server-1,GET,/api/work,200,27,,3
1788020876974,ui_least-connections_ramp-up_1788020856832,least-connections,server-2,GET,/api/work,200,28,,3
1788020876974,ui_least-connections_ramp-up_1788020856832,least-connections,server-1,GET,/api/work,200,29,,2
1788020876976,ui_least-connections_ramp-up_1788020856832,least-connections,server-3,GET,/api/work,200,27,,3
1788020876980,ui_least-connections_ramp-up_1788020856832,least-connections,server-3,GET,/api/work,200,25,,2
1788020876979,ui_least-connections_ramp-up_1788020856832,least-connections,server-1,GET,/api/work,200,27,,3
1788020876980,ui_least-connections_ramp-up_1788020856832,least-connections,server-2,GET,/api/work,200,26,,2
1788020876981,ui_least-connections_ramp-up_1788020856832,least-connections,server-2,GET,/api/work,200,26,,1
1788020876981,ui_least-connections_ramp-up_1788020856832,least-connections,server-1,GET,/api/work,200,26,,2
1788020876990,ui_least-connections_ramp-up_1788020856832,least-connections,server-2,GET,/api/work,200,27,,2
1788020876991,ui_least-connections_ramp-up_1788020856832,least-connections,server-3,GET,/api/work,200,26,,2
1788020876998,ui_least-connections_ramp-up_1788020856832,least-connections,server-3,GET,/api/work,200,26,,2
1788020877004,ui_least-connections_ramp-up_1788020856832,least-connections,server-1,GET,/api/work,200,26,,2
1788020877004,ui_least-connections_ramp-up_1788020856832,least-connections,server-1,GET,/api/work,200,26,,1
1788020877008,ui_least-connections_ramp-up_1788020856832,least-connections,server-2,GET,/api/work,200,27,,2
1788020877011,ui_least-connections_ramp-up_1788020856832,least-connections,server-1,GET,/api/work,200,26,,3
1788020877012,ui_least-connections_ramp-up_1788020856832,least-connections,server-2,GET,/api/work,200,26,,3
1788020877012,ui_least-connections_ramp-up_1788020856832,least-connections,server-3,GET,/api/work,200,27,,3
1788020877018,ui_least-connections_ramp-up_1788020856832,least-connections,server-2,GET,/api/work,200,26,,3
1788020877023,ui_least-connections_ramp-up_1788020856832,least-connections,server-3,GET,/api/work,200,26,,3
1788020877029,ui_least-connections_ramp-up_1788020856832,least-connections,server-3,GET,/api/work,200,25,,2
1788020877034,ui_least-connections_ramp-up_1788020856832,least-connections,server-1,GET,/api/work,200,26,,3
1788020877034,ui_least-connections_ramp-up_1788020856832,least-connections,server-1,GET,/api/work,200,26,,2
1788020877034,ui_least-connections_ramp-up_1788020856832,least-connections,server-1,GET,/api/work,200,26,,1
1788020877036,ui_least-connections_ramp-up_1788020856832,least-connections,server-3,GET,/api/work,200,25,,3
1788020877035,ui_least-connections_ramp-up_1788020856832,least-connections,server-2,GET,/api/work,200,27,,3
1788020877036,ui_least-connections_ramp-up_1788020856832,least-connections,server-2,GET,/api/work,200,26,,2
1788020877038,ui_least-connections_ramp-up_1788020856832,least-connections,server-1,GET,/api/work,200,26,,1
1788020877039,ui_least-connections_ramp-up_1788020856832,least-connections,server-2,GET,/api/work,200,26,,1
1788020877048,ui_least-connections_ramp-up_1788020856832,least-connections,server-2,GET,/api/work,200,25,,2
1788020877048,ui_least-connections_ramp-up_1788020856832,least-connections,server-3,GET,/api/work,200,27,,2
1788020877055,ui_least-connections_ramp-up_1788020856832,least-connections,server-3,GET,/api/work,200,26,,2
1788020877059,ui_least-connections_ramp-up_1788020856832,least-connections,server-3,GET,/api/work,200,27,,2
1788020877061,ui_least-connections_ramp-up_1788020856832,least-connections,server-1,GET,/api/work,200,26,,2
1788020877065,ui_least-connections_ramp-up_1788020856832,least-connections,server-1,GET,/api/work,200,26,,1
1788020877068,ui_least-connections_ramp-up_1788020856832,least-connections,server-2,GET,/api/work,200,25,,3
1788020877069,ui_least-connections_ramp-up_1788020856832,least-connections,server-1,GET,/api/work,200,27,,3
1788020877070,ui_least-connections_ramp-up_1788020856832,least-connections,server-2,GET,/api/work,200,26,,3
1788020877074,ui_least-connections_ramp-up_1788020856832,least-connections,server-2,GET,/api/work,200,25,,2
1788020877079,ui_least-connections_ramp-up_1788020856832,least-connections,server-3,GET,/api/work,200,27,,3
1788020877085,ui_least-connections_ramp-up_1788020856832,least-connections,server-3,GET,/api/work,200,26,,2
1788020877091,ui_least-connections_ramp-up_1788020856832,least-connections,server-3,GET,/api/work,200,26,,3
1788020877092,ui_least-connections_ramp-up_1788020856832,least-connections,server-3,GET,/api/work,200,26,,2
1788020877091,ui_least-connections_ramp-up_1788020856832,least-connections,server-1,GET,/api/work,200,27,,3
1788020877092,ui_least-connections_ramp-up_1788020856832,least-connections,server-2,GET,/api/work,200,26,,3
1788020877091,ui_least-connections_ramp-up_1788020856832,least-connections,server-1,GET,/api/work,200,28,,2
1788020877092,ui_least-connections_ramp-up_1788020856832,least-connections,server-1,GET,/api/work,200,27,,1
1788020877095,ui_least-connections_ramp-up_1788020856832,least-connections,server-2,GET,/api/work,200,26,,2
1788020877096,ui_least-connections_ramp-up_1788020856832,least-connections,server-1,GET,/api/work,200,26,,1
1788020877104,ui_least-connections_ramp-up_1788020856832,least-connections,server-2,GET,/api/work,200,26,,2
1788020877105,ui_least-connections_ramp-up_1788020856832,least-connections,server-2,GET,/api/work,200,26,,1
1788020877111,ui_least-connections_ramp-up_1788020856832,least-connections,server-3,GET,/api/work,200,27,,2
1788020877116,ui_least-connections_ramp-up_1788020856832,least-connections,server-3,GET,/api/work,200,26,,1
1788020877119,ui_least-connections_ramp-up_1788020856832,least-connections,server-3,GET,/api/work,200,26,,1
1788020877121,ui_least-connections_ramp-up_1788020856832,least-connections,server-1,GET,/api/work,200,26,,3
1788020877122,ui_least-connections_ramp-up_1788020856832,least-connections,server-1,GET,/api/work,200,26,,2
1788020877126,ui_least-connections_ramp-up_1788020856832,least-connections,server-1,GET,/api/work,200,26,,3
1788020877127,ui_least-connections_ramp-up_1788020856832,least-connections,server-2,GET,/api/work,200,26,,3
1788020877129,ui_least-connections_ramp-up_1788020856832,least-connections,server-1,GET,/api/work,200,25,,3
1788020877136,ui_least-connections_ramp-up_1788020856832,least-connections,server-2,GET,/api/work,200,26,,3
1788020877142,ui_least-connections_ramp-up_1788020856832,least-connections,server-3,GET,/api/work,200,26,,3
1788020877149,ui_least-connections_ramp-up_1788020856832,least-connections,server-1,GET,/api/work,200,25,,3
1788020877148,ui_least-connections_ramp-up_1788020856832,least-connections,server-3,GET,/api/work,200,26,,3
1788020877150,ui_least-connections_ramp-up_1788020856832,least-connections,server-1,GET,/api/work,200,26,,3
1788020877150,ui_least-connections_ramp-up_1788020856832,least-connections,server-2,GET,/api/work,200,27,,3
1788020877150,ui_least-connections_ramp-up_1788020856832,least-connections,server-3,GET,/api/work,200,27,,2
1788020877150,ui_least-connections_ramp-up_1788020856832,least-connections,server-2,GET,/api/work,200,27,,2
1788020877152,ui_least-connections_ramp-up_1788020856832,least-connections,server-3,GET,/api/work,200,27,,1
1788020877153,ui_least-connections_ramp-up_1788020856832,least-connections,server-1,GET,/api/work,200,26,,2
1788020877161,ui_least-connections_ramp-up_1788020856832,least-connections,server-2,GET,/api/work,200,26,,2
1788020877161,ui_least-connections_ramp-up_1788020856832,least-connections,server-1,GET,/api/work,200,26,,3
1788020877168,ui_least-connections_ramp-up_1788020856832,least-connections,server-2,GET,/api/work,200,26,,2
1788020877173,ui_least-connections_ramp-up_1788020856832,least-connections,server-3,GET,/api/work,200,26,,2
1788020877175,ui_least-connections_ramp-up_1788020856832,least-connections,server-1,GET,/api/work,200,26,,2
1788020877178,ui_least-connections_ramp-up_1788020856832,least-connections,server-2,GET,/api/work,200,26,,2
1788020877179,ui_least-connections_ramp-up_1788020856832,least-connections,server-3,GET,/api/work,200,26,,1
1788020877183,ui_least-connections_ramp-up_1788020856832,least-connections,server-1,GET,/api/work,200,26,,3
1788020877185,ui_least-connections_ramp-up_1788020856832,least-connections,server-1,GET,/api/work,200,25,,2
1788020877184,ui_least-connections_ramp-up_1788020856832,least-connections,server-3,GET,/api/work,200,27,,2
1788020877193,ui_least-connections_ramp-up_1788020856832,least-connections,server-2,GET,/api/work,200,25,,3
1788020877198,ui_least-connections_ramp-up_1788020856832,least-connections,server-2,GET,/api/work,200,27,,3
1788020877205,ui_least-connections_ramp-up_1788020856832,least-connections,server-1,GET,/api/work,200,27,,3
1788020877205,ui_least-connections_ramp-up_1788020856832,least-connections,server-3,GET,/api/work,200,27,,3
1788020877206,ui_least-connections_ramp-up_1788020856832,least-connections,server-2,GET,/api/work,200,27,,3
1788020877209,ui_least-connections_ramp-up_1788020856832,least-connections,server-3,GET,/api/work,200,25,,2
1788020877209,ui_least-connections_ramp-up_1788020856832,least-connections,server-1,GET,/api/work,200,27,,3
1788020877209,ui_least-connections_ramp-up_1788020856832,least-connections,server-2,GET,/api/work,200,27,,2
1788020877210,ui_least-connections_ramp-up_1788020856832,least-connections,server-1,GET,/api/work,200,27,,2
1788020877210,ui_least-connections_ramp-up_1788020856832,least-connections,server-1,GET,/api/work,200,27,,2
1788020877218,ui_least-connections_ramp-up_1788020856832,least-connections,server-3,GET,/api/work,200,25,,2
1788020877218,ui_least-connections_ramp-up_1788020856832,least-connections,server-3,GET,/api/work,200,25,,1
1788020877224,ui_least-connections_ramp-up_1788020856832,least-connections,server-2,GET,/api/work,200,26,,2
1788020877230,ui_least-connections_ramp-up_1788020856832,least-connections,server-2,GET,/api/work,200,26,,2
1788020877232,ui_least-connections_ramp-up_1788020856832,least-connections,server-1,GET,/api/work,200,26,,3
1788020877235,ui_least-connections_ramp-up_1788020856832,least-connections,server-3,GET,/api/work,200,26,,1
1788020877237,ui_least-connections_ramp-up_1788020856832,least-connections,server-1,GET,/api/work,200,26,,2
1788020877240,ui_least-connections_ramp-up_1788020856832,least-connections,server-1,GET,/api/work,200,26,,2
1788020877240,ui_least-connections_ramp-up_1788020856832,least-connections,server-2,GET,/api/work,200,26,,2
1788020877242,ui_least-connections_ramp-up_1788020856832,least-connections,server-1,GET,/api/work,200,27,,3
1788020877249,ui_least-connections_ramp-up_1788020856832,least-connections,server-3,GET,/api/work,200,27,,3
1788020877255,ui_least-connections_ramp-up_1788020856832,least-connections,server-2,GET,/api/work,200,26,,3
1788020877263,ui_least-connections_ramp-up_1788020856832,least-connections,server-3,GET,/api/work,200,26,,3
1788020877263,ui_least-connections_ramp-up_1788020856832,least-connections,server-2,GET,/api/work,200,27,,3
1788020877264,ui_least-connections_ramp-up_1788020856832,least-connections,server-1,GET,/api/work,200,26,,3
1788020877265,ui_least-connections_ramp-up_1788020856832,least-connections,server-3,GET,/api/work,200,26,,3
1788020877267,ui_least-connections_ramp-up_1788020856832,least-connections,server-1,GET,/api/work,200,25,,2
1788020877268,ui_least-connections_ramp-up_1788020856832,least-connections,server-2,GET,/api/work,200,26,,2
1788020877268,ui_least-connections_ramp-up_1788020856832,least-connections,server-1,GET,/api/work,200,27,,2
1788020877268,ui_least-connections_ramp-up_1788020856832,least-connections,server-2,GET,/api/work,200,27,,1
1788020877274,ui_least-connections_ramp-up_1788020856832,least-connections,server-3,GET,/api/work,200,26,,2
1788020877274,ui_least-connections_ramp-up_1788020856832,least-connections,server-1,GET,/api/work,200,27,,3
1788020877281,ui_least-connections_ramp-up_1788020856832,least-connections,server-2,GET,/api/work,200,26,,2
1788020877286,ui_least-connections_ramp-up_1788020856832,least-connections,server-3,GET,/api/work,200,26,,2
1788020877289,ui_least-connections_ramp-up_1788020856832,least-connections,server-3,GET,/api/work,200,26,,1
1788020877292,ui_least-connections_ramp-up_1788020856832,least-connections,server-1,GET,/api/work,200,26,,2
1788020877295,ui_least-connections_ramp-up_1788020856832,least-connections,server-1,GET,/api/work,200,26,,2
1788020877297,ui_least-connections_ramp-up_1788020856832,least-connections,server-2,GET,/api/work,200,26,,2
1788020877297,ui_least-connections_ramp-up_1788020856832,least-connections,server-2,GET,/api/work,200,27,,2
1788020877299,ui_least-connections_ramp-up_1788020856832,least-connections,server-1,GET,/api/work,200,26,,2
1788020877306,ui_least-connections_ramp-up_1788020856832,least-connections,server-3,GET,/api/work,200,26,,3
1788020877312,ui_least-connections_ramp-up_1788020856832,least-connections,server-2,GET,/api/work,200,26,,3
1788020877320,ui_least-connections_ramp-up_1788020856832,least-connections,server-1,GET,/api/work,200,26,,4
1788020877320,ui_least-connections_ramp-up_1788020856832,least-connections,server-3,GET,/api/work,200,26,,3
1788020877320,ui_least-connections_ramp-up_1788020856832,least-connections,server-3,GET,/api/work,200,26,,2
1788020877322,ui_least-connections_ramp-up_1788020856832,least-connections,server-1,GET,/api/work,200,25,,3
1788020877323,ui_least-connections_ramp-up_1788020856832,least-connections,server-2,GET,/api/work,200,26,,3
1788020877325,ui_least-connections_ramp-up_1788020856832,least-connections,server-1,GET,/api/work,200,27,,2
1788020877325,ui_least-connections_ramp-up_1788020856832,least-connections,server-2,GET,/api/work,200,27,,2
1788020877325,ui_least-connections_ramp-up_1788020856832,least-connections,server-1,GET,/api/work,200,27,,1
1788020877331,ui_least-connections_ramp-up_1788020856832,least-connections,server-3,GET,/api/work,200,26,,2
1788020877331,ui_least-connections_ramp-up_1788020856832,least-connections,server-2,GET,/api/work,200,26,,2
1788020877338,ui_least-connections_ramp-up_1788020856832,least-connections,server-2,GET,/api/work,200,26,,2
1788020877343,ui_least-connections_ramp-up_1788020856832,least-connections,server-3,GET,/api/work,200,26,,1
1788020877345,ui_least-connections_ramp-up_1788020856832,least-connections,server-1,GET,/api/work,200,26,,3
1788020877349,ui_least-connections_ramp-up_1788020856832,least-connections,server-3,GET,/api/work,200,27,,0
1788020877353,ui_least-connections_ramp-up_1788020856832,least-connections,server-1,GET,/api/work,200,25,,2
1788020877354,ui_least-connections_ramp-up_1788020856832,least-connections,server-1,GET,/api/work,200,26,,2
1788020877354,ui_least-connections_ramp-up_1788020856832,least-connections,server-2,GET,/api/work,200,26,,2
1788020877356,ui_least-connections_ramp-up_1788020856832,least-connections,server-1,GET,/api/work,200,26,,2
1788020877362,ui_least-connections_ramp-up_1788020856832,least-connections,server-2,GET,/api/work,200,26,,3
1788020877368,ui_least-connections_ramp-up_1788020856832,least-connections,server-2,GET,/api/work,200,26,,2
1788020877377,ui_least-connections_ramp-up_1788020856832,least-connections,server-3,GET,/api/work,200,27,,3
1788020877378,ui_least-connections_ramp-up_1788020856832,least-connections,server-3,GET,/api/work,200,26,,2
1788020877378,ui_least-connections_ramp-up_1788020856832,least-connections,server-3,GET,/api/work,200,26,,1
1788020877379,ui_least-connections_ramp-up_1788020856832,least-connections,server-1,GET,/api/work,200,26,,4
1788020877380,ui_least-connections_ramp-up_1788020856832,least-connections,server-1,GET,/api/work,200,27,,3
1788020877383,ui_least-connections_ramp-up_1788020856832,least-connections,server-1,GET,/api/work,200,25,,2
1788020877383,ui_least-connections_ramp-up_1788020856832,least-connections,server-2,GET,/api/work,200,26,,3
1788020877383,ui_least-connections_ramp-up_1788020856832,least-connections,server-1,GET,/api/work,200,27,,2
1788020877388,ui_least-connections_ramp-up_1788020856832,least-connections,server-2,GET,/api/work,200,25,,2
1788020877388,ui_least-connections_ramp-up_1788020856832,least-connections,server-3,GET,/api/work,200,26,,2
1788020877395,ui_least-connections_ramp-up_1788020856832,least-connections,server-2,GET,/api/work,200,26,,2
1788020877400,ui_least-connections_ramp-up_1788020856832,least-connections,server-2,GET,/api/work,200,25,,2
1788020877402,ui_least-connections_ramp-up_1788020856832,least-connections,server-1,GET,/api/work,200,27,,3
1788020877407,ui_least-connections_ramp-up_1788020856832,least-connections,server-3,GET,/api/work,200,26,,1
1788020877409,ui_least-connections_ramp-up_1788020856832,least-connections,server-1,GET,/api/work,200,25,,2
1788020877409,ui_least-connections_ramp-up_1788020856832,least-connections,server-3,GET,/api/work,200,27,,2
1788020877411,ui_least-connections_ramp-up_1788020856832,least-connections,server-1,GET,/api/work,200,27,,2
1788020877413,ui_least-connections_ramp-up_1788020856832,least-connections,server-1,GET,/api/work,200,25,,1
1788020877419,ui_least-connections_ramp-up_1788020856832,least-connections,server-2,GET,/api/work,200,26,,3
1788020877423,ui_least-connections_ramp-up_1788020856832,least-connections,server-2,GET,/api/work,200,26,,2
1788020877434,ui_least-connections_ramp-up_1788020856832,least-connections,server-3,GET,/api/work,200,26,,3
1788020877435,ui_least-connections_ramp-up_1788020856832,least-connections,server-2,GET,/api/work,200,25,,3
1788020877435,ui_least-connections_ramp-up_1788020856832,least-connections,server-1,GET,/api/work,200,25,,4
1788020877435,ui_least-connections_ramp-up_1788020856832,least-connections,server-3,GET,/api/work,200,26,,2
1788020877437,ui_least-connections_ramp-up_1788020856832,least-connections,server-3,GET,/api/work,200,26,,1
1788020877439,ui_least-connections_ramp-up_1788020856832,least-connections,server-1,GET,/api/work,200,26,,3
1788020877440,ui_least-connections_ramp-up_1788020856832,least-connections,server-1,GET,/api/work,200,26,,3
1788020877440,ui_least-connections_ramp-up_1788020856832,least-connections,server-1,GET,/api/work,200,27,,2
1788020877444,ui_least-connections_ramp-up_1788020856832,least-connections,server-3,GET,/api/work,200,25,,2
1788020877444,ui_least-connections_ramp-up_1788020856832,least-connections,server-2,GET,/api/work,200,26,,2
1788020877452,ui_least-connections_ramp-up_1788020856832,least-connections,server-2,GET,/api/work,200,26,,2
1788020877456,ui_least-connections_ramp-up_1788020856832,least-connections,server-2,GET,/api/work,200,26,,2
1788020877459,ui_least-connections_ramp-up_1788020856832,least-connections,server-1,GET,/api/work,200,26,,3
1788020877464,ui_least-connections_ramp-up_1788020856832,least-connections,server-3,GET,/api/work,200,27,,1
1788020877465,ui_least-connections_ramp-up_1788020856832,least-connections,server-3,GET,/api/work,200,26,,0
1788020877465,ui_least-connections_ramp-up_1788020856832,least-connections,server-1,GET,/api/work,200,27,,2
1788020877468,ui_least-connections_ramp-up_1788020856832,least-connections,server-1,GET,/api/work,200,26,,2
1788020877468,ui_least-connections_ramp-up_1788020856832,least-connections,server-1,GET,/api/work,200,27,,2
1788020877476,ui_least-connections_ramp-up_1788020856832,least-connections,server-2,GET,/api/work,200,26,,3
1788020877478,ui_least-connections_ramp-up_1788020856832,least-connections,server-2,GET,/api/work,200,26,,2
1788020877490,ui_least-connections_ramp-up_1788020856832,least-connections,server-2,GET,/api/work,200,26,,3
1788020877491,ui_least-connections_ramp-up_1788020856832,least-connections,server-3,GET,/api/work,200,26,,3
1788020877493,ui_least-connections_ramp-up_1788020856832,least-connections,server-1,GET,/api/work,200,26,,4
1788020877492,ui_least-connections_ramp-up_1788020856832,least-connections,server-3,GET,/api/work,200,27,,2
1788020877495,ui_least-connections_ramp-up_1788020856832,least-connections,server-1,GET,/api/work,200,25,,3
1788020877494,ui_least-connections_ramp-up_1788020856832,least-connections,server-3,GET,/api/work,200,26,,1
1788020877497,ui_least-connections_ramp-up_1788020856832,least-connections,server-1,GET,/api/work,200,26,,3
1788020877497,ui_least-connections_ramp-up_1788020856832,least-connections,server-1,GET,/api/work,200,26,,2
1788020877500,ui_least-connections_ramp-up_1788020856832,least-connections,server-3,GET,/api/work,200,27,,2
1788020877500,ui_least-connections_ramp-up_1788020856832,least-connections,server-2,GET,/api/work,200,27,,2
1788020877508,ui_least-connections_ramp-up_1788020856832,least-connections,server-2,GET,/api/work,200,26,,2
1788020877512,ui_least-connections_ramp-up_1788020856832,least-connections,server-2,GET,/api/work,200,26,,2
1788020877516,ui_least-connections_ramp-up_1788020856832,least-connections,server-1,GET,/api/work,200,25,,2
1788020877521,ui_least-connections_ramp-up_1788020856832,least-connections,server-3,GET,/api/work,200,27,,2
1788020877522,ui_least-connections_ramp-up_1788020856832,least-connections,server-3,GET,/api/work,200,26,,1
1788020877523,ui_least-connections_ramp-up_1788020856832,least-connections,server-1,GET,/api/work,200,26,,2
1788020877525,ui_least-connections_ramp-up_1788020856832,least-connections,server-1,GET,/api/work,200,26,,2
1788020877527,ui_least-connections_ramp-up_1788020856832,least-connections,server-3,GET,/api/work,200,25,,2
1788020877533,ui_least-connections_ramp-up_1788020856832,least-connections,server-2,GET,/api/work,200,26,,3
1788020877535,ui_least-connections_ramp-up_1788020856832,least-connections,server-2,GET,/api/work,200,27,,2
1788020877547,ui_least-connections_ramp-up_1788020856832,least-connections,server-1,GET,/api/work,200,25,,3
1788020877548,ui_least-connections_ramp-up_1788020856832,least-connections,server-3,GET,/api/work,200,27,,3
1788020877550,ui_least-connections_ramp-up_1788020856832,least-connections,server-2,GET,/api/work,200,26,,3
1788020877550,ui_least-connections_ramp-up_1788020856832,least-connections,server-1,GET,/api/work,200,26,,3
1788020877551,ui_least-connections_ramp-up_1788020856832,least-connections,server-1,GET,/api/work,200,26,,2
1788020877551,ui_least-connections_ramp-up_1788020856832,least-connections,server-3,GET,/api/work,200,28,,2
1788020877554,ui_least-connections_ramp-up_1788020856832,least-connections,server-3,GET,/api/work,200,26,,1
1788020877554,ui_least-connections_ramp-up_1788020856832,least-connections,server-1,GET,/api/work,200,26,,3
1788020877559,ui_least-connections_ramp-up_1788020856832,least-connections,server-3,GET,/api/work,200,25,,2
1788020877558,ui_least-connections_ramp-up_1788020856832,least-connections,server-2,GET,/api/work,200,27,,2
1788020877565,ui_least-connections_ramp-up_1788020856832,least-connections,server-2,GET,/api/work,200,26,,2
1788020877569,ui_least-connections_ramp-up_1788020856832,least-connections,server-2,GET,/api/work,200,27,,2
1788020877573,ui_least-connections_ramp-up_1788020856832,least-connections,server-1,GET,/api/work,200,27,,3
1788020877579,ui_least-connections_ramp-up_1788020856832,least-connections,server-1,GET,/api/work,200,25,,2
1788020877579,ui_least-connections_ramp-up_1788020856832,least-connections,server-1,GET,/api/work,200,26,,1
1788020877580,ui_least-connections_ramp-up_1788020856832,least-connections,server-3,GET,/api/work,200,26,,1
1788020877580,ui_least-connections_ramp-up_1788020856832,least-connections,server-3,GET,/api/work,200,26,,0
1788020877584,ui_least-connections_ramp-up_1788020856832,least-connections,server-1,GET,/api/work,200,25,,2
1788020877589,ui_least-connections_ramp-up_1788020856832,least-connections,server-2,GET,/api/work,200,26,,3
1788020877592,ui_least-connections_ramp-up_1788020856832,least-connections,server-2,GET,/api/work,200,25,,2
1788020877603,ui_least-connections_ramp-up_1788020856832,least-connections,server-2,GET,/api/work,200,27,,3
1788020877607,ui_least-connections_ramp-up_1788020856832,least-connections,server-3,GET,/api/work,200,26,,3
1788020877607,ui_least-connections_ramp-up_1788020856832,least-connections,server-3,GET,/api/work,200,26,,2
1788020877607,ui_least-connections_ramp-up_1788020856832,least-connections,server-1,GET,/api/work,200,27,,3
1788020877607,ui_least-connections_ramp-up_1788020856832,least-connections,server-1,GET,/api/work,200,27,,2
1788020877610,ui_least-connections_ramp-up_1788020856832,least-connections,server-1,GET,/api/work,200,26,,2
1788020877611,ui_least-connections_ramp-up_1788020856832,least-connections,server-1,GET,/api/work,200,26,,1
1788020877611,ui_least-connections_ramp-up_1788020856832,least-connections,server-3,GET,/api/work,200,27,,2
1788020877615,ui_least-connections_ramp-up_1788020856832,least-connections,server-2,GET,/api/work,200,25,,3
1788020877615,ui_least-connections_ramp-up_1788020856832,least-connections,server-3,GET,/api/work,200,26,,2
1788020877622,ui_least-connections_ramp-up_1788020856832,least-connections,server-2,GET,/api/work,200,26,,2
1788020877626,ui_least-connections_ramp-up_1788020856832,least-connections,server-2,GET,/api/work,200,26,,1
1788020877630,ui_least-connections_ramp-up_1788020856832,least-connections,server-2,GET,/api/work,200,26,,0
1788020877634,ui_least-connections_ramp-up_1788020856832,least-connections,server-1,GET,/api/work,200,27,,3
1788020877636,ui_least-connections_ramp-up_1788020856832,least-connections,server-3,GET,/api/work,200,25,,2
1788020877637,ui_least-connections_ramp-up_1788020856832,least-connections,server-1,GET,/api/work,200,27,,2
1788020877637,ui_least-connections_ramp-up_1788020856832,least-connections,server-1,GET,/api/work,200,27,,1
1788020877640,ui_least-connections_ramp-up_1788020856832,least-connections,server-3,GET,/api/work,200,26,,1
1788020877646,ui_least-connections_ramp-up_1788020856832,least-connections,server-3,GET,/api/work,200,27,,2
1788020877647,ui_least-connections_ramp-up_1788020856832,least-connections,server-1,GET,/api/work,200,27,,3
1788020877660,ui_least-connections_ramp-up_1788020856832,least-connections,server-2,GET,/api/work,200,26,,3
1788020877664,ui_least-connections_ramp-up_1788020856832,least-connections,server-1,GET,/api/work,200,26,,3
1788020877665,ui_least-connections_ramp-up_1788020856832,least-connections,server-1,GET,/api/work,200,26,,2
1788020877665,ui_least-connections_ramp-up_1788020856832,least-connections,server-2,GET,/api/work,200,27,,3
1788020877665,ui_least-connections_ramp-up_1788020856832,least-connections,server-2,GET,/api/work,200,27,,2
1788020877667,ui_least-connections_ramp-up_1788020856832,least-connections,server-3,GET,/api/work,200,26,,3
1788020877668,ui_least-connections_ramp-up_1788020856832,least-connections,server-3,GET,/api/work,200,26,,2
1788020877669,ui_least-connections_ramp-up_1788020856832,least-connections,server-1,GET,/api/work,200,26,,3
1788020877671,ui_least-connections_ramp-up_1788020856832,least-connections,server-2,GET,/api/work,200,26,,2
1788020877673,ui_least-connections_ramp-up_1788020856832,least-connections,server-3,GET,/api/work,200,26,,2
1788020877679,ui_least-connections_ramp-up_1788020856832,least-connections,server-1,GET,/api/work,200,27,,3
1788020877682,ui_least-connections_ramp-up_1788020856832,least-connections,server-3,GET,/api/work,200,26,,2
1788020877686,ui_least-connections_ramp-up_1788020856832,least-connections,server-2,GET,/api/work,200,26,,2
1788020877693,ui_least-connections_ramp-up_1788020856832,least-connections,server-1,GET,/api/work,200,25,,2
1788020877693,ui_least-connections_ramp-up_1788020856832,least-connections,server-2,GET,/api/work,200,26,,2
1788020877695,ui_least-connections_ramp-up_1788020856832,least-connections,server-1,GET,/api/work,200,25,,1
1788020877694,ui_least-connections_ramp-up_1788020856832,least-connections,server-3,GET,/api/work,200,26,,1
1788020877697,ui_least-connections_ramp-up_1788020856832,least-connections,server-2,GET,/api/work,200,26,,1
1788020877704,ui_least-connections_ramp-up_1788020856832,least-connections,server-3,GET,/api/work,200,27,,3
1788020877705,ui_least-connections_ramp-up_1788020856832,least-connections,server-1,GET,/api/work,200,26,,3
1788020877717,ui_least-connections_ramp-up_1788020856832,least-connections,server-2,GET,/api/work,200,25,,3
1788020877721,ui_least-connections_ramp-up_1788020856832,least-connections,server-3,GET,/api/work,200,26,,3
1788020877721,ui_least-connections_ramp-up_1788020856832,least-connections,server-1,GET,/api/work,200,26,,3
1788020877724,ui_least-connections_ramp-up_1788020856832,least-connections,server-2,GET,/api/work,200,26,,3
1788020877724,ui_least-connections_ramp-up_1788020856832,least-connections,server-1,GET,/api/work,200,26,,3
1788020877725,ui_least-connections_ramp-up_1788020856832,least-connections,server-2,GET,/api/work,200,26,,3
1788020877726,ui_least-connections_ramp-up_1788020856832,least-connections,server-3,GET,/api/work,200,25,,3
1788020877726,ui_least-connections_ramp-up_1788020856832,least-connections,server-1,GET,/api/work,200,26,,3
1788020877728,ui_least-connections_ramp-up_1788020856832,least-connections,server-2,GET,/api/work,200,26,,2
1788020877730,ui_least-connections_ramp-up_1788020856832,least-connections,server-3,GET,/api/work,200,26,,2
1788020877736,ui_least-connections_ramp-up_1788020856832,least-connections,server-1,GET,/api/work,200,25,,2
1788020877739,ui_least-connections_ramp-up_1788020856832,least-connections,server-3,GET,/api/work,200,27,,2
1788020877742,ui_least-connections_ramp-up_1788020856832,least-connections,server-2,GET,/api/work,200,26,,2
1788020877749,ui_least-connections_ramp-up_1788020856832,least-connections,server-1,GET,/api/work,200,26,,2
1788020877749,ui_least-connections_ramp-up_1788020856832,least-connections,server-3,GET,/api/work,200,26,,1
1788020877750,ui_least-connections_ramp-up_1788020856832,least-connections,server-1,GET,/api/work,200,26,,1
1788020877751,ui_least-connections_ramp-up_1788020856832,least-connections,server-2,GET,/api/work,200,26,,2
1788020877754,ui_least-connections_ramp-up_1788020856832,least-connections,server-2,GET,/api/work,200,27,,1
1788020877761,ui_least-connections_ramp-up_1788020856832,least-connections,server-3,GET,/api/work,200,25,,2
1788020877761,ui_least-connections_ramp-up_1788020856832,least-connections,server-1,GET,/api/work,200,27,,3
1788020877773,ui_least-connections_ramp-up_1788020856832,least-connections,server-2,GET,/api/work,200,26,,3
1788020877779,ui_least-connections_ramp-up_1788020856832,least-connections,server-1,GET,/api/work,200,25,,3
1788020877779,ui_least-connections_ramp-up_1788020856832,least-connections,server-3,GET,/api/work,200,26,,3
1788020877780,ui_least-connections_ramp-up_1788020856832,least-connections,server-1,GET,/api/work,200,26,,2
1788020877781,ui_least-connections_ramp-up_1788020856832,least-connections,server-2,GET,/api/work,200,25,,3
1788020877783,ui_least-connections_ramp-up_1788020856832,least-connections,server-1,GET,/api/work,200,25,,3
1788020877782,ui_least-connections_ramp-up_1788020856832,least-connections,server-3,GET,/api/work,200,26,,3
1788020877782,ui_least-connections_ramp-up_1788020856832,least-connections,server-2,GET,/api/work,200,27,,3
1788020877785,ui_least-connections_ramp-up_1788020856832,least-connections,server-2,GET,/api/work,200,26,,2
1788020877787,ui_least-connections_ramp-up_1788020856832,least-connections,server-3,GET,/api/work,200,27,,2
1788020877792,ui_least-connections_ramp-up_1788020856832,least-connections,server-1,GET,/api/work,200,26,,3
1788020877796,ui_least-connections_ramp-up_1788020856832,least-connections,server-3,GET,/api/work,200,26,,2
1788020877799,ui_least-connections_ramp-up_1788020856832,least-connections,server-2,GET,/api/work,200,26,,2
1788020877808,ui_least-connections_ramp-up_1788020856832,least-connections,server-2,GET,/api/work,200,25,,2
1788020877807,ui_least-connections_ramp-up_1788020856832,least-connections,server-1,GET,/api/work,200,26,,2
1788020877808,ui_least-connections_ramp-up_1788020856832,least-connections,server-3,GET,/api/work,200,25,,1
1788020877807,ui_least-connections_ramp-up_1788020856832,least-connections,server-1,GET,/api/work,200,27,,1
1788020877810,ui_least-connections_ramp-up_1788020856832,least-connections,server-1,GET,/api/work,200,27,,1
1788020877817,ui_least-connections_ramp-up_1788020856832,least-connections,server-2,GET,/api/work,200,26,,3
1788020877818,ui_least-connections_ramp-up_1788020856832,least-connections,server-3,GET,/api/work,200,26,,2
1788020877829,ui_least-connections_ramp-up_1788020856832,least-connections,server-2,GET,/api/work,200,27,,3
1788020877834,ui_least-connections_ramp-up_1788020856832,least-connections,server-1,GET,/api/work,200,26,,3
1788020877835,ui_least-connections_ramp-up_1788020856832,least-connections,server-3,GET,/api/work,200,26,,3
1788020877837,ui_least-connections_ramp-up_1788020856832,least-connections,server-1,GET,/api/work,200,27,,2
1788020877839,ui_least-connections_ramp-up_1788020856832,least-connections,server-3,GET,/api/work,200,25,,2
1788020877838,ui_least-connections_ramp-up_1788020856832,least-connections,server-1,GET,/api/work,200,27,,1
1788020877839,ui_least-connections_ramp-up_1788020856832,least-connections,server-2,GET,/api/work,200,27,,3
1788020877840,ui_least-connections_ramp-up_1788020856832,least-connections,server-1,GET,/api/work,200,27,,3
1788020877842,ui_least-connections_ramp-up_1788020856832,least-connections,server-2,GET,/api/work,200,25,,2
1788020877844,ui_least-connections_ramp-up_1788020856832,least-connections,server-3,GET,/api/work,200,27,,2
1788020877849,ui_least-connections_ramp-up_1788020856832,least-connections,server-2,GET,/api/work,200,26,,2
1788020877852,ui_least-connections_ramp-up_1788020856832,least-connections,server-3,GET,/api/work,200,26,,1
1788020877856,ui_least-connections_ramp-up_1788020856832,least-connections,server-2,GET,/api/work,200,26,,2
1788020877865,ui_least-connections_ramp-up_1788020856832,least-connections,server-1,GET,/api/work,200,26,,3
1788020877865,ui_least-connections_ramp-up_1788020856832,least-connections,server-3,GET,/api/work,200,26,,2
1788020877865,ui_least-connections_ramp-up_1788020856832,least-connections,server-1,GET,/api/work,200,27,,2
1788020877866,ui_least-connections_ramp-up_1788020856832,least-connections,server-1,GET,/api/work,200,27,,1
1788020877867,ui_least-connections_ramp-up_1788020856832,least-connections,server-1,GET,/api/work,200,27,,0
1788020877874,ui_least-connections_ramp-up_1788020856832,least-connections,server-2,GET,/api/work,200,26,,3
1788020877875,ui_least-connections_ramp-up_1788020856832,least-connections,server-2,GET,/api/work,200,26,,2
1788020877886,ui_least-connections_ramp-up_1788020856832,least-connections,server-3,GET,/api/work,200,26,,3
1788020877891,ui_least-connections_ramp-up_1788020856832,least-connections,server-2,GET,/api/work,200,27,,3
1788020877891,ui_least-connections_ramp-up_1788020856832,least-connections,server-3,GET,/api/work,200,27,,3
1788020877894,ui_least-connections_ramp-up_1788020856832,least-connections,server-1,GET,/api/work,200,26,,3
1788020877898,ui_least-connections_ramp-up_1788020856832,least-connections,server-1,GET,/api/work,200,25,,3
1788020877898,ui_least-connections_ramp-up_1788020856832,least-connections,server-2,GET,/api/work,200,26,,3
1788020877898,ui_least-connections_ramp-up_1788020856832,least-connections,server-3,GET,/api/work,200,26,,3
1788020877898,ui_least-connections_ramp-up_1788020856832,least-connections,server-1,GET,/api/work,200,27,,3
1788020877898,ui_least-connections_ramp-up_1788020856832,least-connections,server-1,GET,/api/work,200,27,,2
1788020877901,ui_least-connections_ramp-up_1788020856832,least-connections,server-2,GET,/api/work,200,26,,2
1788020877904,ui_least-connections_ramp-up_1788020856832,least-connections,server-2,GET,/api/work,200,27,,1
1788020877909,ui_least-connections_ramp-up_1788020856832,least-connections,server-3,GET,/api/work,200,28,,2
1788020877912,ui_least-connections_ramp-up_1788020856832,least-connections,server-3,GET,/api/work,200,26,,1
1788020877922,ui_least-connections_ramp-up_1788020856832,least-connections,server-2,GET,/api/work,200,26,,2
1788020877922,ui_least-connections_ramp-up_1788020856832,least-connections,server-1,GET,/api/work,200,27,,3
1788020877923,ui_least-connections_ramp-up_1788020856832,least-connections,server-1,GET,/api/work,200,26,,2
1788020877923,ui_least-connections_ramp-up_1788020856832,least-connections,server-3,GET,/api/work,200,26,,2
1788020877925,ui_least-connections_ramp-up_1788020856832,least-connections,server-1,GET,/api/work,200,26,,1
1788020877931,ui_least-connections_ramp-up_1788020856832,least-connections,server-2,GET,/api/work,200,26,,3
1788020877931,ui_least-connections_ramp-up_1788020856832,least-connections,server-2,GET,/api/work,200,27,,2
1788020877943,ui_least-connections_ramp-up_1788020856832,least-connections,server-3,GET,/api/work,200,27,,3
1788020877948,ui_least-connections_ramp-up_1788020856832,least-connections,server-1,GET,/api/work,200,25,,4
1788020877948,ui_least-connections_ramp-up_1788020856832,least-connections,server-3,GET,/api/work,200,25,,2
1788020877951,ui_least-connections_ramp-up_1788020856832,least-connections,server-1,GET,/api/work,200,27,,3
1788020877954,ui_least-connections_ramp-up_1788020856832,least-connections,server-1,GET,/api/work,200,25,,2
1788020877955,ui_least-connections_ramp-up_1788020856832,least-connections,server-3,GET,/api/work,200,26,,3
1788020877956,ui_least-connections_ramp-up_1788020856832,least-connections,server-1,GET,/api/work,200,25,,3
1788020877955,ui_least-connections_ramp-up_1788020856832,least-connections,server-2,GET,/api/work,200,27,,3
1788020877957,ui_least-connections_ramp-up_1788020856832,least-connections,server-2,GET,/api/work,200,26,,2
1788020877958,ui_least-connections_ramp-up_1788020856832,least-connections,server-2,GET,/api/work,200,26,,1
1788020877961,ui_least-connections_ramp-up_1788020856832,least-connections,server-2,GET,/api/work,200,27,,0
1788020877968,ui_least-connections_ramp-up_1788020856832,least-connections,server-3,GET,/api/work,200,25,,2
1788020877969,ui_least-connections_ramp-up_1788020856832,least-connections,server-1,GET,/api/work,200,26,,3
1788020877980,ui_least-connections_ramp-up_1788020856832,least-connections,server-3,GET,/api/work,200,25,,2
1788020877980,ui_least-connections_ramp-up_1788020856832,least-connections,server-1,GET,/api/work,200,25,,3
1788020877980,ui_least-connections_ramp-up_1788020856832,least-connections,server-3,GET,/api/work,200,26,,1
1788020877980,ui_least-connections_ramp-up_1788020856832,least-connections,server-1,GET,/api/work,200,26,,2
1788020877982,ui_least-connections_ramp-up_1788020856832,least-connections,server-1,GET,/api/work,200,25,,1
1788020877988,ui_least-connections_ramp-up_1788020856832,least-connections,server-2,GET,/api/work,200,26,,3
1788020877988,ui_least-connections_ramp-up_1788020856832,least-connections,server-2,GET,/api/work,200,27,,2
1788020878000,ui_least-connections_ramp-up_1788020856832,least-connections,server-2,GET,/api/work,200,27,,3
1788020878004,ui_least-connections_ramp-up_1788020856832,least-connections,server-3,GET,/api/work,200,26,,3
1788020878004,ui_least-connections_ramp-up_1788020856832,least-connections,server-1,GET,/api/work,200,26,,4
1788020878008,ui_least-connections_ramp-up_1788020856832,least-connections,server-1,GET,/api/work,200,26,,3
1788020878010,ui_least-connections_ramp-up_1788020856832,least-connections,server-3,GET,/api/work,200,26,,2
1788020878012,ui_least-connections_ramp-up_1788020856832,least-connections,server-1,GET,/api/work,200,26,,3
1788020878012,ui_least-connections_ramp-up_1788020856832,least-connections,server-1,GET,/api/work,200,27,,3
1788020878012,ui_least-connections_ramp-up_1788020856832,least-connections,server-3,GET,/api/work,200,27,,3
1788020878013,ui_least-connections_ramp-up_1788020856832,least-connections,server-2,GET,/api/work,200,27,,3
1788020878015,ui_least-connections_ramp-up_1788020856832,least-connections,server-2,GET,/api/work,200,26,,2
1788020878018,ui_least-connections_ramp-up_1788020856832,least-connections,server-2,GET,/api/work,200,26,,1
1788020878024,ui_least-connections_ramp-up_1788020856832,least-connections,server-3,GET,/api/work,200,26,,2
1788020878025,ui_least-connections_ramp-up_1788020856832,least-connections,server-1,GET,/api/work,200,27,,2
1788020878035,ui_least-connections_ramp-up_1788020856832,least-connections,server-2,GET,/api/work,200,26,,2
1788020878035,ui_least-connections_ramp-up_1788020856832,least-connections,server-1,GET,/api/work,200,26,,2
1788020878037,ui_least-connections_ramp-up_1788020856832,least-connections,server-3,GET,/api/work,200,25,,2
1788020878037,ui_least-connections_ramp-up_1788020856832,least-connections,server-3,GET,/api/work,200,26,,1
1788020878038,ui_least-connections_ramp-up_1788020856832,least-connections,server-1,GET,/api/work,200,27,,2
1788020878045,ui_least-connections_ramp-up_1788020856832,least-connections,server-2,GET,/api/work,200,26,,3
1788020878045,ui_least-connections_ramp-up_1788020856832,least-connections,server-2,GET,/api/work,200,26,,2
1788020878057,ui_least-connections_ramp-up_1788020856832,least-connections,server-1,GET,/api/work,200,26,,4
1788020878060,ui_least-connections_ramp-up_1788020856832,least-connections,server-3,GET,/api/work,200,26,,3
1788020878062,ui_least-connections_ramp-up_1788020856832,least-connections,server-1,GET,/api/work,200,26,,3
1788020878064,ui_least-connections_ramp-up_1788020856832,least-connections,server-3,GET,/api/work,200,26,,2
1788020878067,ui_least-connections_ramp-up_1788020856832,least-connections,server-1,GET,/api/work,200,26,,3
1788020878069,ui_least-connections_ramp-up_1788020856832,least-connections,server-2,GET,/api/work,200,25,,3
1788020878071,ui_least-connections_ramp-up_1788020856832,least-connections,server-2,GET,/api/work,200,25,,3
1788020878070,ui_least-connections_ramp-up_1788020856832,least-connections,server-3,GET,/api/work,200,27,,3
1788020878070,ui_least-connections_ramp-up_1788020856832,least-connections,server-1,GET,/api/work,200,27,,3
1788020878072,ui_least-connections_ramp-up_1788020856832,least-connections,server-2,GET,/api/work,200,25,,2
1788020878075,ui_least-connections_ramp-up_1788020856832,least-connections,server-2,GET,/api/work,200,26,,1
1788020878081,ui_least-connections_ramp-up_1788020856832,least-connections,server-3,GET,/api/work,200,26,,2
1788020878082,ui_least-connections_ramp-up_1788020856832,least-connections,server-1,GET,/api/work,200,25,,2
1788020878092,ui_least-connections_ramp-up_1788020856832,least-connections,server-1,GET,/api/work,200,26,,3
1788020878092,ui_least-connections_ramp-up_1788020856832,least-connections,server-3,GET,/api/work,200,26,,2
1788020878093,ui_least-connections_ramp-up_1788020856832,least-connections,server-1,GET,/api/work,200,26,,2
1788020878093,ui_least-connections_ramp-up_1788020856832,least-connections,server-3,GET,/api/work,200,27,,1
1788020878095,ui_least-connections_ramp-up_1788020856832,least-connections,server-2,GET,/api/work,200,26,,2
1788020878102,ui_least-connections_ramp-up_1788020856832,least-connections,server-2,GET,/api/work,200,27,,3
1788020878102,ui_least-connections_ramp-up_1788020856832,least-connections,server-2,GET,/api/work,200,27,,3
1788020878114,ui_least-connections_ramp-up_1788020856832,least-connections,server-1,GET,/api/work,200,26,,4
1788020878116,ui_least-connections_ramp-up_1788020856832,least-connections,server-3,GET,/api/work,200,27,,3
1788020878117,ui_least-connections_ramp-up_1788020856832,least-connections,server-1,GET,/api/work,200,26,,3
1788020878122,ui_least-connections_ramp-up_1788020856832,least-connections,server-3,GET,/api/work,200,25,,2
1788020878125,ui_least-connections_ramp-up_1788020856832,least-connections,server-2,GET,/api/work,200,25,,3
1788020878124,ui_least-connections_ramp-up_1788020856832,least-connections,server-1,GET,/api/work,200,27,,3
1788020878127,ui_least-connections_ramp-up_1788020856832,least-connections,server-3,GET,/api/work,200,27,,3
1788020878128,ui_least-connections_ramp-up_1788020856832,least-connections,server-1,GET,/api/work,200,26,,3
1788020878129,ui_least-connections_ramp-up_1788020856832,least-connections,server-2,GET,/api/work,200,25,,3
1788020878129,ui_least-connections_ramp-up_1788020856832,least-connections,server-2,GET,/api/work,200,27,,2
1788020878132,ui_least-connections_ramp-up_1788020856832,least-connections,server-2,GET,/api/work,200,26,,1
1788020878138,ui_least-connections_ramp-up_1788020856832,least-connections,server-3,GET,/api/work,200,26,,2
1788020878139,ui_least-connections_ramp-up_1788020856832,least-connections,server-1,GET,/api/work,200,25,,2
1788020878147,ui_least-connections_ramp-up_1788020856832,least-connections,server-3,GET,/api/work,200,26,,2
1788020878149,ui_least-connections_ramp-up_1788020856832,least-connections,server-1,GET,/api/work,200,25,,2
1788020878150,ui_least-connections_ramp-up_1788020856832,least-connections,server-3,GET,/api/work,200,26,,2
1788020878150,ui_least-connections_ramp-up_1788020856832,least-connections,server-2,GET,/api/work,200,27,,2
1788020878152,ui_least-connections_ramp-up_1788020856832,least-connections,server-1,GET,/api/work,200,27,,2
1788020878160,ui_least-connections_ramp-up_1788020856832,least-connections,server-2,GET,/api/work,200,26,,3
1788020878160,ui_least-connections_ramp-up_1788020856832,least-connections,server-2,GET,/api/work,200,26,,2
1788020878171,ui_least-connections_ramp-up_1788020856832,least-connections,server-1,GET,/api/work,200,26,,4
1788020878172,ui_least-connections_ramp-up_1788020856832,least-connections,server-3,GET,/api/work,200,27,,3
1788020878174,ui_least-connections_ramp-up_1788020856832,least-connections,server-3,GET,/api/work,200,26,,2
1788020878178,ui_least-connections_ramp-up_1788020856832,least-connections,server-1,GET,/api/work,200,26,,3
1788020878181,ui_least-connections_ramp-up_1788020856832,least-connections,server-1,GET,/api/work,200,26,,4
1788020878181,ui_least-connections_ramp-up_1788020856832,least-connections,server-2,GET,/api/work,200,27,,3
1788020878184,ui_least-connections_ramp-up_1788020856832,least-connections,server-3,GET,/api/work,200,26,,3
1788020878185,ui_least-connections_ramp-up_1788020856832,least-connections,server-1,GET,/api/work,200,26,,3
1788020878185,ui_least-connections_ramp-up_1788020856832,least-connections,server-2,GET,/api/work,200,26,,3
1788020878186,ui_least-connections_ramp-up_1788020856832,least-connections,server-2,GET,/api/work,200,26,,2
1788020878189,ui_least-connections_ramp-up_1788020856832,least-connections,server-2,GET,/api/work,200,25,,1
1788020878195,ui_least-connections_ramp-up_1788020856832,least-connections,server-3,GET,/api/work,200,26,,2
1788020878196,ui_least-connections_ramp-up_1788020856832,least-connections,server-1,GET,/api/work,200,26,,2
1788020878204,ui_least-connections_ramp-up_1788020856832,least-connections,server-3,GET,/api/work,200,25,,2
1788020878204,ui_least-connections_ramp-up_1788020856832,least-connections,server-1,GET,/api/work,200,26,,2
1788020878206,ui_least-connections_ramp-up_1788020856832,least-connections,server-3,GET,/api/work,200,25,,1
1788020878207,ui_least-connections_ramp-up_1788020856832,least-connections,server-1,GET,/api/work,200,26,,2
1788020878209,ui_least-connections_ramp-up_1788020856832,least-connections,server-2,GET,/api/work,200,26,,2
1788020878217,ui_least-connections_ramp-up_1788020856832,least-connections,server-2,GET,/api/work,200,26,,3
1788020878217,ui_least-connections_ramp-up_1788020856832,least-connections,server-2,GET,/api/work,200,26,,2
1788020878228,ui_least-connections_ramp-up_1788020856832,least-connections,server-1,GET,/api/work,200,26,,4
1788020878228,ui_least-connections_ramp-up_1788020856832,least-connections,server-3,GET,/api/work,200,26,,3
1788020878231,ui_least-connections_ramp-up_1788020856832,least-connections,server-1,GET,/api/work,200,25,,3
1788020878235,ui_least-connections_ramp-up_1788020856832,least-connections,server-3,GET,/api/work,200,26,,3
1788020878238,ui_least-connections_ramp-up_1788020856832,least-connections,server-2,GET,/api/work,200,26,,3
1788020878238,ui_least-connections_ramp-up_1788020856832,least-connections,server-1,GET,/api/work,200,27,,3
1788020878241,ui_least-connections_ramp-up_1788020856832,least-connections,server-3,GET,/api/work,200,25,,3
1788020878241,ui_least-connections_ramp-up_1788020856832,least-connections,server-1,GET,/api/work,200,25,,3
1788020878242,ui_least-connections_ramp-up_1788020856832,least-connections,server-3,GET,/api/work,200,27,,2
1788020878242,ui_least-connections_ramp-up_1788020856832,least-connections,server-2,GET,/api/work,200,27,,3
1788020878245,ui_least-connections_ramp-up_1788020856832,least-connections,server-2,GET,/api/work,200,26,,2
1788020878253,ui_least-connections_ramp-up_1788020856832,least-connections,server-2,GET,/api/work,200,26,,2
1788020878253,ui_least-connections_ramp-up_1788020856832,least-connections,server-1,GET,/api/work,200,27,,2
1788020878260,ui_least-connections_ramp-up_1788020856832,least-connections,server-1,GET,/api/work,200,26,,2
1788020878260,ui_least-connections_ramp-up_1788020856832,least-connections,server-3,GET,/api/work,200,27,,2
1788020878262,ui_least-connections_ramp-up_1788020856832,least-connections,server-3,GET,/api/work,200,27,,1
1788020878265,ui_least-connections_ramp-up_1788020856832,least-connections,server-1,GET,/api/work,200,26,,2
1788020878266,ui_least-connections_ramp-up_1788020856832,least-connections,server-2,GET,/api/work,200,26,,2
1788020878274,ui_least-connections_ramp-up_1788020856832,least-connections,server-2,GET,/api/work,200,26,,3
1788020878274,ui_least-connections_ramp-up_1788020856832,least-connections,server-3,GET,/api/work,200,27,,3
1788020878284,ui_least-connections_ramp-up_1788020856832,least-connections,server-2,GET,/api/work,200,26,,3
1788020878284,ui_least-connections_ramp-up_1788020856832,least-connections,server-1,GET,/api/work,200,27,,4
1788020878287,ui_least-connections_ramp-up_1788020856832,least-connections,server-1,GET,/api/work,200,26,,3
1788020878292,ui_least-connections_ramp-up_1788020856832,least-connections,server-3,GET,/api/work,200,26,,3
1788020878295,ui_least-connections_ramp-up_1788020856832,least-connections,server-1,GET,/api/work,200,26,,3
1788020878296,ui_least-connections_ramp-up_1788020856832,least-connections,server-2,GET,/api/work,200,26,,3
1788020878297,ui_least-connections_ramp-up_1788020856832,least-connections,server-3,GET,/api/work,200,26,,3
1788020878297,ui_least-connections_ramp-up_1788020856832,least-connections,server-1,GET,/api/work,200,26,,2
1788020878300,ui_least-connections_ramp-up_1788020856832,least-connections,server-3,GET,/api/work,200,26,,2
1788020878300,ui_least-connections_ramp-up_1788020856832,least-connections,server-2,GET,/api/work,200,27,,2
1788020878302,ui_least-connections_ramp-up_1788020856832,least-connections,server-2,GET,/api/work,200,27,,1
1788020878310,ui_least-connections_ramp-up_1788020856832,least-connections,server-1,GET,/api/work,200,26,,3
1788020878310,ui_least-connections_ramp-up_1788020856832,least-connections,server-3,GET,/api/work,200,26,,1
1788020878317,ui_least-connections_ramp-up_1788020856832,least-connections,server-2,GET,/api/work,200,26,,2
1788020878317,ui_least-connections_ramp-up_1788020856832,least-connections,server-1,GET,/api/work,200,26,,2
1788020878319,ui_least-connections_ramp-up_1788020856832,least-connections,server-3,GET,/api/work,200,26,,2
1788020878323,ui_least-connections_ramp-up_1788020856832,least-connections,server-1,GET,/api/work,200,26,,2
1788020878324,ui_least-connections_ramp-up_1788020856832,least-connections,server-1,GET,/api/work,200,26,,1
1788020878331,ui_least-connections_ramp-up_1788020856832,least-connections,server-2,GET,/api/work,200,26,,3
1788020878331,ui_least-connections_ramp-up_1788020856832,least-connections,server-2,GET,/api/work,200,27,,2
1788020878341,ui_least-connections_ramp-up_1788020856832,least-connections,server-3,GET,/api/work,200,26,,3
1788020878341,ui_least-connections_ramp-up_1788020856832,least-connections,server-3,GET,/api/work,200,26,,2
1788020878344,ui_least-connections_ramp-up_1788020856832,least-connections,server-1,GET,/api/work,200,26,,4
1788020878348,ui_least-connections_ramp-up_1788020856832,least-connections,server-2,GET,/api/work,200,26,,3
1788020878352,ui_least-connections_ramp-up_1788020856832,least-connections,server-1,GET,/api/work,200,26,,3
1788020878352,ui_least-connections_ramp-up_1788020856832,least-connections,server-1,GET,/api/work,200,27,,2
1788020878354,ui_least-connections_ramp-up_1788020856832,least-connections,server-3,GET,/api/work,200,26,,3
1788020878354,ui_least-connections_ramp-up_1788020856832,least-connections,server-1,GET,/api/work,200,27,,2
1788020878356,ui_least-connections_ramp-up_1788020856832,least-connections,server-2,GET,/api/work,200,27,,3
1788020878358,ui_least-connections_ramp-up_1788020856832,least-connections,server-2,GET,/api/work,200,26,,2
1788020878358,ui_least-connections_ramp-up_1788020856832,least-connections,server-2,GET,/api/work,200,26,,1
1788020878367,ui_least-connections_ramp-up_1788020856832,least-connections,server-1,GET,/api/work,200,26,,2
1788020878367,ui_least-connections_ramp-up_1788020856832,least-connections,server-3,GET,/api/work,200,27,,2
1788020878373,ui_least-connections_ramp-up_1788020856832,least-connections,server-3,GET,/api/work,200,26,,2
1788020878375,ui_least-connections_ramp-up_1788020856832,least-connections,server-2,GET,/api/work,200,25,,2
1788020878376,ui_least-connections_ramp-up_1788020856832,least-connections,server-3,GET,/api/work,200,27,,1
1788020878379,ui_least-connections_ramp-up_1788020856832,least-connections,server-1,GET,/api/work,200,26,,2
1788020878381,ui_least-connections_ramp-up_1788020856832,least-connections,server-1,GET,/api/work,200,26,,1
1788020878388,ui_least-connections_ramp-up_1788020856832,least-connections,server-2,GET,/api/work,200,26,,3
1788020878389,ui_least-connections_ramp-up_1788020856832,least-connections,server-2,GET,/api/work,200,26,,2
1788020878399,ui_least-connections_ramp-up_1788020856832,least-connections,server-3,GET,/api/work,200,25,,2
1788020878398,ui_least-connections_ramp-up_1788020856832,least-connections,server-1,GET,/api/work,200,27,,3
1788020878401,ui_least-connections_ramp-up_1788020856832,least-connections,server-2,GET,/api/work,200,27,,3
1788020878406,ui_least-connections_ramp-up_1788020856832,least-connections,server-3,GET,/api/work,200,26,,3
1788020878409,ui_least-connections_ramp-up_1788020856832,least-connections,server-1,GET,/api/work,200,26,,3
1788020878410,ui_least-connections_ramp-up_1788020856832,least-connections,server-1,GET,/api/work,200,26,,2
1788020878411,ui_least-connections_ramp-up_1788020856832,least-connections,server-3,GET,/api/work,200,26,,3
1788020878411,ui_least-connections_ramp-up_1788020856832,least-connections,server-1,GET,/api/work,200,27,,3
1788020878413,ui_least-connections_ramp-up_1788020856832,least-connections,server-2,GET,/api/work,200,25,,3
1788020878415,ui_least-connections_ramp-up_1788020856832,least-connections,server-2,GET,/api/work,200,27,,2
1788020878415,ui_least-connections_ramp-up_1788020856832,least-connections,server-2,GET,/api/work,200,27,,1
1788020878424,ui_least-connections_ramp-up_1788020856832,least-connections,server-3,GET,/api/work,200,27,,2
1788020878425,ui_least-connections_ramp-up_1788020856832,least-connections,server-1,GET,/api/work,200,27,,2
1788020878430,ui_least-connections_ramp-up_1788020856832,least-connections,server-2,GET,/api/work,200,27,,2
1788020878430,ui_least-connections_ramp-up_1788020856832,least-connections,server-3,GET,/api/work,200,28,,2
1788020878433,ui_least-connections_ramp-up_1788020856832,least-connections,server-3,GET,/api/work,200,27,,1
1788020878437,ui_least-connections_ramp-up_1788020856832,least-connections,server-1,GET,/api/work,200,26,,2
1788020878437,ui_least-connections_ramp-up_1788020856832,least-connections,server-1,GET,/api/work,200,27,,1
1788020878446,ui_least-connections_ramp-up_1788020856832,least-connections,server-2,GET,/api/work,200,26,,3
1788020878446,ui_least-connections_ramp-up_1788020856832,least-connections,server-2,GET,/api/work,200,28,,2
1788020878455,ui_least-connections_ramp-up_1788020856832,least-connections,server-1,GET,/api/work,200,29,,3
1788020878456,ui_least-connections_ramp-up_1788020856832,least-connections,server-3,GET,/api/work,200,30,,3
1788020878459,ui_least-connections_ramp-up_1788020856832,least-connections,server-2,GET,/api/work,200,28,,3
1788020878465,ui_least-connections_ramp-up_1788020856832,least-connections,server-1,GET,/api/work,200,27,,4
1788020878466,ui_least-connections_ramp-up_1788020856832,least-connections,server-3,GET,/api/work,200,29,,3
1788020878468,ui_least-connections_ramp-up_1788020856832,least-connections,server-1,GET,/api/work,200,30,,4
1788020878469,ui_least-connections_ramp-up_1788020856832,least-connections,server-3,GET,/api/work,200,30,,2
1788020878470,ui_least-connections_ramp-up_1788020856832,least-connections,server-2,GET,/api/work,200,30,,3
1788020878469,ui_least-connections_ramp-up_1788020856832,least-connections,server-1,GET,/api/work,200,32,,3
1788020878475,ui_least-connections_ramp-up_1788020856832,least-connections,server-2,GET,/api/work,200,29,,2
1788020878475,ui_least-connections_ramp-up_1788020856832,least-connections,server-2,GET,/api/work,200,31,,1
1788020878483,ui_least-connections_ramp-up_1788020856832,least-connections,server-3,GET,/api/work,200,28,,2
1788020878485,ui_least-connections_ramp-up_1788020856832,least-connections,server-1,GET,/api/work,200,28,,2
1788020878490,ui_least-connections_ramp-up_1788020856832,least-connections,server-2,GET,/api/work,200,29,,2
1788020878491,ui_least-connections_ramp-up_1788020856832,least-connections,server-1,GET,/api/work,200,30,,2
1788020878490,ui_least-connections_ramp-up_1788020856832,least-connections,server-3,GET,/api/work,200,32,,2
1788020878495,ui_least-connections_ramp-up_1788020856832,least-connections,server-1,GET,/api/work,200,28,,1
1788020878502,ui_least-connections_ramp-up_1788020856832,least-connections,server-3,GET,/api/work,200,28,,1
1788020878507,ui_least-connections_ramp-up_1788020856832,least-connections,server-2,GET,/api/work,200,27,,2
1788020878508,ui_least-connections_ramp-up_1788020856832,least-connections,server-2,GET,/api/work,200,27,,2
1788020878518,ui_least-connections_ramp-up_1788020856832,least-connections,server-3,GET,/api/work,200,27,,3
1788020878518,ui_least-connections_ramp-up_1788020856832,least-connections,server-1,GET,/api/work,200,27,,4
1788020878520,ui_least-connections_ramp-up_1788020856832,least-connections,server-2,GET,/api/work,200,26,,3
1788020878525,ui_least-connections_ramp-up_1788020856832,least-connections,server-1,GET,/api/work,200,28,,4
1788020878528,ui_least-connections_ramp-up_1788020856832,least-connections,server-1,GET,/api/work,200,27,,4
1788020878533,ui_least-connections_ramp-up_1788020856832,least-connections,server-3,GET,/api/work,200,27,,3
1788020878535,ui_least-connections_ramp-up_1788020856832,least-connections,server-2,GET,/api/work,200,26,,3
1788020878535,ui_least-connections_ramp-up_1788020856832,least-connections,server-2,GET,/api/work,200,27,,2
1788020878536,ui_least-connections_ramp-up_1788020856832,least-connections,server-3,GET,/api/work,200,26,,2
1788020878537,ui_least-connections_ramp-up_1788020856832,least-connections,server-1,GET,/api/work,200,26,,3
1788020878538,ui_least-connections_ramp-up_1788020856832,least-connections,server-2,GET,/api/work,200,26,,2
1788020878542,ui_least-connections_ramp-up_1788020856832,least-connections,server-3,GET,/api/work,200,26,,2
1788020878544,ui_least-connections_ramp-up_1788020856832,least-connections,server-1,GET,/api/work,200,26,,2
1788020878552,ui_least-connections_ramp-up_1788020856832,least-connections,server-1,GET,/api/work,200,26,,3
1788020878552,ui_least-connections_ramp-up_1788020856832,least-connections,server-3,GET,/api/work,200,26,,2
1788020878552,ui_least-connections_ramp-up_1788020856832,least-connections,server-2,GET,/api/work,200,27,,2
1788020878553,ui_least-connections_ramp-up_1788020856832,least-connections,server-1,GET,/api/work,200,26,,2
1788020878562,ui_least-connections_ramp-up_1788020856832,least-connections,server-2,GET,/api/work,200,26,,2
1788020878567,ui_least-connections_ramp-up_1788020856832,least-connections,server-2,GET,/api/work,200,26,,3
1788020878567,ui_least-connections_ramp-up_1788020856832,least-connections,server-3,GET,/api/work,200,27,,3
1788020878576,ui_least-connections_ramp-up_1788020856832,least-connections,server-3,GET,/api/work,200,26,,3
1788020878576,ui_least-connections_ramp-up_1788020856832,least-connections,server-1,GET,/api/work,200,27,,4
1788020878577,ui_least-connections_ramp-up_1788020856832,least-connections,server-1,GET,/api/work,200,26,,3
1788020878583,ui_least-connections_ramp-up_1788020856832,least-connections,server-1,GET,/api/work,200,27,,4
1788020878585,ui_least-connections_ramp-up_1788020856832,least-connections,server-2,GET,/api/work,200,27,,3
1788020878590,ui_least-connections_ramp-up_1788020856832,least-connections,server-2,GET,/api/work,200,26,,2
1788020878593,ui_least-connections_ramp-up_1788020856832,least-connections,server-1,GET,/api/work,200,25,,4
1788020878593,ui_least-connections_ramp-up_1788020856832,least-connections,server-2,GET,/api/work,200,25,,1
1788020878592,ui_least-connections_ramp-up_1788020856832,least-connections,server-3,GET,/api/work,200,27,,3
1788020878594,ui_least-connections_ramp-up_1788020856832,least-connections,server-2,GET,/api/work,200,25,,0
1788020878593,ui_least-connections_ramp-up_1788020856832,least-connections,server-3,GET,/api/work,200,27,,2
1788020878599,ui_least-connections_ramp-up_1788020856832,least-connections,server-3,GET,/api/work,200,26,,1
1788020878601,ui_least-connections_ramp-up_1788020856832,least-connections,server-1,GET,/api/work,200,25,,3
1788020878609,ui_least-connections_ramp-up_1788020856832,least-connections,server-3,GET,/api/work,200,25,,2
1788020878609,ui_least-connections_ramp-up_1788020856832,least-connections,server-1,GET,/api/work,200,27,,2
1788020878609,ui_least-connections_ramp-up_1788020856832,least-connections,server-1,GET,/api/work,200,27,,1
1788020878610,ui_least-connections_ramp-up_1788020856832,least-connections,server-1,GET,/api/work,200,27,,0
1788020878619,ui_least-connections_ramp-up_1788020856832,least-connections,server-2,GET,/api/work,200,27,,2
1788020878624,ui_least-connections_ramp-up_1788020856832,least-connections,server-2,GET,/api/work,200,27,,3
1788020878625,ui_least-connections_ramp-up_1788020856832,least-connections,server-2,GET,/api/work,200,26,,2
1788020878633,ui_least-connections_ramp-up_1788020856832,least-connections,server-3,GET,/api/work,200,25,,3
1788020878633,ui_least-connections_ramp-up_1788020856832,least-connections,server-3,GET,/api/work,200,26,,2
1788020878634,ui_least-connections_ramp-up_1788020856832,least-connections,server-3,GET,/api/work,200,26,,1
1788020878640,ui_least-connections_ramp-up_1788020856832,least-connections,server-1,GET,/api/work,200,27,,4
1788020878642,ui_least-connections_ramp-up_1788020856832,least-connections,server-1,GET,/api/work,200,26,,3
1788020878647,ui_least-connections_ramp-up_1788020856832,least-connections,server-1,GET,/api/work,200,26,,3
1788020878649,ui_least-connections_ramp-up_1788020856832,least-connections,server-1,GET,/api/work,200,25,,2
1788020878647,ui_least-connections_ramp-up_1788020856832,least-connections,server-2,GET,/api/work,200,27,,3
1788020878650,ui_least-connections_ramp-up_1788020856832,least-connections,server-1,GET,/api/work,200,26,,2
1788020878650,ui_least-connections_ramp-up_1788020856832,least-connections,server-2,GET,/api/work,200,26,,2
1788020878650,ui_least-connections_ramp-up_1788020856832,least-connections,server-3,GET,/api/work,200,27,,3
1788020878656,ui_least-connections_ramp-up_1788020856832,least-connections,server-2,GET,/api/work,200,26,,1
1788020878657,ui_least-connections_ramp-up_1788020856832,least-connections,server-2,GET,/api/work,200,25,,1
1788020878664,ui_least-connections_ramp-up_1788020856832,least-connections,server-3,GET,/api/work,200,25,,2
1788020878666,ui_least-connections_ramp-up_1788020856832,least-connections,server-3,GET,/api/work,200,26,,2
1788020878667,ui_least-connections_ramp-up_1788020856832,least-connections,server-3,GET,/api/work,200,25,,1
1788020878668,ui_least-connections_ramp-up_1788020856832,least-connections,server-1,GET,/api/work,200,26,,2
1788020878675,ui_least-connections_ramp-up_1788020856832,least-connections,server-1,GET,/api/work,200,26,,2
1788020878681,ui_least-connections_ramp-up_1788020856832,least-connections,server-1,GET,/api/work,200,27,,4
1788020878682,ui_least-connections_ramp-up_1788020856832,least-connections,server-2,GET,/api/work,200,26,,3
1788020878689,ui_least-connections_ramp-up_1788020856832,least-connections,server-2,GET,/api/work,200,26,,3
1788020878689,ui_least-connections_ramp-up_1788020856832,least-connections,server-2,GET,/api/work,200,26,,2
1788020878691,ui_least-connections_ramp-up_1788020856832,least-connections,server-3,GET,/api/work,200,27,,3
1788020878697,ui_least-connections_ramp-up_1788020856832,least-connections,server-3,GET,/api/work,200,26,,3
1788020878699,ui_least-connections_ramp-up_1788020856832,least-connections,server-1,GET,/api/work,200,26,,4
1788020878704,ui_least-connections_ramp-up_1788020856832,least-connections,server-3,GET,/api/work,200,26,,3
1788020878704,ui_least-connections_ramp-up_1788020856832,least-connections,server-1,GET,/api/work,200,27,,3
1788020878706,ui_least-connections_ramp-up_1788020856832,least-connections,server-1,GET,/api/work,200,25,,2
1788020878707,ui_least-connections_ramp-up_1788020856832,least-connections,server-3,GET,/api/work,200,26,,2
1788020878707,ui_least-connections_ramp-up_1788020856832,least-connections,server-2,GET,/api/work,200,26,,3
1788020878708,ui_least-connections_ramp-up_1788020856832,least-connections,server-1,GET,/api/work,200,26,,2
1788020878713,ui_least-connections_ramp-up_1788020856832,least-connections,server-2,GET,/api/work,200,26,,2
1788020878713,ui_least-connections_ramp-up_1788020856832,least-connections,server-1,GET,/api/work,200,26,,2
1788020878720,ui_least-connections_ramp-up_1788020856832,least-connections,server-2,GET,/api/work,200,26,,2
1788020878722,ui_least-connections_ramp-up_1788020856832,least-connections,server-2,GET,/api/work,200,25,,1
1788020878723,ui_least-connections_ramp-up_1788020856832,least-connections,server-3,GET,/api/work,200,27,,2
1788020878725,ui_least-connections_ramp-up_1788020856832,least-connections,server-3,GET,/api/work,200,26,,1
1788020878732,ui_least-connections_ramp-up_1788020856832,least-connections,server-1,GET,/api/work,200,26,,2
1788020878738,ui_least-connections_ramp-up_1788020856832,least-connections,server-1,GET,/api/work,200,27,,3
1788020878739,ui_least-connections_ramp-up_1788020856832,least-connections,server-3,GET,/api/work,200,26,,3
1788020878745,ui_least-connections_ramp-up_1788020856832,least-connections,server-1,GET,/api/work,200,25,,4
1788020878746,ui_least-connections_ramp-up_1788020856832,least-connections,server-2,GET,/api/work,200,26,,3
1788020878748,ui_least-connections_ramp-up_1788020856832,least-connections,server-2,GET,/api/work,200,27,,2
1788020878754,ui_least-connections_ramp-up_1788020856832,least-connections,server-3,GET,/api/work,200,25,,3
1788020878756,ui_least-connections_ramp-up_1788020856832,least-connections,server-2,GET,/api/work,200,27,,3
1788020878762,ui_least-connections_ramp-up_1788020856832,least-connections,server-3,GET,/api/work,200,26,,3
1788020878762,ui_least-connections_ramp-up_1788020856832,least-connections,server-1,GET,/api/work,200,27,,4
1788020878763,ui_least-connections_ramp-up_1788020856832,least-connections,server-1,GET,/api/work,200,26,,3
1788020878764,ui_least-connections_ramp-up_1788020856832,least-connections,server-2,GET,/api/work,200,26,,3
1788020878764,ui_least-connections_ramp-up_1788020856832,least-connections,server-3,GET,/api/work,200,26,,2
1788020878765,ui_least-connections_ramp-up_1788020856832,least-connections,server-1,GET,/api/work,200,26,,2
1788020878769,ui_least-connections_ramp-up_1788020856832,least-connections,server-3,GET,/api/work,200,25,,1
1788020878770,ui_least-connections_ramp-up_1788020856832,least-connections,server-1,GET,/api/work,200,27,,2
1788020878777,ui_least-connections_ramp-up_1788020856832,least-connections,server-2,GET,/api/work,200,26,,2
1788020878778,ui_least-connections_ramp-up_1788020856832,least-connections,server-2,GET,/api/work,200,25,,1
1788020878780,ui_least-connections_ramp-up_1788020856832,least-connections,server-3,GET,/api/work,200,26,,2
1788020878782,ui_least-connections_ramp-up_1788020856832,least-connections,server-1,GET,/api/work,200,26,,2
1788020878789,ui_least-connections_ramp-up_1788020856832,least-connections,server-2,GET,/api/work,200,26,,2
1788020878796,ui_least-connections_ramp-up_1788020856832,least-connections,server-3,GET,/api/work,200,26,,3
1788020878796,ui_least-connections_ramp-up_1788020856832,least-connections,server-1,GET,/api/work,200,26,,4
1788020878801,ui_least-connections_ramp-up_1788020856832,least-connections,server-1,GET,/api/work,200,26,,3
1788020878802,ui_least-connections_ramp-up_1788020856832,least-connections,server-3,GET,/api/work,200,26,,3
1788020878805,ui_least-connections_ramp-up_1788020856832,least-connections,server-2,GET,/api/work,200,27,,3
1788020878810,ui_least-connections_ramp-up_1788020856832,least-connections,server-1,GET,/api/work,200,26,,3
1788020878813,ui_least-connections_ramp-up_1788020856832,least-connections,server-2,GET,/api/work,200,27,,3
1788020878819,ui_least-connections_ramp-up_1788020856832,least-connections,server-2,GET,/api/work,200,26,,2
1788020878820,ui_least-connections_ramp-up_1788020856832,least-connections,server-1,GET,/api/work,200,26,,4
1788020878820,ui_least-connections_ramp-up_1788020856832,least-connections,server-2,GET,/api/work,200,26,,1
1788020878820,ui_least-connections_ramp-up_1788020856832,least-connections,server-3,GET,/api/work,200,26,,3
1788020878821,ui_least-connections_ramp-up_1788020856832,least-connections,server-3,GET,/api/work,200,26,,2
1788020878821,ui_least-connections_ramp-up_1788020856832,least-connections,server-1,GET,/api/work,200,27,,3
1788020878825,ui_least-connections_ramp-up_1788020856832,least-connections,server-3,GET,/api/work,200,26,,1
1788020878828,ui_least-connections_ramp-up_1788020856832,least-connections,server-1,GET,/api/work,200,26,,2
1788020878834,ui_least-connections_ramp-up_1788020856832,least-connections,server-2,GET,/api/work,200,26,,2
1788020878835,ui_least-connections_ramp-up_1788020856832,least-connections,server-3,GET,/api/work,200,26,,2
1788020878836,ui_least-connections_ramp-up_1788020856832,least-connections,server-1,GET,/api/work,200,26,,2
1788020878839,ui_least-connections_ramp-up_1788020856832,least-connections,server-1,GET,/api/work,200,27,,2
1788020878846,ui_least-connections_ramp-up_1788020856832,least-connections,server-2,GET,/api/work,200,26,,2
1788020878853,ui_least-connections_ramp-up_1788020856832,least-connections,server-3,GET,/api/work,200,26,,3
1788020878853,ui_least-connections_ramp-up_1788020856832,least-connections,server-2,GET,/api/work,200,26,,3
1788020878858,ui_least-connections_ramp-up_1788020856832,least-connections,server-1,GET,/api/work,200,26,,4
1788020878859,ui_least-connections_ramp-up_1788020856832,least-connections,server-3,GET,/api/work,200,25,,3
1788020878863,ui_least-connections_ramp-up_1788020856832,least-connections,server-1,GET,/api/work,200,25,,3
1788020878867,ui_least-connections_ramp-up_1788020856832,least-connections,server-1,GET,/api/work,200,26,,4
1788020878869,ui_least-connections_ramp-up_1788020856832,least-connections,server-2,GET,/api/work,200,26,,3
1788020878876,ui_least-connections_ramp-up_1788020856832,least-connections,server-3,GET,/api/work,200,26,,3
1788020878877,ui_least-connections_ramp-up_1788020856832,least-connections,server-1,GET,/api/work,200,26,,3
1788020878876,ui_least-connections_ramp-up_1788020856832,least-connections,server-2,GET,/api/work,200,27,,3
1788020878877,ui_least-connections_ramp-up_1788020856832,least-connections,server-2,GET,/api/work,200,26,,2
1788020878878,ui_least-connections_ramp-up_1788020856832,least-connections,server-1,GET,/api/work,200,26,,3
1788020878878,ui_least-connections_ramp-up_1788020856832,least-connections,server-3,GET,/api/work,200,27,,2
1788020878882,ui_least-connections_ramp-up_1788020856832,least-connections,server-2,GET,/api/work,200,26,,1
1788020878884,ui_least-connections_ramp-up_1788020856832,least-connections,server-3,GET,/api/work,200,26,,1
1788020878891,ui_least-connections_ramp-up_1788020856832,least-connections,server-3,GET,/api/work,200,26,,2
1788020878891,ui_least-connections_ramp-up_1788020856832,least-connections,server-1,GET,/api/work,200,26,,2
1788020878892,ui_least-connections_ramp-up_1788020856832,least-connections,server-1,GET,/api/work,200,26,,1
1788020878896,ui_least-connections_ramp-up_1788020856832,least-connections,server-2,GET,/api/work,200,25,,2
1788020878903,ui_least-connections_ramp-up_1788020856832,least-connections,server-1,GET,/api/work,200,27,,2
1788020878909,ui_least-connections_ramp-up_1788020856832,least-connections,server-2,GET,/api/work,200,25,,3
1788020878910,ui_least-connections_ramp-up_1788020856832,least-connections,server-3,GET,/api/work,200,26,,3
1788020878915,ui_least-connections_ramp-up_1788020856832,least-connections,server-3,GET,/api/work,200,26,,3
1788020878915,ui_least-connections_ramp-up_1788020856832,least-connections,server-2,GET,/api/work,200,26,,3
1788020878918,ui_least-connections_ramp-up_1788020856832,least-connections,server-1,GET,/api/work,200,27,,3
1788020878923,ui_least-connections_ramp-up_1788020856832,least-connections,server-1,GET,/api/work,200,25,,3
1788020878926,ui_least-connections_ramp-up_1788020856832,least-connections,server-2,GET,/api/work,200,26,,3
1788020878934,ui_least-connections_ramp-up_1788020856832,least-connections,server-2,GET,/api/work,200,25,,2
1788020878934,ui_least-connections_ramp-up_1788020856832,least-connections,server-3,GET,/api/work,200,25,,3
1788020878933,ui_least-connections_ramp-up_1788020856832,least-connections,server-1,GET,/api/work,200,27,,4
1788020878934,ui_least-connections_ramp-up_1788020856832,least-connections,server-1,GET,/api/work,200,26,,3
1788020878934,ui_least-connections_ramp-up_1788020856832,least-connections,server-2,GET,/api/work,200,27,,2
1788020878934,ui_least-connections_ramp-up_1788020856832,least-connections,server-3,GET,/api/work,200,27,,2
1788020878939,ui_least-connections_ramp-up_1788020856832,least-connections,server-3,GET,/api/work,200,26,,1
1788020878942,ui_least-connections_ramp-up_1788020856832,least-connections,server-2,GET,/api/work,200,25,,1
1788020878947,ui_least-connections_ramp-up_1788020856832,least-connections,server-1,GET,/api/work,200,26,,2
1788020878947,ui_least-connections_ramp-up_1788020856832,least-connections,server-3,GET,/api/work,200,27,,2
1788020878948,ui_least-connections_ramp-up_1788020856832,least-connections,server-1,GET,/api/work,200,27,,1
1788020878952,ui_least-connections_ramp-up_1788020856832,least-connections,server-1,GET,/api/work,200,25,,1
1788020878960,ui_least-connections_ramp-up_1788020856832,least-connections,server-2,GET,/api/work,200,27,,2
1788020878965,ui_least-connections_ramp-up_1788020856832,least-connections,server-3,GET,/api/work,200,27,,2
1788020878967,ui_least-connections_ramp-up_1788020856832,least-connections,server-2,GET,/api/work,200,26,,3
1788020878972,ui_least-connections_ramp-up_1788020856832,least-connections,server-3,GET,/api/work,200,25,,3
1788020878972,ui_least-connections_ramp-up_1788020856832,least-connections,server-2,GET,/api/work,200,25,,2
1788020878975,ui_least-connections_ramp-up_1788020856832,least-connections,server-1,GET,/api/work,200,26,,3
1788020878979,ui_least-connections_ramp-up_1788020856832,least-connections,server-1,GET,/api/work,200,27,,2
1788020878983,ui_least-connections_ramp-up_1788020856832,least-connections,server-1,GET,/api/work,200,26,,1
1788020878991,ui_least-connections_ramp-up_1788020856832,least-connections,server-3,GET,/api/work,200,26,,2
1788020878990,ui_least-connections_ramp-up_1788020856832,least-connections,server-2,GET,/api/work,200,27,,1
1788020878991,ui_least-connections_ramp-up_1788020856832,least-connections,server-1,GET,/api/work,200,27,,0
1788020878992,ui_least-connections_ramp-up_1788020856832,least-connections,server-3,GET,/api/work,200,26,,1
1788020878992,ui_least-connections_ramp-up_1788020856832,least-connections,server-2,GET,/api/work,200,26,,0
1788020878993,ui_least-connections_ramp-up_1788020856832,least-connections,server-3,GET,/api/work,200,25,,0
