timestamp,runId,algorithm,serverId,method,path,statusCode,responseTimeMs,error,activeConnections
1788021537819,ui_round-robin_steady_1788021537791,round-robin,server-1,GET,/api/work,200,35,,6
1788021537823,ui_round-robin_steady_1788021537791,round-robin,server-2,GET,/api/work,200,33,,6
1788021537824,ui_round-robin_steady_1788021537791,round-robin,server-3,GET,/api/work,200,34,,5
1788021537826,ui_round-robin_steady_1788021537791,round-robin,server-2,GET,/api/work,200,33,,5
1788021537827,ui_round-robin_steady_1788021537791,round-robin,server-3,GET,/api/work,200,34,,4
1788021537825,ui_round-robin_steady_1788021537791,round-robin,server-1,GET,/api/work,200,36,,5
1788021537828,ui_round-robin_steady_1788021537791,round-robin,server-1,GET,/api/work,200,35,,4
1788021537830,ui_round-robin_steady_1788021537791,round-robin,server-2,GET,/api/work,200,40,,4
1788021537830,ui_round-robin_steady_1788021537791,round-robin,server-3,GET,/api/work,200,40,,3
1788021537843,ui_round-robin_steady_1788021537791,round-robin,server-2,GET,/api/work,200,29,,3
1788021537843,ui_round-robin_steady_1788021537791,round-robin,server-1,GET,/api/work,200,30,,3
1788021537845,ui_round-robin_steady_1788021537791,round-robin,server-1,GET,/api/work,200,29,,2
1788021537844,ui_round-robin_steady_1788021537791,round-robin,server-3,GET,/api/work,200,32,,2
1788021537845,ui_round-robin_steady_1788021537791,round-robin,server-2,GET,/api/work,200,32,,2
1788021537846,ui_round-robin_steady_1788021537791,round-robin,server-3,GET,/api/work,200,32,,1
1788021537847,ui_round-robin_steady_1788021537791,round-robin,server-1,GET,/api/work,200,32,,1
1788021537848,ui_round-robin_steady_1788021537791,round-robin,server-2,GET,/api/work,200,31,,1
1788021537850,ui_round-robin_steady_1788021537791,round-robin,server-1,GET,/api/work,200,30,,0
1788021537849,ui_round-robin_steady_1788021537791,round-robin,server-3,GET,/api/work,200,33,,0
1788021537850,ui_round-robin_steady_1788021537791,round-robin,server-2,GET,/api/work,200,33,,0
1788021537888,ui_round-robin_steady_1788021537791,round-robin,server-3,GET,/api/work,200,28,,5
1788021537889,ui_round-robin_steady_1788021537791,round-robin,server-1,GET,/api/work,200,29,,5
1788021537890,ui_round-robin_steady_1788021537791,round-robin,server-2,GET,/api/work,200,29,,5
1788021537892,ui_round-robin_steady_1788021537791,round-robin,server-3,GET,/api/work,200,29,,5
1788021537894,ui_round-robin_steady_1788021537791,round-robin,server-1,GET,/api/work,200,29,,5
1788021537894,ui_round-robin_steady_1788021537791,round-robin,server-2,GET,/api/work,200,30,,4
1788021537895,ui_round-robin_steady_1788021537791,round-robin,server-3,GET,/api/work,200,30,,4
1788021537903,ui_round-robin_steady_1788021537791,round-robin,server-1,GET,/api/work,200,27,,4
1788021537903,ui_round-robin_steady_1788021537791,round-robin,server-2,GET,/api/work,200,27,,3
1788021537906,ui_round-robin_steady_1788021537791,round-robin,server-3,GET,/api/work,200,29,,3
1788021537906,ui_round-robin_steady_1788021537791,round-robin,server-1,GET,/api/work,200,30,,3
1788021537908,ui_round-robin_steady_1788021537791,round-robin,server-2,GET,/api/work,200,29,,2
1788021537909,ui_round-robin_steady_1788021537791,round-robin,server-3,GET,/api/work,200,30,,2
1788021537912,ui_round-robin_steady_1788021537791,round-robin,server-1,GET,/api/work,200,28,,2
1788021537915,ui_round-robin_steady_1788021537791,round-robin,server-2,GET,/api/work,200,27,,1
1788021537916,ui_round-robin_steady_1788021537791,round-robin,server-3,GET,/api/work,200,28,,1
1788021537917,ui_round-robin_steady_1788021537791,round-robin,server-2,GET,/api/work,200,28,,0
1788021537917,ui_round-robin_steady_1788021537791,round-robin,server-1,GET,/api/work,200,28,,1
1788021537920,ui_round-robin_steady_1788021537791,round-robin,server-3,GET,/api/work,200,26,,0
1788021537920,ui_round-robin_steady_1788021537791,round-robin,server-1,GET,/api/work,200,27,,0
1788021537950,ui_round-robin_steady_1788021537791,round-robin,server-2,GET,/api/work,200,27,,4
1788021537953,ui_round-robin_steady_1788021537791,round-robin,server-3,GET,/api/work,200,27,,6
1788021537953,ui_round-robin_steady_1788021537791,round-robin,server-1,GET,/api/work,200,28,,5
1788021537957,ui_round-robin_steady_1788021537791,round-robin,server-3,GET,/api/work,200,27,,5
1788021537959,ui_round-robin_steady_1788021537791,round-robin,server-1,GET,/api/work,200,27,,4
1788021537957,ui_round-robin_steady_1788021537791,round-robin,server-2,GET,/api/work,200,30,,5
1788021537959,ui_round-robin_steady_1788021537791,round-robin,server-2,GET,/api/work,200,29,,4
1788021537965,ui_round-robin_steady_1788021537791,round-robin,server-1,GET,/api/work,200,26,,3
1788021537965,ui_round-robin_steady_1788021537791,round-robin,server-3,GET,/api/work,200,27,,4
1788021537967,ui_round-robin_steady_1788021537791,round-robin,server-2,GET,/api/work,200,27,,3
1788021537970,ui_round-robin_steady_1788021537791,round-robin,server-3,GET,/api/work,200,27,,3
1788021537970,ui_round-robin_steady_1788021537791,round-robin,server-1,GET,/api/work,200,28,,2
1788021537972,ui_round-robin_steady_1788021537791,round-robin,server-3,GET,/api/work,200,27,,2
1788021537972,ui_round-robin_steady_1788021537791,round-robin,server-2,GET,/api/work,200,28,,2
1788021537974,ui_round-robin_steady_1788021537791,round-robin,server-1,GET,/api/work,200,28,,1
1788021537977,ui_round-robin_steady_1788021537791,round-robin,server-2,GET,/api/work,200,27,,1
1788021537978,ui_round-robin_steady_1788021537791,round-robin,server-3,GET,/api/work,200,28,,1
1788021537979,ui_round-robin_steady_1788021537791,round-robin,server-1,GET,/api/work,200,29,,0
1788021537979,ui_round-robin_steady_1788021537791,round-robin,server-2,GET,/api/work,200,30,,0
1788021537979,ui_round-robin_steady_1788021537791,round-robin,server-3,GET,/api/work,200,32,,0
1788021538011,ui_round-robin_steady_1788021537791,round-robin,server-1,GET,/api/work,200,26,,4
1788021538014,ui_round-robin_steady_1788021537791,round-robin,server-3,GET,/api/work,200,27,,5
1788021538014,ui_round-robin_steady_1788021537791,round-robin,server-1,GET,/api/work,200,28,,4
1788021538014,ui_round-robin_steady_1788021537791,round-robin,server-2,GET,/api/work,200,30,,5
1788021538017,ui_round-robin_steady_1788021537791,round-robin,server-2,GET,/api/work,200,29,,5
1788021538019,ui_round-robin_steady_1788021537791,round-robin,server-3,GET,/api/work,200,28,,4
1788021538019,ui_round-robin_steady_1788021537791,round-robin,server-1,GET,/api/work,200,30,,4
1788021538022,ui_round-robin_steady_1788021537791,round-robin,server-2,GET,/api/work,200,28,,4
1788021538024,ui_round-robin_steady_1788021537791,round-robin,server-3,GET,/api/work,200,27,,3
1788021538025,ui_round-robin_steady_1788021537791,round-robin,server-1,GET,/api/work,200,27,,3
1788021538029,ui_round-robin_steady_1788021537791,round-robin,server-2,GET,/api/work,200,26,,3
1788021538029,ui_round-robin_steady_1788021537791,round-robin,server-3,GET,/api/work,200,27,,2
1788021538030,ui_round-robin_steady_1788021537791,round-robin,server-1,GET,/api/work,200,28,,2
1788021538033,ui_round-robin_steady_1788021537791,round-robin,server-2,GET,/api/work,200,27,,2
1788021538034,ui_round-robin_steady_1788021537791,round-robin,server-3,GET,/api/work,200,27,,1
1788021538038,ui_round-robin_steady_1788021537791,round-robin,server-1,GET,/api/work,200,28,,1
1788021538040,ui_round-robin_steady_1788021537791,round-robin,server-3,GET,/api/work,200,26,,0
1788021538040,ui_round-robin_steady_1788021537791,round-robin,server-2,GET,/api/work,200,27,,1
1788021538043,ui_round-robin_steady_1788021537791,round-robin,server-1,GET,/api/work,200,26,,0
1788021538045,ui_round-robin_steady_1788021537791,round-robin,server-2,GET,/api/work,200,26,,0
1788021538069,ui_round-robin_steady_1788021537791,round-robin,server-3,GET,/api/work,200,28,,4
1788021538074,ui_round-robin_steady_1788021537791,round-robin,server-1,GET,/api/work,200,26,,5
1788021538075,ui_round-robin_steady_1788021537791,round-robin,server-2,GET,/api/work,200,26,,5
1788021538077,ui_round-robin_steady_1788021537791,round-robin,server-3,GET,/api/work,200,26,,5
1788021538078,ui_round-robin_steady_1788021537791,round-robin,server-1,GET,/api/work,200,26,,5
1788021538080,ui_round-robin_steady_1788021537791,round-robin,server-2,GET,/api/work,200,27,,4
1788021538082,ui_round-robin_steady_1788021537791,round-robin,server-3,GET,/api/work,200,27,,4
1788021538082,ui_round-robin_steady_1788021537791,round-robin,server-1,GET,/api/work,200,28,,4
1788021538083,ui_round-robin_steady_1788021537791,round-robin,server-2,GET,/api/work,200,27,,3
1788021538084,ui_round-robin_steady_1788021537791,round-robin,server-3,GET,/api/work,200,27,,3
1788021538087,ui_round-robin_steady_1788021537791,round-robin,server-1,GET,/api/work,200,26,,3
1788021538087,ui_round-robin_steady_1788021537791,round-robin,server-2,GET,/api/work,200,27,,2
1788021538089,ui_round-robin_steady_1788021537791,round-robin,server-3,GET,/api/work,200,26,,2
1788021538092,ui_round-robin_steady_1788021537791,round-robin,server-2,GET,/api/work,200,26,,1
1788021538091,ui_round-robin_steady_1788021537791,round-robin,server-1,GET,/api/work,200,28,,2
1788021538098,ui_round-robin_steady_1788021537791,round-robin,server-3,GET,/api/work,200,26,,1
1788021538099,ui_round-robin_steady_1788021537791,round-robin,server-1,GET,/api/work,200,26,,1
1788021538099,ui_round-robin_steady_1788021537791,round-robin,server-2,GET,/api/work,200,27,,0
1788021538101,ui_round-robin_steady_1788021537791,round-robin,server-3,GET,/api/work,200,27,,0
1788021538102,ui_round-robin_steady_1788021537791,round-robin,server-1,GET,/api/work,200,27,,0
1788021538129,ui_round-robin_steady_1788021537791,round-robin,server-2,GET,/api/work,200,26,,4
1788021538132,ui_round-robin_steady_1788021537791,round-robin,server-1,GET,/api/work,200,26,,4
1788021538131,ui_round-robin_steady_1788021537791,round-robin,server-3,GET,/api/work,200,28,,5
1788021538134,ui_round-robin_steady_1788021537791,round-robin,server-2,GET,/api/work,200,27,,5
1788021538134,ui_round-robin_steady_1788021537791,round-robin,server-3,GET,/api/work,200,28,,5
1788021538138,ui_round-robin_steady_1788021537791,round-robin,server-1,GET,/api/work,200,27,,4
1788021538142,ui_round-robin_steady_1788021537791,round-robin,server-2,GET,/api/work,200,26,,4
1788021538143,ui_round-robin_steady_1788021537791,round-robin,server-1,GET,/api/work,200,26,,3
1788021538143,ui_round-robin_steady_1788021537791,round-robin,server-2,GET,/api/work,200,27,,3
1788021538142,ui_round-robin_steady_1788021537791,round-robin,server-3,GET,/api/work,200,29,,4
1788021538145,ui_round-robin_steady_1788021537791,round-robin,server-1,GET,/api/work,200,26,,2
1788021538144,ui_round-robin_steady_1788021537791,round-robin,server-3,GET,/api/work,200,28,,3
1788021538146,ui_round-robin_steady_1788021537791,round-robin,server-2,GET,/api/work,200,27,,2
1788021538149,ui_round-robin_steady_1788021537791,round-robin,server-3,GET,/api/work,200,26,,2
1788021538150,ui_round-robin_steady_1788021537791,round-robin,server-1,GET,/api/work,200,27,,1
1788021538156,ui_round-robin_steady_1788021537791,round-robin,server-2,GET,/api/work,200,27,,1
1788021538157,ui_round-robin_steady_1788021537791,round-robin,server-3,GET,/api/work,200,26,,1
1788021538158,ui_round-robin_steady_1788021537791,round-robin,server-1,GET,/api/work,200,27,,0
1788021538160,ui_round-robin_steady_1788021537791,round-robin,server-2,GET,/api/work,200,26,,0
1788021538161,ui_round-robin_steady_1788021537791,round-robin,server-3,GET,/api/work,200,27,,0
1788021538187,ui_round-robin_steady_1788021537791,round-robin,server-1,GET,/api/work,200,26,,4
1788021538189,ui_round-robin_steady_1788021537791,round-robin,server-2,GET,/api/work,200,27,,5
1788021538192,ui_round-robin_steady_1788021537791,round-robin,server-3,GET,/api/work,200,25,,5
1788021538193,ui_round-robin_steady_1788021537791,round-robin,server-1,GET,/api/work,200,26,,5
1788021538193,ui_round-robin_steady_1788021537791,round-robin,server-2,GET,/api/work,200,27,,4
1788021538196,ui_round-robin_steady_1788021537791,round-robin,server-3,GET,/api/work,200,26,,4
1788021538201,ui_round-robin_steady_1788021537791,round-robin,server-1,GET,/api/work,200,26,,4
1788021538202,ui_round-robin_steady_1788021537791,round-robin,server-2,GET,/api/work,200,26,,4
1788021538203,ui_round-robin_steady_1788021537791,round-robin,server-3,GET,/api/work,200,27,,3
1788021538205,ui_round-robin_steady_1788021537791,round-robin,server-3,GET,/api/work,200,26,,2
1788021538204,ui_round-robin_steady_1788021537791,round-robin,server-1,GET,/api/work,200,29,,3
1788021538204,ui_round-robin_steady_1788021537791,round-robin,server-2,GET,/api/work,200,31,,3
1788021538205,ui_round-robin_steady_1788021537791,round-robin,server-1,GET,/api/work,200,31,,2
1788021538206,ui_round-robin_steady_1788021537791,round-robin,server-2,GET,/api/work,200,31,,2
1788021538208,ui_round-robin_steady_1788021537791,round-robin,server-3,GET,/api/work,200,30,,1
1788021538214,ui_round-robin_steady_1788021537791,round-robin,server-2,GET,/api/work,200,28,,1
1788021538214,ui_round-robin_steady_1788021537791,round-robin,server-1,GET,/api/work,200,29,,1
1788021538216,ui_round-robin_steady_1788021537791,round-robin,server-3,GET,/api/work,200,28,,0
1788021538218,ui_round-robin_steady_1788021537791,round-robin,server-1,GET,/api/work,200,27,,0
1788021538220,ui_round-robin_steady_1788021537791,round-robin,server-2,GET,/api/work,200,28,,0
1788021538245,ui_round-robin_steady_1788021537791,round-robin,server-3,GET,/api/work,200,27,,4
1788021538246,ui_round-robin_steady_1788021537791,round-robin,server-1,GET,/api/work,200,29,,5
1788021538248,ui_round-robin_steady_1788021537791,round-robin,server-2,GET,/api/work,200,29,,4
1788021538252,ui_round-robin_steady_1788021537791,round-robin,server-1,GET,/api/work,200,26,,4
1788021538252,ui_round-robin_steady_1788021537791,round-robin,server-3,GET,/api/work,200,27,,5
1788021538254,ui_round-robin_steady_1788021537791,round-robin,server-2,GET,/api/work,200,27,,4
1788021538258,ui_round-robin_steady_1788021537791,round-robin,server-3,GET,/api/work,200,27,,4
1788021538260,ui_round-robin_steady_1788021537791,round-robin,server-1,GET,/api/work,200,27,,4
1788021538261,ui_round-robin_steady_1788021537791,round-robin,server-2,GET,/api/work,200,27,,3
1788021538266,ui_round-robin_steady_1788021537791,round-robin,server-3,GET,/api/work,200,27,,3
1788021538268,ui_round-robin_steady_1788021537791,round-robin,server-1,GET,/api/work,200,26,,3
1788021538271,ui_round-robin_steady_1788021537791,round-robin,server-2,GET,/api/work,200,27,,2
1788021538271,ui_round-robin_steady_1788021537791,round-robin,server-3,GET,/api/work,200,28,,2
1788021538271,ui_round-robin_steady_1788021537791,round-robin,server-1,GET,/api/work,200,28,,2
1788021538271,ui_round-robin_steady_1788021537791,round-robin,server-2,GET,/api/work,200,29,,1
1788021538274,ui_round-robin_steady_1788021537791,round-robin,server-3,GET,/api/work,200,27,,1
1788021538275,ui_round-robin_steady_1788021537791,round-robin,server-1,GET,/api/work,200,27,,1
1788021538278,ui_round-robin_steady_1788021537791,round-robin,server-2,GET,/api/work,200,26,,1
1788021538278,ui_round-robin_steady_1788021537791,round-robin,server-3,GET,/api/work,200,27,,0
1788021538279,ui_round-robin_steady_1788021537791,round-robin,server-1,GET,/api/work,200,27,,0
1788021538303,ui_round-robin_steady_1788021537791,round-robin,server-2,GET,/api/work,200,26,,3
1788021538307,ui_round-robin_steady_1788021537791,round-robin,server-3,GET,/api/work,200,27,,5
1788021538309,ui_round-robin_steady_1788021537791,round-robin,server-1,GET,/api/work,200,26,,4
1788021538309,ui_round-robin_steady_1788021537791,round-robin,server-2,GET,/api/work,200,28,,4
1788021538312,ui_round-robin_steady_1788021537791,round-robin,server-1,GET,/api/work,200,28,,4
1788021538312,ui_round-robin_steady_1788021537791,round-robin,server-3,GET,/api/work,200,29,,5
1788021538316,ui_round-robin_steady_1788021537791,round-robin,server-2,GET,/api/work,200,27,,4
1788021538318,ui_round-robin_steady_1788021537791,round-robin,server-3,GET,/api/work,200,27,,4
1788021538320,ui_round-robin_steady_1788021537791,round-robin,server-1,GET,/api/work,200,26,,3
1788021538325,ui_round-robin_steady_1788021537791,round-robin,server-2,GET,/api/work,200,26,,3
1788021538325,ui_round-robin_steady_1788021537791,round-robin,server-3,GET,/api/work,200,26,,3
1788021538331,ui_round-robin_steady_1788021537791,round-robin,server-3,GET,/api/work,200,26,,2
1788021538331,ui_round-robin_steady_1788021537791,round-robin,server-2,GET,/api/work,200,27,,2
1788021538331,ui_round-robin_steady_1788021537791,round-robin,server-1,GET,/api/work,200,27,,2
1788021538332,ui_round-robin_steady_1788021537791,round-robin,server-1,GET,/api/work,200,27,,1
1788021538333,ui_round-robin_steady_1788021537791,round-robin,server-2,GET,/api/work,200,28,,1
1788021538334,ui_round-robin_steady_1788021537791,round-robin,server-3,GET,/api/work,200,28,,1
1788021538336,ui_round-robin_steady_1788021537791,round-robin,server-1,GET,/api/work,200,27,,1
1788021538338,ui_round-robin_steady_1788021537791,round-robin,server-2,GET,/api/work,200,27,,0
1788021538338,ui_round-robin_steady_1788021537791,round-robin,server-3,GET,/api/work,200,28,,0
1788021538361,ui_round-robin_steady_1788021537791,round-robin,server-1,GET,/api/work,200,27,,3
1788021538367,ui_round-robin_steady_1788021537791,round-robin,server-3,GET,/api/work,200,27,,4
1788021538367,ui_round-robin_steady_1788021537791,round-robin,server-2,GET,/api/work,200,29,,5
1788021538371,ui_round-robin_steady_1788021537791,round-robin,server-1,GET,/api/work,200,30,,4
1788021538372,ui_round-robin_steady_1788021537791,round-robin,server-2,GET,/api/work,200,30,,4
1788021538373,ui_round-robin_steady_1788021537791,round-robin,server-3,GET,/api/work,200,30,,4
1788021538374,ui_round-robin_steady_1788021537791,round-robin,server-2,GET,/api/work,200,30,,3
1788021538373,ui_round-robin_steady_1788021537791,round-robin,server-1,GET,/api/work,200,31,,3
1788021538377,ui_round-robin_steady_1788021537791,round-robin,server-3,GET,/api/work,200,31,,3
1788021538382,ui_round-robin_steady_1788021537791,round-robin,server-1,GET,/api/work,200,28,,3
1788021538382,ui_round-robin_steady_1788021537791,round-robin,server-2,GET,/api/work,200,31,,3
1788021538389,ui_round-robin_steady_1788021537791,round-robin,server-3,GET,/api/work,200,28,,2
1788021538393,ui_round-robin_steady_1788021537791,round-robin,server-2,GET,/api/work,200,27,,2
1788021538393,ui_round-robin_steady_1788021537791,round-robin,server-3,GET,/api/work,200,28,,1
1788021538389,ui_round-robin_steady_1788021537791,round-robin,server-1,GET,/api/work,200,34,,2
1788021538395,ui_round-robin_steady_1788021537791,round-robin,server-1,GET,/api/work,200,30,,1
1788021538395,ui_round-robin_steady_1788021537791,round-robin,server-2,GET,/api/work,200,31,,1
1788021538397,ui_round-robin_steady_1788021537791,round-robin,server-3,GET,/api/work,200,31,,0
1788021538405,ui_round-robin_steady_1788021537791,round-robin,server-1,GET,/api/work,200,28,,1
1788021538405,ui_round-robin_steady_1788021537791,round-robin,server-2,GET,/api/work,200,29,,1
1788021538429,ui_round-robin_steady_1788021537791,round-robin,server-3,GET,/api/work,200,27,,4
1788021538432,ui_round-robin_steady_1788021537791,round-robin,server-2,GET,/api/work,200,26,,3
1788021538431,ui_round-robin_steady_1788021537791,round-robin,server-1,GET,/api/work,200,28,,4
1788021538438,ui_round-robin_steady_1788021537791,round-robin,server-1,GET,/api/work,200,27,,4
1788021538437,ui_round-robin_steady_1788021537791,round-robin,server-3,GET,/api/work,200,28,,5
1788021538438,ui_round-robin_steady_1788021537791,round-robin,server-3,GET,/api/work,200,29,,4
1788021538439,ui_round-robin_steady_1788021537791,round-robin,server-1,GET,/api/work,200,29,,3
1788021538438,ui_round-robin_steady_1788021537791,round-robin,server-2,GET,/api/work,200,31,,4
1788021538439,ui_round-robin_steady_1788021537791,round-robin,server-2,GET,/api/work,200,31,,3
1788021538445,ui_round-robin_steady_1788021537791,round-robin,server-1,GET,/api/work,200,26,,3
1788021538445,ui_round-robin_steady_1788021537791,round-robin,server-3,GET,/api/work,200,27,,3
1788021538450,ui_round-robin_steady_1788021537791,round-robin,server-2,GET,/api/work,200,26,,2
1788021538456,ui_round-robin_steady_1788021537791,round-robin,server-1,GET,/api/work,200,25,,2
1788021538455,ui_round-robin_steady_1788021537791,round-robin,server-3,GET,/api/work,200,27,,2
1788021538459,ui_round-robin_steady_1788021537791,round-robin,server-2,GET,/api/work,200,27,,1
1788021538461,ui_round-robin_steady_1788021537791,round-robin,server-2,GET,/api/work,200,27,,1
1788021538461,ui_round-robin_steady_1788021537791,round-robin,server-1,GET,/api/work,200,28,,1
1788021538461,ui_round-robin_steady_1788021537791,round-robin,server-3,GET,/api/work,200,30,,1
1788021538464,ui_round-robin_steady_1788021537791,round-robin,server-3,GET,/api/work,200,28,,0
1788021538470,ui_round-robin_steady_1788021537791,round-robin,server-1,GET,/api/work,200,27,,1
1788021538488,ui_round-robin_steady_1788021537791,round-robin,server-2,GET,/api/work,200,26,,4
1788021538492,ui_round-robin_steady_1788021537791,round-robin,server-3,GET,/api/work,200,26,,4
1788021538492,ui_round-robin_steady_1788021537791,round-robin,server-1,GET,/api/work,200,27,,4
1788021538498,ui_round-robin_steady_1788021537791,round-robin,server-2,GET,/api/work,200,27,,5
1788021538500,ui_round-robin_steady_1788021537791,round-robin,server-3,GET,/api/work,200,25,,4
1788021538502,ui_round-robin_steady_1788021537791,round-robin,server-1,GET,/api/work,200,26,,4
1788021538502,ui_round-robin_steady_1788021537791,round-robin,server-1,GET,/api/work,200,27,,3
1788021538502,ui_round-robin_steady_1788021537791,round-robin,server-2,GET,/api/work,200,28,,4
1788021538502,ui_round-robin_steady_1788021537791,round-robin,server-3,GET,/api/work,200,29,,4
1788021538503,ui_round-robin_steady_1788021537791,round-robin,server-2,GET,/api/work,200,28,,3
1788021538503,ui_round-robin_steady_1788021537791,round-robin,server-3,GET,/api/work,200,29,,3
1788021538507,ui_round-robin_steady_1788021537791,round-robin,server-1,GET,/api/work,200,27,,2
1788021538514,ui_round-robin_steady_1788021537791,round-robin,server-3,GET,/api/work,200,26,,2
1788021538514,ui_round-robin_steady_1788021537791,round-robin,server-2,GET,/api/work,200,27,,2
1788021538518,ui_round-robin_steady_1788021537791,round-robin,server-1,GET,/api/work,200,27,,1
1788021538521,ui_round-robin_steady_1788021537791,round-robin,server-2,GET,/api/work,200,27,,1
1788021538521,ui_round-robin_steady_1788021537791,round-robin,server-3,GET,/api/work,200,28,,1
1788021538524,ui_round-robin_steady_1788021537791,round-robin,server-1,GET,/api/work,200,27,,1
1788021538524,ui_round-robin_steady_1788021537791,round-robin,server-2,GET,/api/work,200,28,,1
1788021538529,ui_round-robin_steady_1788021537791,round-robin,server-3,GET,/api/work,200,27,,1
1788021538547,ui_round-robin_steady_1788021537791,round-robin,server-1,GET,/api/work,200,27,,4
1788021538550,ui_round-robin_steady_1788021537791,round-robin,server-2,GET,/api/work,200,26,,4
1788021538552,ui_round-robin_steady_1788021537791,round-robin,server-3,GET,/api/work,200,26,,3
1788021538556,ui_round-robin_steady_1788021537791,round-robin,server-1,GET,/api/work,200,26,,4
1788021538557,ui_round-robin_steady_1788021537791,round-robin,server-2,GET,/api/work,200,28,,4
1788021538562,ui_round-robin_steady_1788021537791,round-robin,server-3,GET,/api/work,200,25,,4
1788021538563,ui_round-robin_steady_1788021537791,round-robin,server-1,GET,/api/work,200,27,,4
1788021538564,ui_round-robin_steady_1788021537791,round-robin,server-3,GET,/api/work,200,26,,3
1788021538564,ui_round-robin_steady_1788021537791,round-robin,server-2,GET,/api/work,200,27,,4
1788021538564,ui_round-robin_steady_1788021537791,round-robin,server-1,GET,/api/work,200,27,,3
1788021538565,ui_round-robin_steady_1788021537791,round-robin,server-3,GET,/api/work,200,27,,2
1788021538564,ui_round-robin_steady_1788021537791,round-robin,server-2,GET,/api/work,200,28,,3
1788021538573,ui_round-robin_steady_1788021537791,round-robin,server-2,GET,/api/work,200,25,,2
1788021538572,ui_round-robin_steady_1788021537791,round-robin,server-1,GET,/api/work,200,27,,2
1788021538578,ui_round-robin_steady_1788021537791,round-robin,server-3,GET,/api/work,200,27,,2
1788021538580,ui_round-robin_steady_1788021537791,round-robin,server-1,GET,/api/work,200,26,,1
1788021538581,ui_round-robin_steady_1788021537791,round-robin,server-2,GET,/api/work,200,27,,1
1788021538583,ui_round-robin_steady_1788021537791,round-robin,server-1,GET,/api/work,200,27,,1
1788021538583,ui_round-robin_steady_1788021537791,round-robin,server-3,GET,/api/work,200,27,,1
1788021538588,ui_round-robin_steady_1788021537791,round-robin,server-2,GET,/api/work,200,27,,1
1788021538605,ui_round-robin_steady_1788021537791,round-robin,server-3,GET,/api/work,200,26,,4
1788021538607,ui_round-robin_steady_1788021537791,round-robin,server-1,GET,/api/work,200,27,,4
1788021538609,ui_round-robin_steady_1788021537791,round-robin,server-2,GET,/api/work,200,26,,3
1788021538614,ui_round-robin_steady_1788021537791,round-robin,server-3,GET,/api/work,200,28,,4
1788021538616,ui_round-robin_steady_1788021537791,round-robin,server-1,GET,/api/work,200,28,,4
1788021538619,ui_round-robin_steady_1788021537791,round-robin,server-2,GET,/api/work,200,29,,4
1788021538623,ui_round-robin_steady_1788021537791,round-robin,server-1,GET,/api/work,200,28,,4
1788021538623,ui_round-robin_steady_1788021537791,round-robin,server-3,GET,/api/work,200,28,,4
1788021538624,ui_round-robin_steady_1788021537791,round-robin,server-1,GET,/api/work,200,29,,3
1788021538624,ui_round-robin_steady_1788021537791,round-robin,server-3,GET,/api/work,200,29,,3
1788021538624,ui_round-robin_steady_1788021537791,round-robin,server-2,GET,/api/work,200,30,,3
1788021538625,ui_round-robin_steady_1788021537791,round-robin,server-2,GET,/api/work,200,30,,2
1788021538630,ui_round-robin_steady_1788021537791,round-robin,server-1,GET,/api/work,200,28,,2
1788021538629,ui_round-robin_steady_1788021537791,round-robin,server-3,GET,/api/work,200,30,,2
1788021538636,ui_round-robin_steady_1788021537791,round-robin,server-2,GET,/api/work,200,27,,1
1788021538639,ui_round-robin_steady_1788021537791,round-robin,server-1,GET,/api/work,200,26,,1
1788021538639,ui_round-robin_steady_1788021537791,round-robin,server-3,GET,/api/work,200,28,,2
1788021538644,ui_round-robin_steady_1788021537791,round-robin,server-2,GET,/api/work,200,27,,1
1788021538645,ui_round-robin_steady_1788021537791,round-robin,server-3,GET,/api/work,200,26,,1
1788021538647,ui_round-robin_steady_1788021537791,round-robin,server-1,GET,/api/work,200,29,,1
1788021538664,ui_round-robin_steady_1788021537791,round-robin,server-2,GET,/api/work,200,27,,4
1788021538665,ui_round-robin_steady_1788021537791,round-robin,server-3,GET,/api/work,200,27,,4
1788021538667,ui_round-robin_steady_1788021537791,round-robin,server-1,GET,/api/work,200,27,,3
1788021538674,ui_round-robin_steady_1788021537791,round-robin,server-2,GET,/api/work,200,28,,4
1788021538675,ui_round-robin_steady_1788021537791,round-robin,server-3,GET,/api/work,200,29,,4
1788021538680,ui_round-robin_steady_1788021537791,round-robin,server-1,GET,/api/work,200,27,,4
1788021538684,ui_round-robin_steady_1788021537791,round-robin,server-2,GET,/api/work,200,27,,4
1788021538686,ui_round-robin_steady_1788021537791,round-robin,server-3,GET,/api/work,200,27,,4
1788021538687,ui_round-robin_steady_1788021537791,round-robin,server-1,GET,/api/work,200,27,,3
1788021538688,ui_round-robin_steady_1788021537791,round-robin,server-2,GET,/api/work,200,27,,3
1788021538689,ui_round-robin_steady_1788021537791,round-robin,server-3,GET,/api/work,200,27,,3
1788021538689,ui_round-robin_steady_1788021537791,round-robin,server-1,GET,/api/work,200,29,,2
1788021538690,ui_round-robin_steady_1788021537791,round-robin,server-2,GET,/api/work,200,29,,2
1788021538690,ui_round-robin_steady_1788021537791,round-robin,server-3,GET,/api/work,200,29,,2
1788021538695,ui_round-robin_steady_1788021537791,round-robin,server-1,GET,/api/work,200,25,,1
1788021538698,ui_round-robin_steady_1788021537791,round-robin,server-3,GET,/api/work,200,28,,2
1788021538698,ui_round-robin_steady_1788021537791,round-robin,server-2,GET,/api/work,200,28,,2
1788021538701,ui_round-robin_steady_1788021537791,round-robin,server-1,GET,/api/work,200,27,,1
1788021538703,ui_round-robin_steady_1788021537791,round-robin,server-2,GET,/api/work,200,26,,1
1788021538706,ui_round-robin_steady_1788021537791,round-robin,server-3,GET,/api/work,200,27,,1
1788021538722,ui_round-robin_steady_1788021537791,round-robin,server-1,GET,/api/work,200,27,,3
1788021538724,ui_round-robin_steady_1788021537791,round-robin,server-2,GET,/api/work,200,27,,2
1788021538725,ui_round-robin_steady_1788021537791,round-robin,server-3,GET,/api/work,200,29,,3
1788021538734,ui_round-robin_steady_1788021537791,round-robin,server-1,GET,/api/work,200,27,,5
1788021538735,ui_round-robin_steady_1788021537791,round-robin,server-2,GET,/api/work,200,27,,4
1788021538737,ui_round-robin_steady_1788021537791,round-robin,server-3,GET,/api/work,200,27,,4
1788021538742,ui_round-robin_steady_1788021537791,round-robin,server-1,GET,/api/work,200,28,,4
1788021538743,ui_round-robin_steady_1788021537791,round-robin,server-2,GET,/api/work,200,28,,4
1788021538746,ui_round-robin_steady_1788021537791,round-robin,server-3,GET,/api/work,200,27,,3
1788021538746,ui_round-robin_steady_1788021537791,round-robin,server-1,GET,/api/work,200,28,,3
1788021538751,ui_round-robin_steady_1788021537791,round-robin,server-2,GET,/api/work,200,28,,3
1788021538752,ui_round-robin_steady_1788021537791,round-robin,server-3,GET,/api/work,200,27,,2
1788021538753,ui_round-robin_steady_1788021537791,round-robin,server-2,GET,/api/work,200,28,,2
1788021538752,ui_round-robin_steady_1788021537791,round-robin,server-1,GET,/api/work,200,30,,2
1788021538754,ui_round-robin_steady_1788021537791,round-robin,server-3,GET,/api/work,200,29,,1
1788021538756,ui_round-robin_steady_1788021537791,round-robin,server-1,GET,/api/work,200,29,,1
1788021538757,ui_round-robin_steady_1788021537791,round-robin,server-2,GET,/api/work,200,29,,1
1788021538759,ui_round-robin_steady_1788021537791,round-robin,server-3,GET,/api/work,200,29,,1
1788021538760,ui_round-robin_steady_1788021537791,round-robin,server-1,GET,/api/work,200,30,,1
1788021538765,ui_round-robin_steady_1788021537791,round-robin,server-2,GET,/api/work,200,28,,1
1788021538783,ui_round-robin_steady_1788021537791,round-robin,server-3,GET,/api/work,200,29,,3
1788021538787,ui_round-robin_steady_1788021537791,round-robin,server-1,GET,/api/work,200,26,,3
1788021538790,ui_round-robin_steady_1788021537791,round-robin,server-2,GET,/api/work,200,27,,4
1788021538791,ui_round-robin_steady_1788021537791,round-robin,server-3,GET,/api/work,200,27,,3
1788021538793,ui_round-robin_steady_1788021537791,round-robin,server-1,GET,/api/work,200,27,,4
1788021538795,ui_round-robin_steady_1788021537791,round-robin,server-2,GET,/api/work,200,27,,4
1788021538802,ui_round-robin_steady_1788021537791,round-robin,server-3,GET,/api/work,200,28,,4
1788021538803,ui_round-robin_steady_1788021537791,round-robin,server-1,GET,/api/work,200,29,,4
1788021538804,ui_round-robin_steady_1788021537791,round-robin,server-2,GET,/api/work,200,29,,3
1788021538805,ui_round-robin_steady_1788021537791,round-robin,server-3,GET,/api/work,200,28,,3
1788021538813,ui_round-robin_steady_1788021537791,round-robin,server-1,GET,/api/work,200,27,,3
1788021538813,ui_round-robin_steady_1788021537791,round-robin,server-2,GET,/api/work,200,29,,2
1788021538815,ui_round-robin_steady_1788021537791,round-robin,server-1,GET,/api/work,200,28,,2
1788021538815,ui_round-robin_steady_1788021537791,round-robin,server-2,GET,/api/work,200,29,,1
1788021538814,ui_round-robin_steady_1788021537791,round-robin,server-3,GET,/api/work,200,32,,2
1788021538819,ui_round-robin_steady_1788021537791,round-robin,server-1,GET,/api/work,200,29,,1
1788021538819,ui_round-robin_steady_1788021537791,round-robin,server-3,GET,/api/work,200,30,,2
1788021538822,ui_round-robin_steady_1788021537791,round-robin,server-3,GET,/api/work,200,29,,1
1788021538824,ui_round-robin_steady_1788021537791,round-robin,server-1,GET,/api/work,200,30,,1
1788021538821,ui_round-robin_steady_1788021537791,round-robin,server-2,GET,/api/work,200,34,,2
1788021538844,ui_round-robin_steady_1788021537791,round-robin,server-2,GET,/api/work,200,28,,3
1788021538846,ui_round-robin_steady_1788021537791,round-robin,server-3,GET,/api/work,200,30,,3
1788021538852,ui_round-robin_steady_1788021537791,round-robin,server-2,GET,/api/work,200,28,,3
1788021538852,ui_round-robin_steady_1788021537791,round-robin,server-1,GET,/api/work,200,29,,3
1788021538855,ui_round-robin_steady_1788021537791,round-robin,server-3,GET,/api/work,200,29,,4
1788021538856,ui_round-robin_steady_1788021537791,round-robin,server-1,GET,/api/work,200,30,,3
1788021538864,ui_round-robin_steady_1788021537791,round-robin,server-3,GET,/api/work,200,27,,3
1788021538864,ui_round-robin_steady_1788021537791,round-robin,server-2,GET,/api/work,200,29,,4
1788021538864,ui_round-robin_steady_1788021537791,round-robin,server-1,GET,/api/work,200,29,,3
1788021538865,ui_round-robin_steady_1788021537791,round-robin,server-2,GET,/api/work,200,29,,3
1788021538873,ui_round-robin_steady_1788021537791,round-robin,server-3,GET,/api/work,200,27,,3
1788021538876,ui_round-robin_steady_1788021537791,round-robin,server-1,GET,/api/work,200,29,,3
1788021538879,ui_round-robin_steady_1788021537791,round-robin,server-3,GET,/api/work,200,27,,2
1788021538878,ui_round-robin_steady_1788021537791,round-robin,server-2,GET,/api/work,200,28,,2
1788021538883,ui_round-robin_steady_1788021537791,round-robin,server-2,GET,/api/work,200,27,,2
1788021538881,ui_round-robin_steady_1788021537791,round-robin,server-1,GET,/api/work,200,30,,2
1788021538884,ui_round-robin_steady_1788021537791,round-robin,server-3,GET,/api/work,200,28,,1
1788021538890,ui_round-robin_steady_1788021537791,round-robin,server-1,GET,/api/work,200,27,,2
1788021538892,ui_round-robin_steady_1788021537791,round-robin,server-3,GET,/api/work,200,27,,1
1788021538892,ui_round-robin_steady_1788021537791,round-robin,server-2,GET,/api/work,200,29,,2
1788021538903,ui_round-robin_steady_1788021537791,round-robin,server-1,GET,/api/work,200,27,,3
1788021538909,ui_round-robin_steady_1788021537791,round-robin,server-2,GET,/api/work,200,27,,3
1788021538914,ui_round-robin_steady_1788021537791,round-robin,server-1,GET,/api/work,200,28,,3
1788021538914,ui_round-robin_steady_1788021537791,round-robin,server-3,GET,/api/work,200,29,,3
1788021538916,ui_round-robin_steady_1788021537791,round-robin,server-2,GET,/api/work,200,31,,4
1788021538922,ui_round-robin_steady_1788021537791,round-robin,server-3,GET,/api/work,200,28,,4
1788021538923,ui_round-robin_steady_1788021537791,round-robin,server-1,GET,/api/work,200,28,,3
1788021538924,ui_round-robin_steady_1788021537791,round-robin,server-2,GET,/api/work,200,30,,3
1788021538926,ui_round-robin_steady_1788021537791,round-robin,server-1,GET,/api/work,200,31,,3
1788021538931,ui_round-robin_steady_1788021537791,round-robin,server-2,GET,/api/work,200,27,,3
1788021538925,ui_round-robin_steady_1788021537791,round-robin,server-3,GET,/api/work,200,36,,3
1788021538937,ui_round-robin_steady_1788021537791,round-robin,server-3,GET,/api/work,200,26,,3
1788021538937,ui_round-robin_steady_1788021537791,round-robin,server-1,GET,/api/work,200,29,,2
1788021538940,ui_round-robin_steady_1788021537791,round-robin,server-2,GET,/api/work,200,27,,2
1788021538943,ui_round-robin_steady_1788021537791,round-robin,server-3,GET,/api/work,200,26,,2
1788021538944,ui_round-robin_steady_1788021537791,round-robin,server-1,GET,/api/work,200,26,,2
1788021538944,ui_round-robin_steady_1788021537791,round-robin,server-2,GET,/api/work,200,27,,1
1788021538948,ui_round-robin_steady_1788021537791,round-robin,server-3,GET,/api/work,200,26,,1
1788021538953,ui_round-robin_steady_1788021537791,round-robin,server-1,GET,/api/work,200,28,,2
1788021538954,ui_round-robin_steady_1788021537791,round-robin,server-2,GET,/api/work,200,28,,2
1788021538962,ui_round-robin_steady_1788021537791,round-robin,server-3,GET,/api/work,200,27,,2
1788021538967,ui_round-robin_steady_1788021537791,round-robin,server-1,GET,/api/work,200,26,,3
1788021538973,ui_round-robin_steady_1788021537791,round-robin,server-2,GET,/api/work,200,27,,3
1788021538975,ui_round-robin_steady_1788021537791,round-robin,server-3,GET,/api/work,200,28,,4
1788021538978,ui_round-robin_steady_1788021537791,round-robin,server-1,GET,/api/work,200,27,,4
1788021538981,ui_round-robin_steady_1788021537791,round-robin,server-2,GET,/api/work,200,27,,4
1788021538984,ui_round-robin_steady_1788021537791,round-robin,server-3,GET,/api/work,200,27,,3
1788021538985,ui_round-robin_steady_1788021537791,round-robin,server-1,GET,/api/work,200,26,,3
1788021538988,ui_round-robin_steady_1788021537791,round-robin,server-2,GET,/api/work,200,26,,3
1788021538989,ui_round-robin_steady_1788021537791,round-robin,server-3,GET,/api/work,200,26,,3
1788021538992,ui_round-robin_steady_1788021537791,round-robin,server-1,GET,/api/work,200,27,,3
1788021538994,ui_round-robin_steady_1788021537791,round-robin,server-2,GET,/api/work,200,27,,3
1788021538998,ui_round-robin_steady_1788021537791,round-robin,server-1,GET,/api/work,200,27,,2
1788021538998,ui_round-robin_steady_1788021537791,round-robin,server-3,GET,/api/work,200,27,,3
1788021539001,ui_round-robin_steady_1788021537791,round-robin,server-2,GET,/api/work,200,26,,2
1788021539001,ui_round-robin_steady_1788021537791,round-robin,server-3,GET,/api/work,200,27,,2
1788021539001,ui_round-robin_steady_1788021537791,round-robin,server-1,GET,/api/work,200,28,,1
1788021539005,ui_round-robin_steady_1788021537791,round-robin,server-2,GET,/api/work,200,26,,1
1788021539012,ui_round-robin_steady_1788021537791,round-robin,server-3,GET,/api/work,200,26,,2
1788021539013,ui_round-robin_steady_1788021537791,round-robin,server-1,GET,/api/work,200,27,,2
1788021539020,ui_round-robin_steady_1788021537791,round-robin,server-2,GET,/api/work,200,26,,2
1788021539024,ui_round-robin_steady_1788021537791,round-robin,server-3,GET,/api/work,200,27,,3
1788021539032,ui_round-robin_steady_1788021537791,round-robin,server-1,GET,/api/work,200,26,,3
1788021539035,ui_round-robin_steady_1788021537791,round-robin,server-2,GET,/api/work,200,26,,4
1788021539036,ui_round-robin_steady_1788021537791,round-robin,server-3,GET,/api/work,200,26,,4
1788021539038,ui_round-robin_steady_1788021537791,round-robin,server-1,GET,/api/work,200,25,,4
1788021539041,ui_round-robin_steady_1788021537791,round-robin,server-2,GET,/api/work,200,27,,3
1788021539042,ui_round-robin_steady_1788021537791,round-robin,server-3,GET,/api/work,200,26,,3
1788021539045,ui_round-robin_steady_1788021537791,round-robin,server-1,GET,/api/work,200,26,,3
1788021539047,ui_round-robin_steady_1788021537791,round-robin,server-2,GET,/api/work,200,27,,3
1788021539050,ui_round-robin_steady_1788021537791,round-robin,server-3,GET,/api/work,200,27,,3
1788021539051,ui_round-robin_steady_1788021537791,round-robin,server-1,GET,/api/work,200,26,,2
1788021539056,ui_round-robin_steady_1788021537791,round-robin,server-2,GET,/api/work,200,26,,3
1788021539056,ui_round-robin_steady_1788021537791,round-robin,server-3,GET,/api/work,200,27,,2
1788021539060,ui_round-robin_steady_1788021537791,round-robin,server-3,GET,/api/work,200,26,,1
1788021539060,ui_round-robin_steady_1788021537791,round-robin,server-1,GET,/api/work,200,27,,2
1788021539060,ui_round-robin_steady_1788021537791,round-robin,server-2,GET,/api/work,200,27,,2
1788021539062,ui_round-robin_steady_1788021537791,round-robin,server-1,GET,/api/work,200,27,,1
1788021539069,ui_round-robin_steady_1788021537791,round-robin,server-2,GET,/api/work,200,27,,2
1788021539071,ui_round-robin_steady_1788021537791,round-robin,server-3,GET,/api/work,200,26,,2
1788021539078,ui_round-robin_steady_1788021537791,round-robin,server-1,GET,/api/work,200,26,,3
1788021539082,ui_round-robin_steady_1788021537791,round-robin,server-2,GET,/api/work,200,26,,2
1788021539088,ui_round-robin_steady_1788021537791,round-robin,server-3,GET,/api/work,200,28,,3
1788021539092,ui_round-robin_steady_1788021537791,round-robin,server-1,GET,/api/work,200,27,,3
1788021539094,ui_round-robin_steady_1788021537791,round-robin,server-3,GET,/api/work,200,26,,3
1788021539093,ui_round-robin_steady_1788021537791,round-robin,server-2,GET,/api/work,200,28,,4
1788021539098,ui_round-robin_steady_1788021537791,round-robin,server-1,GET,/api/work,200,27,,3
1788021539099,ui_round-robin_steady_1788021537791,round-robin,server-2,GET,/api/work,200,28,,3
1788021539102,ui_round-robin_steady_1788021537791,round-robin,server-3,GET,/api/work,200,27,,3
1788021539104,ui_round-robin_steady_1788021537791,round-robin,server-1,GET,/api/work,200,27,,3
1788021539109,ui_round-robin_steady_1788021537791,round-robin,server-2,GET,/api/work,200,26,,3
1788021539109,ui_round-robin_steady_1788021537791,round-robin,server-3,GET,/api/work,200,28,,3
1788021539114,ui_round-robin_steady_1788021537791,round-robin,server-1,GET,/api/work,200,26,,3
1788021539114,ui_round-robin_steady_1788021537791,round-robin,server-2,GET,/api/work,200,27,,2
1788021539118,ui_round-robin_steady_1788021537791,round-robin,server-3,GET,/api/work,200,27,,2
1788021539120,ui_round-robin_steady_1788021537791,round-robin,server-1,GET,/api/work,200,26,,2
1788021539120,ui_round-robin_steady_1788021537791,round-robin,server-2,GET,/api/work,200,28,,2
1788021539122,ui_round-robin_steady_1788021537791,round-robin,server-3,GET,/api/work,200,28,,1
1788021539125,ui_round-robin_steady_1788021537791,round-robin,server-1,GET,/api/work,200,27,,1
1788021539128,ui_round-robin_steady_1788021537791,round-robin,server-2,GET,/api/work,200,26,,2
1788021539135,ui_round-robin_steady_1788021537791,round-robin,server-3,GET,/api/work,200,27,,2
1788021539139,ui_round-robin_steady_1788021537791,round-robin,server-1,GET,/api/work,200,26,,2
1788021539147,ui_round-robin_steady_1788021537791,round-robin,server-2,GET,/api/work,200,27,,3
1788021539150,ui_round-robin_steady_1788021537791,round-robin,server-3,GET,/api/work,200,26,,3
1788021539153,ui_round-robin_steady_1788021537791,round-robin,server-1,GET,/api/work,200,27,,3
1788021539153,ui_round-robin_steady_1788021537791,round-robin,server-2,GET,/api/work,200,28,,3
1788021539156,ui_round-robin_steady_1788021537791,round-robin,server-3,GET,/api/work,200,27,,3
1788021539158,ui_round-robin_steady_1788021537791,round-robin,server-1,GET,/api/work,200,27,,3
1788021539160,ui_round-robin_steady_1788021537791,round-robin,server-2,GET,/api/work,200,27,,3
1788021539162,ui_round-robin_steady_1788021537791,round-robin,server-3,GET,/api/work,200,27,,3
1788021539166,ui_round-robin_steady_1788021537791,round-robin,server-1,GET,/api/work,200,30,,3
1788021539167,ui_round-robin_steady_1788021537791,round-robin,server-2,GET,/api/work,200,29,,2
1788021539171,ui_round-robin_steady_1788021537791,round-robin,server-3,GET,/api/work,200,27,,3
1788021539172,ui_round-robin_steady_1788021537791,round-robin,server-1,GET,/api/work,200,27,,2
1788021539177,ui_round-robin_steady_1788021537791,round-robin,server-2,GET,/api/work,200,26,,2
1788021539178,ui_round-robin_steady_1788021537791,round-robin,server-3,GET,/api/work,200,28,,2
1788021539181,ui_round-robin_steady_1788021537791,round-robin,server-1,GET,/api/work,200,27,,2
1788021539182,ui_round-robin_steady_1788021537791,round-robin,server-2,GET,/api/work,200,27,,2
1788021539183,ui_round-robin_steady_1788021537791,round-robin,server-3,GET,/api/work,200,28,,1
1788021539186,ui_round-robin_steady_1788021537791,round-robin,server-1,GET,/api/work,200,28,,2
1788021539197,ui_round-robin_steady_1788021537791,round-robin,server-2,GET,/api/work,200,26,,3
1788021539197,ui_round-robin_steady_1788021537791,round-robin,server-3,GET,/api/work,200,27,,2
1788021539204,ui_round-robin_steady_1788021537791,round-robin,server-1,GET,/api/work,200,27,,3
1788021539208,ui_round-robin_steady_1788021537791,round-robin,server-2,GET,/api/work,200,27,,3
1788021539212,ui_round-robin_steady_1788021537791,round-robin,server-1,GET,/api/work,200,27,,3
1788021539211,ui_round-robin_steady_1788021537791,round-robin,server-3,GET,/api/work,200,29,,3
1788021539214,ui_round-robin_steady_1788021537791,round-robin,server-2,GET,/api/work,200,28,,2
1788021539216,ui_round-robin_steady_1788021537791,round-robin,server-1,GET,/api/work,200,31,,3
1788021539216,ui_round-robin_steady_1788021537791,round-robin,server-3,GET,/api/work,200,32,,3
1788021539220,ui_round-robin_steady_1788021537791,round-robin,server-2,GET,/api/work,200,29,,3
1788021539227,ui_round-robin_steady_1788021537791,round-robin,server-1,GET,/api/work,200,27,,2
1788021539227,ui_round-robin_steady_1788021537791,round-robin,server-3,GET,/api/work,200,27,,3
1788021539229,ui_round-robin_steady_1788021537791,round-robin,server-2,GET,/api/work,200,27,,2
1788021539232,ui_round-robin_steady_1788021537791,round-robin,server-3,GET,/api/work,200,26,,2
1788021539236,ui_round-robin_steady_1788021537791,round-robin,server-1,GET,/api/work,200,26,,2
1788021539243,ui_round-robin_steady_1788021537791,round-robin,server-2,GET,/api/work,200,27,,2
1788021539244,ui_round-robin_steady_1788021537791,round-robin,server-1,GET,/api/work,200,26,,2
1788021539245,ui_round-robin_steady_1788021537791,round-robin,server-2,GET,/api/work,200,26,,1
1788021539244,ui_round-robin_steady_1788021537791,round-robin,server-3,GET,/api/work,200,28,,2
1788021539248,ui_round-robin_steady_1788021537791,round-robin,server-3,GET,/api/work,200,28,,2
1788021539257,ui_round-robin_steady_1788021537791,round-robin,server-1,GET,/api/work,200,26,,3
1788021539257,ui_round-robin_steady_1788021537791,round-robin,server-2,GET,/api/work,200,27,,2
1788021539263,ui_round-robin_steady_1788021537791,round-robin,server-3,GET,/api/work,200,26,,3
1788021539267,ui_round-robin_steady_1788021537791,round-robin,server-1,GET,/api/work,200,26,,3
1788021539273,ui_round-robin_steady_1788021537791,round-robin,server-3,GET,/api/work,200,27,,3
1788021539273,ui_round-robin_steady_1788021537791,round-robin,server-2,GET,/api/work,200,27,,3
1788021539278,ui_round-robin_steady_1788021537791,round-robin,server-1,GET,/api/work,200,26,,4
1788021539280,ui_round-robin_steady_1788021537791,round-robin,server-3,GET,/api/work,200,27,,3
1788021539280,ui_round-robin_steady_1788021537791,round-robin,server-2,GET,/api/work,200,27,,4
1788021539281,ui_round-robin_steady_1788021537791,round-robin,server-1,GET,/api/work,200,27,,3
1788021539286,ui_round-robin_steady_1788021537791,round-robin,server-2,GET,/api/work,200,27,,3
1788021539286,ui_round-robin_steady_1788021537791,round-robin,server-3,GET,/api/work,200,29,,2
1788021539288,ui_round-robin_steady_1788021537791,round-robin,server-1,GET,/api/work,200,29,,3
1788021539289,ui_round-robin_steady_1788021537791,round-robin,server-2,GET,/api/work,200,28,,2
1788021539294,ui_round-robin_steady_1788021537791,round-robin,server-3,GET,/api/work,200,28,,2
1788021539302,ui_round-robin_steady_1788021537791,round-robin,server-3,GET,/api/work,200,26,,2
1788021539302,ui_round-robin_steady_1788021537791,round-robin,server-2,GET,/api/work,200,27,,2
1788021539301,ui_round-robin_steady_1788021537791,round-robin,server-1,GET,/api/work,200,29,,2
1788021539304,ui_round-robin_steady_1788021537791,round-robin,server-1,GET,/api/work,200,26,,1
1788021539305,ui_round-robin_steady_1788021537791,round-robin,server-2,GET,/api/work,200,28,,2
1788021539316,ui_round-robin_steady_1788021537791,round-robin,server-1,GET,/api/work,200,28,,2
1788021539316,ui_round-robin_steady_1788021537791,round-robin,server-3,GET,/api/work,200,28,,3
1788021539320,ui_round-robin_steady_1788021537791,round-robin,server-2,GET,/api/work,200,27,,2
1788021539324,ui_round-robin_steady_1788021537791,round-robin,server-3,GET,/api/work,200,29,,3
1788021539331,ui_round-robin_steady_1788021537791,round-robin,server-1,GET,/api/work,200,28,,3
1788021539332,ui_round-robin_steady_1788021537791,round-robin,server-2,GET,/api/work,200,30,,3
1788021539336,ui_round-robin_steady_1788021537791,round-robin,server-3,GET,/api/work,200,31,,4
1788021539339,ui_round-robin_steady_1788021537791,round-robin,server-3,GET,/api/work,200,29,,3
1788021539339,ui_round-robin_steady_1788021537791,round-robin,server-2,GET,/api/work,200,30,,3
1788021539339,ui_round-robin_steady_1788021537791,round-robin,server-1,GET,/api/work,200,31,,3
1788021539346,ui_round-robin_steady_1788021537791,round-robin,server-1,GET,/api/work,200,26,,3
1788021539349,ui_round-robin_steady_1788021537791,round-robin,server-2,GET,/api/work,200,29,,3
1788021539350,ui_round-robin_steady_1788021537791,round-robin,server-1,GET,/api/work,200,29,,2
1788021539350,ui_round-robin_steady_1788021537791,round-robin,server-3,GET,/api/work,200,30,,3
1788021539356,ui_round-robin_steady_1788021537791,round-robin,server-2,GET,/api/work,200,26,,2
1788021539366,ui_round-robin_steady_1788021537791,round-robin,server-1,GET,/api/work,200,27,,2
1788021539366,ui_round-robin_steady_1788021537791,round-robin,server-2,GET,/api/work,200,28,,2
1788021539366,ui_round-robin_steady_1788021537791,round-robin,server-3,GET,/api/work,200,29,,2
1788021539367,ui_round-robin_steady_1788021537791,round-robin,server-3,GET,/api/work,200,28,,1
1788021539371,ui_round-robin_steady_1788021537791,round-robin,server-1,GET,/api/work,200,27,,1
1788021539376,ui_round-robin_steady_1788021537791,round-robin,server-3,GET,/api/work,200,28,,1
1788021539375,ui_round-robin_steady_1788021537791,round-robin,server-2,GET,/api/work,200,31,,2
1788021539381,ui_round-robin_steady_1788021537791,round-robin,server-1,GET,/api/work,200,28,,2
1788021539387,ui_round-robin_steady_1788021537791,round-robin,server-2,GET,/api/work,200,29,,3
1788021539399,ui_round-robin_steady_1788021537791,round-robin,server-1,GET,/api/work,200,26,,3
1788021539397,ui_round-robin_steady_1788021537791,round-robin,server-3,GET,/api/work,200,29,,3
1788021539404,ui_round-robin_steady_1788021537791,round-robin,server-2,GET,/api/work,200,28,,4
1788021539404,ui_round-robin_steady_1788021537791,round-robin,server-3,GET,/api/work,200,28,,3
1788021539405,ui_round-robin_steady_1788021537791,round-robin,server-1,GET,/api/work,200,28,,3
1788021539407,ui_round-robin_steady_1788021537791,round-robin,server-3,GET,/api/work,200,27,,3
1788021539406,ui_round-robin_steady_1788021537791,round-robin,server-2,GET,/api/work,200,30,,3
1788021539411,ui_round-robin_steady_1788021537791,round-robin,server-1,GET,/api/work,200,28,,2
1788021539411,ui_round-robin_steady_1788021537791,round-robin,server-2,GET,/api/work,200,28,,2
1788021539412,ui_round-robin_steady_1788021537791,round-robin,server-3,GET,/api/work,200,28,,2
1788021539413,ui_round-robin_steady_1788021537791,round-robin,server-1,GET,/api/work,200,28,,1
1788021539428,ui_round-robin_steady_1788021537791,round-robin,server-2,GET,/api/work,200,27,,2
1788021539428,ui_round-robin_steady_1788021537791,round-robin,server-3,GET,/api/work,200,27,,2
1788021539428,ui_round-robin_steady_1788021537791,round-robin,server-1,GET,/api/work,200,28,,2
1788021539428,ui_round-robin_steady_1788021537791,round-robin,server-2,GET,/api/work,200,29,,2
1788021539433,ui_round-robin_steady_1788021537791,round-robin,server-3,GET,/api/work,200,27,,2
1788021539442,ui_round-robin_steady_1788021537791,round-robin,server-2,GET,/api/work,200,26,,3
1788021539441,ui_round-robin_steady_1788021537791,round-robin,server-1,GET,/api/work,200,28,,3
1788021539443,ui_round-robin_steady_1788021537791,round-robin,server-3,GET,/api/work,200,26,,2
1788021539446,ui_round-robin_steady_1788021537791,round-robin,server-1,GET,/api/work,200,27,,3
1788021539456,ui_round-robin_steady_1788021537791,round-robin,server-2,GET,/api/work,200,27,,3
1788021539457,ui_round-robin_steady_1788021537791,round-robin,server-3,GET,/api/work,200,27,,3
1788021539465,ui_round-robin_steady_1788021537791,round-robin,server-3,GET,/api/work,200,26,,3
1788021539464,ui_round-robin_steady_1788021537791,round-robin,server-1,GET,/api/work,200,28,,4
1788021539465,ui_round-robin_steady_1788021537791,round-robin,server-2,GET,/api/work,200,28,,4
1788021539466,ui_round-robin_steady_1788021537791,round-robin,server-1,GET,/api/work,200,28,,3
1788021539467,ui_round-robin_steady_1788021537791,round-robin,server-2,GET,/api/work,200,28,,3
1788021539471,ui_round-robin_steady_1788021537791,round-robin,server-3,GET,/api/work,200,27,,2
1788021539472,ui_round-robin_steady_1788021537791,round-robin,server-1,GET,/api/work,200,27,,2
1788021539474,ui_round-robin_steady_1788021537791,round-robin,server-2,GET,/api/work,200,26,,3
1788021539474,ui_round-robin_steady_1788021537791,round-robin,server-3,GET,/api/work,200,30,,2
1788021539487,ui_round-robin_steady_1788021537791,round-robin,server-2,GET,/api/work,200,27,,2
1788021539487,ui_round-robin_steady_1788021537791,round-robin,server-1,GET,/api/work,200,27,,2
1788021539488,ui_round-robin_steady_1788021537791,round-robin,server-1,GET,/api/work,200,27,,1
1788021539487,ui_round-robin_steady_1788021537791,round-robin,server-3,GET,/api/work,200,29,,2
1788021539490,ui_round-robin_steady_1788021537791,round-robin,server-2,GET,/api/work,200,27,,2
1788021539499,ui_round-robin_steady_1788021537791,round-robin,server-3,GET,/api/work,200,26,,2
1788021539499,ui_round-robin_steady_1788021537791,round-robin,server-1,GET,/api/work,200,27,,2
1788021539500,ui_round-robin_steady_1788021537791,round-robin,server-2,GET,/api/work,200,27,,2
1788021539504,ui_round-robin_steady_1788021537791,round-robin,server-3,GET,/api/work,200,27,,2
1788021539515,ui_round-robin_steady_1788021537791,round-robin,server-1,GET,/api/work,200,28,,3
1788021539517,ui_round-robin_steady_1788021537791,round-robin,server-2,GET,/api/work,200,26,,3
1788021539522,ui_round-robin_steady_1788021537791,round-robin,server-1,GET,/api/work,200,28,,3
1788021539522,ui_round-robin_steady_1788021537791,round-robin,server-3,GET,/api/work,200,32,,4
1788021539524,ui_round-robin_steady_1788021537791,round-robin,server-2,GET,/api/work,200,32,,3
1788021539526,ui_round-robin_steady_1788021537791,round-robin,server-3,GET,/api/work,200,30,,3
1788021539526,ui_round-robin_steady_1788021537791,round-robin,server-1,GET,/api/work,200,31,,3
1788021539529,ui_round-robin_steady_1788021537791,round-robin,server-2,GET,/api/work,200,29,,2
1788021539531,ui_round-robin_steady_1788021537791,round-robin,server-3,GET,/api/work,200,28,,3
1788021539531,ui_round-robin_steady_1788021537791,round-robin,server-1,GET,/api/work,200,29,,2
1788021539535,ui_round-robin_steady_1788021537791,round-robin,server-2,GET,/api/work,200,27,,3
1788021539545,ui_round-robin_steady_1788021537791,round-robin,server-3,GET,/api/work,200,26,,2
1788021539546,ui_round-robin_steady_1788021537791,round-robin,server-1,GET,/api/work,200,26,,2
1788021539548,ui_round-robin_steady_1788021537791,round-robin,server-2,GET,/api/work,200,27,,2
1788021539550,ui_round-robin_steady_1788021537791,round-robin,server-3,GET,/api/work,200,27,,2
1788021539551,ui_round-robin_steady_1788021537791,round-robin,server-1,GET,/api/work,200,27,,2
1788021539558,ui_round-robin_steady_1788021537791,round-robin,server-2,GET,/api/work,200,27,,1
1788021539559,ui_round-robin_steady_1788021537791,round-robin,server-3,GET,/api/work,200,27,,1
1788021539561,ui_round-robin_steady_1788021537791,round-robin,server-1,GET,/api/work,200,26,,1
1788021539561,ui_round-robin_steady_1788021537791,round-robin,server-2,GET,/api/work,200,27,,1
1788021539572,ui_round-robin_steady_1788021537791,round-robin,server-3,GET,/api/work,200,27,,3
1788021539574,ui_round-robin_steady_1788021537791,round-robin,server-1,GET,/api/work,200,26,,3
1788021539587,ui_round-robin_steady_1788021537791,round-robin,server-2,GET,/api/work,200,26,,4
1788021539588,ui_round-robin_steady_1788021537791,round-robin,server-3,GET,/api/work,200,26,,4
1788021539589,ui_round-robin_steady_1788021537791,round-robin,server-3,GET,/api/work,200,26,,3
1788021539589,ui_round-robin_steady_1788021537791,round-robin,server-2,GET,/api/work,200,26,,3
1788021539589,ui_round-robin_steady_1788021537791,round-robin,server-1,GET,/api/work,200,27,,3
1788021539592,ui_round-robin_steady_1788021537791,round-robin,server-3,GET,/api/work,200,26,,2
1788021539592,ui_round-robin_steady_1788021537791,round-robin,server-1,GET,/api/work,200,27,,3
1788021539592,ui_round-robin_steady_1788021537791,round-robin,server-2,GET,/api/work,200,27,,3
1788021539593,ui_round-robin_steady_1788021537791,round-robin,server-1,GET,/api/work,200,27,,3
1788021539602,ui_round-robin_steady_1788021537791,round-robin,server-2,GET,/api/work,200,26,,2
1788021539603,ui_round-robin_steady_1788021537791,round-robin,server-3,GET,/api/work,200,26,,2
1788021539606,ui_round-robin_steady_1788021537791,round-robin,server-1,GET,/api/work,200,26,,2
1788021539608,ui_round-robin_steady_1788021537791,round-robin,server-3,GET,/api/work,200,26,,2
1788021539608,ui_round-robin_steady_1788021537791,round-robin,server-2,GET,/api/work,200,27,,2
1788021539616,ui_round-robin_steady_1788021537791,round-robin,server-1,GET,/api/work,200,26,,1
1788021539617,ui_round-robin_steady_1788021537791,round-robin,server-2,GET,/api/work,200,26,,1
1788021539619,ui_round-robin_steady_1788021537791,round-robin,server-1,GET,/api/work,200,28,,1
1788021539619,ui_round-robin_steady_1788021537791,round-robin,server-3,GET,/api/work,200,29,,1
1788021539629,ui_round-robin_steady_1788021537791,round-robin,server-2,GET,/api/work,200,26,,3
1788021539631,ui_round-robin_steady_1788021537791,round-robin,server-3,GET,/api/work,200,26,,3
1788021539645,ui_round-robin_steady_1788021537791,round-robin,server-1,GET,/api/work,200,26,,4
1788021539645,ui_round-robin_steady_1788021537791,round-robin,server-2,GET,/api/work,200,27,,4
1788021539649,ui_round-robin_steady_1788021537791,round-robin,server-2,GET,/api/work,200,26,,3
1788021539648,ui_round-robin_steady_1788021537791,round-robin,server-3,GET,/api/work,200,28,,4
1788021539649,ui_round-robin_steady_1788021537791,round-robin,server-1,GET,/api/work,200,28,,4
1788021539651,ui_round-robin_steady_1788021537791,round-robin,server-3,GET,/api/work,200,27,,3
1788021539651,ui_round-robin_steady_1788021537791,round-robin,server-1,GET,/api/work,200,28,,3
1788021539651,ui_round-robin_steady_1788021537791,round-robin,server-2,GET,/api/work,200,29,,2
1788021539652,ui_round-robin_steady_1788021537791,round-robin,server-3,GET,/api/work,200,32,,3
1788021539659,ui_round-robin_steady_1788021537791,round-robin,server-1,GET,/api/work,200,27,,2
1788021539660,ui_round-robin_steady_1788021537791,round-robin,server-2,GET,/api/work,200,29,,2
1788021539662,ui_round-robin_steady_1788021537791,round-robin,server-3,GET,/api/work,200,32,,2
1788021539666,ui_round-robin_steady_1788021537791,round-robin,server-2,GET,/api/work,200,28,,2
1788021539665,ui_round-robin_steady_1788021537791,round-robin,server-1,GET,/api/work,200,32,,2
1788021539673,ui_round-robin_steady_1788021537791,round-robin,server-3,GET,/api/work,200,27,,1
1788021539674,ui_round-robin_steady_1788021537791,round-robin,server-1,GET,/api/work,200,26,,1
1788021539681,ui_round-robin_steady_1788021537791,round-robin,server-2,GET,/api/work,200,27,,2
1788021539681,ui_round-robin_steady_1788021537791,round-robin,server-3,GET,/api/work,200,30,,2
1788021539687,ui_round-robin_steady_1788021537791,round-robin,server-1,GET,/api/work,200,27,,3
1788021539692,ui_round-robin_steady_1788021537791,round-robin,server-2,GET,/api/work,200,27,,3
1788021539702,ui_round-robin_steady_1788021537791,round-robin,server-3,GET,/api/work,200,26,,4
1788021539702,ui_round-robin_steady_1788021537791,round-robin,server-1,GET,/api/work,200,27,,4
1788021539706,ui_round-robin_steady_1788021537791,round-robin,server-2,GET,/api/work,200,27,,4
1788021539706,ui_round-robin_steady_1788021537791,round-robin,server-3,GET,/api/work,200,28,,4
1788021539708,ui_round-robin_steady_1788021537791,round-robin,server-1,GET,/api/work,200,28,,3
1788021539711,ui_round-robin_steady_1788021537791,round-robin,server-2,GET,/api/work,200,28,,3
1788021539712,ui_round-robin_steady_1788021537791,round-robin,server-3,GET,/api/work,200,29,,3
1788021539713,ui_round-robin_steady_1788021537791,round-robin,server-1,GET,/api/work,200,28,,3
1788021539716,ui_round-robin_steady_1788021537791,round-robin,server-2,GET,/api/work,200,28,,3
1788021539719,ui_round-robin_steady_1788021537791,round-robin,server-3,GET,/api/work,200,28,,3
1788021539724,ui_round-robin_steady_1788021537791,round-robin,server-1,GET,/api/work,200,27,,2
1788021539728,ui_round-robin_steady_1788021537791,round-robin,server-1,GET,/api/work,200,28,,2
1788021539728,ui_round-robin_steady_1788021537791,round-robin,server-2,GET,/api/work,200,28,,2
1788021539728,ui_round-robin_steady_1788021537791,round-robin,server-3,GET,/api/work,200,28,,2
1788021539731,ui_round-robin_steady_1788021537791,round-robin,server-2,GET,/api/work,200,26,,1
1788021539731,ui_round-robin_steady_1788021537791,round-robin,server-3,GET,/api/work,200,28,,1
1788021539739,ui_round-robin_steady_1788021537791,round-robin,server-1,GET,/api/work,200,28,,2
1788021539742,ui_round-robin_steady_1788021537791,round-robin,server-2,GET,/api/work,200,28,,2
1788021539744,ui_round-robin_steady_1788021537791,round-robin,server-3,GET,/api/work,200,29,,3
1788021539752,ui_round-robin_steady_1788021537791,round-robin,server-1,GET,/api/work,200,26,,3
1788021539760,ui_round-robin_steady_1788021537791,round-robin,server-2,GET,/api/work,200,28,,4
1788021539761,ui_round-robin_steady_1788021537791,round-robin,server-3,GET,/api/work,200,29,,4
1788021539763,ui_round-robin_steady_1788021537791,round-robin,server-1,GET,/api/work,200,28,,4
1788021539765,ui_round-robin_steady_1788021537791,round-robin,server-2,GET,/api/work,200,28,,4
1788021539768,ui_round-robin_steady_1788021537791,round-robin,server-3,GET,/api/work,200,29,,3
1788021539770,ui_round-robin_steady_1788021537791,round-robin,server-2,GET,/api/work,200,27,,3
1788021539770,ui_round-robin_steady_1788021537791,round-robin,server-1,GET,/api/work,200,28,,3
1788021539771,ui_round-robin_steady_1788021537791,round-robin,server-3,GET,/api/work,200,27,,2
1788021539775,ui_round-robin_steady_1788021537791,round-robin,server-1,GET,/api/work,200,28,,3
1788021539780,ui_round-robin_steady_1788021537791,round-robin,server-2,GET,/api/work,200,26,,3
1788021539782,ui_round-robin_steady_1788021537791,round-robin,server-3,GET,/api/work,200,27,,2
1788021539788,ui_round-robin_steady_1788021537791,round-robin,server-1,GET,/api/work,200,26,,2
1788021539788,ui_round-robin_steady_1788021537791,round-robin,server-2,GET,/api/work,200,27,,2
1788021539789,ui_round-robin_steady_1788021537791,round-robin,server-3,GET,/api/work,200,27,,2
1788021539790,ui_round-robin_steady_1788021537791,round-robin,server-1,GET,/api/work,200,28,,1
1788021539791,ui_round-robin_steady_1788021537791,round-robin,server-2,GET,/api/work,200,28,,1
1788021539799,ui_round-robin_steady_1788021537791,round-robin,server-3,GET,/api/work,200,27,,2
1788021539801,ui_round-robin_steady_1788021537791,round-robin,server-1,GET,/api/work,200,26,,2
1788021539804,ui_round-robin_steady_1788021537791,round-robin,server-2,GET,/api/work,200,27,,2
1788021539810,ui_round-robin_steady_1788021537791,round-robin,server-3,GET,/api/work,200,26,,3
1788021539821,ui_round-robin_steady_1788021537791,round-robin,server-1,GET,/api/work,200,26,,4
1788021539822,ui_round-robin_steady_1788021537791,round-robin,server-2,GET,/api/work,200,27,,4
1788021539822,ui_round-robin_steady_1788021537791,round-robin,server-3,GET,/api/work,200,29,,3
1788021539826,ui_round-robin_steady_1788021537791,round-robin,server-1,GET,/api/work,200,28,,4
1788021539826,ui_round-robin_steady_1788021537791,round-robin,server-2,GET,/api/work,200,29,,3
1788021539829,ui_round-robin_steady_1788021537791,round-robin,server-3,GET,/api/work,200,30,,3
1788021539830,ui_round-robin_steady_1788021537791,round-robin,server-1,GET,/api/work,200,29,,3
1788021539832,ui_round-robin_steady_1788021537791,round-robin,server-2,GET,/api/work,200,28,,3
1788021539834,ui_round-robin_steady_1788021537791,round-robin,server-3,GET,/api/work,200,27,,3
1788021539837,ui_round-robin_steady_1788021537791,round-robin,server-1,GET,/api/work,200,28,,3
1788021539841,ui_round-robin_steady_1788021537791,round-robin,server-2,GET,/api/work,200,26,,2
1788021539845,ui_round-robin_steady_1788021537791,round-robin,server-3,GET,/api/work,200,26,,2
1788021539846,ui_round-robin_steady_1788021537791,round-robin,server-1,GET,/api/work,200,29,,2
1788021539849,ui_round-robin_steady_1788021537791,round-robin,server-2,GET,/api/work,200,27,,2
1788021539851,ui_round-robin_steady_1788021537791,round-robin,server-3,GET,/api/work,200,29,,1
1788021539853,ui_round-robin_steady_1788021537791,round-robin,server-1,GET,/api/work,200,28,,1
1788021539856,ui_round-robin_steady_1788021537791,round-robin,server-2,GET,/api/work,200,29,,2
1788021539860,ui_round-robin_steady_1788021537791,round-robin,server-3,GET,/api/work,200,28,,2
1788021539862,ui_round-robin_steady_1788021537791,round-robin,server-1,GET,/api/work,200,29,,2
1788021539868,ui_round-robin_steady_1788021537791,round-robin,server-2,GET,/api/work,200,27,,3
1788021539882,ui_round-robin_steady_1788021537791,round-robin,server-3,GET,/api/work,200,26,,4
1788021539883,ui_round-robin_steady_1788021537791,round-robin,server-2,GET,/api/work,200,27,,3
1788021539883,ui_round-robin_steady_1788021537791,round-robin,server-1,GET,/api/work,200,28,,3
1788021539885,ui_round-robin_steady_1788021537791,round-robin,server-1,GET,/api/work,200,27,,3
1788021539885,ui_round-robin_steady_1788021537791,round-robin,server-3,GET,/api/work,200,27,,3
1788021539892,ui_round-robin_steady_1788021537791,round-robin,server-1,GET,/api/work,200,26,,3
1788021539892,ui_round-robin_steady_1788021537791,round-robin,server-2,GET,/api/work,200,27,,3
1788021539892,ui_round-robin_steady_1788021537791,round-robin,server-3,GET,/api/work,200,28,,3
1788021539892,ui_round-robin_steady_1788021537791,round-robin,server-2,GET,/api/work,200,29,,3
1788021539896,ui_round-robin_steady_1788021537791,round-robin,server-3,GET,/api/work,200,27,,2
1788021539899,ui_round-robin_steady_1788021537791,round-robin,server-1,GET,/api/work,200,27,,2
1788021539903,ui_round-robin_steady_1788021537791,round-robin,server-2,GET,/api/work,200,27,,2
1788021539906,ui_round-robin_steady_1788021537791,round-robin,server-3,GET,/api/work,200,26,,2
1788021539911,ui_round-robin_steady_1788021537791,round-robin,server-1,GET,/api/work,200,28,,2
1788021539914,ui_round-robin_steady_1788021537791,round-robin,server-2,GET,/api/work,200,28,,2
1788021539914,ui_round-robin_steady_1788021537791,round-robin,server-3,GET,/api/work,200,28,,2
1788021539915,ui_round-robin_steady_1788021537791,round-robin,server-1,GET,/api/work,200,28,,1
1788021539920,ui_round-robin_steady_1788021537791,round-robin,server-2,GET,/api/work,200,27,,2
1788021539924,ui_round-robin_steady_1788021537791,round-robin,server-3,GET,/api/work,200,27,,2
1788021539927,ui_round-robin_steady_1788021537791,round-robin,server-1,GET,/api/work,200,27,,2
1788021539939,ui_round-robin_steady_1788021537791,round-robin,server-2,GET,/api/work,200,26,,4
1788021539941,ui_round-robin_steady_1788021537791,round-robin,server-3,GET,/api/work,200,27,,3
1788021539943,ui_round-robin_steady_1788021537791,round-robin,server-1,GET,/api/work,200,27,,3
1788021539944,ui_round-robin_steady_1788021537791,round-robin,server-2,GET,/api/work,200,27,,3
1788021539944,ui_round-robin_steady_1788021537791,round-robin,server-3,GET,/api/work,200,28,,3
1788021539949,ui_round-robin_steady_1788021537791,round-robin,server-1,GET,/api/work,200,27,,3
1788021539954,ui_round-robin_steady_1788021537791,round-robin,server-2,GET,/api/work,200,26,,3
1788021539954,ui_round-robin_steady_1788021537791,round-robin,server-3,GET,/api/work,200,27,,3
1788021539955,ui_round-robin_steady_1788021537791,round-robin,server-2,GET,/api/work,200,27,,2
1788021539955,ui_round-robin_steady_1788021537791,round-robin,server-1,GET,/api/work,200,28,,3
1788021539957,ui_round-robin_steady_1788021537791,round-robin,server-3,GET,/api/work,200,27,,2
1788021539961,ui_round-robin_steady_1788021537791,round-robin,server-1,GET,/api/work,200,27,,2
1788021539962,ui_round-robin_steady_1788021537791,round-robin,server-2,GET,/api/work,200,26,,2
1788021539968,ui_round-robin_steady_1788021537791,round-robin,server-3,GET,/api/work,200,28,,2
1788021539973,ui_round-robin_steady_1788021537791,round-robin,server-1,GET,/api/work,200,27,,2
1788021539974,ui_round-robin_steady_1788021537791,round-robin,server-2,GET,/api/work,200,26,,2
1788021539974,ui_round-robin_steady_1788021537791,round-robin,server-3,GET,/api/work,200,28,,2
1788021539978,ui_round-robin_steady_1788021537791,round-robin,server-1,GET,/api/work,200,27,,2
1788021539982,ui_round-robin_steady_1788021537791,round-robin,server-2,GET,/api/work,200,27,,2
1788021539985,ui_round-robin_steady_1788021537791,round-robin,server-3,GET,/api/work,200,27,,2
1788021539996,ui_round-robin_steady_1788021537791,round-robin,server-1,GET,/api/work,200,26,,4
1788021539999,ui_round-robin_steady_1788021537791,round-robin,server-2,GET,/api/work,200,27,,3
1788021540001,ui_round-robin_steady_1788021537791,round-robin,server-3,GET,/api/work,200,27,,3
1788021540001,ui_round-robin_steady_1788021537791,round-robin,server-1,GET,/api/work,200,28,,3
1788021540004,ui_round-robin_steady_1788021537791,round-robin,server-2,GET,/api/work,200,26,,3
1788021540007,ui_round-robin_steady_1788021537791,round-robin,server-3,GET,/api/work,200,27,,3
1788021540013,ui_round-robin_steady_1788021537791,round-robin,server-1,GET,/api/work,200,26,,3
1788021540014,ui_round-robin_steady_1788021537791,round-robin,server-2,GET,/api/work,200,26,,3
1788021540014,ui_round-robin_steady_1788021537791,round-robin,server-3,GET,/api/work,200,27,,3
1788021540014,ui_round-robin_steady_1788021537791,round-robin,server-2,GET,/api/work,200,27,,2
1788021540014,ui_round-robin_steady_1788021537791,round-robin,server-1,GET,/api/work,200,28,,3
1788021540020,ui_round-robin_steady_1788021537791,round-robin,server-3,GET,/api/work,200,26,,2
1788021540021,ui_round-robin_steady_1788021537791,round-robin,server-1,GET,/api/work,200,26,,2
1788021540028,ui_round-robin_steady_1788021537791,round-robin,server-2,GET,/api/work,200,27,,2
1788021540031,ui_round-robin_steady_1788021537791,round-robin,server-3,GET,/api/work,200,27,,2
1788021540032,ui_round-robin_steady_1788021537791,round-robin,server-1,GET,/api/work,200,27,,1
1788021540034,ui_round-robin_steady_1788021537791,round-robin,server-2,GET,/api/work,200,27,,2
1788021540036,ui_round-robin_steady_1788021537791,round-robin,server-3,GET,/api/work,200,27,,2
1788021540040,ui_round-robin_steady_1788021537791,round-robin,server-1,GET,/api/work,200,26,,2
1788021540043,ui_round-robin_steady_1788021537791,round-robin,server-2,GET,/api/work,200,27,,2
1788021540053,ui_round-robin_steady_1788021537791,round-robin,server-3,GET,/api/work,200,26,,4
1788021540059,ui_round-robin_steady_1788021537791,round-robin,server-2,GET,/api/work,200,28,,3
1788021540059,ui_round-robin_steady_1788021537791,round-robin,server-1,GET,/api/work,200,28,,3
1788021540060,ui_round-robin_steady_1788021537791,round-robin,server-3,GET,/api/work,200,28,,3
1788021540061,ui_round-robin_steady_1788021537791,round-robin,server-1,GET,/api/work,200,28,,2
1788021540065,ui_round-robin_steady_1788021537791,round-robin,server-2,GET,/api/work,200,26,,3
1788021540071,ui_round-robin_steady_1788021537791,round-robin,server-3,GET,/api/work,200,26,,4
1788021540071,ui_round-robin_steady_1788021537791,round-robin,server-1,GET,/api/work,200,27,,3
1788021540072,ui_round-robin_steady_1788021537791,round-robin,server-2,GET,/api/work,200,27,,3
1788021540074,ui_round-robin_steady_1788021537791,round-robin,server-3,GET,/api/work,200,26,,3
1788021540074,ui_round-robin_steady_1788021537791,round-robin,server-1,GET,/api/work,200,27,,2
1788021540078,ui_round-robin_steady_1788021537791,round-robin,server-2,GET,/api/work,200,26,,2
1788021540078,ui_round-robin_steady_1788021537791,round-robin,server-3,GET,/api/work,200,27,,2
1788021540089,ui_round-robin_steady_1788021537791,round-robin,server-1,GET,/api/work,200,27,,2
1788021540090,ui_round-robin_steady_1788021537791,round-robin,server-2,GET,/api/work,200,27,,2
1788021540090,ui_round-robin_steady_1788021537791,round-robin,server-3,GET,/api/work,200,29,,2
1788021540093,ui_round-robin_steady_1788021537791,round-robin,server-2,GET,/api/work,200,27,,1
1788021540093,ui_round-robin_steady_1788021537791,round-robin,server-1,GET,/api/work,200,28,,1
1788021540097,ui_round-robin_steady_1788021537791,round-robin,server-3,GET,/api/work,200,26,,2
1788021540102,ui_round-robin_steady_1788021537791,round-robin,server-1,GET,/api/work,200,25,,2
1788021540110,ui_round-robin_steady_1788021537791,round-robin,server-2,GET,/api/work,200,26,,4
1788021540119,ui_round-robin_steady_1788021537791,round-robin,server-3,GET,/api/work,200,25,,3
1788021540121,ui_round-robin_steady_1788021537791,round-robin,server-2,GET,/api/work,200,26,,3
1788021540121,ui_round-robin_steady_1788021537791,round-robin,server-1,GET,/api/work,200,28,,3
1788021540122,ui_round-robin_steady_1788021537791,round-robin,server-1,GET,/api/work,200,28,,2
1788021540121,ui_round-robin_steady_1788021537791,round-robin,server-3,GET,/api/work,200,31,,3
1788021540128,ui_round-robin_steady_1788021537791,round-robin,server-2,GET,/api/work,200,27,,4
1788021540130,ui_round-robin_steady_1788021537791,round-robin,server-1,GET,/api/work,200,26,,3
1788021540130,ui_round-robin_steady_1788021537791,round-robin,server-3,GET,/api/work,200,27,,3
1788021540131,ui_round-robin_steady_1788021537791,round-robin,server-2,GET,/api/work,200,27,,3
1788021540132,ui_round-robin_steady_1788021537791,round-robin,server-3,GET,/api/work,200,26,,2
1788021540135,ui_round-robin_steady_1788021537791,round-robin,server-1,GET,/api/work,200,26,,2
1788021540136,ui_round-robin_steady_1788021537791,round-robin,server-2,GET,/api/work,200,26,,2
1788021540151,ui_round-robin_steady_1788021537791,round-robin,server-3,GET,/api/work,200,25,,2
1788021540151,ui_round-robin_steady_1788021537791,round-robin,server-1,GET,/api/work,200,27,,2
1788021540152,ui_round-robin_steady_1788021537791,round-robin,server-2,GET,/api/work,200,27,,2
1788021540153,ui_round-robin_steady_1788021537791,round-robin,server-3,GET,/api/work,200,27,,2
1788021540153,ui_round-robin_steady_1788021537791,round-robin,server-1,GET,/api/work,200,29,,1
1788021540154,ui_round-robin_steady_1788021537791,round-robin,server-2,GET,/api/work,200,28,,1
1788021540159,ui_round-robin_steady_1788021537791,round-robin,server-3,GET,/api/work,200,27,,2
1788021540167,ui_round-robin_steady_1788021537791,round-robin,server-1,GET,/api/work,200,28,,4
1788021540175,ui_round-robin_steady_1788021537791,round-robin,server-2,GET,/api/work,200,26,,3
1788021540180,ui_round-robin_steady_1788021537791,round-robin,server-3,GET,/api/work,200,27,,3
1788021540183,ui_round-robin_steady_1788021537791,round-robin,server-3,GET,/api/work,200,27,,2
1788021540183,ui_round-robin_steady_1788021537791,round-robin,server-2,GET,/api/work,200,27,,3
1788021540183,ui_round-robin_steady_1788021537791,round-robin,server-1,GET,/api/work,200,27,,3
1788021540186,ui_round-robin_steady_1788021537791,round-robin,server-1,GET,/api/work,200,28,,3
1788021540188,ui_round-robin_steady_1788021537791,round-robin,server-2,GET,/api/work,200,28,,3
1788021540189,ui_round-robin_steady_1788021537791,round-robin,server-2,GET,/api/work,200,28,,2
1788021540189,ui_round-robin_steady_1788021537791,round-robin,server-1,GET,/api/work,200,29,,2
1788021540189,ui_round-robin_steady_1788021537791,round-robin,server-3,GET,/api/work,200,31,,3
1788021540192,ui_round-robin_steady_1788021537791,round-robin,server-3,GET,/api/work,200,30,,2
1788021540193,ui_round-robin_steady_1788021537791,round-robin,server-1,GET,/api/work,200,29,,2
1788021540208,ui_round-robin_steady_1788021537791,round-robin,server-2,GET,/api/work,200,28,,2
1788021540212,ui_round-robin_steady_1788021537791,round-robin,server-2,GET,/api/work,200,26,,2
1788021540211,ui_round-robin_steady_1788021537791,round-robin,server-3,GET,/api/work,200,28,,2
1788021540212,ui_round-robin_steady_1788021537791,round-robin,server-1,GET,/api/work,200,28,,2
1788021540214,ui_round-robin_steady_1788021537791,round-robin,server-3,GET,/api/work,200,27,,1
1788021540219,ui_round-robin_steady_1788021537791,round-robin,server-1,GET,/api/work,200,27,,2
1788021540220,ui_round-robin_steady_1788021537791,round-robin,server-2,GET,/api/work,200,27,,2
1788021540227,ui_round-robin_steady_1788021537791,round-robin,server-3,GET,/api/work,200,29,,4
1788021540232,ui_round-robin_steady_1788021537791,round-robin,server-1,GET,/api/work,200,27,,3
1788021540238,ui_round-robin_steady_1788021537791,round-robin,server-2,GET,/api/work,200,27,,3
1788021540242,ui_round-robin_steady_1788021537791,round-robin,server-2,GET,/api/work,200,28,,2
1788021540242,ui_round-robin_steady_1788021537791,round-robin,server-3,GET,/api/work,200,29,,3
1788021540242,ui_round-robin_steady_1788021537791,round-robin,server-1,GET,/api/work,200,30,,3
1788021540248,ui_round-robin_steady_1788021537791,round-robin,server-3,GET,/api/work,200,27,,3
1788021540250,ui_round-robin_steady_1788021537791,round-robin,server-1,GET,/api/work,200,27,,3
1788021540253,ui_round-robin_steady_1788021537791,round-robin,server-2,GET,/api/work,200,27,,3
1788021540253,ui_round-robin_steady_1788021537791,round-robin,server-3,GET,/api/work,200,28,,3
1788021540255,ui_round-robin_steady_1788021537791,round-robin,server-1,GET,/api/work,200,27,,3
1788021540256,ui_round-robin_steady_1788021537791,round-robin,server-3,GET,/api/work,200,28,,2
1788021540255,ui_round-robin_steady_1788021537791,round-robin,server-2,GET,/api/work,200,29,,2
1788021540267,ui_round-robin_steady_1788021537791,round-robin,server-1,GET,/api/work,200,29,,2
1788021540272,ui_round-robin_steady_1788021537791,round-robin,server-2,GET,/api/work,200,28,,2
1788021540273,ui_round-robin_steady_1788021537791,round-robin,server-1,GET,/api/work,200,28,,2
1788021540273,ui_round-robin_steady_1788021537791,round-robin,server-3,GET,/api/work,200,29,,2
1788021540274,ui_round-robin_steady_1788021537791,round-robin,server-2,GET,/api/work,200,29,,1
1788021540277,ui_round-robin_steady_1788021537791,round-robin,server-3,GET,/api/work,200,29,,1
1788021540279,ui_round-robin_steady_1788021537791,round-robin,server-1,GET,/api/work,200,28,,1
1788021540289,ui_round-robin_steady_1788021537791,round-robin,server-2,GET,/api/work,200,27,,4
1788021540291,ui_round-robin_steady_1788021537791,round-robin,server-3,GET,/api/work,200,26,,3
1788021540298,ui_round-robin_steady_1788021537791,round-robin,server-1,GET,/api/work,200,27,,3
1788021540305,ui_round-robin_steady_1788021537791,round-robin,server-2,GET,/api/work,200,27,,3
1788021540308,ui_round-robin_steady_1788021537791,round-robin,server-3,GET,/api/work,200,26,,3
1788021540308,ui_round-robin_steady_1788021537791,round-robin,server-1,GET,/api/work,200,27,,3
1788021540310,ui_round-robin_steady_1788021537791,round-robin,server-3,GET,/api/work,200,26,,3
1788021540309,ui_round-robin_steady_1788021537791,round-robin,server-2,GET,/api/work,200,28,,3
1788021540312,ui_round-robin_steady_1788021537791,round-robin,server-1,GET,/api/work,200,26,,3
1788021540312,ui_round-robin_steady_1788021537791,round-robin,server-2,GET,/api/work,200,27,,2
1788021540315,ui_round-robin_steady_1788021537791,round-robin,server-2,GET,/api/work,200,26,,2
1788021540315,ui_round-robin_steady_1788021537791,round-robin,server-3,GET,/api/work,200,27,,3
1788021540315,ui_round-robin_steady_1788021537791,round-robin,server-1,GET,/api/work,200,27,,2
1788021540331,ui_round-robin_steady_1788021537791,round-robin,server-3,GET,/api/work,200,31,,3
1788021540335,ui_round-robin_steady_1788021537791,round-robin,server-3,GET,/api/work,200,27,,2
1788021540331,ui_round-robin_steady_1788021537791,round-robin,server-1,GET,/api/work,200,32,,2
1788021540333,ui_round-robin_steady_1788021537791,round-robin,server-2,GET,/api/work,200,30,,2
1788021540337,ui_round-robin_steady_1788021537791,round-robin,server-1,GET,/api/work,200,28,,1
1788021540340,ui_round-robin_steady_1788021537791,round-robin,server-3,GET,/api/work,200,27,,2
1788021540340,ui_round-robin_steady_1788021537791,round-robin,server-2,GET,/api/work,200,29,,2
1788021540347,ui_round-robin_steady_1788021537791,round-robin,server-1,GET,/api/work,200,27,,4
1788021540348,ui_round-robin_steady_1788021537791,round-robin,server-2,GET,/api/work,200,27,,3
1788021540357,ui_round-robin_steady_1788021537791,round-robin,server-3,GET,/api/work,200,28,,3
1788021540366,ui_round-robin_steady_1788021537791,round-robin,server-2,GET,/api/work,200,27,,2
1788021540365,ui_round-robin_steady_1788021537791,round-robin,server-1,GET,/api/work,200,28,,3
1788021540366,ui_round-robin_steady_1788021537791,round-robin,server-3,GET,/api/work,200,28,,2
1788021540370,ui_round-robin_steady_1788021537791,round-robin,server-3,GET,/api/work,200,26,,2
1788021540370,ui_round-robin_steady_1788021537791,round-robin,server-1,GET,/api/work,200,27,,3
1788021540371,ui_round-robin_steady_1788021537791,round-robin,server-1,GET,/api/work,200,27,,2
1788021540370,ui_round-robin_steady_1788021537791,round-robin,server-2,GET,/api/work,200,29,,3
1788021540373,ui_round-robin_steady_1788021537791,round-robin,server-2,GET,/api/work,200,28,,2
1788021540374,ui_round-robin_steady_1788021537791,round-robin,server-3,GET,/api/work,200,27,,2
1788021540374,ui_round-robin_steady_1788021537791,round-robin,server-1,GET,/api/work,200,29,,2
1788021540395,ui_round-robin_steady_1788021537791,round-robin,server-3,GET,/api/work,200,26,,2
1788021540395,ui_round-robin_steady_1788021537791,round-robin,server-2,GET,/api/work,200,27,,3
1788021540395,ui_round-robin_steady_1788021537791,round-robin,server-2,GET,/api/work,200,27,,2
1788021540395,ui_round-robin_steady_1788021537791,round-robin,server-1,GET,/api/work,200,28,,2
1788021540397,ui_round-robin_steady_1788021537791,round-robin,server-3,GET,/api/work,200,27,,1
1788021540400,ui_round-robin_steady_1788021537791,round-robin,server-1,GET,/api/work,200,27,,2
1788021540404,ui_round-robin_steady_1788021537791,round-robin,server-2,GET,/api/work,200,26,,2
1788021540406,ui_round-robin_steady_1788021537791,round-robin,server-3,GET,/api/work,200,26,,3
1788021540406,ui_round-robin_steady_1788021537791,round-robin,server-1,GET,/api/work,200,27,,3
1788021540416,ui_round-robin_steady_1788021537791,round-robin,server-2,GET,/api/work,200,26,,3
1788021540426,ui_round-robin_steady_1788021537791,round-robin,server-2,GET,/api/work,200,26,,2
1788021540425,ui_round-robin_steady_1788021537791,round-robin,server-1,GET,/api/work,200,28,,2
1788021540425,ui_round-robin_steady_1788021537791,round-robin,server-3,GET,/api/work,200,29,,3
1788021540427,ui_round-robin_steady_1788021537791,round-robin,server-3,GET,/api/work,200,28,,2
1788021540428,ui_round-robin_steady_1788021537791,round-robin,server-1,GET,/api/work,200,29,,3
1788021540431,ui_round-robin_steady_1788021537791,round-robin,server-2,GET,/api/work,200,26,,3
1788021540432,ui_round-robin_steady_1788021537791,round-robin,server-1,GET,/api/work,200,28,,2
1788021540431,ui_round-robin_steady_1788021537791,round-robin,server-3,GET,/api/work,200,30,,3
1788021540434,ui_round-robin_steady_1788021537791,round-robin,server-3,GET,/api/work,200,27,,2
1788021540434,ui_round-robin_steady_1788021537791,round-robin,server-2,GET,/api/work,200,28,,2
1788021540455,ui_round-robin_steady_1788021537791,round-robin,server-1,GET,/api/work,200,27,,3
1788021540456,ui_round-robin_steady_1788021537791,round-robin,server-2,GET,/api/work,200,26,,2
1788021540456,ui_round-robin_steady_1788021537791,round-robin,server-1,GET,/api/work,200,27,,2
1788021540456,ui_round-robin_steady_1788021537791,round-robin,server-3,GET,/api/work,200,29,,2
1788021540457,ui_round-robin_steady_1788021537791,round-robin,server-2,GET,/api/work,200,30,,2
1788021540459,ui_round-robin_steady_1788021537791,round-robin,server-3,GET,/api/work,200,29,,2
1788021540462,ui_round-robin_steady_1788021537791,round-robin,server-1,GET,/api/work,200,29,,2
1788021540463,ui_round-robin_steady_1788021537791,round-robin,server-2,GET,/api/work,200,28,,2
1788021540463,ui_round-robin_steady_1788021537791,round-robin,server-3,GET,/api/work,200,32,,3
1788021540473,ui_round-robin_steady_1788021537791,round-robin,server-1,GET,/api/work,200,27,,3
1788021540484,ui_round-robin_steady_1788021537791,round-robin,server-2,GET,/api/work,200,26,,3
1788021540488,ui_round-robin_steady_1788021537791,round-robin,server-3,GET,/api/work,200,26,,3
1788021540489,ui_round-robin_steady_1788021537791,round-robin,server-2,GET,/api/work,200,26,,3
1788021540489,ui_round-robin_steady_1788021537791,round-robin,server-1,GET,/api/work,200,26,,3
1788021540491,ui_round-robin_steady_1788021537791,round-robin,server-1,GET,/api/work,200,27,,2
1788021540491,ui_round-robin_steady_1788021537791,round-robin,server-3,GET,/api/work,200,28,,2
1788021540492,ui_round-robin_steady_1788021537791,round-robin,server-2,GET,/api/work,200,28,,2
1788021540493,ui_round-robin_steady_1788021537791,round-robin,server-1,GET,/api/work,200,29,,1
1788021540493,ui_round-robin_steady_1788021537791,round-robin,server-3,GET,/api/work,200,29,,2
1788021540495,ui_round-robin_steady_1788021537791,round-robin,server-2,GET,/api/work,200,28,,2
1788021540513,ui_round-robin_steady_1788021537791,round-robin,server-3,GET,/api/work,200,26,,3
1788021540514,ui_round-robin_steady_1788021537791,round-robin,server-2,GET,/api/work,200,26,,2
1788021540514,ui_round-robin_steady_1788021537791,round-robin,server-1,GET,/api/work,200,27,,3
1788021540520,ui_round-robin_steady_1788021537791,round-robin,server-3,GET,/api/work,200,28,,3
1788021540523,ui_round-robin_steady_1788021537791,round-robin,server-2,GET,/api/work,200,26,,2
1788021540523,ui_round-robin_steady_1788021537791,round-robin,server-1,GET,/api/work,200,27,,3
1788021540524,ui_round-robin_steady_1788021537791,round-robin,server-3,GET,/api/work,200,26,,2
1788021540524,ui_round-robin_steady_1788021537791,round-robin,server-1,GET,/api/work,200,27,,2
1788021540526,ui_round-robin_steady_1788021537791,round-robin,server-2,GET,/api/work,200,26,,2
1788021540530,ui_round-robin_steady_1788021537791,round-robin,server-3,GET,/api/work,200,27,,3
1788021540541,ui_round-robin_steady_1788021537791,round-robin,server-1,GET,/api/work,200,26,,3
1788021540545,ui_round-robin_steady_1788021537791,round-robin,server-2,GET,/api/work,200,27,,3
1788021540546,ui_round-robin_steady_1788021537791,round-robin,server-3,GET,/api/work,200,27,,3
1788021540547,ui_round-robin_steady_1788021537791,round-robin,server-1,GET,/api/work,200,28,,3
1788021540550,ui_round-robin_steady_1788021537791,round-robin,server-2,GET,/api/work,200,26,,2
1788021540552,ui_round-robin_steady_1788021537791,round-robin,server-3,GET,/api/work,200,27,,2
1788021540553,ui_round-robin_steady_1788021537791,round-robin,server-1,GET,/api/work,200,27,,2
1788021540554,ui_round-robin_steady_1788021537791,round-robin,server-3,GET,/api/work,200,27,,2
1788021540554,ui_round-robin_steady_1788021537791,round-robin,server-2,GET,/api/work,200,30,,3
1788021540555,ui_round-robin_steady_1788021537791,round-robin,server-1,GET,/api/work,200,29,,2
1788021540570,ui_round-robin_steady_1788021537791,round-robin,server-2,GET,/api/work,200,26,,3
1788021540570,ui_round-robin_steady_1788021537791,round-robin,server-3,GET,/api/work,200,28,,2
1788021540572,ui_round-robin_steady_1788021537791,round-robin,server-1,GET,/api/work,200,28,,2
1788021540579,ui_round-robin_steady_1788021537791,round-robin,server-2,GET,/api/work,200,28,,3
1788021540581,ui_round-robin_steady_1788021537791,round-robin,server-3,GET,/api/work,200,27,,3
1788021540582,ui_round-robin_steady_1788021537791,round-robin,server-1,GET,/api/work,200,26,,3
1788021540583,ui_round-robin_steady_1788021537791,round-robin,server-2,GET,/api/work,200,27,,2
1788021540584,ui_round-robin_steady_1788021537791,round-robin,server-3,GET,/api/work,200,27,,2
1788021540585,ui_round-robin_steady_1788021537791,round-robin,server-1,GET,/api/work,200,27,,2
1788021540589,ui_round-robin_steady_1788021537791,round-robin,server-2,GET,/api/work,200,27,,2
1788021540600,ui_round-robin_steady_1788021537791,round-robin,server-3,GET,/api/work,200,27,,3
1788021540603,ui_round-robin_steady_1788021537791,round-robin,server-1,GET,/api/work,200,27,,3
1788021540604,ui_round-robin_steady_1788021537791,round-robin,server-2,GET,/api/work,200,28,,3
1788021540606,ui_round-robin_steady_1788021537791,round-robin,server-3,GET,/api/work,200,27,,3
1788021540607,ui_round-robin_steady_1788021537791,round-robin,server-1,GET,/api/work,200,27,,2
1788021540611,ui_round-robin_steady_1788021537791,round-robin,server-2,GET,/api/work,200,27,,2
1788021540613,ui_round-robin_steady_1788021537791,round-robin,server-3,GET,/api/work,200,27,,3
1788021540614,ui_round-robin_steady_1788021537791,round-robin,server-1,GET,/api/work,200,26,,2
1788021540616,ui_round-robin_steady_1788021537791,round-robin,server-3,GET,/api/work,200,26,,2
1788021540616,ui_round-robin_steady_1788021537791,round-robin,server-2,GET,/api/work,200,26,,2
1788021540627,ui_round-robin_steady_1788021537791,round-robin,server-1,GET,/api/work,200,26,,3
1788021540631,ui_round-robin_steady_1788021537791,round-robin,server-2,GET,/api/work,200,26,,2
1788021540632,ui_round-robin_steady_1788021537791,round-robin,server-3,GET,/api/work,200,27,,2
1788021540638,ui_round-robin_steady_1788021537791,round-robin,server-1,GET,/api/work,200,27,,3
1788021540639,ui_round-robin_steady_1788021537791,round-robin,server-3,GET,/api/work,200,27,,2
1788021540639,ui_round-robin_steady_1788021537791,round-robin,server-2,GET,/api/work,200,27,,2
1788021540641,ui_round-robin_steady_1788021537791,round-robin,server-1,GET,/api/work,200,27,,2
1788021540643,ui_round-robin_steady_1788021537791,round-robin,server-2,GET,/api/work,200,26,,2
1788021540644,ui_round-robin_steady_1788021537791,round-robin,server-3,GET,/api/work,200,27,,3
1788021540647,ui_round-robin_steady_1788021537791,round-robin,server-1,GET,/api/work,200,26,,3
1788021540658,ui_round-robin_steady_1788021537791,round-robin,server-2,GET,/api/work,200,26,,3
1788021540664,ui_round-robin_steady_1788021537791,round-robin,server-1,GET,/api/work,200,25,,3
1788021540663,ui_round-robin_steady_1788021537791,round-robin,server-3,GET,/api/work,200,27,,3
1788021540667,ui_round-robin_steady_1788021537791,round-robin,server-3,GET,/api/work,200,26,,2
1788021540667,ui_round-robin_steady_1788021537791,round-robin,server-2,GET,/api/work,200,27,,3
1788021540670,ui_round-robin_steady_1788021537791,round-robin,server-3,GET,/api/work,200,26,,1
1788021540670,ui_round-robin_steady_1788021537791,round-robin,server-1,GET,/api/work,200,27,,2
1788021540670,ui_round-robin_steady_1788021537791,round-robin,server-2,GET,/api/work,200,27,,2
1788021540673,ui_round-robin_steady_1788021537791,round-robin,server-1,GET,/api/work,200,26,,2
1788021540673,ui_round-robin_steady_1788021537791,round-robin,server-2,GET,/api/work,200,27,,2
1788021540684,ui_round-robin_steady_1788021537791,round-robin,server-3,GET,/api/work,200,26,,3
1788021540688,ui_round-robin_steady_1788021537791,round-robin,server-1,GET,/api/work,200,28,,2
1788021540688,ui_round-robin_steady_1788021537791,round-robin,server-2,GET,/api/work,200,28,,2
1788021540696,ui_round-robin_steady_1788021537791,round-robin,server-3,GET,/api/work,200,26,,3
1788021540698,ui_round-robin_steady_1788021537791,round-robin,server-3,GET,/api/work,200,26,,2
1788021540698,ui_round-robin_steady_1788021537791,round-robin,server-2,GET,/api/work,200,27,,2
1788021540698,ui_round-robin_steady_1788021537791,round-robin,server-1,GET,/api/work,200,27,,2
1788021540701,ui_round-robin_steady_1788021537791,round-robin,server-2,GET,/api/work,200,26,,2
1788021540700,ui_round-robin_steady_1788021537791,round-robin,server-1,GET,/api/work,200,28,,2
1788021540704,ui_round-robin_steady_1788021537791,round-robin,server-3,GET,/api/work,200,26,,3
1788021540717,ui_round-robin_steady_1788021537791,round-robin,server-1,GET,/api/work,200,26,,3
1788021540720,ui_round-robin_steady_1788021537791,round-robin,server-2,GET,/api/work,200,27,,3
1788021540721,ui_round-robin_steady_1788021537791,round-robin,server-3,GET,/api/work,200,27,,3
1788021540725,ui_round-robin_steady_1788021537791,round-robin,server-2,GET,/api/work,200,26,,2
1788021540725,ui_round-robin_steady_1788021537791,round-robin,server-1,GET,/api/work,200,28,,3
1788021540729,ui_round-robin_steady_1788021537791,round-robin,server-1,GET,/api/work,200,27,,2
1788021540729,ui_round-robin_steady_1788021537791,round-robin,server-2,GET,/api/work,200,29,,3
1788021540732,ui_round-robin_steady_1788021537791,round-robin,server-1,GET,/api/work,200,27,,2
1788021540729,ui_round-robin_steady_1788021537791,round-robin,server-3,GET,/api/work,200,35,,4
1788021540729,ui_round-robin_steady_1788021537791,round-robin,server-3,GET,/api/work,200,36,,3
1788021540741,ui_round-robin_steady_1788021537791,round-robin,server-2,GET,/api/work,200,27,,3
1788021540748,ui_round-robin_steady_1788021537791,round-robin,server-1,GET,/api/work,200,27,,2
1788021540747,ui_round-robin_steady_1788021537791,round-robin,server-3,GET,/api/work,200,28,,3
1788021540754,ui_round-robin_steady_1788021537791,round-robin,server-2,GET,/api/work,200,29,,3
1788021540757,ui_round-robin_steady_1788021537791,round-robin,server-1,GET,/api/work,200,28,,2
1788021540757,ui_round-robin_steady_1788021537791,round-robin,server-2,GET,/api/work,200,29,,2
1788021540755,ui_round-robin_steady_1788021537791,round-robin,server-3,GET,/api/work,200,35,,3
1788021540762,ui_round-robin_steady_1788021537791,round-robin,server-3,GET,/api/work,200,29,,2
1788021540763,ui_round-robin_steady_1788021537791,round-robin,server-1,GET,/api/work,200,29,,2
1788021540764,ui_round-robin_steady_1788021537791,round-robin,server-2,GET,/api/work,200,28,,2
1788021540775,ui_round-robin_steady_1788021537791,round-robin,server-3,GET,/api/work,200,27,,3
1788021540778,ui_round-robin_steady_1788021537791,round-robin,server-1,GET,/api/work,200,26,,3
1788021540779,ui_round-robin_steady_1788021537791,round-robin,server-2,GET,/api/work,200,27,,2
1788021540782,ui_round-robin_steady_1788021537791,round-robin,server-3,GET,/api/work,200,27,,3
1788021540788,ui_round-robin_steady_1788021537791,round-robin,server-2,GET,/api/work,200,28,,2
1788021540787,ui_round-robin_steady_1788021537791,round-robin,server-1,GET,/api/work,200,29,,3
1788021540793,ui_round-robin_steady_1788021537791,round-robin,server-1,GET,/api/work,200,27,,2
1788021540792,ui_round-robin_steady_1788021537791,round-robin,server-3,GET,/api/work,200,28,,3
1788021540796,ui_round-robin_steady_1788021537791,round-robin,server-2,GET,/api/work,200,27,,3
1788021540798,ui_round-robin_steady_1788021537791,round-robin,server-1,GET,/api/work,200,26,,3
1788021540797,ui_round-robin_steady_1788021537791,round-robin,server-3,GET,/api/work,200,28,,3
1788021540807,ui_round-robin_steady_1788021537791,round-robin,server-3,GET,/api/work,200,26,,2
1788021540806,ui_round-robin_steady_1788021537791,round-robin,server-2,GET,/api/work,200,28,,3
1788021540815,ui_round-robin_steady_1788021537791,round-robin,server-1,GET,/api/work,200,26,,3
1788021540818,ui_round-robin_steady_1788021537791,round-robin,server-2,GET,/api/work,200,26,,3
1788021540819,ui_round-robin_steady_1788021537791,round-robin,server-3,GET,/api/work,200,26,,2
1788021540822,ui_round-robin_steady_1788021537791,round-robin,server-2,GET,/api/work,200,27,,2
1788021540822,ui_round-robin_steady_1788021537791,round-robin,server-1,GET,/api/work,200,28,,3
1788021540824,ui_round-robin_steady_1788021537791,round-robin,server-1,GET,/api/work,200,26,,2
1788021540823,ui_round-robin_steady_1788021537791,round-robin,server-3,GET,/api/work,200,27,,2
1788021540834,ui_round-robin_steady_1788021537791,round-robin,server-2,GET,/api/work,200,26,,3
1788021540835,ui_round-robin_steady_1788021537791,round-robin,server-3,GET,/api/work,200,27,,3
1788021540838,ui_round-robin_steady_1788021537791,round-robin,server-1,GET,/api/work,200,27,,3
1788021540840,ui_round-robin_steady_1788021537791,round-robin,server-2,GET,/api/work,200,26,,3
1788021540847,ui_round-robin_steady_1788021537791,round-robin,server-3,GET,/api/work,200,26,,3
1788021540848,ui_round-robin_steady_1788021537791,round-robin,server-1,GET,/api/work,200,26,,2
1788021540851,ui_round-robin_steady_1788021537791,round-robin,server-3,GET,/api/work,200,27,,2
1788021540851,ui_round-robin_steady_1788021537791,round-robin,server-2,GET,/api/work,200,28,,3
1788021540854,ui_round-robin_steady_1788021537791,round-robin,server-1,GET,/api/work,200,26,,2
1788021540855,ui_round-robin_steady_1788021537791,round-robin,server-2,GET,/api/work,200,26,,3
1788021540856,ui_round-robin_steady_1788021537791,round-robin,server-3,GET,/api/work,200,26,,3
1788021540865,ui_round-robin_steady_1788021537791,round-robin,server-1,GET,/api/work,200,26,,3
1788021540865,ui_round-robin_steady_1788021537791,round-robin,server-2,GET,/api/work,200,27,,2
1788021540872,ui_round-robin_steady_1788021537791,round-robin,server-3,GET,/api/work,200,27,,3
1788021540875,ui_round-robin_steady_1788021537791,round-robin,server-1,GET,/api/work,200,26,,3
1788021540876,ui_round-robin_steady_1788021537791,round-robin,server-2,GET,/api/work,200,26,,2
1788021540879,ui_round-robin_steady_1788021537791,round-robin,server-3,GET,/api/work,200,27,,3
1788021540882,ui_round-robin_steady_1788021537791,round-robin,server-3,GET,/api/work,200,25,,2
1788021540881,ui_round-robin_steady_1788021537791,round-robin,server-2,GET,/api/work,200,26,,2
1788021540881,ui_round-robin_steady_1788021537791,round-robin,server-1,GET,/api/work,200,27,,2
1788021540891,ui_round-robin_steady_1788021537791,round-robin,server-1,GET,/api/work,200,26,,3
1788021540892,ui_round-robin_steady_1788021537791,round-robin,server-2,GET,/api/work,200,27,,3
1788021540897,ui_round-robin_steady_1788021537791,round-robin,server-3,GET,/api/work,200,26,,3
1788021540897,ui_round-robin_steady_1788021537791,round-robin,server-1,GET,/api/work,200,27,,3
1788021540904,ui_round-robin_steady_1788021537791,round-robin,server-2,GET,/api/work,200,27,,3
1788021540905,ui_round-robin_steady_1788021537791,round-robin,server-3,GET,/api/work,200,27,,2
1788021540908,ui_round-robin_steady_1788021537791,round-robin,server-1,GET,/api/work,200,28,,3
1788021540910,ui_round-robin_steady_1788021537791,round-robin,server-2,GET,/api/work,200,27,,2
1788021540912,ui_round-robin_steady_1788021537791,round-robin,server-3,GET,/api/work,200,26,,2
1788021540912,ui_round-robin_steady_1788021537791,round-robin,server-1,GET,/api/work,200,26,,2
1788021540913,ui_round-robin_steady_1788021537791,round-robin,server-2,GET,/api/work,200,26,,3
1788021540922,ui_round-robin_steady_1788021537791,round-robin,server-1,GET,/api/work,200,26,,2
1788021540922,ui_round-robin_steady_1788021537791,round-robin,server-3,GET,/api/work,200,27,,2
1788021540929,ui_round-robin_steady_1788021537791,round-robin,server-2,GET,/api/work,200,26,,2
1788021540933,ui_round-robin_steady_1788021537791,round-robin,server-1,GET,/api/work,200,26,,2
1788021540932,ui_round-robin_steady_1788021537791,round-robin,server-3,GET,/api/work,200,27,,3
1788021540937,ui_round-robin_steady_1788021537791,round-robin,server-2,GET,/api/work,200,26,,3
1788021540938,ui_round-robin_steady_1788021537791,round-robin,server-3,GET,/api/work,200,26,,2
1788021540939,ui_round-robin_steady_1788021537791,round-robin,server-1,GET,/api/work,200,27,,2
1788021540939,ui_round-robin_steady_1788021537791,round-robin,server-2,GET,/api/work,200,27,,2
1788021540949,ui_round-robin_steady_1788021537791,round-robin,server-3,GET,/api/work,200,27,,3
1788021540950,ui_round-robin_steady_1788021537791,round-robin,server-1,GET,/api/work,200,26,,3
1788021540955,ui_round-robin_steady_1788021537791,round-robin,server-2,GET,/api/work,200,27,,3
1788021540955,ui_round-robin_steady_1788021537791,round-robin,server-3,GET,/api/work,200,28,,3
1788021540961,ui_round-robin_steady_1788021537791,round-robin,server-1,GET,/api/work,200,27,,3
1788021540963,ui_round-robin_steady_1788021537791,round-robin,server-2,GET,/api/work,200,26,,2
1788021540968,ui_round-robin_steady_1788021537791,round-robin,server-2,GET,/api/work,200,26,,2
1788021540967,ui_round-robin_steady_1788021537791,round-robin,server-1,GET,/api/work,200,28,,3
1788021540970,ui_round-robin_steady_1788021537791,round-robin,server-1,GET,/api/work,200,26,,2
1788021540967,ui_round-robin_steady_1788021537791,round-robin,server-3,GET,/api/work,200,30,,4
1788021540969,ui_round-robin_steady_1788021537791,round-robin,server-3,GET,/api/work,200,29,,3
1788021540980,ui_round-robin_steady_1788021537791,round-robin,server-2,GET,/api/work,200,27,,2
1788021540981,ui_round-robin_steady_1788021537791,round-robin,server-3,GET,/api/work,200,27,,3
1788021540987,ui_round-robin_steady_1788021537791,round-robin,server-1,GET,/api/work,200,26,,3
1788021540990,ui_round-robin_steady_1788021537791,round-robin,server-2,GET,/api/work,200,27,,3
1788021540991,ui_round-robin_steady_1788021537791,round-robin,server-3,GET,/api/work,200,29,,2
1788021540995,ui_round-robin_steady_1788021537791,round-robin,server-2,GET,/api/work,200,27,,2
1788021540994,ui_round-robin_steady_1788021537791,round-robin,server-1,GET,/api/work,200,29,,2
1788021540996,ui_round-robin_steady_1788021537791,round-robin,server-3,GET,/api/work,200,28,,2
1788021540999,ui_round-robin_steady_1788021537791,round-robin,server-1,GET,/api/work,200,27,,2
1788021541008,ui_round-robin_steady_1788021537791,round-robin,server-3,GET,/api/work,200,28,,3
1788021541008,ui_round-robin_steady_1788021537791,round-robin,server-2,GET,/api/work,200,29,,3
1788021541013,ui_round-robin_steady_1788021537791,round-robin,server-1,GET,/api/work,200,27,,3
1788021541014,ui_round-robin_steady_1788021537791,round-robin,server-2,GET,/api/work,200,27,,3
1788021541021,ui_round-robin_steady_1788021537791,round-robin,server-3,GET,/api/work,200,27,,3
1788021541024,ui_round-robin_steady_1788021537791,round-robin,server-1,GET,/api/work,200,29,,3
1788021541026,ui_round-robin_steady_1788021537791,round-robin,server-2,GET,/api/work,200,30,,2
1788021541027,ui_round-robin_steady_1788021537791,round-robin,server-3,GET,/api/work,200,30,,2
1788021541029,ui_round-robin_steady_1788021537791,round-robin,server-1,GET,/api/work,200,30,,2
1788021541029,ui_round-robin_steady_1788021537791,round-robin,server-2,GET,/api/work,200,31,,2
1788021541030,ui_round-robin_steady_1788021537791,round-robin,server-3,GET,/api/work,200,31,,1
1788021541038,ui_round-robin_steady_1788021537791,round-robin,server-1,GET,/api/work,200,31,,2
1788021541039,ui_round-robin_steady_1788021537791,round-robin,server-2,GET,/api/work,200,33,,2
1788021541044,ui_round-robin_steady_1788021537791,round-robin,server-3,GET,/api/work,200,29,,2
1788021541050,ui_round-robin_steady_1788021537791,round-robin,server-1,GET,/api/work,200,28,,3
1788021541058,ui_round-robin_steady_1788021537791,round-robin,server-2,GET,/api/work,200,27,,3
1788021541062,ui_round-robin_steady_1788021537791,round-robin,server-3,GET,/api/work,200,27,,3
1788021541063,ui_round-robin_steady_1788021537791,round-robin,server-1,GET,/api/work,200,27,,2
1788021541064,ui_round-robin_steady_1788021537791,round-robin,server-3,GET,/api/work,200,28,,2
1788021541063,ui_round-robin_steady_1788021537791,round-robin,server-2,GET,/api/work,200,29,,3
1788021541074,ui_round-robin_steady_1788021537791,round-robin,server-1,GET,/api/work,200,29,,3
1788021541074,ui_round-robin_steady_1788021537791,round-robin,server-2,GET,/api/work,200,29,,3
1788021541075,ui_round-robin_steady_1788021537791,round-robin,server-3,GET,/api/work,200,29,,2
1788021541076,ui_round-robin_steady_1788021537791,round-robin,server-1,GET,/api/work,200,29,,2
1788021541079,ui_round-robin_steady_1788021537791,round-robin,server-2,GET,/api/work,200,28,,3
1788021541087,ui_round-robin_steady_1788021537791,round-robin,server-3,GET,/api/work,200,29,,3
1788021541091,ui_round-robin_steady_1788021537791,round-robin,server-2,GET,/api/work,200,27,,2
1788021541090,ui_round-robin_steady_1788021537791,round-robin,server-1,GET,/api/work,200,29,,2
1788021541096,ui_round-robin_steady_1788021537791,round-robin,server-1,GET,/api/work,200,28,,2
1788021541096,ui_round-robin_steady_1788021537791,round-robin,server-2,GET,/api/work,200,29,,2
1788021541096,ui_round-robin_steady_1788021537791,round-robin,server-3,GET,/api/work,200,32,,3
1788021541106,ui_round-robin_steady_1788021537791,round-robin,server-3,GET,/api/work,200,26,,2
1788021541107,ui_round-robin_steady_1788021537791,round-robin,server-2,GET,/api/work,200,26,,2
1788021541110,ui_round-robin_steady_1788021537791,round-robin,server-3,GET,/api/work,200,27,,1
1788021541106,ui_round-robin_steady_1788021537791,round-robin,server-1,GET,/api/work,200,32,,2
1788021541119,ui_round-robin_steady_1788021537791,round-robin,server-1,GET,/api/work,200,28,,3
1788021541120,ui_round-robin_steady_1788021537791,round-robin,server-2,GET,/api/work,200,29,,3
1788021541126,ui_round-robin_steady_1788021537791,round-robin,server-2,GET,/api/work,200,27,,2
1788021541126,ui_round-robin_steady_1788021537791,round-robin,server-3,GET,/api/work,200,27,,3
1788021541126,ui_round-robin_steady_1788021537791,round-robin,server-1,GET,/api/work,200,29,,3
1788021541139,ui_round-robin_steady_1788021537791,round-robin,server-3,GET,/api/work,200,27,,4
1788021541140,ui_round-robin_steady_1788021537791,round-robin,server-3,GET,/api/work,200,29,,3
1788021541140,ui_round-robin_steady_1788021537791,round-robin,server-2,GET,/api/work,200,29,,3
1788021541139,ui_round-robin_steady_1788021537791,round-robin,server-1,GET,/api/work,200,31,,3
1788021541140,ui_round-robin_steady_1788021537791,round-robin,server-1,GET,/api/work,200,31,,2
1788021541148,ui_round-robin_steady_1788021537791,round-robin,server-2,GET,/api/work,200,26,,3
1788021541150,ui_round-robin_steady_1788021537791,round-robin,server-3,GET,/api/work,200,26,,2
1788021541150,ui_round-robin_steady_1788021537791,round-robin,server-1,GET,/api/work,200,32,,3
1788021541156,ui_round-robin_steady_1788021537791,round-robin,server-2,GET,/api/work,200,28,,2
1788021541156,ui_round-robin_steady_1788021537791,round-robin,server-3,GET,/api/work,200,28,,2
1788021541158,ui_round-robin_steady_1788021537791,round-robin,server-1,GET,/api/work,200,28,,2
1788021541163,ui_round-robin_steady_1788021537791,round-robin,server-2,GET,/api/work,200,26,,2
1788021541164,ui_round-robin_steady_1788021537791,round-robin,server-3,GET,/api/work,200,29,,2
1788021541172,ui_round-robin_steady_1788021537791,round-robin,server-1,GET,/api/work,200,27,,2
1788021541173,ui_round-robin_steady_1788021537791,round-robin,server-2,GET,/api/work,200,32,,3
1788021541181,ui_round-robin_steady_1788021537791,round-robin,server-1,GET,/api/work,200,28,,3
1788021541181,ui_round-robin_steady_1788021537791,round-robin,server-3,GET,/api/work,200,28,,3
1788021541187,ui_round-robin_steady_1788021537791,round-robin,server-2,GET,/api/work,200,26,,3
1788021541188,ui_round-robin_steady_1788021537791,round-robin,server-1,GET,/api/work,200,26,,2
1788021541187,ui_round-robin_steady_1788021537791,round-robin,server-3,GET,/api/work,200,28,,3
1788021541199,ui_round-robin_steady_1788021537791,round-robin,server-2,GET,/api/work,200,31,,4
1788021541204,ui_round-robin_steady_1788021537791,round-robin,server-2,GET,/api/work,200,27,,3
1788021541204,ui_round-robin_steady_1788021537791,round-robin,server-1,GET,/api/work,200,28,,3
1788021541204,ui_round-robin_steady_1788021537791,round-robin,server-1,GET,/api/work,200,29,,2
1788021541204,ui_round-robin_steady_1788021537791,round-robin,server-3,GET,/api/work,200,29,,4
1788021541204,ui_round-robin_steady_1788021537791,round-robin,server-3,GET,/api/work,200,30,,3
1788021541207,ui_round-robin_steady_1788021537791,round-robin,server-2,GET,/api/work,200,28,,2
1788021541212,ui_round-robin_steady_1788021537791,round-robin,server-3,GET,/api/work,200,27,,2
1788021541217,ui_round-robin_steady_1788021537791,round-robin,server-2,GET,/api/work,200,26,,2
1788021541217,ui_round-robin_steady_1788021537791,round-robin,server-1,GET,/api/work,200,27,,2
1788021541218,ui_round-robin_steady_1788021537791,round-robin,server-3,GET,/api/work,200,27,,2
1788021541221,ui_round-robin_steady_1788021537791,round-robin,server-1,GET,/api/work,200,27,,2
1788021541224,ui_round-robin_steady_1788021537791,round-robin,server-2,GET,/api/work,200,26,,2
1788021541232,ui_round-robin_steady_1788021537791,round-robin,server-3,GET,/api/work,200,26,,2
1788021541237,ui_round-robin_steady_1788021537791,round-robin,server-1,GET,/api/work,200,28,,2
1788021541240,ui_round-robin_steady_1788021537791,round-robin,server-2,GET,/api/work,200,28,,3
1788021541240,ui_round-robin_steady_1788021537791,round-robin,server-3,GET,/api/work,200,28,,3
1788021541245,ui_round-robin_steady_1788021537791,round-robin,server-1,GET,/api/work,200,25,,3
1788021541246,ui_round-robin_steady_1788021537791,round-robin,server-3,GET,/api/work,200,26,,2
1788021541246,ui_round-robin_steady_1788021537791,round-robin,server-2,GET,/api/work,200,27,,3
1788021541262,ui_round-robin_steady_1788021537791,round-robin,server-1,GET,/api/work,200,27,,4
1788021541263,ui_round-robin_steady_1788021537791,round-robin,server-2,GET,/api/work,200,27,,4
1788021541266,ui_round-robin_steady_1788021537791,round-robin,server-3,GET,/api/work,200,26,,3
1788021541267,ui_round-robin_steady_1788021537791,round-robin,server-2,GET,/api/work,200,26,,3
1788021541266,ui_round-robin_steady_1788021537791,round-robin,server-1,GET,/api/work,200,28,,3
1788021541267,ui_round-robin_steady_1788021537791,round-robin,server-3,GET,/api/work,200,27,,2
1788021541267,ui_round-robin_steady_1788021537791,round-robin,server-1,GET,/api/work,200,28,,2
1788021541269,ui_round-robin_steady_1788021537791,round-robin,server-2,GET,/api/work,200,26,,2
1788021541275,ui_round-robin_steady_1788021537791,round-robin,server-3,GET,/api/work,200,26,,2
1788021541275,ui_round-robin_steady_1788021537791,round-robin,server-2,GET,/api/work,200,27,,2
1788021541275,ui_round-robin_steady_1788021537791,round-robin,server-1,GET,/api/work,200,28,,2
1788021541279,ui_round-robin_steady_1788021537791,round-robin,server-3,GET,/api/work,200,26,,2
1788021541281,ui_round-robin_steady_1788021537791,round-robin,server-1,GET,/api/work,200,26,,2
1788021541289,ui_round-robin_steady_1788021537791,round-robin,server-2,GET,/api/work,200,26,,2
1788021541296,ui_round-robin_steady_1788021537791,round-robin,server-3,GET,/api/work,200,26,,2
1788021541298,ui_round-robin_steady_1788021537791,round-robin,server-1,GET,/api/work,200,27,,2
1788021541299,ui_round-robin_steady_1788021537791,round-robin,server-2,GET,/api/work,200,27,,3
1788021541302,ui_round-robin_steady_1788021537791,round-robin,server-3,GET,/api/work,200,26,,3
1788021541304,ui_round-robin_steady_1788021537791,round-robin,server-1,GET,/api/work,200,26,,3
1788021541304,ui_round-robin_steady_1788021537791,round-robin,server-2,GET,/api/work,200,26,,2
1788021541321,ui_round-robin_steady_1788021537791,round-robin,server-1,GET,/api/work,200,25,,3
1788021541320,ui_round-robin_steady_1788021537791,round-robin,server-3,GET,/api/work,200,27,,4
1788021541323,ui_round-robin_steady_1788021537791,round-robin,server-2,GET,/api/work,200,27,,3
1788021541326,ui_round-robin_steady_1788021537791,round-robin,server-1,GET,/api/work,200,26,,3
1788021541325,ui_round-robin_steady_1788021537791,round-robin,server-3,GET,/api/work,200,27,,3
1788021541327,ui_round-robin_steady_1788021537791,round-robin,server-1,GET,/api/work,200,26,,2
1788021541326,ui_round-robin_steady_1788021537791,round-robin,server-3,GET,/api/work,200,27,,2
1788021541326,ui_round-robin_steady_1788021537791,round-robin,server-2,GET,/api/work,200,28,,2
1788021541333,ui_round-robin_steady_1788021537791,round-robin,server-3,GET,/api/work,200,26,,2
1788021541333,ui_round-robin_steady_1788021537791,round-robin,server-2,GET,/api/work,200,27,,3
1788021541335,ui_round-robin_steady_1788021537791,round-robin,server-1,GET,/api/work,200,27,,3
1788021541336,ui_round-robin_steady_1788021537791,round-robin,server-2,GET,/api/work,200,27,,2
1788021541338,ui_round-robin_steady_1788021537791,round-robin,server-3,GET,/api/work,200,25,,2
1788021541347,ui_round-robin_steady_1788021537791,round-robin,server-1,GET,/api/work,200,27,,2
1788021541354,ui_round-robin_steady_1788021537791,round-robin,server-2,GET,/api/work,200,27,,2
1788021541357,ui_round-robin_steady_1788021537791,round-robin,server-3,GET,/api/work,200,26,,2
1788021541357,ui_round-robin_steady_1788021537791,round-robin,server-1,GET,/api/work,200,27,,2
1788021541359,ui_round-robin_steady_1788021537791,round-robin,server-2,GET,/api/work,200,26,,2
1788021541361,ui_round-robin_steady_1788021537791,round-robin,server-1,GET,/api/work,200,26,,2
1788021541361,ui_round-robin_steady_1788021537791,round-robin,server-3,GET,/api/work,200,26,,3
1788021541378,ui_round-robin_steady_1788021537791,round-robin,server-3,GET,/api/work,200,26,,3
1788021541378,ui_round-robin_steady_1788021537791,round-robin,server-2,GET,/api/work,200,27,,4
1788021541381,ui_round-robin_steady_1788021537791,round-robin,server-1,GET,/api/work,200,27,,3
1788021541383,ui_round-robin_steady_1788021537791,round-robin,server-2,GET,/api/work,200,26,,3
1788021541386,ui_round-robin_steady_1788021537791,round-robin,server-2,GET,/api/work,200,26,,2
1788021541386,ui_round-robin_steady_1788021537791,round-robin,server-1,GET,/api/work,200,26,,2
1788021541386,ui_round-robin_steady_1788021537791,round-robin,server-3,GET,/api/work,200,27,,3
1788021541386,ui_round-robin_steady_1788021537791,round-robin,server-3,GET,/api/work,200,28,,2
1788021541390,ui_round-robin_steady_1788021537791,round-robin,server-1,GET,/api/work,200,26,,2
1788021541391,ui_round-robin_steady_1788021537791,round-robin,server-2,GET,/api/work,200,27,,2
1788021541393,ui_round-robin_steady_1788021537791,round-robin,server-3,GET,/api/work,200,26,,3
1788021541395,ui_round-robin_steady_1788021537791,round-robin,server-2,GET,/api/work,200,26,,2
1788021541394,ui_round-robin_steady_1788021537791,round-robin,server-1,GET,/api/work,200,27,,2
1788021541404,ui_round-robin_steady_1788021537791,round-robin,server-3,GET,/api/work,200,27,,2
1788021541413,ui_round-robin_steady_1788021537791,round-robin,server-1,GET,/api/work,200,27,,3
1788021541415,ui_round-robin_steady_1788021537791,round-robin,server-3,GET,/api/work,200,25,,2
1788021541414,ui_round-robin_steady_1788021537791,round-robin,server-2,GET,/api/work,200,27,,2
1788021541416,ui_round-robin_steady_1788021537791,round-robin,server-1,GET,/api/work,200,26,,2
1788021541418,ui_round-robin_steady_1788021537791,round-robin,server-3,GET,/api/work,200,26,,2
1788021541418,ui_round-robin_steady_1788021537791,round-robin,server-2,GET,/api/work,200,27,,2
1788021541435,ui_round-robin_steady_1788021537791,round-robin,server-1,GET,/api/work,200,27,,4
1788021541435,ui_round-robin_steady_1788021537791,round-robin,server-2,GET,/api/work,200,28,,4
1788021541438,ui_round-robin_steady_1788021537791,round-robin,server-3,GET,/api/work,200,26,,3
1788021541440,ui_round-robin_steady_1788021537791,round-robin,server-1,GET,/api/work,200,26,,3
1788021541443,ui_round-robin_steady_1788021537791,round-robin,server-2,GET,/api/work,200,25,,3
1788021541443,ui_round-robin_steady_1788021537791,round-robin,server-3,GET,/api/work,200,26,,2
1788021541444,ui_round-robin_steady_1788021537791,round-robin,server-1,GET,/api/work,200,26,,2
1788021541445,ui_round-robin_steady_1788021537791,round-robin,server-2,GET,/api/work,200,28,,3
1788021541447,ui_round-robin_steady_1788021537791,round-robin,server-3,GET,/api/work,200,27,,3
1788021541449,ui_round-robin_steady_1788021537791,round-robin,server-2,GET,/api/work,200,27,,2
1788021541449,ui_round-robin_steady_1788021537791,round-robin,server-1,GET,/api/work,200,29,,3
1788021541452,ui_round-robin_steady_1788021537791,round-robin,server-3,GET,/api/work,200,27,,2
1788021541452,ui_round-robin_steady_1788021537791,round-robin,server-1,GET,/api/work,200,27,,2
1788021541462,ui_round-robin_steady_1788021537791,round-robin,server-2,GET,/api/work,200,27,,2
1788021541471,ui_round-robin_steady_1788021537791,round-robin,server-3,GET,/api/work,200,27,,2
1788021541471,ui_round-robin_steady_1788021537791,round-robin,server-1,GET,/api/work,200,27,,2
1788021541473,ui_round-robin_steady_1788021537791,round-robin,server-2,GET,/api/work,200,27,,3
1788021541475,ui_round-robin_steady_1788021537791,round-robin,server-1,GET,/api/work,200,27,,2
1788021541473,ui_round-robin_steady_1788021537791,round-robin,server-3,GET,/api/work,200,30,,3
1788021541477,ui_round-robin_steady_1788021537791,round-robin,server-2,GET,/api/work,200,27,,2
1788021541492,ui_round-robin_steady_1788021537791,round-robin,server-3,GET,/api/work,200,27,,4
1788021541493,ui_round-robin_steady_1788021537791,round-robin,server-1,GET,/api/work,200,27,,3
1788021541495,ui_round-robin_steady_1788021537791,round-robin,server-2,GET,/api/work,200,27,,3
1788021541498,ui_round-robin_steady_1788021537791,round-robin,server-3,GET,/api/work,200,26,,3
1788021541499,ui_round-robin_steady_1788021537791,round-robin,server-2,GET,/api/work,200,26,,2
1788021541499,ui_round-robin_steady_1788021537791,round-robin,server-1,GET,/api/work,200,27,,3
1788021541501,ui_round-robin_steady_1788021537791,round-robin,server-3,GET,/api/work,200,27,,2
1788021541504,ui_round-robin_steady_1788021537791,round-robin,server-1,GET,/api/work,200,27,,2
1788021541506,ui_round-robin_steady_1788021537791,round-robin,server-2,GET,/api/work,200,27,,2
1788021541508,ui_round-robin_steady_1788021537791,round-robin,server-3,GET,/api/work,200,27,,3
1788021541509,ui_round-robin_steady_1788021537791,round-robin,server-2,GET,/api/work,200,26,,2
1788021541509,ui_round-robin_steady_1788021537791,round-robin,server-1,GET,/api/work,200,27,,3
1788021541510,ui_round-robin_steady_1788021537791,round-robin,server-3,GET,/api/work,200,27,,2
1788021541520,ui_round-robin_steady_1788021537791,round-robin,server-1,GET,/api/work,200,27,,2
1788021541529,ui_round-robin_steady_1788021537791,round-robin,server-2,GET,/api/work,200,27,,3
1788021541530,ui_round-robin_steady_1788021537791,round-robin,server-3,GET,/api/work,200,26,,2
1788021541531,ui_round-robin_steady_1788021537791,round-robin,server-1,GET,/api/work,200,27,,3
1788021541534,ui_round-robin_steady_1788021537791,round-robin,server-2,GET,/api/work,200,26,,3
1788021541534,ui_round-robin_steady_1788021537791,round-robin,server-3,GET,/api/work,200,27,,2
1788021541534,ui_round-robin_steady_1788021537791,round-robin,server-1,GET,/api/work,200,28,,2
1788021541550,ui_round-robin_steady_1788021537791,round-robin,server-2,GET,/api/work,200,26,,4
1788021541551,ui_round-robin_steady_1788021537791,round-robin,server-3,GET,/api/work,200,26,,3
1788021541553,ui_round-robin_steady_1788021537791,round-robin,server-1,GET,/api/work,200,26,,3
1788021541555,ui_round-robin_steady_1788021537791,round-robin,server-2,GET,/api/work,200,26,,3
1788021541557,ui_round-robin_steady_1788021537791,round-robin,server-3,GET,/api/work,200,26,,3
1788021541557,ui_round-robin_steady_1788021537791,round-robin,server-1,GET,/api/work,200,26,,2
1788021541559,ui_round-robin_steady_1788021537791,round-robin,server-2,GET,/api/work,200,27,,2
1788021541562,ui_round-robin_steady_1788021537791,round-robin,server-3,GET,/api/work,200,26,,2
1788021541565,ui_round-robin_steady_1788021537791,round-robin,server-2,GET,/api/work,200,26,,2
1788021541565,ui_round-robin_steady_1788021537791,round-robin,server-1,GET,/api/work,200,27,,2
1788021541567,ui_round-robin_steady_1788021537791,round-robin,server-1,GET,/api/work,200,26,,2
1788021541567,ui_round-robin_steady_1788021537791,round-robin,server-3,GET,/api/work,200,28,,3
1788021541568,ui_round-robin_steady_1788021537791,round-robin,server-2,GET,/api/work,200,27,,2
1788021541577,ui_round-robin_steady_1788021537791,round-robin,server-3,GET,/api/work,200,26,,2
1788021541587,ui_round-robin_steady_1788021537791,round-robin,server-2,GET,/api/work,200,26,,2
1788021541586,ui_round-robin_steady_1788021537791,round-robin,server-1,GET,/api/work,200,28,,3
1788021541589,ui_round-robin_steady_1788021537791,round-robin,server-3,GET,/api/work,200,26,,3
1788021541592,ui_round-robin_steady_1788021537791,round-robin,server-1,GET,/api/work,200,26,,3
1788021541592,ui_round-robin_steady_1788021537791,round-robin,server-2,GET,/api/work,200,27,,3
1788021541593,ui_round-robin_steady_1788021537791,round-robin,server-3,GET,/api/work,200,27,,2
1788021541606,ui_round-robin_steady_1788021537791,round-robin,server-1,GET,/api/work,200,26,,4
1788021541608,ui_round-robin_steady_1788021537791,round-robin,server-2,GET,/api/work,200,27,,4
1788021541610,ui_round-robin_steady_1788021537791,round-robin,server-3,GET,/api/work,200,27,,3
1788021541612,ui_round-robin_steady_1788021537791,round-robin,server-1,GET,/api/work,200,27,,3
1788021541615,ui_round-robin_steady_1788021537791,round-robin,server-3,GET,/api/work,200,26,,2
1788021541614,ui_round-robin_steady_1788021537791,round-robin,server-2,GET,/api/work,200,27,,3
1788021541617,ui_round-robin_steady_1788021537791,round-robin,server-1,GET,/api/work,200,26,,2
1788021541618,ui_round-robin_steady_1788021537791,round-robin,server-2,GET,/api/work,200,26,,2
1788021541622,ui_round-robin_steady_1788021537791,round-robin,server-3,GET,/api/work,200,25,,2
1788021541623,ui_round-robin_steady_1788021537791,round-robin,server-1,GET,/api/work,200,26,,3
1788021541624,ui_round-robin_steady_1788021537791,round-robin,server-2,GET,/api/work,200,29,,2
1788021541626,ui_round-robin_steady_1788021537791,round-robin,server-3,GET,/api/work,200,27,,2
1788021541626,ui_round-robin_steady_1788021537791,round-robin,server-1,GET,/api/work,200,27,,2
1788021541634,ui_round-robin_steady_1788021537791,round-robin,server-2,GET,/api/work,200,27,,2
1788021541645,ui_round-robin_steady_1788021537791,round-robin,server-2,GET,/api/work,200,26,,2
1788021541645,ui_round-robin_steady_1788021537791,round-robin,server-3,GET,/api/work,200,27,,3
1788021541645,ui_round-robin_steady_1788021537791,round-robin,server-1,GET,/api/work,200,27,,3
1788021541649,ui_round-robin_steady_1788021537791,round-robin,server-1,GET,/api/work,200,26,,3
1788021541649,ui_round-robin_steady_1788021537791,round-robin,server-3,GET,/api/work,200,27,,3
1788021541655,ui_round-robin_steady_1788021537791,round-robin,server-2,GET,/api/work,200,27,,3
1788021541663,ui_round-robin_steady_1788021537791,round-robin,server-3,GET,/api/work,200,27,,4
1788021541666,ui_round-robin_steady_1788021537791,round-robin,server-1,GET,/api/work,200,26,,4
1788021541668,ui_round-robin_steady_1788021537791,round-robin,server-2,GET,/api/work,200,27,,3
1788021541669,ui_round-robin_steady_1788021537791,round-robin,server-3,GET,/api/work,200,27,,3
1788021541672,ui_round-robin_steady_1788021537791,round-robin,server-1,GET,/api/work,200,27,,3
1788021541672,ui_round-robin_steady_1788021537791,round-robin,server-2,GET,/api/work,200,28,,2
1788021541674,ui_round-robin_steady_1788021537791,round-robin,server-3,GET,/api/work,200,26,,2
1788021541674,ui_round-robin_steady_1788021537791,round-robin,server-1,GET,/api/work,200,27,,2
1788021541678,ui_round-robin_steady_1788021537791,round-robin,server-2,GET,/api/work,200,27,,2
1788021541680,ui_round-robin_steady_1788021537791,round-robin,server-3,GET,/api/work,200,26,,2
1788021541685,ui_round-robin_steady_1788021537791,round-robin,server-2,GET,/api/work,200,26,,2
1788021541684,ui_round-robin_steady_1788021537791,round-robin,server-1,GET,/api/work,200,28,,2
1788021541685,ui_round-robin_steady_1788021537791,round-robin,server-3,GET,/api/work,200,28,,2
1788021541691,ui_round-robin_steady_1788021537791,round-robin,server-1,GET,/api/work,200,26,,2
1788021541702,ui_round-robin_steady_1788021537791,round-robin,server-2,GET,/api/work,200,26,,3
1788021541703,ui_round-robin_steady_1788021537791,round-robin,server-3,GET,/api/work,200,26,,2
1788021541703,ui_round-robin_steady_1788021537791,round-robin,server-1,GET,/api/work,200,27,,2
1788021541707,ui_round-robin_steady_1788021537791,round-robin,server-3,GET,/api/work,200,26,,3
1788021541707,ui_round-robin_steady_1788021537791,round-robin,server-2,GET,/api/work,200,26,,3
1788021541712,ui_round-robin_steady_1788021537791,round-robin,server-1,GET,/api/work,200,28,,3
1788021541721,ui_round-robin_steady_1788021537791,round-robin,server-2,GET,/api/work,200,27,,4
1788021541723,ui_round-robin_steady_1788021537791,round-robin,server-3,GET,/api/work,200,26,,4
1788021541726,ui_round-robin_steady_1788021537791,round-robin,server-2,GET,/api/work,200,26,,3
1788021541726,ui_round-robin_steady_1788021537791,round-robin,server-1,GET,/api/work,200,27,,3
1788021541731,ui_round-robin_steady_1788021537791,round-robin,server-3,GET,/api/work,200,26,,3
1788021541731,ui_round-robin_steady_1788021537791,round-robin,server-1,GET,/api/work,200,26,,2
1788021541732,ui_round-robin_steady_1788021537791,round-robin,server-3,GET,/api/work,200,27,,2
1788021541731,ui_round-robin_steady_1788021537791,round-robin,server-2,GET,/api/work,200,29,,2
1788021541736,ui_round-robin_steady_1788021537791,round-robin,server-1,GET,/api/work,200,26,,2
1788021541737,ui_round-robin_steady_1788021537791,round-robin,server-2,GET,/api/work,200,27,,2
1788021541742,ui_round-robin_steady_1788021537791,round-robin,server-3,GET,/api/work,200,28,,2
1788021541743,ui_round-robin_steady_1788021537791,round-robin,server-2,GET,/api/work,200,28,,2
1788021541743,ui_round-robin_steady_1788021537791,round-robin,server-1,GET,/api/work,200,28,,2
1788021541748,ui_round-robin_steady_1788021537791,round-robin,server-3,GET,/api/work,200,28,,2
1788021541758,ui_round-robin_steady_1788021537791,round-robin,server-1,GET,/api/work,200,27,,3
1788021541761,ui_round-robin_steady_1788021537791,round-robin,server-2,GET,/api/work,200,26,,2
1788021541763,ui_round-robin_steady_1788021537791,round-robin,server-3,GET,/api/work,200,27,,3
1788021541764,ui_round-robin_steady_1788021537791,round-robin,server-1,GET,/api/work,200,27,,2
1788021541764,ui_round-robin_steady_1788021537791,round-robin,server-2,GET,/api/work,200,28,,3
1788021541772,ui_round-robin_steady_1788021537791,round-robin,server-3,GET,/api/work,200,26,,3
1788021541780,ui_round-robin_steady_1788021537791,round-robin,server-2,GET,/api/work,200,26,,4
1788021541780,ui_round-robin_steady_1788021537791,round-robin,server-1,GET,/api/work,200,27,,4
1788021541783,ui_round-robin_steady_1788021537791,round-robin,server-1,GET,/api/work,200,26,,3
1788021541783,ui_round-robin_steady_1788021537791,round-robin,server-3,GET,/api/work,200,27,,3
1788021541788,ui_round-robin_steady_1788021537791,round-robin,server-3,GET,/api/work,200,26,,2
1788021541788,ui_round-robin_steady_1788021537791,round-robin,server-2,GET,/api/work,200,27,,3
1788021541791,ui_round-robin_steady_1788021537791,round-robin,server-1,GET,/api/work,200,26,,2
1788021541792,ui_round-robin_steady_1788021537791,round-robin,server-2,GET,/api/work,200,26,,2
1788021541792,ui_round-robin_steady_1788021537791,round-robin,server-3,GET,/api/work,200,27,,2
1788021541795,ui_round-robin_steady_1788021537791,round-robin,server-1,GET,/api/work,200,27,,2
1788021541803,ui_round-robin_steady_1788021537791,round-robin,server-1,GET,/api/work,200,26,,2
1788021541803,ui_round-robin_steady_1788021537791,round-robin,server-2,GET,/api/work,200,27,,2
1788021541803,ui_round-robin_steady_1788021537791,round-robin,server-3,GET,/api/work,200,28,,2
1788021541805,ui_round-robin_steady_1788021537791,round-robin,server-2,GET,/api/work,200,27,,2
1788021541816,ui_round-robin_steady_1788021537791,round-robin,server-3,GET,/api/work,200,26,,3
1788021541817,ui_round-robin_steady_1788021537791,round-robin,server-1,GET,/api/work,200,27,,2
1788021541821,ui_round-robin_steady_1788021537791,round-robin,server-2,GET,/api/work,200,26,,3
1788021541823,ui_round-robin_steady_1788021537791,round-robin,server-1,GET,/api/work,200,26,,3
1788021541823,ui_round-robin_steady_1788021537791,round-robin,server-3,GET,/api/work,200,27,,3
1788021541830,ui_round-robin_steady_1788021537791,round-robin,server-2,GET,/api/work,200,26,,3
1788021541837,ui_round-robin_steady_1788021537791,round-robin,server-3,GET,/api/work,200,26,,4
1788021541838,ui_round-robin_steady_1788021537791,round-robin,server-1,GET,/api/work,200,26,,4
1788021541840,ui_round-robin_steady_1788021537791,round-robin,server-3,GET,/api/work,200,26,,3
1788021541840,ui_round-robin_steady_1788021537791,round-robin,server-2,GET,/api/work,200,27,,3
1788021541844,ui_round-robin_steady_1788021537791,round-robin,server-1,GET,/api/work,200,26,,3
1788021541845,ui_round-robin_steady_1788021537791,round-robin,server-2,GET,/api/work,200,26,,2
1788021541848,ui_round-robin_steady_1788021537791,round-robin,server-1,GET,/api/work,200,27,,2
1788021541848,ui_round-robin_steady_1788021537791,round-robin,server-3,GET,/api/work,200,28,,3
1788021541850,ui_round-robin_steady_1788021537791,round-robin,server-2,GET,/api/work,200,26,,2
1788021541853,ui_round-robin_steady_1788021537791,round-robin,server-3,GET,/api/work,200,27,,2
1788021541860,ui_round-robin_steady_1788021537791,round-robin,server-1,GET,/api/work,200,25,,2
1788021541862,ui_round-robin_steady_1788021537791,round-robin,server-2,GET,/api/work,200,26,,2
1788021541862,ui_round-robin_steady_1788021537791,round-robin,server-1,GET,/api/work,200,27,,2
1788021541862,ui_round-robin_steady_1788021537791,round-robin,server-3,GET,/api/work,200,28,,2
1788021541873,ui_round-robin_steady_1788021537791,round-robin,server-2,GET,/api/work,200,27,,3
1788021541875,ui_round-robin_steady_1788021537791,round-robin,server-3,GET,/api/work,200,27,,3
1788021541878,ui_round-robin_steady_1788021537791,round-robin,server-1,GET,/api/work,200,26,,3
1788021541881,ui_round-robin_steady_1788021537791,round-robin,server-2,GET,/api/work,200,27,,3
1788021541881,ui_round-robin_steady_1788021537791,round-robin,server-3,GET,/api/work,200,27,,3
1788021541886,ui_round-robin_steady_1788021537791,round-robin,server-1,GET,/api/work,200,27,,3
1788021541894,ui_round-robin_steady_1788021537791,round-robin,server-2,GET,/api/work,200,27,,4
1788021541894,ui_round-robin_steady_1788021537791,round-robin,server-3,GET,/api/work,200,28,,3
1788021541897,ui_round-robin_steady_1788021537791,round-robin,server-2,GET,/api/work,200,27,,3
1788021541897,ui_round-robin_steady_1788021537791,round-robin,server-1,GET,/api/work,200,27,,3
1788021541901,ui_round-robin_steady_1788021537791,round-robin,server-3,GET,/api/work,200,27,,3
1788021541902,ui_round-robin_steady_1788021537791,round-robin,server-1,GET,/api/work,200,27,,2
1788021541907,ui_round-robin_steady_1788021537791,round-robin,server-2,GET,/api/work,200,26,,3
1788021541907,ui_round-robin_steady_1788021537791,round-robin,server-3,GET,/api/work,200,27,,2
1788021541907,ui_round-robin_steady_1788021537791,round-robin,server-1,GET,/api/work,200,27,,2
1788021541912,ui_round-robin_steady_1788021537791,round-robin,server-2,GET,/api/work,200,25,,2
1788021541916,ui_round-robin_steady_1788021537791,round-robin,server-3,GET,/api/work,200,28,,2
1788021541919,ui_round-robin_steady_1788021537791,round-robin,server-1,GET,/api/work,200,27,,2
1788021541919,ui_round-robin_steady_1788021537791,round-robin,server-2,GET,/api/work,200,28,,2
1788021541926,ui_round-robin_steady_1788021537791,round-robin,server-3,GET,/api/work,200,27,,2
1788021541930,ui_round-robin_steady_1788021537791,round-robin,server-1,GET,/api/work,200,26,,2
1788021541933,ui_round-robin_steady_1788021537791,round-robin,server-2,GET,/api/work,200,27,,3
1788021541935,ui_round-robin_steady_1788021537791,round-robin,server-3,GET,/api/work,200,25,,2
1788021541940,ui_round-robin_steady_1788021537791,round-robin,server-2,GET,/api/work,200,26,,3
1788021541940,ui_round-robin_steady_1788021537791,round-robin,server-1,GET,/api/work,200,27,,3
1788021541945,ui_round-robin_steady_1788021537791,round-robin,server-3,GET,/api/work,200,26,,3
1788021541952,ui_round-robin_steady_1788021537791,round-robin,server-2,GET,/api/work,200,26,,3
1788021541952,ui_round-robin_steady_1788021537791,round-robin,server-1,GET,/api/work,200,27,,4
1788021541956,ui_round-robin_steady_1788021537791,round-robin,server-3,GET,/api/work,200,26,,3
1788021541958,ui_round-robin_steady_1788021537791,round-robin,server-1,GET,/api/work,200,26,,3
1788021541959,ui_round-robin_steady_1788021537791,round-robin,server-2,GET,/api/work,200,26,,3
1788021541965,ui_round-robin_steady_1788021537791,round-robin,server-1,GET,/api/work,200,25,,3
1788021541960,ui_round-robin_steady_1788021537791,round-robin,server-3,GET,/api/work,200,31,,3
1788021541965,ui_round-robin_steady_1788021537791,round-robin,server-3,GET,/api/work,200,28,,2
1788021541965,ui_round-robin_steady_1788021537791,round-robin,server-2,GET,/api/work,200,28,,3
1788021541968,ui_round-robin_steady_1788021537791,round-robin,server-1,GET,/api/work,200,26,,2
1788021541975,ui_round-robin_steady_1788021537791,round-robin,server-2,GET,/api/work,200,26,,2
1788021541978,ui_round-robin_steady_1788021537791,round-robin,server-3,GET,/api/work,200,25,,2
1788021541978,ui_round-robin_steady_1788021537791,round-robin,server-1,GET,/api/work,200,27,,2
1788021541984,ui_round-robin_steady_1788021537791,round-robin,server-2,GET,/api/work,200,26,,2
1788021541990,ui_round-robin_steady_1788021537791,round-robin,server-1,GET,/api/work,200,26,,3
1788021541987,ui_round-robin_steady_1788021537791,round-robin,server-3,GET,/api/work,200,30,,3
1788021541991,ui_round-robin_steady_1788021537791,round-robin,server-2,GET,/api/work,200,27,,2
1788021541997,ui_round-robin_steady_1788021537791,round-robin,server-3,GET,/api/work,200,26,,3
1788021541997,ui_round-robin_steady_1788021537791,round-robin,server-1,GET,/api/work,200,26,,2
1788021542002,ui_round-robin_steady_1788021537791,round-robin,server-2,GET,/api/work,200,27,,3
1788021542010,ui_round-robin_steady_1788021537791,round-robin,server-1,GET,/api/work,200,26,,3
1788021542010,ui_round-robin_steady_1788021537791,round-robin,server-3,GET,/api/work,200,27,,4
1788021542013,ui_round-robin_steady_1788021537791,round-robin,server-2,GET,/api/work,200,27,,3
1788021542015,ui_round-robin_steady_1788021537791,round-robin,server-3,GET,/api/work,200,26,,3
1788021542016,ui_round-robin_steady_1788021537791,round-robin,server-1,GET,/api/work,200,26,,3
1788021542021,ui_round-robin_steady_1788021537791,round-robin,server-2,GET,/api/work,200,27,,3
1788021542023,ui_round-robin_steady_1788021537791,round-robin,server-3,GET,/api/work,200,26,,2
1788021542024,ui_round-robin_steady_1788021537791,round-robin,server-1,GET,/api/work,200,26,,3
1788021542025,ui_round-robin_steady_1788021537791,round-robin,server-2,GET,/api/work,200,26,,2
1788021542025,ui_round-robin_steady_1788021537791,round-robin,server-3,GET,/api/work,200,27,,2
1788021542032,ui_round-robin_steady_1788021537791,round-robin,server-1,GET,/api/work,200,28,,3
1788021542034,ui_round-robin_steady_1788021537791,round-robin,server-2,GET,/api/work,200,26,,2
1788021542034,ui_round-robin_steady_1788021537791,round-robin,server-3,GET,/api/work,200,27,,2
1788021542041,ui_round-robin_steady_1788021537791,round-robin,server-1,GET,/api/work,200,27,,2
1788021542047,ui_round-robin_steady_1788021537791,round-robin,server-2,GET,/api/work,200,26,,3
1788021542050,ui_round-robin_steady_1788021537791,round-robin,server-1,GET,/api/work,200,26,,2
1788021542050,ui_round-robin_steady_1788021537791,round-robin,server-3,GET,/api/work,200,27,,3
1788021542054,ui_round-robin_steady_1788021537791,round-robin,server-2,GET,/api/work,200,27,,3
1788021542055,ui_round-robin_steady_1788021537791,round-robin,server-3,GET,/api/work,200,27,,3
1788021542059,ui_round-robin_steady_1788021537791,round-robin,server-1,GET,/api/work,200,27,,3
1788021542069,ui_round-robin_steady_1788021537791,round-robin,server-2,GET,/api/work,200,26,,4
1788021542069,ui_round-robin_steady_1788021537791,round-robin,server-3,GET,/api/work,200,27,,3
1788021542072,ui_round-robin_steady_1788021537791,round-robin,server-2,GET,/api/work,200,26,,3
1788021542072,ui_round-robin_steady_1788021537791,round-robin,server-1,GET,/api/work,200,27,,3
1788021542073,ui_round-robin_steady_1788021537791,round-robin,server-3,GET,/api/work,200,27,,3
1788021542077,ui_round-robin_steady_1788021537791,round-robin,server-1,GET,/api/work,200,27,,2
1788021542080,ui_round-robin_steady_1788021537791,round-robin,server-2,GET,/api/work,200,27,,2
1788021542081,ui_round-robin_steady_1788021537791,round-robin,server-3,GET,/api/work,200,27,,2
1788021542083,ui_round-robin_steady_1788021537791,round-robin,server-1,GET,/api/work,200,26,,2
1788021542083,ui_round-robin_steady_1788021537791,round-robin,server-2,GET,/api/work,200,26,,2
1788021542091,ui_round-robin_steady_1788021537791,round-robin,server-2,GET,/api/work,200,26,,2
1788021542091,ui_round-robin_steady_1788021537791,round-robin,server-1,GET,/api/work,200,26,,2
1788021542091,ui_round-robin_steady_1788021537791,round-robin,server-3,GET,/api/work,200,27,,3
1788021542099,ui_round-robin_steady_1788021537791,round-robin,server-3,GET,/api/work,200,27,,2
1788021542105,ui_round-robin_steady_1788021537791,round-robin,server-1,GET,/api/work,200,26,,3
1788021542108,ui_round-robin_steady_1788021537791,round-robin,server-2,GET,/api/work,200,27,,3
1788021542108,ui_round-robin_steady_1788021537791,round-robin,server-3,GET,/api/work,200,28,,2
1788021542113,ui_round-robin_steady_1788021537791,round-robin,server-2,GET,/api/work,200,26,,2
1788021542112,ui_round-robin_steady_1788021537791,round-robin,server-1,GET,/api/work,200,28,,3
1788021542116,ui_round-robin_steady_1788021537791,round-robin,server-3,GET,/api/work,200,27,,3
1788021542127,ui_round-robin_steady_1788021537791,round-robin,server-2,GET,/api/work,200,25,,3
1788021542126,ui_round-robin_steady_1788021537791,round-robin,server-1,GET,/api/work,200,28,,4
1788021542130,ui_round-robin_steady_1788021537791,round-robin,server-1,GET,/api/work,200,26,,3
1788021542130,ui_round-robin_steady_1788021537791,round-robin,server-3,GET,/api/work,200,27,,3
1788021542131,ui_round-robin_steady_1788021537791,round-robin,server-2,GET,/api/work,200,27,,3
1788021542137,ui_round-robin_steady_1788021537791,round-robin,server-3,GET,/api/work,200,27,,3
1788021542138,ui_round-robin_steady_1788021537791,round-robin,server-1,GET,/api/work,200,26,,2
1788021542139,ui_round-robin_steady_1788021537791,round-robin,server-2,GET,/api/work,200,27,,2
1788021542140,ui_round-robin_steady_1788021537791,round-robin,server-3,GET,/api/work,200,27,,2
1788021542140,ui_round-robin_steady_1788021537791,round-robin,server-1,GET,/api/work,200,28,,1
1788021542149,ui_round-robin_steady_1788021537791,round-robin,server-2,GET,/api/work,200,26,,3
1788021542149,ui_round-robin_steady_1788021537791,round-robin,server-3,GET,/api/work,200,27,,2
1788021542149,ui_round-robin_steady_1788021537791,round-robin,server-1,GET,/api/work,200,27,,2
1788021542157,ui_round-robin_steady_1788021537791,round-robin,server-2,GET,/api/work,200,28,,2
1788021542162,ui_round-robin_steady_1788021537791,round-robin,server-3,GET,/api/work,200,28,,2
1788021542168,ui_round-robin_steady_1788021537791,round-robin,server-1,GET,/api/work,200,27,,3
1788021542168,ui_round-robin_steady_1788021537791,round-robin,server-2,GET,/api/work,200,28,,2
1788021542171,ui_round-robin_steady_1788021537791,round-robin,server-1,GET,/api/work,200,28,,3
1788021542170,ui_round-robin_steady_1788021537791,round-robin,server-3,GET,/api/work,200,30,,3
1788021542173,ui_round-robin_steady_1788021537791,round-robin,server-2,GET,/api/work,200,31,,3
1788021542183,ui_round-robin_steady_1788021537791,round-robin,server-3,GET,/api/work,200,26,,4
1788021542185,ui_round-robin_steady_1788021537791,round-robin,server-1,GET,/api/work,200,27,,3
1788021542190,ui_round-robin_steady_1788021537791,round-robin,server-2,GET,/api/work,200,26,,3
1788021542191,ui_round-robin_steady_1788021537791,round-robin,server-1,GET,/api/work,200,26,,3
1788021542191,ui_round-robin_steady_1788021537791,round-robin,server-3,GET,/api/work,200,27,,3
1788021542196,ui_round-robin_steady_1788021537791,round-robin,server-2,GET,/api/work,200,27,,3
1788021542196,ui_round-robin_steady_1788021537791,round-robin,server-3,GET,/api/work,200,28,,2
1788021542197,ui_round-robin_steady_1788021537791,round-robin,server-1,GET,/api/work,200,27,,2
1788021542201,ui_round-robin_steady_1788021537791,round-robin,server-2,GET,/api/work,200,26,,2
1788021542201,ui_round-robin_steady_1788021537791,round-robin,server-3,GET,/api/work,200,27,,2
1788021542206,ui_round-robin_steady_1788021537791,round-robin,server-1,GET,/api/work,200,26,,2
1788021542206,ui_round-robin_steady_1788021537791,round-robin,server-2,GET,/api/work,200,27,,2
1788021542207,ui_round-robin_steady_1788021537791,round-robin,server-3,GET,/api/work,200,26,,2
1788021542217,ui_round-robin_steady_1788021537791,round-robin,server-1,GET,/api/work,200,27,,2
1788021542221,ui_round-robin_steady_1788021537791,round-robin,server-2,GET,/api/work,200,26,,2
1788021542227,ui_round-robin_steady_1788021537791,round-robin,server-3,GET,/api/work,200,26,,3
1788021542227,ui_round-robin_steady_1788021537791,round-robin,server-1,GET,/api/work,200,29,,3
1788021542232,ui_round-robin_steady_1788021537791,round-robin,server-3,GET,/api/work,200,26,,3
1788021542232,ui_round-robin_steady_1788021537791,round-robin,server-2,GET,/api/work,200,27,,3
1788021542235,ui_round-robin_steady_1788021537791,round-robin,server-1,GET,/api/work,200,27,,3
1788021542240,ui_round-robin_steady_1788021537791,round-robin,server-2,GET,/api/work,200,26,,4
1788021542242,ui_round-robin_steady_1788021537791,round-robin,server-3,GET,/api/work,200,26,,3
1788021542248,ui_round-robin_steady_1788021537791,round-robin,server-1,GET,/api/work,200,26,,3
1788021542248,ui_round-robin_steady_1788021537791,round-robin,server-3,GET,/api/work,200,27,,3
1788021542248,ui_round-robin_steady_1788021537791,round-robin,server-2,GET,/api/work,200,27,,3
1788021542254,ui_round-robin_steady_1788021537791,round-robin,server-1,GET,/api/work,200,27,,3
1788021542254,ui_round-robin_steady_1788021537791,round-robin,server-2,GET,/api/work,200,27,,2
1788021542255,ui_round-robin_steady_1788021537791,round-robin,server-3,GET,/api/work,200,27,,2
1788021542259,ui_round-robin_steady_1788021537791,round-robin,server-1,GET,/api/work,200,26,,2
1788021542260,ui_round-robin_steady_1788021537791,round-robin,server-2,GET,/api/work,200,27,,2
1788021542264,ui_round-robin_steady_1788021537791,round-robin,server-3,GET,/api/work,200,26,,2
1788021542264,ui_round-robin_steady_1788021537791,round-robin,server-2,GET,/api/work,200,26,,1
1788021542264,ui_round-robin_steady_1788021537791,round-robin,server-1,GET,/api/work,200,27,,2
1788021542274,ui_round-robin_steady_1788021537791,round-robin,server-3,GET,/api/work,200,27,,2
1788021542278,ui_round-robin_steady_1788021537791,round-robin,server-1,GET,/api/work,200,26,,2
1788021542284,ui_round-robin_steady_1788021537791,round-robin,server-2,GET,/api/work,200,27,,3
1788021542286,ui_round-robin_steady_1788021537791,round-robin,server-3,GET,/api/work,200,26,,2
1788021542290,ui_round-robin_steady_1788021537791,round-robin,server-1,GET,/api/work,200,27,,4
1788021542291,ui_round-robin_steady_1788021537791,round-robin,server-3,GET,/api/work,200,27,,3
1788021542291,ui_round-robin_steady_1788021537791,round-robin,server-2,GET,/api/work,200,27,,3
1788021542297,ui_round-robin_steady_1788021537791,round-robin,server-1,GET,/api/work,200,26,,4
1788021542299,ui_round-robin_steady_1788021537791,round-robin,server-2,GET,/api/work,200,27,,3
1788021542305,ui_round-robin_steady_1788021537791,round-robin,server-3,GET,/api/work,200,26,,3
1788021542306,ui_round-robin_steady_1788021537791,round-robin,server-2,GET,/api/work,200,27,,3
1788021542306,ui_round-robin_steady_1788021537791,round-robin,server-1,GET,/api/work,200,27,,3
1788021542312,ui_round-robin_steady_1788021537791,round-robin,server-1,GET,/api/work,200,26,,2
1788021542312,ui_round-robin_steady_1788021537791,round-robin,server-3,GET,/api/work,200,27,,3
1788021542313,ui_round-robin_steady_1788021537791,round-robin,server-2,GET,/api/work,200,26,,2
1788021542316,ui_round-robin_steady_1788021537791,round-robin,server-3,GET,/api/work,200,27,,2
1788021542317,ui_round-robin_steady_1788021537791,round-robin,server-1,GET,/api/work,200,28,,2
1788021542320,ui_round-robin_steady_1788021537791,round-robin,server-2,GET,/api/work,200,27,,2
1788021542321,ui_round-robin_steady_1788021537791,round-robin,server-3,GET,/api/work,200,27,,2
1788021542322,ui_round-robin_steady_1788021537791,round-robin,server-1,GET,/api/work,200,27,,1
1788021542330,ui_round-robin_steady_1788021537791,round-robin,server-2,GET,/api/work,200,27,,2
1788021542335,ui_round-robin_steady_1788021537791,round-robin,server-3,GET,/api/work,200,26,,2
1788021542342,ui_round-robin_steady_1788021537791,round-robin,server-1,GET,/api/work,200,26,,3
1788021542343,ui_round-robin_steady_1788021537791,round-robin,server-2,GET,/api/work,200,27,,3
1788021542347,ui_round-robin_steady_1788021537791,round-robin,server-3,GET,/api/work,200,27,,3
1788021542349,ui_round-robin_steady_1788021537791,round-robin,server-2,GET,/api/work,200,27,,3
1788021542349,ui_round-robin_steady_1788021537791,round-robin,server-1,GET,/api/work,200,27,,3
1788021542354,ui_round-robin_steady_1788021537791,round-robin,server-3,GET,/api/work,200,27,,4
1788021542356,ui_round-robin_steady_1788021537791,round-robin,server-1,GET,/api/work,200,27,,3
1788021542361,ui_round-robin_steady_1788021537791,round-robin,server-2,GET,/api/work,200,27,,3
1788021542364,ui_round-robin_steady_1788021537791,round-robin,server-1,GET,/api/work,200,26,,3
1788021542364,ui_round-robin_steady_1788021537791,round-robin,server-3,GET,/api/work,200,27,,3
1788021542369,ui_round-robin_steady_1788021537791,round-robin,server-2,GET,/api/work,200,26,,3
1788021542370,ui_round-robin_steady_1788021537791,round-robin,server-1,GET,/api/work,200,27,,2
1788021542370,ui_round-robin_steady_1788021537791,round-robin,server-3,GET,/api/work,200,28,,2
1788021542374,ui_round-robin_steady_1788021537791,round-robin,server-3,GET,/api/work,200,26,,2
1788021542374,ui_round-robin_steady_1788021537791,round-robin,server-2,GET,/api/work,200,26,,2
1788021542379,ui_round-robin_steady_1788021537791,round-robin,server-2,GET,/api/work,200,25,,1
1788021542378,ui_round-robin_steady_1788021537791,round-robin,server-1,GET,/api/work,200,27,,2
1788021542380,ui_round-robin_steady_1788021537791,round-robin,server-3,GET,/api/work,200,26,,1
1788021542387,ui_round-robin_steady_1788021537791,round-robin,server-1,GET,/api/work,200,26,,2
1788021542392,ui_round-robin_steady_1788021537791,round-robin,server-2,GET,/api/work,200,27,,2
1788021542399,ui_round-robin_steady_1788021537791,round-robin,server-3,GET,/api/work,200,27,,3
1788021542401,ui_round-robin_steady_1788021537791,round-robin,server-1,GET,/api/work,200,27,,3
1788021542406,ui_round-robin_steady_1788021537791,round-robin,server-2,GET,/api/work,200,27,,4
1788021542407,ui_round-robin_steady_1788021537791,round-robin,server-1,GET,/api/work,200,27,,3
1788021542407,ui_round-robin_steady_1788021537791,round-robin,server-3,GET,/api/work,200,27,,3
1788021542411,ui_round-robin_steady_1788021537791,round-robin,server-2,GET,/api/work,200,26,,3
1788021542414,ui_round-robin_steady_1788021537791,round-robin,server-3,GET,/api/work,200,26,,3
1788021542419,ui_round-robin_steady_1788021537791,round-robin,server-1,GET,/api/work,200,27,,3
1788021542422,ui_round-robin_steady_1788021537791,round-robin,server-3,GET,/api/work,200,27,,3
1788021542422,ui_round-robin_steady_1788021537791,round-robin,server-2,GET,/api/work,200,27,,3
1788021542426,ui_round-robin_steady_1788021537791,round-robin,server-1,GET,/api/work,200,27,,3
1788021542429,ui_round-robin_steady_1788021537791,round-robin,server-2,GET,/api/work,200,26,,2
1788021542429,ui_round-robin_steady_1788021537791,round-robin,server-3,GET,/api/work,200,26,,2
1788021542430,ui_round-robin_steady_1788021537791,round-robin,server-1,GET,/api/work,200,26,,2
1788021542431,ui_round-robin_steady_1788021537791,round-robin,server-2,GET,/api/work,200,26,,2
1788021542436,ui_round-robin_steady_1788021537791,round-robin,server-3,GET,/api/work,200,26,,2
1788021542437,ui_round-robin_steady_1788021537791,round-robin,server-1,GET,/api/work,200,26,,1
1788021542437,ui_round-robin_steady_1788021537791,round-robin,server-2,GET,/api/work,200,27,,1
1788021542443,ui_round-robin_steady_1788021537791,round-robin,server-3,GET,/api/work,200,26,,2
1788021542450,ui_round-robin_steady_1788021537791,round-robin,server-1,GET,/api/work,200,26,,2
1788021542456,ui_round-robin_steady_1788021537791,round-robin,server-2,GET,/api/work,200,26,,3
1788021542459,ui_round-robin_steady_1788021537791,round-robin,server-3,GET,/api/work,200,26,,3
1788021542463,ui_round-robin_steady_1788021537791,round-robin,server-1,GET,/api/work,200,27,,3
1788021542465,ui_round-robin_steady_1788021537791,round-robin,server-2,GET,/api/work,200,27,,3
1788021542467,ui_round-robin_steady_1788021537791,round-robin,server-1,GET,/api/work,200,27,,3
1788021542465,ui_round-robin_steady_1788021537791,round-robin,server-3,GET,/api/work,200,29,,3
1788021542473,ui_round-robin_steady_1788021537791,round-robin,server-2,GET,/api/work,200,27,,3
1788021542477,ui_round-robin_steady_1788021537791,round-robin,server-3,GET,/api/work,200,26,,3
1788021542480,ui_round-robin_steady_1788021537791,round-robin,server-2,GET,/api/work,200,26,,3
1788021542480,ui_round-robin_steady_1788021537791,round-robin,server-1,GET,/api/work,200,27,,3
1788021542484,ui_round-robin_steady_1788021537791,round-robin,server-3,GET,/api/work,200,26,,3
1788021542485,ui_round-robin_steady_1788021537791,round-robin,server-1,GET,/api/work,200,26,,2
1788021542486,ui_round-robin_steady_1788021537791,round-robin,server-2,GET,/api/work,200,26,,2
1788021542489,ui_round-robin_steady_1788021537791,round-robin,server-3,GET,/api/work,200,27,,2
1788021542490,ui_round-robin_steady_1788021537791,round-robin,server-1,GET,/api/work,200,26,,2
1788021542493,ui_round-robin_steady_1788021537791,round-robin,server-2,GET,/api/work,200,26,,2
1788021542495,ui_round-robin_steady_1788021537791,round-robin,server-3,GET,/api/work,200,26,,2
1788021542495,ui_round-robin_steady_1788021537791,round-robin,server-1,GET,/api/work,200,28,,1
1788021542500,ui_round-robin_steady_1788021537791,round-robin,server-2,GET,/api/work,200,26,,2
1788021542508,ui_round-robin_steady_1788021537791,round-robin,server-3,GET,/api/work,200,26,,2
1788021542513,ui_round-robin_steady_1788021537791,round-robin,server-1,GET,/api/work,200,26,,3
1788021542517,ui_round-robin_steady_1788021537791,round-robin,server-2,GET,/api/work,200,27,,3
1788021542520,ui_round-robin_steady_1788021537791,round-robin,server-3,GET,/api/work,200,26,,3
1788021542523,ui_round-robin_steady_1788021537791,round-robin,server-1,GET,/api/work,200,26,,3
1788021542525,ui_round-robin_steady_1788021537791,round-robin,server-2,GET,/api/work,200,27,,3
1788021542525,ui_round-robin_steady_1788021537791,round-robin,server-3,GET,/api/work,200,27,,3
1788021542531,ui_round-robin_steady_1788021537791,round-robin,server-1,GET,/api/work,200,26,,3
1788021542535,ui_round-robin_steady_1788021537791,round-robin,server-2,GET,/api/work,200,26,,3
1788021542537,ui_round-robin_steady_1788021537791,round-robin,server-3,GET,/api/work,200,27,,3
1788021542539,ui_round-robin_steady_1788021537791,round-robin,server-1,GET,/api/work,200,27,,3
1788021542540,ui_round-robin_steady_1788021537791,round-robin,server-2,GET,/api/work,200,27,,3
1788021542542,ui_round-robin_steady_1788021537791,round-robin,server-3,GET,/api/work,200,26,,2
1788021542543,ui_round-robin_steady_1788021537791,round-robin,server-1,GET,/api/work,200,26,,2
1788021542547,ui_round-robin_steady_1788021537791,round-robin,server-2,GET,/api/work,200,26,,2
1788021542547,ui_round-robin_steady_1788021537791,round-robin,server-3,GET,/api/work,200,27,,2
1788021542550,ui_round-robin_steady_1788021537791,round-robin,server-1,GET,/api/work,200,26,,2
1788021542553,ui_round-robin_steady_1788021537791,round-robin,server-3,GET,/api/work,200,26,,1
1788021542553,ui_round-robin_steady_1788021537791,round-robin,server-2,GET,/api/work,200,27,,2
1788021542558,ui_round-robin_steady_1788021537791,round-robin,server-1,GET,/api/work,200,26,,2
1788021542565,ui_round-robin_steady_1788021537791,round-robin,server-2,GET,/api/work,200,26,,2
1788021542570,ui_round-robin_steady_1788021537791,round-robin,server-3,GET,/api/work,200,27,,3
1788021542574,ui_round-robin_steady_1788021537791,round-robin,server-1,GET,/api/work,200,27,,3
1788021542577,ui_round-robin_steady_1788021537791,round-robin,server-2,GET,/api/work,200,28,,4
1788021542580,ui_round-robin_steady_1788021537791,round-robin,server-3,GET,/api/work,200,28,,4
1788021542583,ui_round-robin_steady_1788021537791,round-robin,server-2,GET,/api/work,200,26,,3
1788021542583,ui_round-robin_steady_1788021537791,round-robin,server-1,GET,/api/work,200,27,,4
1788021542588,ui_round-robin_steady_1788021537791,round-robin,server-3,GET,/api/work,200,26,,3
1788021542592,ui_round-robin_steady_1788021537791,round-robin,server-1,GET,/api/work,200,26,,3
1788021542595,ui_round-robin_steady_1788021537791,round-robin,server-2,GET,/api/work,200,26,,3
1788021542596,ui_round-robin_steady_1788021537791,round-robin,server-1,GET,/api/work,200,27,,2
1788021542596,ui_round-robin_steady_1788021537791,round-robin,server-3,GET,/api/work,200,28,,3
1788021542599,ui_round-robin_steady_1788021537791,round-robin,server-2,GET,/api/work,200,26,,2
1788021542600,ui_round-robin_steady_1788021537791,round-robin,server-3,GET,/api/work,200,26,,2
1788021542605,ui_round-robin_steady_1788021537791,round-robin,server-2,GET,/api/work,200,26,,2
1788021542604,ui_round-robin_steady_1788021537791,round-robin,server-1,GET,/api/work,200,28,,2
1788021542607,ui_round-robin_steady_1788021537791,round-robin,server-3,GET,/api/work,200,27,,2
1788021542610,ui_round-robin_steady_1788021537791,round-robin,server-1,GET,/api/work,200,27,,2
1788021542611,ui_round-robin_steady_1788021537791,round-robin,server-2,GET,/api/work,200,26,,1
1788021542615,ui_round-robin_steady_1788021537791,round-robin,server-3,GET,/api/work,200,26,,2
1788021542623,ui_round-robin_steady_1788021537791,round-robin,server-1,GET,/api/work,200,27,,2
1788021542628,ui_round-robin_steady_1788021537791,round-robin,server-2,GET,/api/work,200,27,,2
1788021542631,ui_round-robin_steady_1788021537791,round-robin,server-3,GET,/api/work,200,26,,3
1788021542636,ui_round-robin_steady_1788021537791,round-robin,server-1,GET,/api/work,200,26,,3
1788021542638,ui_round-robin_steady_1788021537791,round-robin,server-2,GET,/api/work,200,26,,3
1788021542640,ui_round-robin_steady_1788021537791,round-robin,server-1,GET,/api/work,200,26,,3
1788021542640,ui_round-robin_steady_1788021537791,round-robin,server-3,GET,/api/work,200,27,,3
1788021542645,ui_round-robin_steady_1788021537791,round-robin,server-2,GET,/api/work,200,26,,3
1788021542649,ui_round-robin_steady_1788021537791,round-robin,server-3,GET,/api/work,200,27,,3
1788021542653,ui_round-robin_steady_1788021537791,round-robin,server-1,GET,/api/work,200,26,,3
1788021542655,ui_round-robin_steady_1788021537791,round-robin,server-2,GET,/api/work,200,26,,3
1788021542656,ui_round-robin_steady_1788021537791,round-robin,server-1,GET,/api/work,200,26,,2
1788021542655,ui_round-robin_steady_1788021537791,round-robin,server-3,GET,/api/work,200,27,,3
1788021542657,ui_round-robin_steady_1788021537791,round-robin,server-2,GET,/api/work,200,27,,2
1788021542662,ui_round-robin_steady_1788021537791,round-robin,server-3,GET,/api/work,200,26,,2
1788021542663,ui_round-robin_steady_1788021537791,round-robin,server-1,GET,/api/work,200,26,,2
1788021542664,ui_round-robin_steady_1788021537791,round-robin,server-2,GET,/api/work,200,27,,2
1788021542668,ui_round-robin_steady_1788021537791,round-robin,server-3,GET,/api/work,200,27,,2
1788021542669,ui_round-robin_steady_1788021537791,round-robin,server-1,GET,/api/work,200,26,,1
1788021542672,ui_round-robin_steady_1788021537791,round-robin,server-2,GET,/api/work,200,26,,2
1788021542679,ui_round-robin_steady_1788021537791,round-robin,server-3,GET,/api/work,200,26,,2
1788021542685,ui_round-robin_steady_1788021537791,round-robin,server-1,GET,/api/work,200,26,,2
1788021542687,ui_round-robin_steady_1788021537791,round-robin,server-2,GET,/api/work,200,26,,2
1788021542693,ui_round-robin_steady_1788021537791,round-robin,server-3,GET,/api/work,200,27,,4
1788021542695,ui_round-robin_steady_1788021537791,round-robin,server-1,GET,/api/work,200,26,,3
1788021542697,ui_round-robin_steady_1788021537791,round-robin,server-2,GET,/api/work,200,26,,3
1788021542697,ui_round-robin_steady_1788021537791,round-robin,server-3,GET,/api/work,200,27,,3
1788021542702,ui_round-robin_steady_1788021537791,round-robin,server-1,GET,/api/work,200,27,,4
1788021542706,ui_round-robin_steady_1788021537791,round-robin,server-2,GET,/api/work,200,27,,3
1788021542710,ui_round-robin_steady_1788021537791,round-robin,server-3,GET,/api/work,200,27,,3
1788021542712,ui_round-robin_steady_1788021537791,round-robin,server-1,GET,/api/work,200,26,,3
1788021542714,ui_round-robin_steady_1788021537791,round-robin,server-3,GET,/api/work,200,25,,2
1788021542714,ui_round-robin_steady_1788021537791,round-robin,server-1,GET,/api/work,200,26,,2
1788021542713,ui_round-robin_steady_1788021537791,round-robin,server-2,GET,/api/work,200,28,,3
1788021542719,ui_round-robin_steady_1788021537791,round-robin,server-3,GET,/api/work,200,26,,2
1788021542719,ui_round-robin_steady_1788021537791,round-robin,server-2,GET,/api/work,200,27,,2
1788021542721,ui_round-robin_steady_1788021537791,round-robin,server-1,GET,/api/work,200,26,,2
1788021542725,ui_round-robin_steady_1788021537791,round-robin,server-3,GET,/api/work,200,26,,1
1788021542725,ui_round-robin_steady_1788021537791,round-robin,server-2,GET,/api/work,200,27,,2
1788021542728,ui_round-robin_steady_1788021537791,round-robin,server-1,GET,/api/work,200,26,,1
1788021542738,ui_round-robin_steady_1788021537791,round-robin,server-2,GET,/api/work,200,28,,2
1788021542742,ui_round-robin_steady_1788021537791,round-robin,server-3,GET,/api/work,200,27,,2
1788021542744,ui_round-robin_steady_1788021537791,round-robin,server-1,GET,/api/work,200,27,,2
1788021542750,ui_round-robin_steady_1788021537791,round-robin,server-2,GET,/api/work,200,26,,3
1788021542752,ui_round-robin_steady_1788021537791,round-robin,server-3,GET,/api/work,200,26,,3
1788021542755,ui_round-robin_steady_1788021537791,round-robin,server-2,GET,/api/work,200,25,,3
1788021542754,ui_round-robin_steady_1788021537791,round-robin,server-1,GET,/api/work,200,26,,3
1788021542759,ui_round-robin_steady_1788021537791,round-robin,server-3,GET,/api/work,200,27,,4
1788021542763,ui_round-robin_steady_1788021537791,round-robin,server-1,GET,/api/work,200,26,,3
1788021542770,ui_round-robin_steady_1788021537791,round-robin,server-2,GET,/api/work,200,26,,3
1788021542770,ui_round-robin_steady_1788021537791,round-robin,server-3,GET,/api/work,200,27,,3
1788021542772,ui_round-robin_steady_1788021537791,round-robin,server-2,GET,/api/work,200,26,,2
1788021542771,ui_round-robin_steady_1788021537791,round-robin,server-1,GET,/api/work,200,27,,3
1788021542772,ui_round-robin_steady_1788021537791,round-robin,server-3,GET,/api/work,200,26,,2
1788021542777,ui_round-robin_steady_1788021537791,round-robin,server-2,GET,/api/work,200,25,,2
1788021542776,ui_round-robin_steady_1788021537791,round-robin,server-1,GET,/api/work,200,27,,2
1788021542778,ui_round-robin_steady_1788021537791,round-robin,server-3,GET,/api/work,200,27,,2
1788021542783,ui_round-robin_steady_1788021537791,round-robin,server-1,GET,/api/work,200,26,,2
1788021542783,ui_round-robin_steady_1788021537791,round-robin,server-2,GET,/api/work,200,27,,2
1788021542785,ui_round-robin_steady_1788021537791,round-robin,server-3,GET,/api/work,200,26,,1
1788021542797,ui_round-robin_steady_1788021537791,round-robin,server-1,GET,/api/work,200,27,,2
1788021542801,ui_round-robin_steady_1788021537791,round-robin,server-2,GET,/api/work,200,27,,2
1788021542801,ui_round-robin_steady_1788021537791,round-robin,server-3,GET,/api/work,200,28,,2
1788021542807,ui_round-robin_steady_1788021537791,round-robin,server-1,GET,/api/work,200,27,,3
1788021542809,ui_round-robin_steady_1788021537791,round-robin,server-2,GET,/api/work,200,26,,3
1788021542812,ui_round-robin_steady_1788021537791,round-robin,server-3,GET,/api/work,200,27,,3
1788021542812,ui_round-robin_steady_1788021537791,round-robin,server-1,GET,/api/work,200,28,,3
1788021542817,ui_round-robin_steady_1788021537791,round-robin,server-2,GET,/api/work,200,27,,4
1788021542820,ui_round-robin_steady_1788021537791,round-robin,server-3,GET,/api/work,200,26,,3
1788021542830,ui_round-robin_steady_1788021537791,round-robin,server-2,GET,/api/work,200,27,,3
1788021542830,ui_round-robin_steady_1788021537791,round-robin,server-2,GET,/api/work,200,27,,2
1788021542829,ui_round-robin_steady_1788021537791,round-robin,server-1,GET,/api/work,200,29,,3
1788021542830,ui_round-robin_steady_1788021537791,round-robin,server-1,GET,/api/work,200,28,,2
1788021542830,ui_round-robin_steady_1788021537791,round-robin,server-3,GET,/api/work,200,29,,3
1788021542835,ui_round-robin_steady_1788021537791,round-robin,server-3,GET,/api/work,200,26,,2
1788021542836,ui_round-robin_steady_1788021537791,round-robin,server-1,GET,/api/work,200,26,,2
1788021542837,ui_round-robin_steady_1788021537791,round-robin,server-2,GET,/api/work,200,27,,2
1788021542841,ui_round-robin_steady_1788021537791,round-robin,server-3,GET,/api/work,200,27,,2
1788021542841,ui_round-robin_steady_1788021537791,round-robin,server-1,GET,/api/work,200,28,,2
1788021542843,ui_round-robin_steady_1788021537791,round-robin,server-2,GET,/api/work,200,27,,1
1788021542856,ui_round-robin_steady_1788021537791,round-robin,server-3,GET,/api/work,200,27,,2
1788021542859,ui_round-robin_steady_1788021537791,round-robin,server-1,GET,/api/work,200,27,,2
1788021542860,ui_round-robin_steady_1788021537791,round-robin,server-2,GET,/api/work,200,27,,2
1788021542864,ui_round-robin_steady_1788021537791,round-robin,server-3,GET,/api/work,200,26,,2
1788021542868,ui_round-robin_steady_1788021537791,round-robin,server-1,GET,/api/work,200,27,,4
1788021542871,ui_round-robin_steady_1788021537791,round-robin,server-2,GET,/api/work,200,26,,3
1788021542872,ui_round-robin_steady_1788021537791,round-robin,server-3,GET,/api/work,200,26,,3
1788021542875,ui_round-robin_steady_1788021537791,round-robin,server-1,GET,/api/work,200,26,,3
1788021542876,ui_round-robin_steady_1788021537791,round-robin,server-2,GET,/api/work,200,26,,3
1788021542888,ui_round-robin_steady_1788021537791,round-robin,server-3,GET,/api/work,200,27,,3
1788021542889,ui_round-robin_steady_1788021537791,round-robin,server-1,GET,/api/work,200,26,,3
1788021542891,ui_round-robin_steady_1788021537791,round-robin,server-1,GET,/api/work,200,25,,2
1788021542890,ui_round-robin_steady_1788021537791,round-robin,server-2,GET,/api/work,200,27,,3
1788021542890,ui_round-robin_steady_1788021537791,round-robin,server-3,GET,/api/work,200,28,,3
1788021542892,ui_round-robin_steady_1788021537791,round-robin,server-3,GET,/api/work,200,26,,2
1788021542892,ui_round-robin_steady_1788021537791,round-robin,server-2,GET,/api/work,200,27,,2
1788021542894,ui_round-robin_steady_1788021537791,round-robin,server-1,GET,/api/work,200,27,,2
1788021542899,ui_round-robin_steady_1788021537791,round-robin,server-2,GET,/api/work,200,25,,2
1788021542899,ui_round-robin_steady_1788021537791,round-robin,server-3,GET,/api/work,200,27,,1
1788021542902,ui_round-robin_steady_1788021537791,round-robin,server-1,GET,/api/work,200,26,,1
1788021542913,ui_round-robin_steady_1788021537791,round-robin,server-2,GET,/api/work,200,26,,2
1788021542917,ui_round-robin_steady_1788021537791,round-robin,server-1,GET,/api/work,200,27,,2
1788021542917,ui_round-robin_steady_1788021537791,round-robin,server-3,GET,/api/work,200,27,,2
1788021542921,ui_round-robin_steady_1788021537791,round-robin,server-2,GET,/api/work,200,26,,2
1788021542926,ui_round-robin_steady_1788021537791,round-robin,server-3,GET,/api/work,200,26,,4
1788021542929,ui_round-robin_steady_1788021537791,round-robin,server-2,GET,/api/work,200,27,,3
1788021542929,ui_round-robin_steady_1788021537791,round-robin,server-1,GET,/api/work,200,28,,3
1788021542933,ui_round-robin_steady_1788021537791,round-robin,server-1,GET,/api/work,200,25,,3
1788021542932,ui_round-robin_steady_1788021537791,round-robin,server-3,GET,/api/work,200,28,,4
1788021542946,ui_round-robin_steady_1788021537791,round-robin,server-2,GET,/api/work,200,26,,3
1788021542948,ui_round-robin_steady_1788021537791,round-robin,server-1,GET,/api/work,200,27,,3
1788021542948,ui_round-robin_steady_1788021537791,round-robin,server-3,GET,/api/work,200,28,,4
1788021542950,ui_round-robin_steady_1788021537791,round-robin,server-1,GET,/api/work,200,27,,2
1788021542950,ui_round-robin_steady_1788021537791,round-robin,server-3,GET,/api/work,200,27,,3
1788021542950,ui_round-robin_steady_1788021537791,round-robin,server-2,GET,/api/work,200,27,,3
1788021542950,ui_round-robin_steady_1788021537791,round-robin,server-3,GET,/api/work,200,28,,2
1788021542950,ui_round-robin_steady_1788021537791,round-robin,server-2,GET,/api/work,200,28,,2
1788021542958,ui_round-robin_steady_1788021537791,round-robin,server-2,GET,/api/work,200,27,,2
1788021542957,ui_round-robin_steady_1788021537791,round-robin,server-1,GET,/api/work,200,28,,2
1788021542959,ui_round-robin_steady_1788021537791,round-robin,server-3,GET,/api/work,200,28,,1
1788021542971,ui_round-robin_steady_1788021537791,round-robin,server-1,GET,/api/work,200,25,,2
1788021542975,ui_round-robin_steady_1788021537791,round-robin,server-2,GET,/api/work,200,27,,2
1788021542975,ui_round-robin_steady_1788021537791,round-robin,server-3,GET,/api/work,200,27,,2
1788021542979,ui_round-robin_steady_1788021537791,round-robin,server-1,GET,/api/work,200,25,,2
1788021542983,ui_round-robin_steady_1788021537791,round-robin,server-2,GET,/api/work,200,27,,4
1788021542988,ui_round-robin_steady_1788021537791,round-robin,server-3,GET,/api/work,200,26,,3
1788021542988,ui_round-robin_steady_1788021537791,round-robin,server-1,GET,/api/work,200,26,,3
1788021542990,ui_round-robin_steady_1788021537791,round-robin,server-3,GET,/api/work,200,25,,2
1788021542989,ui_round-robin_steady_1788021537791,round-robin,server-2,GET,/api/work,200,27,,3
1788021543003,ui_round-robin_steady_1788021537791,round-robin,server-1,GET,/api/work,200,26,,3
1788021543006,ui_round-robin_steady_1788021537791,round-robin,server-2,GET,/api/work,200,26,,3
1788021543006,ui_round-robin_steady_1788021537791,round-robin,server-3,GET,/api/work,200,28,,3
1788021543009,ui_round-robin_steady_1788021537791,round-robin,server-1,GET,/api/work,200,26,,3
1788021543009,ui_round-robin_steady_1788021537791,round-robin,server-2,GET,/api/work,200,27,,3
1788021543010,ui_round-robin_steady_1788021537791,round-robin,server-2,GET,/api/work,200,26,,2
1788021543010,ui_round-robin_steady_1788021537791,round-robin,server-3,GET,/api/work,200,27,,3
1788021543010,ui_round-robin_steady_1788021537791,round-robin,server-1,GET,/api/work,200,27,,2
1788021543016,ui_round-robin_steady_1788021537791,round-robin,server-3,GET,/api/work,200,27,,2
1788021543017,ui_round-robin_steady_1788021537791,round-robin,server-1,GET,/api/work,200,26,,2
1788021543018,ui_round-robin_steady_1788021537791,round-robin,server-2,GET,/api/work,200,27,,1
1788021543027,ui_round-robin_steady_1788021537791,round-robin,server-3,GET,/api/work,200,26,,2
1788021543034,ui_round-robin_steady_1788021537791,round-robin,server-1,GET,/api/work,200,26,,2
1788021543034,ui_round-robin_steady_1788021537791,round-robin,server-2,GET,/api/work,200,27,,2
1788021543035,ui_round-robin_steady_1788021537791,round-robin,server-3,GET,/api/work,200,26,,2
1788021543041,ui_round-robin_steady_1788021537791,round-robin,server-1,GET,/api/work,200,26,,3
1788021543045,ui_round-robin_steady_1788021537791,round-robin,server-3,GET,/api/work,200,26,,3
1788021543045,ui_round-robin_steady_1788021537791,round-robin,server-2,GET,/api/work,200,26,,3
1788021543046,ui_round-robin_steady_1788021537791,round-robin,server-1,GET,/api/work,200,26,,3
1788021543047,ui_round-robin_steady_1788021537791,round-robin,server-2,GET,/api/work,200,26,,3
1788021543059,ui_round-robin_steady_1788021537791,round-robin,server-3,GET,/api/work,200,26,,3
1788021543064,ui_round-robin_steady_1788021537791,round-robin,server-1,GET,/api/work,200,27,,3
1788021543065,ui_round-robin_steady_1788021537791,round-robin,server-2,GET,/api/work,200,27,,3
1788021543067,ui_round-robin_steady_1788021537791,round-robin,server-3,GET,/api/work,200,26,,3
1788021543067,ui_round-robin_steady_1788021537791,round-robin,server-1,GET,/api/work,200,27,,3
1788021543068,ui_round-robin_steady_1788021537791,round-robin,server-3,GET,/api/work,200,26,,2
1788021543067,ui_round-robin_steady_1788021537791,round-robin,server-2,GET,/api/work,200,28,,3
1788021543068,ui_round-robin_steady_1788021537791,round-robin,server-1,GET,/api/work,200,27,,2
1788021543072,ui_round-robin_steady_1788021537791,round-robin,server-2,GET,/api/work,200,27,,2
1788021543074,ui_round-robin_steady_1788021537791,round-robin,server-3,GET,/api/work,200,26,,2
1788021543076,ui_round-robin_steady_1788021537791,round-robin,server-1,GET,/api/work,200,26,,2
1788021543084,ui_round-robin_steady_1788021537791,round-robin,server-2,GET,/api/work,200,26,,2
1788021543092,ui_round-robin_steady_1788021537791,round-robin,server-3,GET,/api/work,200,26,,2
1788021543092,ui_round-robin_steady_1788021537791,round-robin,server-1,GET,/api/work,200,27,,2
1788021543093,ui_round-robin_steady_1788021537791,round-robin,server-2,GET,/api/work,200,27,,2
1788021543098,ui_round-robin_steady_1788021537791,round-robin,server-3,GET,/api/work,200,26,,2
1788021543102,ui_round-robin_steady_1788021537791,round-robin,server-1,GET,/api/work,200,27,,3
1788021543102,ui_round-robin_steady_1788021537791,round-robin,server-2,GET,/api/work,200,27,,3
1788021543103,ui_round-robin_steady_1788021537791,round-robin,server-3,GET,/api/work,200,26,,3
1788021543104,ui_round-robin_steady_1788021537791,round-robin,server-1,GET,/api/work,200,26,,3
1788021543116,ui_round-robin_steady_1788021537791,round-robin,server-2,GET,/api/work,200,26,,3
1788021543123,ui_round-robin_steady_1788021537791,round-robin,server-1,GET,/api/work,200,26,,3
1788021543123,ui_round-robin_steady_1788021537791,round-robin,server-3,GET,/api/work,200,27,,3
1788021543125,ui_round-robin_steady_1788021537791,round-robin,server-3,GET,/api/work,200,26,,2
1788021543123,ui_round-robin_steady_1788021537791,round-robin,server-2,GET,/api/work,200,30,,3
1788021543126,ui_round-robin_steady_1788021537791,round-robin,server-1,GET,/api/work,200,29,,2
1788021543127,ui_round-robin_steady_1788021537791,round-robin,server-2,GET,/api/work,200,30,,2
1788021543127,ui_round-robin_steady_1788021537791,round-robin,server-3,GET,/api/work,200,31,,2
1788021543130,ui_round-robin_steady_1788021537791,round-robin,server-1,GET,/api/work,200,28,,2
1788021543131,ui_round-robin_steady_1788021537791,round-robin,server-2,GET,/api/work,200,28,,1
1788021543133,ui_round-robin_steady_1788021537791,round-robin,server-3,GET,/api/work,200,28,,1
1788021543141,ui_round-robin_steady_1788021537791,round-robin,server-1,GET,/api/work,200,27,,2
1788021543150,ui_round-robin_steady_1788021537791,round-robin,server-2,GET,/api/work,200,27,,2
1788021543152,ui_round-robin_steady_1788021537791,round-robin,server-3,GET,/api/work,200,27,,2
1788021543157,ui_round-robin_steady_1788021537791,round-robin,server-1,GET,/api/work,200,27,,2
1788021543160,ui_round-robin_steady_1788021537791,round-robin,server-2,GET,/api/work,200,27,,2
1788021543161,ui_round-robin_steady_1788021537791,round-robin,server-1,GET,/api/work,200,27,,2
1788021543161,ui_round-robin_steady_1788021537791,round-robin,server-3,GET,/api/work,200,31,,4
1788021543162,ui_round-robin_steady_1788021537791,round-robin,server-3,GET,/api/work,200,31,,3
1788021543162,ui_round-robin_steady_1788021537791,round-robin,server-2,GET,/api/work,200,35,,4
1788021543173,ui_round-robin_steady_1788021537791,round-robin,server-1,GET,/api/work,200,27,,3
1788021543183,ui_round-robin_steady_1788021537791,round-robin,server-2,GET,/api/work,200,26,,4
1788021543183,ui_round-robin_steady_1788021537791,round-robin,server-3,GET,/api/work,200,27,,3
1788021543185,ui_round-robin_steady_1788021537791,round-robin,server-1,GET,/api/work,200,26,,3
1788021543189,ui_round-robin_steady_1788021537791,round-robin,server-1,GET,/api/work,200,27,,2
1788021543191,ui_round-robin_steady_1788021537791,round-robin,server-1,GET,/api/work,200,26,,1
1788021543188,ui_round-robin_steady_1788021537791,round-robin,server-2,GET,/api/work,200,31,,3
1788021543191,ui_round-robin_steady_1788021537791,round-robin,server-2,GET,/api/work,200,29,,2
1788021543189,ui_round-robin_steady_1788021537791,round-robin,server-3,GET,/api/work,200,32,,3
1788021543191,ui_round-robin_steady_1788021537791,round-robin,server-3,GET,/api/work,200,31,,2
1788021543191,ui_round-robin_steady_1788021537791,round-robin,server-2,GET,/api/work,200,33,,2
1788021543199,ui_round-robin_steady_1788021537791,round-robin,server-3,GET,/api/work,200,27,,2
1788021543208,ui_round-robin_steady_1788021537791,round-robin,server-2,GET,/api/work,200,26,,2
1788021543208,ui_round-robin_steady_1788021537791,round-robin,server-1,GET,/api/work,200,27,,2
1788021543215,ui_round-robin_steady_1788021537791,round-robin,server-3,GET,/api/work,200,27,,2
1788021543219,ui_round-robin_steady_1788021537791,round-robin,server-1,GET,/api/work,200,27,,2
1788021543221,ui_round-robin_steady_1788021537791,round-robin,server-2,GET,/api/work,200,27,,2
1788021543222,ui_round-robin_steady_1788021537791,round-robin,server-3,GET,/api/work,200,27,,2
1788021543224,ui_round-robin_steady_1788021537791,round-robin,server-1,GET,/api/work,200,26,,2
1788021543230,ui_round-robin_steady_1788021537791,round-robin,server-3,GET,/api/work,200,26,,3
1788021543229,ui_round-robin_steady_1788021537791,round-robin,server-2,GET,/api/work,200,28,,3
1788021543241,ui_round-robin_steady_1788021537791,round-robin,server-2,GET,/api/work,200,25,,3
1788021543240,ui_round-robin_steady_1788021537791,round-robin,server-1,GET,/api/work,200,27,,4
1788021543242,ui_round-robin_steady_1788021537791,round-robin,server-3,GET,/api/work,200,26,,3
1788021543248,ui_round-robin_steady_1788021537791,round-robin,server-1,GET,/api/work,200,27,,3
1788021543248,ui_round-robin_steady_1788021537791,round-robin,server-2,GET,/api/work,200,28,,3
1788021543252,ui_round-robin_steady_1788021537791,round-robin,server-1,GET,/api/work,200,27,,2
1788021543251,ui_round-robin_steady_1788021537791,round-robin,server-3,GET,/api/work,200,28,,3
1788021543253,ui_round-robin_steady_1788021537791,round-robin,server-3,GET,/api/work,200,28,,2
1788021543253,ui_round-robin_steady_1788021537791,round-robin,server-2,GET,/api/work,200,28,,2
1788021543254,ui_round-robin_steady_1788021537791,round-robin,server-1,GET,/api/work,200,27,,1
1788021543257,ui_round-robin_steady_1788021537791,round-robin,server-2,GET,/api/work,200,26,,2
1788021543265,ui_round-robin_steady_1788021537791,round-robin,server-3,GET,/api/work,200,27,,2
1788021543265,ui_round-robin_steady_1788021537791,round-robin,server-1,GET,/api/work,200,27,,2
1788021543272,ui_round-robin_steady_1788021537791,round-robin,server-2,GET,/api/work,200,27,,2
1788021543276,ui_round-robin_steady_1788021537791,round-robin,server-3,GET,/api/work,200,27,,2
1788021543282,ui_round-robin_steady_1788021537791,round-robin,server-2,GET,/api/work,200,26,,2
1788021543282,ui_round-robin_steady_1788021537791,round-robin,server-1,GET,/api/work,200,26,,3
1788021543283,ui_round-robin_steady_1788021537791,round-robin,server-3,GET,/api/work,200,27,,2
1788021543288,ui_round-robin_steady_1788021537791,round-robin,server-2,GET,/api/work,200,27,,3
1788021543287,ui_round-robin_steady_1788021537791,round-robin,server-1,GET,/api/work,200,29,,4
1788021543299,ui_round-robin_steady_1788021537791,round-robin,server-1,GET,/api/work,200,27,,3
1788021543300,ui_round-robin_steady_1788021537791,round-robin,server-2,GET,/api/work,200,27,,3
1788021543299,ui_round-robin_steady_1788021537791,round-robin,server-3,GET,/api/work,200,28,,4
1788021543306,ui_round-robin_steady_1788021537791,round-robin,server-3,GET,/api/work,200,25,,3
1788021543307,ui_round-robin_steady_1788021537791,round-robin,server-1,GET,/api/work,200,26,,3
1788021543311,ui_round-robin_steady_1788021537791,round-robin,server-2,GET,/api/work,200,26,,3
1788021543311,ui_round-robin_steady_1788021537791,round-robin,server-3,GET,/api/work,200,27,,2
1788021543314,ui_round-robin_steady_1788021537791,round-robin,server-3,GET,/api/work,200,26,,2
1788021543314,ui_round-robin_steady_1788021537791,round-robin,server-1,GET,/api/work,200,27,,3
1788021543314,ui_round-robin_steady_1788021537791,round-robin,server-2,GET,/api/work,200,28,,3
1788021543315,ui_round-robin_steady_1788021537791,round-robin,server-1,GET,/api/work,200,27,,2
1788021543323,ui_round-robin_steady_1788021537791,round-robin,server-2,GET,/api/work,200,29,,2
1788021543323,ui_round-robin_steady_1788021537791,round-robin,server-3,GET,/api/work,200,29,,2
1788021543331,ui_round-robin_steady_1788021537791,round-robin,server-1,GET,/api/work,200,26,,2
1788021543334,ui_round-robin_steady_1788021537791,round-robin,server-2,GET,/api/work,200,26,,2
1788021543338,ui_round-robin_steady_1788021537791,round-robin,server-3,GET,/api/work,200,27,,2
1788021543340,ui_round-robin_steady_1788021537791,round-robin,server-1,GET,/api/work,200,26,,2
1788021543340,ui_round-robin_steady_1788021537791,round-robin,server-2,GET,/api/work,200,27,,2
1788021543346,ui_round-robin_steady_1788021537791,round-robin,server-3,GET,/api/work,200,28,,4
1788021543347,ui_round-robin_steady_1788021537791,round-robin,server-1,GET,/api/work,200,31,,3
1788021543358,ui_round-robin_steady_1788021537791,round-robin,server-1,GET,/api/work,200,26,,3
1788021543358,ui_round-robin_steady_1788021537791,round-robin,server-2,GET,/api/work,200,26,,4
1788021543358,ui_round-robin_steady_1788021537791,round-robin,server-3,GET,/api/work,200,27,,3
1788021543362,ui_round-robin_steady_1788021537791,round-robin,server-2,GET,/api/work,200,27,,3
1788021543365,ui_round-robin_steady_1788021537791,round-robin,server-3,GET,/api/work,200,27,,3
1788021543369,ui_round-robin_steady_1788021537791,round-robin,server-1,GET,/api/work,200,28,,4
1788021543373,ui_round-robin_steady_1788021537791,round-robin,server-1,GET,/api/work,200,26,,3
1788021543370,ui_round-robin_steady_1788021537791,round-robin,server-2,GET,/api/work,200,30,,3
1788021543373,ui_round-robin_steady_1788021537791,round-robin,server-2,GET,/api/work,200,27,,2
1788021543373,ui_round-robin_steady_1788021537791,round-robin,server-3,GET,/api/work,200,28,,3
1788021543373,ui_round-robin_steady_1788021537791,round-robin,server-3,GET,/api/work,200,28,,2
1788021543383,ui_round-robin_steady_1788021537791,round-robin,server-2,GET,/api/work,200,26,,2
1788021543383,ui_round-robin_steady_1788021537791,round-robin,server-1,GET,/api/work,200,27,,2
1788021543388,ui_round-robin_steady_1788021537791,round-robin,server-3,GET,/api/work,200,25,,2
1788021543391,ui_round-robin_steady_1788021537791,round-robin,server-1,GET,/api/work,200,25,,2
1788021543397,ui_round-robin_steady_1788021537791,round-robin,server-3,GET,/api/work,200,27,,2
1788021543397,ui_round-robin_steady_1788021537791,round-robin,server-1,GET,/api/work,200,27,,2
1788021543397,ui_round-robin_steady_1788021537791,round-robin,server-2,GET,/api/work,200,30,,3
1788021543404,ui_round-robin_steady_1788021537791,round-robin,server-2,GET,/api/work,200,27,,3
1788021543410,ui_round-robin_steady_1788021537791,round-robin,server-3,GET,/api/work,200,26,,3
1788021543416,ui_round-robin_steady_1788021537791,round-robin,server-3,GET,/api/work,200,25,,3
1788021543415,ui_round-robin_steady_1788021537791,round-robin,server-1,GET,/api/work,200,27,,4
1788021543415,ui_round-robin_steady_1788021537791,round-robin,server-2,GET,/api/work,200,27,,3
1788021543419,ui_round-robin_steady_1788021537791,round-robin,server-1,GET,/api/work,200,27,,3
1788021543422,ui_round-robin_steady_1788021537791,round-robin,server-2,GET,/api/work,200,27,,3
1788021543428,ui_round-robin_steady_1788021537791,round-robin,server-3,GET,/api/work,200,27,,3
1788021543430,ui_round-robin_steady_1788021537791,round-robin,server-1,GET,/api/work,200,26,,3
1788021543430,ui_round-robin_steady_1788021537791,round-robin,server-2,GET,/api/work,200,27,,3
1788021543431,ui_round-robin_steady_1788021537791,round-robin,server-3,GET,/api/work,200,26,,3
1788021543433,ui_round-robin_steady_1788021537791,round-robin,server-2,GET,/api/work,200,25,,2
1788021543432,ui_round-robin_steady_1788021537791,round-robin,server-1,GET,/api/work,200,27,,2
1788021543440,ui_round-robin_steady_1788021537791,round-robin,server-3,GET,/api/work,200,25,,2
1788021543441,ui_round-robin_steady_1788021537791,round-robin,server-1,GET,/api/work,200,27,,2
1788021543444,ui_round-robin_steady_1788021537791,round-robin,server-2,GET,/api/work,200,25,,2
1788021543447,ui_round-robin_steady_1788021537791,round-robin,server-3,GET,/api/work,200,26,,2
1788021543455,ui_round-robin_steady_1788021537791,round-robin,server-2,GET,/api/work,200,26,,2
1788021543455,ui_round-robin_steady_1788021537791,round-robin,server-1,GET,/api/work,200,27,,3
1788021543457,ui_round-robin_steady_1788021537791,round-robin,server-3,GET,/api/work,200,26,,2
1788021543461,ui_round-robin_steady_1788021537791,round-robin,server-1,GET,/api/work,200,26,,2
1788021543467,ui_round-robin_steady_1788021537791,round-robin,server-2,GET,/api/work,200,26,,3
1788021543471,ui_round-robin_steady_1788021537791,round-robin,server-3,GET,/api/work,200,27,,3
1788021543473,ui_round-robin_steady_1788021537791,round-robin,server-1,GET,/api/work,200,26,,3
1788021543474,ui_round-robin_steady_1788021537791,round-robin,server-2,GET,/api/work,200,26,,3
1788021543476,ui_round-robin_steady_1788021537791,round-robin,server-3,GET,/api/work,200,27,,3
1788021543479,ui_round-robin_steady_1788021537791,round-robin,server-1,GET,/api/work,200,26,,3
1788021543486,ui_round-robin_steady_1788021537791,round-robin,server-2,GET,/api/work,200,26,,3
1788021543487,ui_round-robin_steady_1788021537791,round-robin,server-3,GET,/api/work,200,27,,3
1788021543489,ui_round-robin_steady_1788021537791,round-robin,server-3,GET,/api/work,200,26,,2
1788021543488,ui_round-robin_steady_1788021537791,round-robin,server-1,GET,/api/work,200,28,,3
1788021543488,ui_round-robin_steady_1788021537791,round-robin,server-2,GET,/api/work,200,29,,3
1788021543489,ui_round-robin_steady_1788021537791,round-robin,server-1,GET,/api/work,200,28,,2
1788021543496,ui_round-robin_steady_1788021537791,round-robin,server-2,GET,/api/work,200,27,,2
1788021543498,ui_round-robin_steady_1788021537791,round-robin,server-3,GET,/api/work,200,27,,2
1788021543500,ui_round-robin_steady_1788021537791,round-robin,server-1,GET,/api/work,200,26,,2
1788021543504,ui_round-robin_steady_1788021537791,round-robin,server-2,GET,/api/work,200,27,,2
1788021543512,ui_round-robin_steady_1788021537791,round-robin,server-3,GET,/api/work,200,26,,3
1788021543512,ui_round-robin_steady_1788021537791,round-robin,server-1,GET,/api/work,200,26,,2
1788021543515,ui_round-robin_steady_1788021537791,round-robin,server-2,GET,/api/work,200,26,,2
1788021543518,ui_round-robin_steady_1788021537791,round-robin,server-3,GET,/api/work,200,26,,2
1788021543525,ui_round-robin_steady_1788021537791,round-robin,server-1,GET,/api/work,200,26,,3
1788021543530,ui_round-robin_steady_1788021537791,round-robin,server-2,GET,/api/work,200,26,,3
1788021543530,ui_round-robin_steady_1788021537791,round-robin,server-3,GET,/api/work,200,27,,4
1788021543532,ui_round-robin_steady_1788021537791,round-robin,server-1,GET,/api/work,200,27,,3
1788021543533,ui_round-robin_steady_1788021537791,round-robin,server-2,GET,/api/work,200,26,,3
1788021543536,ui_round-robin_steady_1788021537791,round-robin,server-3,GET,/api/work,200,26,,3
1788021543543,ui_round-robin_steady_1788021537791,round-robin,server-1,GET,/api/work,200,27,,3
1788021543545,ui_round-robin_steady_1788021537791,round-robin,server-2,GET,/api/work,200,26,,3
1788021543548,ui_round-robin_steady_1788021537791,round-robin,server-1,GET,/api/work,200,26,,3
1788021543548,ui_round-robin_steady_1788021537791,round-robin,server-2,GET,/api/work,200,27,,2
1788021543548,ui_round-robin_steady_1788021537791,round-robin,server-3,GET,/api/work,200,28,,3
1788021543549,ui_round-robin_steady_1788021537791,round-robin,server-3,GET,/api/work,200,27,,2
1788021543553,ui_round-robin_steady_1788021537791,round-robin,server-1,GET,/api/work,200,25,,2
1788021543556,ui_round-robin_steady_1788021537791,round-robin,server-2,GET,/api/work,200,27,,2
1788021543557,ui_round-robin_steady_1788021537791,round-robin,server-3,GET,/api/work,200,26,,2
1788021543562,ui_round-robin_steady_1788021537791,round-robin,server-1,GET,/api/work,200,26,,1
1788021543570,ui_round-robin_steady_1788021537791,round-robin,server-3,GET,/api/work,200,26,,2
1788021543569,ui_round-robin_steady_1788021537791,round-robin,server-2,GET,/api/work,200,28,,3
1788021543572,ui_round-robin_steady_1788021537791,round-robin,server-1,GET,/api/work,200,27,,2
1788021543575,ui_round-robin_steady_1788021537791,round-robin,server-2,GET,/api/work,200,26,,2
1788021543582,ui_round-robin_steady_1788021537791,round-robin,server-3,GET,/api/work,200,27,,3
1788021543589,ui_round-robin_steady_1788021537791,round-robin,server-1,GET,/api/work,200,26,,4
1788021543589,ui_round-robin_steady_1788021537791,round-robin,server-2,GET,/api/work,200,26,,4
1788021543591,ui_round-robin_steady_1788021537791,round-robin,server-3,GET,/api/work,200,26,,3
1788021543591,ui_round-robin_steady_1788021537791,round-robin,server-1,GET,/api/work,200,26,,3
1788021543593,ui_round-robin_steady_1788021537791,round-robin,server-2,GET,/api/work,200,27,,3
1788021543601,ui_round-robin_steady_1788021537791,round-robin,server-3,GET,/api/work,200,27,,3
1788021543602,ui_round-robin_steady_1788021537791,round-robin,server-1,GET,/api/work,200,26,,3
1788021543605,ui_round-robin_steady_1788021537791,round-robin,server-2,GET,/api/work,200,27,,3
1788021543606,ui_round-robin_steady_1788021537791,round-robin,server-3,GET,/api/work,200,27,,3
1788021543608,ui_round-robin_steady_1788021537791,round-robin,server-1,GET,/api/work,200,26,,3
1788021543608,ui_round-robin_steady_1788021537791,round-robin,server-2,GET,/api/work,200,27,,2
1788021543609,ui_round-robin_steady_1788021537791,round-robin,server-3,GET,/api/work,200,27,,2
1788021543614,ui_round-robin_steady_1788021537791,round-robin,server-1,GET,/api/work,200,25,,2
1788021543614,ui_round-robin_steady_1788021537791,round-robin,server-2,GET,/api/work,200,26,,2
1788021543619,ui_round-robin_steady_1788021537791,round-robin,server-3,GET,/api/work,200,26,,2
1788021543628,ui_round-robin_steady_1788021537791,round-robin,server-1,GET,/api/work,200,26,,3
1788021543629,ui_round-robin_steady_1788021537791,round-robin,server-2,GET,/api/work,200,26,,2
1788021543630,ui_round-robin_steady_1788021537791,round-robin,server-3,GET,/api/work,200,27,,2
1788021543633,ui_round-robin_steady_1788021537791,round-robin,server-1,GET,/api/work,200,27,,2
1788021543640,ui_round-robin_steady_1788021537791,round-robin,server-2,GET,/api/work,200,27,,4
1788021543645,ui_round-robin_steady_1788021537791,round-robin,server-3,GET,/api/work,200,26,,4
1788021543646,ui_round-robin_steady_1788021537791,round-robin,server-1,GET,/api/work,200,26,,4
1788021543649,ui_round-robin_steady_1788021537791,round-robin,server-3,GET,/api/work,200,25,,3
1788021543648,ui_round-robin_steady_1788021537791,round-robin,server-2,GET,/api/work,200,27,,3
1788021543650,ui_round-robin_steady_1788021537791,round-robin,server-1,GET,/api/work,200,26,,3
1788021543660,ui_round-robin_steady_1788021537791,round-robin,server-3,GET,/api/work,200,26,,3
1788021543660,ui_round-robin_steady_1788021537791,round-robin,server-2,GET,/api/work,200,27,,3
1788021543663,ui_round-robin_steady_1788021537791,round-robin,server-1,GET,/api/work,200,26,,3
1788021543664,ui_round-robin_steady_1788021537791,round-robin,server-2,GET,/api/work,200,26,,3
1788021543665,ui_round-robin_steady_1788021537791,round-robin,server-3,GET,/api/work,200,26,,2
1788021543666,ui_round-robin_steady_1788021537791,round-robin,server-1,GET,/api/work,200,27,,2
1788021543666,ui_round-robin_steady_1788021537791,round-robin,server-2,GET,/api/work,200,27,,2
1788021543670,ui_round-robin_steady_1788021537791,round-robin,server-3,GET,/api/work,200,26,,2
1788021543671,ui_round-robin_steady_1788021537791,round-robin,server-1,GET,/api/work,200,26,,1
1788021543676,ui_round-robin_steady_1788021537791,round-robin,server-2,GET,/api/work,200,26,,1
1788021543685,ui_round-robin_steady_1788021537791,round-robin,server-3,GET,/api/work,200,26,,3
1788021543685,ui_round-robin_steady_1788021537791,round-robin,server-1,GET,/api/work,200,27,,2
1788021543687,ui_round-robin_steady_1788021537791,round-robin,server-2,GET,/api/work,200,26,,2
1788021543691,ui_round-robin_steady_1788021537791,round-robin,server-3,GET,/api/work,200,28,,2
1788021543698,ui_round-robin_steady_1788021537791,round-robin,server-1,GET,/api/work,200,27,,4
1788021543703,ui_round-robin_steady_1788021537791,round-robin,server-2,GET,/api/work,200,26,,4
1788021543703,ui_round-robin_steady_1788021537791,round-robin,server-3,GET,/api/work,200,26,,4
1788021543705,ui_round-robin_steady_1788021537791,round-robin,server-1,GET,/api/work,200,26,,3
1788021543705,ui_round-robin_steady_1788021537791,round-robin,server-2,GET,/api/work,200,26,,3
1788021543707,ui_round-robin_steady_1788021537791,round-robin,server-3,GET,/api/work,200,27,,3
1788021543717,ui_round-robin_steady_1788021537791,round-robin,server-1,GET,/api/work,200,26,,3
1788021543718,ui_round-robin_steady_1788021537791,round-robin,server-2,GET,/api/work,200,27,,3
1788021543721,ui_round-robin_steady_1788021537791,round-robin,server-1,GET,/api/work,200,26,,3
1788021543720,ui_round-robin_steady_1788021537791,round-robin,server-3,GET,/api/work,200,27,,3
1788021543722,ui_round-robin_steady_1788021537791,round-robin,server-2,GET,/api/work,200,26,,2
1788021543724,ui_round-robin_steady_1788021537791,round-robin,server-1,GET,/api/work,200,26,,2
1788021543724,ui_round-robin_steady_1788021537791,round-robin,server-3,GET,/api/work,200,27,,2
1788021543727,ui_round-robin_steady_1788021537791,round-robin,server-2,GET,/api/work,200,27,,2
1788021543728,ui_round-robin_steady_1788021537791,round-robin,server-3,GET,/api/work,200,27,,1
1788021543733,ui_round-robin_steady_1788021537791,round-robin,server-1,GET,/api/work,200,26,,1
1788021543742,ui_round-robin_steady_1788021537791,round-robin,server-2,GET,/api/work,200,27,,1
1788021543743,ui_round-robin_steady_1788021537791,round-robin,server-3,GET,/api/work,200,27,,1
1788021543744,ui_round-robin_steady_1788021537791,round-robin,server-1,GET,/api/work,200,28,,0
1788021543749,ui_round-robin_steady_1788021537791,round-robin,server-2,GET,/api/work,200,27,,0
1788021543756,ui_round-robin_steady_1788021537791,round-robin,server-3,GET,/api/work,200,26,,0
